{"type": "FeatureCollection", "features": [{"type": "Feature", "properties": {"nom": "Les Avirons", "code": "97401", "codeDepartement": "974", "siren": "219740016", "codeEpci": "249740077", "codeRegion": "04", "codesPostaux": ["97425"], "population": 11536}, "geometry": {"type": "Polygon", "coordinates": [[[55.4055, -21.145], [55.4053, -21.1459], [55.4054, -21.1468], [55.4051, -21.1481], [55.4042, -21.1497], [55.4038, -21.1506], [55.4032, -21.1516], [55.4028, -21.1526], [55.4025, -21.1535], [55.4021, -21.1544], [55.4021, -21.1552], [55.402, -21.1561], [55.402, -21.1569], [55.4016, -21.1578], [55.4008, -21.1587], [55.4005, -21.1595], [55.3998, -21.1604], [55.4002, -21.1616], [55.3999, -21.1624], [55.3997, -21.1634], [55.3997, -21.1642], [55.3989, -21.1646], [55.3984, -21.1654], [55.3976, -21.1663], [55.3967, -21.1665], [55.3959, -21.1667], [55.3953, -21.1679], [55.3941, -21.1683], [55.3931, -21.1689], [55.3922, -21.1692], [55.3914, -21.1697], [55.3909, -21.1706], [55.3908, -21.1716], [55.3907, -21.1725], [55.3904, -21.1733], [55.3895, -21.1743], [55.3888, -21.1752], [55.3885, -21.1763], [55.3886, -21.1774], [55.3885, -21.1783], [55.3891, -21.1792], [55.3884, -21.1836], [55.3873, -21.1856], [55.3859, -21.1858], [55.3859, -21.1848], [55.3859, -21.1839], [55.3861, -21.183], [55.3861, -21.1821], [55.3861, -21.1807], [55.3861, -21.1798], [55.3858, -21.179], [55.386, -21.1781], [55.3868, -21.1772], [55.3859, -21.177], [55.385, -21.1772], [55.3844, -21.1781], [55.384, -21.1791], [55.3837, -21.1802], [55.383, -21.1812], [55.3821, -21.1822], [55.3823, -21.1833], [55.3819, -21.1842], [55.3817, -21.1852], [55.3814, -21.186], [55.3812, -21.1868], [55.3809, -21.1877], [55.38, -21.1881], [55.38, -21.1889], [55.3791, -21.1901], [55.379, -21.1911], [55.3791, -21.1919], [55.3798, -21.1929], [55.38, -21.1939], [55.38, -21.1947], [55.3798, -21.1959], [55.3788, -21.1968], [55.3784, -21.1976], [55.3783, -21.1986], [55.3785, -21.1996], [55.378, -21.2025], [55.3775, -21.2034], [55.3742, -21.2052], [55.3738, -21.207], [55.3729, -21.208], [55.3719, -21.2083], [55.3711, -21.2098], [55.3708, -21.212], [55.3705, -21.213], [55.3695, -21.2126], [55.3681, -21.213], [55.3673, -21.214], [55.3657, -21.2156], [55.3647, -21.2157], [55.3638, -21.2161], [55.3622, -21.2163], [55.3612, -21.2173], [55.3603, -21.2184], [55.3595, -21.2187], [55.3585, -21.2184], [55.3576, -21.2192], [55.3566, -21.2198], [55.3563, -21.2206], [55.3563, -21.2217], [55.3545, -21.2228], [55.3543, -21.2236], [55.3544, -21.2245], [55.3538, -21.2254], [55.3531, -21.2263], [55.3528, -21.2273], [55.3525, -21.2284], [55.3524, -21.2294], [55.3525, -21.2302], [55.3524, -21.231], [55.3534, -21.2312], [55.3546, -21.2313], [55.3555, -21.2312], [55.3558, -21.2321], [55.3565, -21.2329], [55.357, -21.2338], [55.358, -21.2348], [55.3575, -21.2356], [55.3575, -21.2365], [55.3576, -21.2374], [55.3575, -21.2384], [55.3572, -21.2395], [55.3573, -21.2403], [55.3567, -21.2412], [55.3565, -21.242], [55.3566, -21.243], [55.3572, -21.2438], [55.3569, -21.2448], [55.3567, -21.2459], [55.3562, -21.2469], [55.3561, -21.2479], [55.3554, -21.2489], [55.3552, -21.2497], [55.3544, -21.2501], [55.3539, -21.2512], [55.3534, -21.2521], [55.3531, -21.2529], [55.3531, -21.254], [55.3527, -21.255], [55.3535, -21.2559], [55.354, -21.2571], [55.3549, -21.2585], [55.3524, -21.2579], [55.35, -21.2559], [55.3488, -21.2553], [55.3485, -21.2544], [55.3478, -21.2534], [55.3467, -21.2527], [55.3457, -21.2519], [55.3446, -21.2519], [55.3437, -21.2519], [55.3428, -21.2515], [55.341, -21.2522], [55.3399, -21.2519], [55.339, -21.2513], [55.3374, -21.251], [55.3366, -21.251], [55.3356, -21.2509], [55.3347, -21.2506], [55.3334, -21.2505], [55.3324, -21.25], [55.3314, -21.25], [55.3303, -21.2495], [55.3292, -21.2489], [55.3283, -21.2481], [55.3275, -21.2473], [55.3266, -21.2469], [55.3254, -21.2468], [55.3246, -21.247], [55.3244, -21.2479], [55.3241, -21.2491], [55.3237, -21.2503], [55.3226, -21.2512], [55.3224, -21.2523], [55.3216, -21.2525], [55.3206, -21.2521], [55.3211, -21.2512], [55.321, -21.2504], [55.3206, -21.2492], [55.3219, -21.2483], [55.3228, -21.2479], [55.323, -21.247], [55.3232, -21.2458], [55.3238, -21.2448], [55.3235, -21.2438], [55.3232, -21.2426], [55.3236, -21.2417], [55.3242, -21.2407], [55.3251, -21.2399], [55.3256, -21.239], [55.3252, -21.238], [55.3255, -21.237], [55.3263, -21.2363], [55.3268, -21.2355], [55.3277, -21.235], [55.3286, -21.2339], [55.3289, -21.233], [55.3287, -21.2322], [55.3288, -21.2312], [55.3298, -21.2312], [55.3306, -21.2304], [55.3314, -21.2301], [55.3323, -21.2301], [55.3323, -21.2293], [55.3327, -21.2284], [55.3334, -21.2275], [55.3334, -21.2264], [55.3339, -21.2255], [55.3343, -21.2245], [55.3353, -21.224], [55.3355, -21.2231], [55.336, -21.2222], [55.3356, -21.2213], [55.3357, -21.2204], [55.3357, -21.2194], [55.3356, -21.2182], [55.335, -21.2172], [55.3364, -21.2165], [55.3372, -21.2163], [55.3373, -21.215], [55.3371, -21.2141], [55.3373, -21.2132], [55.3378, -21.2124], [55.3377, -21.2115], [55.3385, -21.2108], [55.3394, -21.211], [55.3396, -21.2101], [55.3406, -21.2098], [55.341, -21.2089], [55.3413, -21.2078], [55.3422, -21.2073], [55.3431, -21.2067], [55.3432, -21.2058], [55.3432, -21.2046], [55.3442, -21.2042], [55.3456, -21.2032], [55.3466, -21.2029], [55.3474, -21.2017], [55.348, -21.1999], [55.3489, -21.1996], [55.3499, -21.199], [55.3504, -21.1982], [55.3509, -21.1974], [55.3517, -21.1962], [55.3523, -21.1952], [55.3534, -21.1946], [55.3544, -21.1938], [55.3553, -21.1931], [55.356, -21.1922], [55.3567, -21.1913], [55.3575, -21.191], [55.3584, -21.1908], [55.36, -21.19], [55.3604, -21.1891], [55.3615, -21.1881], [55.3623, -21.1871], [55.3628, -21.1863], [55.3636, -21.1853], [55.3645, -21.1846], [55.3654, -21.1841], [55.3664, -21.1834], [55.3674, -21.1834], [55.3678, -21.1825], [55.3686, -21.1817], [55.3689, -21.1807], [55.3697, -21.1799], [55.3706, -21.1792], [55.3715, -21.1785], [55.3723, -21.1774], [55.3732, -21.1768], [55.3739, -21.1757], [55.3749, -21.1752], [55.3757, -21.1747], [55.3761, -21.1739], [55.3768, -21.1729], [55.3775, -21.1719], [55.3778, -21.1711], [55.3789, -21.1705], [55.3798, -21.1699], [55.3806, -21.169], [55.3815, -21.1688], [55.3824, -21.1679], [55.3832, -21.1673], [55.3839, -21.1662], [55.3842, -21.1653], [55.3843, -21.1644], [55.3847, -21.1634], [55.3855, -21.1624], [55.3859, -21.1615], [55.3865, -21.1607], [55.3867, -21.1598], [55.3876, -21.1588], [55.3885, -21.1579], [55.3895, -21.1573], [55.3905, -21.1566], [55.3914, -21.1563], [55.3924, -21.1557], [55.3933, -21.1556], [55.3942, -21.1552], [55.3952, -21.1549], [55.396, -21.1541], [55.3967, -21.1531], [55.3977, -21.1528], [55.3986, -21.1518], [55.3992, -21.151], [55.4001, -21.1507], [55.4013, -21.1498], [55.4022, -21.1489], [55.4025, -21.1481], [55.4027, -21.1471], [55.4036, -21.1463], [55.4043, -21.1455], [55.4055, -21.145]]]}}, {"type": "Feature", "properties": {"nom": "Bras-Panon", "code": "97402", "codeDepartement": "974", "siren": "219740024", "codeEpci": "249740093", "codeRegion": "04", "codesPostaux": ["97412"], "population": 13012}, "geometry": {"type": "Polygon", "coordinates": [[[55.5522, -21.073], [55.5526, -21.0721], [55.5542, -21.0711], [55.5553, -21.0703], [55.5571, -21.069], [55.5577, -21.0681], [55.5587, -21.0675], [55.5594, -21.0665], [55.5602, -21.0649], [55.5612, -21.064], [55.5615, -21.0632], [55.5613, -21.0623], [55.5614, -21.0611], [55.5617, -21.0592], [55.5617, -21.0565], [55.5612, -21.0544], [55.5612, -21.0525], [55.5608, -21.0514], [55.5608, -21.0503], [55.5615, -21.0494], [55.561, -21.0483], [55.5613, -21.0471], [55.5616, -21.0463], [55.5612, -21.0454], [55.5613, -21.0444], [55.5603, -21.0436], [55.5596, -21.0428], [55.5597, -21.0417], [55.5594, -21.0408], [55.5585, -21.0414], [55.5577, -21.0419], [55.557, -21.0409], [55.5561, -21.0408], [55.5555, -21.0397], [55.5552, -21.0386], [55.5546, -21.0376], [55.5544, -21.0367], [55.5551, -21.0358], [55.5553, -21.0349], [55.5556, -21.0341], [55.5563, -21.0329], [55.5569, -21.0321], [55.5577, -21.0307], [55.5583, -21.0295], [55.5585, -21.0286], [55.5587, -21.0275], [55.5587, -21.0265], [55.5587, -21.0254], [55.5588, -21.0243], [55.5595, -21.0232], [55.5598, -21.0223], [55.5609, -21.0217], [55.5615, -21.0194], [55.5628, -21.0187], [55.5638, -21.0188], [55.5648, -21.0182], [55.5656, -21.0181], [55.5667, -21.018], [55.5675, -21.0177], [55.5681, -21.0169], [55.5688, -21.0159], [55.5697, -21.0154], [55.5696, -21.0142], [55.57, -21.0133], [55.5711, -21.013], [55.572, -21.0124], [55.5721, -21.0115], [55.5717, -21.0106], [55.5726, -21.0098], [55.5741, -21.0095], [55.5751, -21.0095], [55.5763, -21.0099], [55.5772, -21.0094], [55.5788, -21.0087], [55.5797, -21.0083], [55.5809, -21.0078], [55.5814, -21.0068], [55.5824, -21.0063], [55.5833, -21.0062], [55.5846, -21.0054], [55.5845, -21.0044], [55.584, -21.0035], [55.584, -21.0026], [55.5847, -21.0015], [55.5857, -21.0018], [55.5867, -21.0023], [55.5878, -21.0027], [55.5887, -21.0029], [55.5899, -21.003], [55.591, -21.0028], [55.5923, -21.0026], [55.5932, -21.0023], [55.5941, -21.0018], [55.5954, -21.0017], [55.5962, -21.0022], [55.5971, -21.0024], [55.5984, -21.0026], [55.5993, -21.0026], [55.6007, -21.0023], [55.602, -21.0018], [55.6033, -21.001], [55.6045, -21.0005], [55.6061, -20.9999], [55.6075, -20.9995], [55.6086, -20.9991], [55.6098, -20.9984], [55.6108, -20.9979], [55.6118, -20.9972], [55.6127, -20.9955], [55.6133, -20.9946], [55.6136, -20.9934], [55.6139, -20.9925], [55.6143, -20.9916], [55.6152, -20.9907], [55.6165, -20.9907], [55.6175, -20.9908], [55.6186, -20.9909], [55.6195, -20.991], [55.6213, -20.9909], [55.6224, -20.9912], [55.6234, -20.9915], [55.6242, -20.9915], [55.6245, -20.9904], [55.6251, -20.9894], [55.626, -20.9886], [55.6272, -20.9877], [55.6285, -20.987], [55.6294, -20.9865], [55.6306, -20.9853], [55.6318, -20.9848], [55.6328, -20.9842], [55.6344, -20.9829], [55.6358, -20.9819], [55.637, -20.9808], [55.6379, -20.9799], [55.639, -20.9786], [55.64, -20.9784], [55.6411, -20.978], [55.6427, -20.9778], [55.6441, -20.9777], [55.6453, -20.9777], [55.6464, -20.9781], [55.6475, -20.9781], [55.6485, -20.9782], [55.6497, -20.9784], [55.6508, -20.9783], [55.6516, -20.9784], [55.6525, -20.9784], [55.6534, -20.9784], [55.6542, -20.9786], [55.6553, -20.9789], [55.6561, -20.9793], [55.6571, -20.9801], [55.6603, -20.9824], [55.6684, -20.9848], [55.6727, -20.9852], [55.6783, -20.9833], [55.6797, -20.9826], [55.6847, -20.9805], [55.6871, -20.9798], [55.6892, -20.9797], [55.6911, -20.9801], [55.7, -20.9787], [55.7007, -20.9799], [55.7007, -20.9809], [55.7006, -20.9819], [55.7005, -20.983], [55.7003, -20.9839], [55.7003, -20.9847], [55.7001, -20.9856], [55.7001, -20.9866], [55.7002, -20.9877], [55.7003, -20.989], [55.7003, -20.9899], [55.7004, -20.9909], [55.7005, -20.9921], [55.7006, -20.993], [55.7006, -20.9944], [55.7006, -20.9958], [55.7007, -20.9977], [55.7007, -20.9988], [55.7007, -20.9996], [55.7007, -21.0007], [55.7007, -21.0015], [55.7007, -21.0024], [55.7007, -21.0033], [55.7008, -21.0043], [55.6993, -21.005], [55.6964, -21.0061], [55.6955, -21.0068], [55.6944, -21.0064], [55.6934, -21.0057], [55.6924, -21.0056], [55.6916, -21.0067], [55.6914, -21.0079], [55.6899, -21.0085], [55.6886, -21.0088], [55.6874, -21.0089], [55.6863, -21.0092], [55.6855, -21.009], [55.6844, -21.0087], [55.6833, -21.0087], [55.682, -21.0088], [55.6804, -21.0094], [55.6795, -21.0097], [55.6783, -21.0101], [55.6774, -21.011], [55.6773, -21.0119], [55.6776, -21.0128], [55.6765, -21.0131], [55.6753, -21.0129], [55.6742, -21.0132], [55.6744, -21.0145], [55.6749, -21.0162], [55.6748, -21.0172], [55.6742, -21.0181], [55.673, -21.0181], [55.6722, -21.018], [55.671, -21.0179], [55.6698, -21.0184], [55.6694, -21.0194], [55.6693, -21.0204], [55.6694, -21.0213], [55.6698, -21.0227], [55.6705, -21.0237], [55.6711, -21.0246], [55.6712, -21.0254], [55.6713, -21.0264], [55.6716, -21.0275], [55.6722, -21.0283], [55.6727, -21.0293], [55.6717, -21.0303], [55.6711, -21.0312], [55.6698, -21.0318], [55.6689, -21.0324], [55.6678, -21.0328], [55.6666, -21.0329], [55.6658, -21.0334], [55.6644, -21.0336], [55.663, -21.0339], [55.6621, -21.0339], [55.6613, -21.0344], [55.6604, -21.0351], [55.6595, -21.0355], [55.6583, -21.0349], [55.6568, -21.0341], [55.6557, -21.0338], [55.6548, -21.034], [55.6537, -21.0341], [55.6527, -21.0342], [55.6519, -21.0341], [55.6504, -21.0344], [55.6495, -21.0348], [55.6487, -21.0354], [55.6477, -21.035], [55.6464, -21.0344], [55.645, -21.0342], [55.6439, -21.0341], [55.6431, -21.0337], [55.6423, -21.0345], [55.6413, -21.0353], [55.64, -21.0353], [55.639, -21.0354], [55.6381, -21.0355], [55.6372, -21.036], [55.6361, -21.0365], [55.6352, -21.037], [55.6346, -21.038], [55.6344, -21.0389], [55.6335, -21.0398], [55.6325, -21.0401], [55.6317, -21.041], [55.6303, -21.0408], [55.6293, -21.0411], [55.6284, -21.0415], [55.6273, -21.0417], [55.6262, -21.0414], [55.6253, -21.0406], [55.6243, -21.0405], [55.6234, -21.0407], [55.6221, -21.0408], [55.621, -21.0406], [55.6199, -21.0407], [55.619, -21.0411], [55.6187, -21.042], [55.6186, -21.043], [55.6177, -21.0438], [55.6168, -21.0445], [55.616, -21.0453], [55.6158, -21.0464], [55.6153, -21.0473], [55.6141, -21.0481], [55.6132, -21.0489], [55.6132, -21.0501], [55.6128, -21.0511], [55.6128, -21.0521], [55.613, -21.0529], [55.6122, -21.0539], [55.6122, -21.0548], [55.6117, -21.0557], [55.6105, -21.0562], [55.6097, -21.0571], [55.6092, -21.0579], [55.6079, -21.0588], [55.6071, -21.0597], [55.6064, -21.0606], [55.6057, -21.0617], [55.6051, -21.0625], [55.6047, -21.0634], [55.6041, -21.0644], [55.6033, -21.0654], [55.6023, -21.0657], [55.6013, -21.066], [55.6005, -21.0665], [55.5995, -21.0672], [55.5992, -21.068], [55.5983, -21.0685], [55.5977, -21.0696], [55.5972, -21.0707], [55.5963, -21.0715], [55.5952, -21.0724], [55.5949, -21.0732], [55.5941, -21.0739], [55.5932, -21.0747], [55.5922, -21.0753], [55.5918, -21.0761], [55.5916, -21.0787], [55.59, -21.0793], [55.5892, -21.08], [55.5885, -21.0808], [55.5877, -21.0817], [55.5875, -21.0827], [55.5874, -21.0835], [55.5875, -21.0846], [55.5866, -21.085], [55.5856, -21.0849], [55.5844, -21.085], [55.5836, -21.0848], [55.5825, -21.0853], [55.5816, -21.0851], [55.5805, -21.0846], [55.5795, -21.0844], [55.5787, -21.0836], [55.5775, -21.0834], [55.5765, -21.0829], [55.5756, -21.0824], [55.5746, -21.0822], [55.5744, -21.0813], [55.5736, -21.0804], [55.5727, -21.0795], [55.5716, -21.0788], [55.5707, -21.0781], [55.5698, -21.0775], [55.5689, -21.0771], [55.5679, -21.0772], [55.567, -21.0772], [55.5659, -21.0771], [55.5651, -21.0763], [55.5642, -21.0761], [55.5632, -21.0755], [55.5624, -21.075], [55.5615, -21.0745], [55.5607, -21.0741], [55.5598, -21.0734], [55.559, -21.0728], [55.5579, -21.0729], [55.5566, -21.0735], [55.5556, -21.0738], [55.5546, -21.0738], [55.5537, -21.0733], [55.5522, -21.073]]]}}, {"type": "Feature", "properties": {"nom": "Entre-Deux", "code": "97403", "codeDepartement": "974", "siren": "219740032", "codeEpci": "249740085", "codeRegion": "04", "codesPostaux": ["97414"], "population": 7176}, "geometry": {"type": "Polygon", "coordinates": [[[55.5067, -21.1397], [55.5078, -21.1402], [55.5089, -21.1398], [55.5099, -21.1395], [55.5109, -21.1386], [55.5118, -21.1381], [55.5127, -21.138], [55.5141, -21.1384], [55.515, -21.1385], [55.5159, -21.1383], [55.517, -21.138], [55.518, -21.1376], [55.519, -21.1375], [55.5201, -21.1375], [55.521, -21.1371], [55.5219, -21.1366], [55.5228, -21.1365], [55.5237, -21.136], [55.5246, -21.1359], [55.5256, -21.1357], [55.5269, -21.1358], [55.5267, -21.1366], [55.5257, -21.137], [55.5251, -21.138], [55.5243, -21.1381], [55.5241, -21.139], [55.5239, -21.1399], [55.5244, -21.1408], [55.5248, -21.1416], [55.5252, -21.1425], [55.5242, -21.1425], [55.5233, -21.1423], [55.5224, -21.1422], [55.5215, -21.143], [55.5216, -21.1439], [55.5218, -21.1448], [55.5226, -21.1456], [55.5234, -21.1459], [55.5241, -21.1472], [55.5248, -21.1481], [55.5247, -21.1489], [55.5249, -21.1503], [55.5251, -21.1512], [55.5253, -21.1523], [55.5249, -21.1533], [55.5247, -21.1542], [55.5245, -21.1559], [55.5251, -21.1567], [55.5255, -21.1578], [55.5257, -21.1588], [55.5262, -21.1597], [55.5268, -21.161], [55.5273, -21.162], [55.5277, -21.1628], [55.5284, -21.1638], [55.5285, -21.1648], [55.5284, -21.1658], [55.5283, -21.1667], [55.5282, -21.1678], [55.5282, -21.1688], [55.5286, -21.17], [55.5293, -21.171], [55.5301, -21.1718], [55.5308, -21.1728], [55.5313, -21.1736], [55.5316, -21.1747], [55.5319, -21.1756], [55.5316, -21.1765], [55.5314, -21.1774], [55.5312, -21.1782], [55.5313, -21.1792], [55.531, -21.1802], [55.5306, -21.181], [55.5305, -21.1824], [55.5306, -21.1839], [55.5302, -21.1849], [55.5303, -21.1857], [55.5291, -21.1857], [55.5284, -21.1848], [55.5281, -21.1837], [55.5252, -21.1829], [55.5232, -21.1829], [55.5198, -21.1836], [55.5189, -21.1834], [55.5173, -21.1853], [55.5164, -21.1852], [55.5157, -21.186], [55.5154, -21.1871], [55.5155, -21.1884], [55.5155, -21.1894], [55.5153, -21.1908], [55.5155, -21.1916], [55.5157, -21.1932], [55.5156, -21.1953], [55.5155, -21.1964], [55.5151, -21.1975], [55.5141, -21.1987], [55.5149, -21.1997], [55.5155, -21.2006], [55.5153, -21.2017], [55.5147, -21.2026], [55.5134, -21.2036], [55.5124, -21.2043], [55.5109, -21.2052], [55.5098, -21.2052], [55.509, -21.2044], [55.5077, -21.2042], [55.5071, -21.2053], [55.5075, -21.2065], [55.5082, -21.2075], [55.5086, -21.2085], [55.5101, -21.2112], [55.511, -21.2117], [55.512, -21.212], [55.5129, -21.2129], [55.514, -21.214], [55.5136, -21.2148], [55.5136, -21.2157], [55.513, -21.2167], [55.5128, -21.2176], [55.5118, -21.2185], [55.5107, -21.2194], [55.5118, -21.2196], [55.5127, -21.2199], [55.5132, -21.2207], [55.513, -21.2223], [55.5119, -21.2229], [55.5109, -21.2235], [55.5112, -21.2245], [55.5116, -21.2254], [55.512, -21.2265], [55.5113, -21.2276], [55.5104, -21.228], [55.5093, -21.229], [55.5085, -21.2295], [55.5075, -21.2299], [55.5062, -21.2296], [55.5052, -21.2294], [55.5043, -21.2295], [55.5035, -21.2304], [55.5026, -21.2311], [55.5015, -21.2317], [55.5004, -21.2319], [55.4998, -21.2329], [55.4998, -21.2339], [55.4999, -21.2347], [55.5004, -21.2356], [55.5, -21.2365], [55.4991, -21.2371], [55.4982, -21.238], [55.4972, -21.2386], [55.4959, -21.2391], [55.4949, -21.2393], [55.4933, -21.2396], [55.4917, -21.2393], [55.4905, -21.2387], [55.4896, -21.2388], [55.4888, -21.2388], [55.4879, -21.239], [55.4881, -21.2399], [55.4883, -21.2408], [55.4886, -21.2418], [55.4888, -21.2428], [55.4892, -21.2436], [55.4907, -21.2439], [55.4915, -21.244], [55.4918, -21.2448], [55.4908, -21.2454], [55.4902, -21.2462], [55.4892, -21.2469], [55.4886, -21.2478], [55.4876, -21.2487], [55.4867, -21.2491], [55.4857, -21.2493], [55.4846, -21.2505], [55.484, -21.2513], [55.4832, -21.2519], [55.4823, -21.2522], [55.4814, -21.2531], [55.4803, -21.2537], [55.4794, -21.2545], [55.4784, -21.2551], [55.4774, -21.2552], [55.4763, -21.256], [55.4755, -21.2565], [55.4746, -21.2566], [55.4737, -21.2569], [55.4725, -21.257], [55.4714, -21.2573], [55.4706, -21.2579], [55.4703, -21.259], [55.47, -21.26], [55.4701, -21.261], [55.47, -21.262], [55.4698, -21.2629], [55.4707, -21.2639], [55.471, -21.2647], [55.4707, -21.2657], [55.4709, -21.2666], [55.4714, -21.2675], [55.471, -21.2684], [55.4708, -21.2692], [55.4672, -21.271], [55.4667, -21.2721], [55.4667, -21.2737], [55.4668, -21.2751], [55.4661, -21.2762], [55.4655, -21.2773], [55.4633, -21.2789], [55.4624, -21.2809], [55.4614, -21.2826], [55.4562, -21.2857], [55.4554, -21.2851], [55.4556, -21.2839], [55.4559, -21.2827], [55.4564, -21.2813], [55.4566, -21.2805], [55.4575, -21.2807], [55.4582, -21.2794], [55.4584, -21.2784], [55.4589, -21.2773], [55.4592, -21.2763], [55.4603, -21.2748], [55.4603, -21.2738], [55.4594, -21.2729], [55.4584, -21.2725], [55.4575, -21.272], [55.4567, -21.2715], [55.4575, -21.2708], [55.4584, -21.2706], [55.4592, -21.2705], [55.4601, -21.2701], [55.461, -21.2693], [55.4614, -21.2685], [55.4615, -21.2675], [55.462, -21.2661], [55.4621, -21.2649], [55.4626, -21.264], [55.4633, -21.2629], [55.4632, -21.2619], [55.4635, -21.2611], [55.4638, -21.2602], [55.464, -21.2593], [55.4639, -21.2582], [55.4636, -21.2573], [55.4644, -21.2564], [55.4644, -21.2555], [55.4643, -21.2547], [55.464, -21.2538], [55.4631, -21.2528], [55.4623, -21.2519], [55.4621, -21.2509], [55.4614, -21.2499], [55.4615, -21.249], [55.4623, -21.2481], [55.4623, -21.2472], [55.4622, -21.2463], [55.4618, -21.2455], [55.4613, -21.2445], [55.4607, -21.2434], [55.4598, -21.2427], [55.4596, -21.2414], [55.4598, -21.2403], [55.4601, -21.2392], [55.46, -21.2383], [55.4594, -21.2373], [55.4592, -21.2365], [55.4593, -21.2352], [55.4597, -21.2341], [55.46, -21.233], [55.4603, -21.2322], [55.4609, -21.2312], [55.4612, -21.2302], [55.4613, -21.2294], [55.4612, -21.2281], [55.4612, -21.2273], [55.4611, -21.2261], [55.4605, -21.2251], [55.4605, -21.2239], [55.4608, -21.2231], [55.4606, -21.2221], [55.461, -21.221], [55.4612, -21.22], [55.4614, -21.2191], [55.4622, -21.2182], [55.4627, -21.2173], [55.463, -21.2164], [55.4634, -21.2156], [55.4633, -21.2144], [55.4634, -21.2136], [55.463, -21.2127], [55.463, -21.2118], [55.4625, -21.2109], [55.4623, -21.21], [55.4623, -21.209], [55.462, -21.2076], [55.4615, -21.2066], [55.4612, -21.2056], [55.461, -21.2047], [55.461, -21.2034], [55.4611, -21.2025], [55.4607, -21.2015], [55.4613, -21.2003], [55.4614, -21.1994], [55.4622, -21.1985], [55.4623, -21.1976], [55.4624, -21.1967], [55.4622, -21.1957], [55.4625, -21.1946], [55.4634, -21.1939], [55.4645, -21.1937], [55.4658, -21.1929], [55.4667, -21.1918], [55.4677, -21.1911], [55.4688, -21.191], [55.4698, -21.1903], [55.4705, -21.1894], [55.4715, -21.1891], [55.473, -21.1899], [55.4741, -21.1903], [55.4758, -21.1897], [55.4784, -21.189], [55.4791, -21.1881], [55.48, -21.188], [55.4809, -21.1877], [55.4818, -21.1874], [55.4827, -21.1869], [55.4836, -21.1864], [55.4849, -21.1858], [55.4859, -21.1852], [55.4869, -21.1846], [55.4878, -21.1839], [55.4888, -21.1832], [55.49, -21.1825], [55.4911, -21.1815], [55.4922, -21.1805], [55.4931, -21.1799], [55.4938, -21.1789], [55.4947, -21.1778], [55.4953, -21.1769], [55.4955, -21.1755], [55.4959, -21.1745], [55.4961, -21.1736], [55.4963, -21.1728], [55.4964, -21.1718], [55.4972, -21.1707], [55.4976, -21.1699], [55.498, -21.169], [55.4978, -21.168], [55.4977, -21.1671], [55.4978, -21.1663], [55.4981, -21.1653], [55.4986, -21.1644], [55.4991, -21.1635], [55.4994, -21.1626], [55.5, -21.1617], [55.5004, -21.1606], [55.5013, -21.1597], [55.5016, -21.1589], [55.5018, -21.1579], [55.5017, -21.157], [55.5017, -21.1562], [55.5013, -21.1553], [55.5012, -21.1545], [55.501, -21.1536], [55.5013, -21.1527], [55.5013, -21.1516], [55.5015, -21.1507], [55.5016, -21.1499], [55.502, -21.1489], [55.502, -21.148], [55.5018, -21.1471], [55.5028, -21.1461], [55.5034, -21.1453], [55.5043, -21.1446], [55.5048, -21.1437], [55.5056, -21.1426], [55.5062, -21.1418], [55.5064, -21.141], [55.5063, -21.1401], [55.5067, -21.1397]]]}}, {"type": "Feature", "properties": {"nom": "L'\u00c9tang-Sal\u00e9", "code": "97404", "codeDepartement": "974", "siren": "219740040", "codeEpci": "249740077", "codeRegion": "04", "codesPostaux": ["97427"], "population": 14464}, "geometry": {"type": "Polygon", "coordinates": [[[55.3912, -21.2926], [55.3903, -21.2921], [55.3894, -21.2915], [55.3882, -21.2908], [55.3873, -21.2905], [55.3864, -21.2901], [55.3853, -21.2898], [55.3841, -21.2894], [55.3827, -21.2891], [55.3817, -21.2886], [55.3809, -21.2882], [55.3799, -21.2878], [55.379, -21.2874], [55.3778, -21.2871], [55.3769, -21.287], [55.3758, -21.2867], [55.3746, -21.2865], [55.3737, -21.2864], [55.3717, -21.2861], [55.3703, -21.2858], [55.369, -21.2854], [55.3681, -21.2851], [55.3671, -21.2848], [55.3661, -21.2846], [55.3649, -21.2844], [55.3639, -21.2842], [55.3629, -21.2841], [55.362, -21.2841], [55.3612, -21.284], [55.3601, -21.2838], [55.3592, -21.2837], [55.358, -21.2837], [55.3568, -21.2834], [55.3548, -21.2831], [55.3538, -21.2828], [55.3529, -21.2825], [55.352, -21.2822], [55.3509, -21.2825], [55.3499, -21.2824], [55.3486, -21.2821], [55.3474, -21.282], [55.3464, -21.2818], [55.3456, -21.2816], [55.3447, -21.2814], [55.3439, -21.2812], [55.3429, -21.281], [55.342, -21.2811], [55.341, -21.2816], [55.3406, -21.2807], [55.3397, -21.2808], [55.3388, -21.28], [55.3382, -21.2792], [55.3373, -21.2786], [55.3364, -21.2784], [55.3362, -21.2776], [55.3352, -21.2774], [55.3344, -21.2766], [55.3337, -21.2757], [55.3331, -21.2749], [55.3327, -21.2739], [55.3323, -21.273], [55.3324, -21.272], [55.3332, -21.2711], [55.3342, -21.2704], [55.3345, -21.2695], [55.3341, -21.2683], [55.3336, -21.2674], [55.3327, -21.266], [55.3318, -21.2654], [55.3317, -21.2644], [55.3318, -21.2632], [55.3318, -21.2623], [55.3317, -21.2612], [55.3315, -21.2603], [55.3306, -21.2588], [55.3297, -21.2578], [55.3289, -21.2573], [55.3276, -21.2563], [55.3264, -21.2555], [55.3253, -21.2546], [55.3237, -21.2535], [55.3223, -21.2529], [55.3224, -21.252], [55.323, -21.2508], [55.3241, -21.2491], [55.3244, -21.2479], [55.3246, -21.247], [55.3254, -21.2468], [55.3264, -21.247], [55.3275, -21.2473], [55.3283, -21.2481], [55.3292, -21.2489], [55.3303, -21.2495], [55.3313, -21.2499], [55.3324, -21.25], [55.3334, -21.2505], [55.3342, -21.2504], [55.3354, -21.2508], [55.3364, -21.251], [55.3374, -21.251], [55.3383, -21.2512], [55.3399, -21.2519], [55.341, -21.2522], [55.3421, -21.2522], [55.3434, -21.2513], [55.3443, -21.2518], [55.3453, -21.2521], [55.3464, -21.2526], [55.3482, -21.2528], [55.3478, -21.2539], [55.3486, -21.2548], [55.3495, -21.2555], [55.352, -21.2577], [55.3542, -21.2586], [55.3545, -21.2577], [55.3536, -21.2563], [55.3529, -21.2552], [55.3531, -21.2542], [55.3531, -21.2534], [55.3534, -21.2521], [55.3539, -21.2512], [55.3543, -21.2503], [55.3552, -21.2497], [55.3554, -21.2489], [55.3561, -21.2479], [55.3562, -21.2469], [55.3566, -21.2461], [55.3569, -21.2451], [55.357, -21.2443], [55.3571, -21.2434], [55.3566, -21.2424], [55.3565, -21.2416], [55.3573, -21.2405], [55.3572, -21.2395], [55.3573, -21.2386], [55.3576, -21.2374], [55.3575, -21.2365], [55.3575, -21.2356], [55.358, -21.2348], [55.357, -21.2338], [55.3565, -21.2329], [55.3558, -21.2321], [55.3555, -21.2312], [55.3546, -21.2313], [55.3535, -21.2314], [55.3526, -21.2314], [55.3525, -21.2302], [55.3524, -21.2294], [55.3525, -21.2284], [55.3528, -21.2273], [55.3531, -21.2263], [55.3538, -21.2254], [55.3543, -21.2246], [55.3544, -21.2237], [55.3545, -21.2228], [55.3563, -21.2217], [55.3564, -21.2208], [55.3566, -21.2198], [55.3576, -21.2192], [55.3585, -21.2184], [55.3595, -21.2187], [55.3603, -21.2184], [55.3612, -21.2173], [55.3622, -21.2163], [55.3631, -21.2163], [55.3647, -21.2157], [55.3657, -21.2156], [55.3673, -21.214], [55.3681, -21.213], [55.3695, -21.2126], [55.3705, -21.213], [55.3708, -21.212], [55.3708, -21.2106], [55.3718, -21.2084], [55.3729, -21.2081], [55.3737, -21.2072], [55.3742, -21.2052], [55.3775, -21.2034], [55.378, -21.2025], [55.3786, -21.2], [55.3783, -21.1986], [55.3784, -21.1976], [55.3788, -21.1968], [55.3798, -21.1959], [55.3799, -21.1949], [55.3803, -21.1941], [55.38, -21.1932], [55.3794, -21.1924], [55.3791, -21.1914], [55.3789, -21.1905], [55.3796, -21.1897], [55.3799, -21.1885], [55.3808, -21.1879], [55.3812, -21.1868], [55.3814, -21.186], [55.3817, -21.1852], [55.3819, -21.1842], [55.3823, -21.1833], [55.3821, -21.1822], [55.3825, -21.1814], [55.3836, -21.1804], [55.384, -21.1794], [55.3844, -21.1781], [55.385, -21.1772], [55.3859, -21.177], [55.387, -21.1769], [55.3862, -21.1778], [55.3858, -21.179], [55.3861, -21.1798], [55.3861, -21.1807], [55.3859, -21.1818], [55.3862, -21.1826], [55.3859, -21.1836], [55.3858, -21.1844], [55.3858, -21.1854], [55.3853, -21.1863], [55.3853, -21.1874], [55.3856, -21.1886], [55.3856, -21.1896], [55.3852, -21.1905], [55.3845, -21.1916], [55.3836, -21.1928], [55.3828, -21.1939], [55.3828, -21.1954], [55.3818, -21.1959], [55.3817, -21.1968], [55.3824, -21.198], [55.3828, -21.1993], [55.3827, -21.2013], [55.3837, -21.2021], [55.3848, -21.2029], [55.3855, -21.2038], [55.386, -21.2049], [55.3871, -21.2051], [55.3879, -21.2052], [55.3888, -21.2051], [55.3894, -21.2078], [55.3899, -21.2088], [55.3904, -21.2098], [55.3912, -21.2122], [55.3911, -21.2134], [55.3909, -21.2143], [55.3906, -21.2152], [55.3899, -21.2164], [55.3896, -21.2173], [55.3897, -21.2189], [55.3893, -21.2203], [55.3892, -21.2219], [55.3889, -21.2235], [55.3887, -21.225], [55.3884, -21.2273], [55.3881, -21.2282], [55.3877, -21.2292], [55.3876, -21.23], [55.3877, -21.2309], [55.388, -21.2317], [55.3877, -21.2327], [55.3878, -21.2338], [55.3879, -21.2347], [55.3882, -21.2357], [55.3882, -21.2367], [55.3883, -21.2375], [55.3885, -21.2384], [55.3889, -21.2392], [55.3888, -21.2401], [55.3892, -21.241], [55.3894, -21.2419], [55.389, -21.2432], [55.3889, -21.2441], [55.3889, -21.2449], [55.3892, -21.2458], [55.3897, -21.2467], [55.3899, -21.2476], [55.3901, -21.2484], [55.3904, -21.2495], [55.3913, -21.2503], [55.3915, -21.2511], [55.392, -21.2522], [55.3919, -21.253], [55.3921, -21.2542], [55.3919, -21.2552], [55.3924, -21.256], [55.3927, -21.2572], [55.3929, -21.2581], [55.3922, -21.259], [55.3924, -21.2602], [55.3917, -21.2613], [55.3912, -21.2621], [55.3902, -21.2629], [55.389, -21.2638], [55.3887, -21.2647], [55.3888, -21.2659], [55.3889, -21.2667], [55.3893, -21.2677], [55.389, -21.2686], [55.3891, -21.2695], [55.3881, -21.2712], [55.3874, -21.2723], [55.3867, -21.2733], [55.3858, -21.2746], [55.3848, -21.2759], [55.3838, -21.2772], [55.3829, -21.2784], [55.382, -21.2796], [55.3813, -21.2806], [55.3807, -21.2814], [55.3805, -21.2824], [55.3813, -21.2831], [55.3822, -21.2835], [55.383, -21.284], [55.3838, -21.2848], [55.3844, -21.2857], [55.385, -21.287], [55.3858, -21.2877], [55.3869, -21.2885], [55.3898, -21.2902], [55.3916, -21.2914], [55.3915, -21.2923], [55.3912, -21.2926]]]}}, {"type": "Feature", "properties": {"nom": "Petite-\u00cele", "code": "97405", "codeDepartement": "974", "siren": "219740057", "codeEpci": "249740077", "codeRegion": "04", "codesPostaux": ["97429"], "population": 13067}, "geometry": {"type": "MultiPolygon", "coordinates": [[[[55.567, -21.3778], [55.5677, -21.3769], [55.5682, -21.3759], [55.569, -21.3761], [55.5687, -21.377], [55.5673, -21.3775], [55.567, -21.3778]]], [[[55.5832, -21.3724], [55.5821, -21.3724], [55.5811, -21.3729], [55.5801, -21.3736], [55.579, -21.3739], [55.578, -21.3743], [55.5772, -21.3742], [55.5762, -21.3749], [55.5751, -21.3757], [55.5739, -21.3757], [55.5731, -21.3759], [55.5721, -21.3761], [55.5712, -21.3758], [55.5702, -21.3756], [55.5692, -21.3756], [55.568, -21.375], [55.5674, -21.3741], [55.5663, -21.3737], [55.5654, -21.3731], [55.5645, -21.3727], [55.5635, -21.3725], [55.5626, -21.3723], [55.5618, -21.3728], [55.5607, -21.3729], [55.5598, -21.3729], [55.559, -21.373], [55.5589, -21.3722], [55.5579, -21.3723], [55.5568, -21.3722], [55.5559, -21.3719], [55.555, -21.3712], [55.5541, -21.3713], [55.554, -21.3723], [55.5531, -21.3725], [55.5522, -21.373], [55.5514, -21.3739], [55.5505, -21.3739], [55.5497, -21.3729], [55.5499, -21.372], [55.5494, -21.371], [55.5485, -21.3705], [55.5476, -21.3694], [55.5468, -21.3687], [55.5457, -21.368], [55.5447, -21.3677], [55.5438, -21.3678], [55.5428, -21.3673], [55.5418, -21.3666], [55.541, -21.3665], [55.54, -21.3655], [55.539, -21.3654], [55.5388, -21.3646], [55.538, -21.3639], [55.5369, -21.3634], [55.5361, -21.3628], [55.5358, -21.3618], [55.5363, -21.3606], [55.5371, -21.3595], [55.5374, -21.3583], [55.5377, -21.3573], [55.5383, -21.3564], [55.5378, -21.3555], [55.5377, -21.3546], [55.5378, -21.3537], [55.5378, -21.3527], [55.5379, -21.3517], [55.5385, -21.3508], [55.5389, -21.3498], [55.5391, -21.3485], [55.5399, -21.3481], [55.5406, -21.3469], [55.5405, -21.3461], [55.5413, -21.345], [55.5418, -21.344], [55.5419, -21.3428], [55.5417, -21.342], [55.5426, -21.3413], [55.543, -21.3404], [55.543, -21.3395], [55.5432, -21.3387], [55.5434, -21.3375], [55.5437, -21.3366], [55.5442, -21.3357], [55.5437, -21.3347], [55.5445, -21.3336], [55.5447, -21.3328], [55.5449, -21.3318], [55.5447, -21.3309], [55.5443, -21.3295], [55.5441, -21.3282], [55.5439, -21.3272], [55.544, -21.3263], [55.5448, -21.3255], [55.5453, -21.3247], [55.5457, -21.3239], [55.5465, -21.3229], [55.5475, -21.3222], [55.5484, -21.3214], [55.5493, -21.3213], [55.5503, -21.3211], [55.5513, -21.3205], [55.5522, -21.32], [55.5531, -21.3194], [55.5543, -21.3187], [55.5552, -21.3185], [55.5561, -21.3179], [55.5571, -21.3176], [55.558, -21.3172], [55.5589, -21.3168], [55.5598, -21.3168], [55.5607, -21.3162], [55.5616, -21.316], [55.5625, -21.3158], [55.5636, -21.316], [55.5645, -21.3161], [55.5655, -21.316], [55.5667, -21.3163], [55.5675, -21.3164], [55.5684, -21.3162], [55.5693, -21.3154], [55.5701, -21.3146], [55.5708, -21.3137], [55.5717, -21.3139], [55.5726, -21.3131], [55.573, -21.3122], [55.5741, -21.3119], [55.575, -21.3113], [55.5759, -21.3112], [55.577, -21.3109], [55.5781, -21.3109], [55.5791, -21.3107], [55.5796, -21.3099], [55.5806, -21.3095], [55.5807, -21.3073], [55.5812, -21.3055], [55.582, -21.3045], [55.5825, -21.3036], [55.5845, -21.3043], [55.5844, -21.3035], [55.5854, -21.303], [55.5859, -21.3021], [55.5869, -21.3015], [55.5875, -21.3006], [55.5877, -21.2996], [55.5883, -21.2988], [55.5887, -21.298], [55.5896, -21.2976], [55.5905, -21.2968], [55.5916, -21.2961], [55.5925, -21.2951], [55.5926, -21.2942], [55.5926, -21.2933], [55.5932, -21.2924], [55.5941, -21.2917], [55.5943, -21.2905], [55.5965, -21.289], [55.598, -21.2889], [55.5997, -21.2886], [55.6044, -21.2878], [55.6039, -21.2895], [55.604, -21.2904], [55.604, -21.2913], [55.6042, -21.2921], [55.6047, -21.2931], [55.6046, -21.294], [55.6049, -21.2951], [55.6052, -21.296], [55.6054, -21.297], [55.6052, -21.2981], [55.6043, -21.2989], [55.6039, -21.2997], [55.6031, -21.3003], [55.6022, -21.3011], [55.6013, -21.3016], [55.6007, -21.3026], [55.6003, -21.3036], [55.6007, -21.3044], [55.6007, -21.3055], [55.6, -21.3065], [55.5992, -21.3073], [55.5981, -21.307], [55.5973, -21.3077], [55.5968, -21.3086], [55.5961, -21.3094], [55.5954, -21.3103], [55.5942, -21.3109], [55.5931, -21.311], [55.5923, -21.3119], [55.5906, -21.3124], [55.5898, -21.3131], [55.5898, -21.3139], [55.5906, -21.314], [55.5906, -21.3148], [55.5896, -21.3153], [55.5884, -21.3161], [55.5882, -21.3169], [55.5887, -21.3179], [55.589, -21.3188], [55.588, -21.3197], [55.5873, -21.3209], [55.5874, -21.3218], [55.5872, -21.3227], [55.5871, -21.3237], [55.5879, -21.3245], [55.5874, -21.3255], [55.5874, -21.3267], [55.587, -21.3275], [55.5862, -21.3281], [55.5853, -21.3282], [55.5852, -21.3293], [55.5852, -21.3302], [55.5852, -21.3311], [55.5852, -21.332], [55.5855, -21.3329], [55.5861, -21.3337], [55.587, -21.334], [55.5879, -21.3349], [55.5888, -21.3353], [55.5899, -21.336], [55.5895, -21.3368], [55.5896, -21.3378], [55.5893, -21.3387], [55.5899, -21.3397], [55.5895, -21.3409], [55.5891, -21.3418], [55.5891, -21.3427], [55.5894, -21.3437], [55.5897, -21.3451], [55.5898, -21.3459], [55.5897, -21.3469], [55.5893, -21.3484], [55.5893, -21.3493], [55.5894, -21.3503], [55.5897, -21.3512], [55.5896, -21.3521], [55.5894, -21.3533], [55.5894, -21.3543], [55.5891, -21.3551], [55.5891, -21.3561], [55.589, -21.357], [55.5898, -21.3579], [55.5894, -21.359], [55.5884, -21.3599], [55.5879, -21.3609], [55.5875, -21.3618], [55.5871, -21.3627], [55.5862, -21.363], [55.5854, -21.3638], [55.5845, -21.3643], [55.5836, -21.364], [55.5828, -21.3649], [55.5825, -21.3657], [55.5824, -21.3666], [55.5825, -21.3676], [55.5823, -21.3684], [55.5826, -21.3694], [55.5833, -21.3705], [55.5834, -21.3715], [55.5832, -21.3724]]]]}}, {"type": "Feature", "properties": {"nom": "La Plaine-des-Palmistes", "code": "97406", "codeDepartement": "974", "siren": "219740065", "codeEpci": "249740093", "codeRegion": "04", "codesPostaux": ["97431"], "population": 6936}, "geometry": {"type": "Polygon", "coordinates": [[[55.7157, -21.1725], [55.7147, -21.1727], [55.7135, -21.1731], [55.7127, -21.1733], [55.7118, -21.1736], [55.7108, -21.1741], [55.7097, -21.1749], [55.7088, -21.1752], [55.7078, -21.1754], [55.7068, -21.1756], [55.7058, -21.1763], [55.7049, -21.1768], [55.7041, -21.1773], [55.7032, -21.178], [55.7024, -21.1787], [55.7019, -21.1795], [55.7011, -21.1803], [55.7003, -21.1811], [55.6994, -21.182], [55.6988, -21.1829], [55.6978, -21.1837], [55.6967, -21.1846], [55.6956, -21.1856], [55.6947, -21.186], [55.6937, -21.186], [55.6926, -21.1859], [55.6917, -21.1865], [55.6908, -21.1865], [55.6899, -21.1869], [55.6889, -21.1871], [55.688, -21.1865], [55.6871, -21.1863], [55.6862, -21.1862], [55.6853, -21.1857], [55.6843, -21.1854], [55.6833, -21.1849], [55.6822, -21.1846], [55.6814, -21.1845], [55.6804, -21.1848], [55.6795, -21.185], [55.6781, -21.1858], [55.6772, -21.1863], [55.6762, -21.1874], [55.6759, -21.1884], [55.6753, -21.1893], [55.6749, -21.1904], [55.6745, -21.1915], [55.6743, -21.1924], [55.6735, -21.1928], [55.6731, -21.1936], [55.6722, -21.1944], [55.6709, -21.1949], [55.6705, -21.1958], [55.6695, -21.1962], [55.6685, -21.1966], [55.6675, -21.1976], [55.6663, -21.1986], [55.6657, -21.1994], [55.6648, -21.2003], [55.6637, -21.201], [55.6627, -21.2015], [55.6619, -21.2023], [55.6614, -21.2032], [55.6587, -21.2012], [55.6557, -21.1973], [55.6548, -21.1962], [55.6542, -21.1952], [55.6537, -21.1943], [55.6535, -21.1934], [55.6526, -21.1931], [55.6521, -21.1923], [55.6522, -21.1913], [55.6519, -21.1904], [55.6512, -21.1896], [55.6506, -21.1886], [55.6503, -21.1876], [55.6501, -21.1866], [55.6493, -21.1863], [55.6485, -21.1851], [55.6477, -21.184], [55.6468, -21.1834], [55.6461, -21.1825], [55.6464, -21.1817], [55.6463, -21.1807], [55.6455, -21.1799], [55.6453, -21.1789], [55.6452, -21.178], [55.6443, -21.1771], [55.6434, -21.1762], [55.6424, -21.1755], [55.6416, -21.1747], [55.6413, -21.1739], [55.6407, -21.173], [55.6401, -21.172], [55.6394, -21.1712], [55.6391, -21.1703], [55.6388, -21.1693], [55.6388, -21.1682], [55.6382, -21.1672], [55.6371, -21.1671], [55.636, -21.1674], [55.6347, -21.1677], [55.6339, -21.168], [55.6328, -21.1685], [55.6318, -21.1692], [55.6304, -21.1698], [55.6295, -21.1707], [55.6295, -21.1717], [55.6292, -21.1729], [55.6283, -21.1736], [55.6267, -21.1746], [55.6261, -21.1755], [55.6259, -21.1763], [55.6258, -21.1773], [55.6256, -21.1781], [55.6252, -21.1792], [55.6248, -21.1802], [55.6244, -21.181], [55.622, -21.1816], [55.6201, -21.1824], [55.6166, -21.1829], [55.616, -21.182], [55.6157, -21.181], [55.6147, -21.1812], [55.6136, -21.181], [55.6125, -21.1811], [55.6116, -21.1814], [55.6111, -21.1823], [55.6102, -21.1825], [55.6092, -21.1819], [55.6079, -21.1813], [55.607, -21.1813], [55.6061, -21.181], [55.6055, -21.1802], [55.6046, -21.1797], [55.6037, -21.1797], [55.6029, -21.1797], [55.6016, -21.1786], [55.6005, -21.1775], [55.6002, -21.1764], [55.6003, -21.1747], [55.5992, -21.1743], [55.5984, -21.1747], [55.5971, -21.1751], [55.5962, -21.175], [55.5954, -21.1744], [55.5944, -21.174], [55.5934, -21.1742], [55.5922, -21.1739], [55.5912, -21.1733], [55.5911, -21.1725], [55.5909, -21.1715], [55.5912, -21.1699], [55.5912, -21.169], [55.5901, -21.1685], [55.5891, -21.1677], [55.5883, -21.1669], [55.5879, -21.166], [55.5874, -21.1648], [55.587, -21.1639], [55.5879, -21.1633], [55.5887, -21.1632], [55.5893, -21.1621], [55.5896, -21.1612], [55.5895, -21.1604], [55.5896, -21.1585], [55.5898, -21.1574], [55.5887, -21.1561], [55.5876, -21.1547], [55.5866, -21.1533], [55.586, -21.1524], [55.5866, -21.1513], [55.5871, -21.1503], [55.5862, -21.1499], [55.5849, -21.1493], [55.584, -21.1494], [55.5829, -21.1489], [55.5827, -21.1481], [55.5828, -21.1469], [55.5818, -21.1464], [55.5809, -21.1459], [55.58, -21.1449], [55.5801, -21.144], [55.5803, -21.1431], [55.5814, -21.1426], [55.5812, -21.1417], [55.5816, -21.1404], [55.5818, -21.1393], [55.5811, -21.1382], [55.5805, -21.1372], [55.5793, -21.137], [55.5781, -21.137], [55.5772, -21.1368], [55.5763, -21.1368], [55.5755, -21.1367], [55.5746, -21.1358], [55.5732, -21.1344], [55.5727, -21.1335], [55.5732, -21.1325], [55.5735, -21.1317], [55.5735, -21.1308], [55.5744, -21.1301], [55.5756, -21.1294], [55.5767, -21.1291], [55.5776, -21.1292], [55.5785, -21.1291], [55.5789, -21.1282], [55.5795, -21.1271], [55.5804, -21.1265], [55.5813, -21.1261], [55.5823, -21.1255], [55.5834, -21.1251], [55.5843, -21.125], [55.5855, -21.1247], [55.5864, -21.1248], [55.5875, -21.1248], [55.5884, -21.1251], [55.5896, -21.1254], [55.5906, -21.126], [55.5915, -21.1261], [55.5921, -21.1271], [55.5927, -21.128], [55.5937, -21.1287], [55.5948, -21.1296], [55.5958, -21.1304], [55.5968, -21.1307], [55.5978, -21.1301], [55.5988, -21.1299], [55.5998, -21.13], [55.6003, -21.1285], [55.6007, -21.1275], [55.6013, -21.1267], [55.6023, -21.1263], [55.6036, -21.1257], [55.6045, -21.1254], [55.6057, -21.1253], [55.6068, -21.1257], [55.6077, -21.1258], [55.6092, -21.1262], [55.6098, -21.1271], [55.6108, -21.1264], [55.6116, -21.1263], [55.6119, -21.1254], [55.6128, -21.1249], [55.6134, -21.1239], [55.6139, -21.123], [55.6146, -21.1221], [55.6162, -21.1212], [55.6172, -21.1206], [55.618, -21.12], [55.6192, -21.1195], [55.6201, -21.1195], [55.6211, -21.1191], [55.6223, -21.1191], [55.6235, -21.1182], [55.624, -21.1174], [55.6251, -21.118], [55.6263, -21.118], [55.6272, -21.1178], [55.6284, -21.1175], [55.6294, -21.1175], [55.6303, -21.1177], [55.6311, -21.1168], [55.6311, -21.1159], [55.632, -21.1152], [55.6327, -21.1144], [55.6332, -21.1129], [55.6332, -21.1116], [55.6342, -21.1109], [55.6343, -21.11], [55.635, -21.1089], [55.636, -21.1081], [55.6364, -21.1073], [55.6365, -21.1063], [55.6374, -21.1053], [55.6383, -21.1048], [55.6394, -21.1048], [55.6403, -21.1046], [55.6412, -21.1045], [55.642, -21.1042], [55.6431, -21.1034], [55.6439, -21.1033], [55.6448, -21.1027], [55.646, -21.1025], [55.6472, -21.1028], [55.6482, -21.1029], [55.6493, -21.1028], [55.6502, -21.1032], [55.6511, -21.1034], [55.6519, -21.1043], [55.653, -21.1045], [55.6541, -21.1048], [55.6553, -21.1052], [55.6575, -21.1075], [55.6597, -21.11], [55.6645, -21.1153], [55.6653, -21.1162], [55.6663, -21.1174], [55.6671, -21.1183], [55.668, -21.1192], [55.6687, -21.1201], [55.6701, -21.1216], [55.6709, -21.1225], [55.6719, -21.1235], [55.6731, -21.1249], [55.6743, -21.1262], [55.6754, -21.1274], [55.6761, -21.1283], [55.6771, -21.1294], [55.6779, -21.1303], [55.6788, -21.1312], [55.68, -21.1326], [55.6807, -21.1334], [55.6822, -21.135], [55.6833, -21.1362], [55.684, -21.137], [55.6848, -21.1379], [55.6859, -21.1391], [55.6867, -21.1401], [55.6875, -21.141], [55.6899, -21.1436], [55.6964, -21.1509], [55.6999, -21.1548], [55.7054, -21.161], [55.7117, -21.168], [55.7157, -21.1725]]]}}, {"type": "Feature", "properties": {"nom": "Le Port", "code": "97407", "codeDepartement": "974", "siren": "219740073", "codeEpci": "249740101", "codeRegion": "04", "codesPostaux": ["97420"], "population": 33969}, "geometry": {"type": "Polygon", "coordinates": [[[55.3303, -20.9276], [55.3302, -20.9286], [55.3296, -20.9297], [55.3294, -20.9312], [55.3295, -20.9323], [55.326, -20.9362], [55.3251, -20.9371], [55.3262, -20.9373], [55.3273, -20.9383], [55.3284, -20.9392], [55.3302, -20.9408], [55.3297, -20.9416], [55.329, -20.943], [55.3282, -20.945], [55.3278, -20.9459], [55.3273, -20.947], [55.3268, -20.9481], [55.3261, -20.9497], [55.3256, -20.9508], [55.3251, -20.9519], [55.324, -20.9543], [55.3233, -20.956], [55.322, -20.959], [55.3212, -20.9608], [55.3205, -20.9623], [55.3201, -20.9632], [55.3208, -20.9642], [55.3207, -20.9653], [55.3199, -20.967], [55.3189, -20.9691], [55.3164, -20.967], [55.3156, -20.9656], [55.314, -20.9635], [55.313, -20.9632], [55.312, -20.9626], [55.3108, -20.9617], [55.3102, -20.9609], [55.3082, -20.9599], [55.3015, -20.9582], [55.2995, -20.9576], [55.2976, -20.9569], [55.2964, -20.9568], [55.2851, -20.9561], [55.2804, -20.9577], [55.2778, -20.9578], [55.2773, -20.9568], [55.2773, -20.9558], [55.2773, -20.9548], [55.2775, -20.9537], [55.2779, -20.9527], [55.2785, -20.9518], [55.2794, -20.9508], [55.28, -20.95], [55.2805, -20.9488], [55.2806, -20.9478], [55.2809, -20.9469], [55.2808, -20.9458], [55.2808, -20.9448], [55.2814, -20.9436], [55.2815, -20.9425], [55.2817, -20.9412], [55.2819, -20.9403], [55.2817, -20.9395], [55.2817, -20.9384], [55.2816, -20.9375], [55.2826, -20.9373], [55.2839, -20.9375], [55.2848, -20.9381], [55.2839, -20.938], [55.2828, -20.9416], [55.2821, -20.9452], [55.283, -20.9447], [55.2839, -20.9436], [55.2841, -20.9427], [55.2831, -20.9421], [55.2839, -20.9412], [55.2835, -20.9402], [55.2841, -20.9385], [55.285, -20.9384], [55.2853, -20.9404], [55.2864, -20.9406], [55.2867, -20.9389], [55.287, -20.9398], [55.2881, -20.9391], [55.2878, -20.9381], [55.2881, -20.9371], [55.287, -20.9359], [55.2871, -20.9349], [55.2891, -20.935], [55.2879, -20.9343], [55.288, -20.9334], [55.2895, -20.9335], [55.2865, -20.9325], [55.2866, -20.9313], [55.288, -20.9315], [55.2867, -20.9305], [55.2858, -20.9305], [55.2855, -20.9323], [55.2858, -20.9339], [55.2847, -20.9342], [55.2859, -20.9347], [55.2864, -20.9358], [55.2844, -20.9356], [55.2828, -20.9359], [55.2833, -20.9348], [55.284, -20.9338], [55.2841, -20.9329], [55.2836, -20.9321], [55.2837, -20.9312], [55.2839, -20.9302], [55.2838, -20.9291], [55.2836, -20.9281], [55.2835, -20.927], [55.284, -20.9258], [55.2849, -20.9251], [55.2863, -20.9242], [55.2872, -20.9238], [55.2883, -20.9233], [55.2892, -20.9232], [55.2901, -20.9236], [55.291, -20.9242], [55.2925, -20.9249], [55.2935, -20.9254], [55.2944, -20.9258], [55.2962, -20.9266], [55.2972, -20.9269], [55.2984, -20.9274], [55.2998, -20.928], [55.3011, -20.9283], [55.3019, -20.9285], [55.3042, -20.9291], [55.3054, -20.9291], [55.3064, -20.9292], [55.3073, -20.9294], [55.3082, -20.9294], [55.3091, -20.9293], [55.3101, -20.9293], [55.3114, -20.9288], [55.314, -20.9286], [55.3152, -20.9286], [55.3162, -20.9285], [55.3172, -20.9284], [55.3182, -20.9283], [55.3187, -20.9273], [55.3188, -20.9283], [55.3195, -20.9294], [55.3194, -20.931], [55.3144, -20.9316], [55.313, -20.9317], [55.3131, -20.9329], [55.3145, -20.9331], [55.3195, -20.9328], [55.3204, -20.9333], [55.3214, -20.934], [55.3216, -20.9349], [55.3224, -20.9353], [55.3233, -20.9353], [55.3242, -20.9353], [55.3251, -20.935], [55.3251, -20.9295], [55.3234, -20.9293], [55.3233, -20.9285], [55.3221, -20.9268], [55.3236, -20.9283], [55.3248, -20.9286], [55.326, -20.9285], [55.3278, -20.9281], [55.3288, -20.9279], [55.3299, -20.9277], [55.3303, -20.9276]]]}}, {"type": "Feature", "properties": {"nom": "La Possession", "code": "97408", "codeDepartement": "974", "siren": "219740081", "codeEpci": "249740101", "codeRegion": "04", "codesPostaux": ["97419"], "population": 36568}, "geometry": {"type": "Polygon", "coordinates": [[[55.4648, -21.0857], [55.4639, -21.0857], [55.4622, -21.086], [55.4608, -21.0862], [55.4588, -21.0869], [55.4565, -21.0867], [55.4555, -21.0862], [55.4547, -21.0854], [55.4538, -21.0851], [55.4528, -21.0848], [55.4517, -21.0844], [55.4509, -21.0841], [55.4499, -21.0839], [55.4487, -21.0838], [55.4479, -21.0843], [55.447, -21.0846], [55.4461, -21.0853], [55.445, -21.0861], [55.4441, -21.0868], [55.4432, -21.086], [55.4422, -21.086], [55.4413, -21.0865], [55.4414, -21.0874], [55.4421, -21.0882], [55.4422, -21.0891], [55.4422, -21.0901], [55.4412, -21.0908], [55.4404, -21.0914], [55.4395, -21.0916], [55.4386, -21.0923], [55.4377, -21.0927], [55.4368, -21.0921], [55.4359, -21.0916], [55.4353, -21.0924], [55.4344, -21.093], [55.4335, -21.0923], [55.4326, -21.0925], [55.4317, -21.0922], [55.4308, -21.0924], [55.4295, -21.0921], [55.4285, -21.0914], [55.4273, -21.0919], [55.4267, -21.0927], [55.4261, -21.0937], [55.4255, -21.0946], [55.4255, -21.0954], [55.4246, -21.0956], [55.4237, -21.0958], [55.4228, -21.0958], [55.422, -21.0966], [55.4211, -21.0968], [55.4203, -21.0962], [55.4194, -21.0958], [55.4184, -21.0954], [55.4174, -21.0948], [55.4167, -21.0939], [55.4157, -21.0929], [55.4144, -21.092], [55.4142, -21.0911], [55.4132, -21.0906], [55.4124, -21.0904], [55.4115, -21.09], [55.4107, -21.089], [55.4101, -21.0881], [55.409, -21.0875], [55.4088, -21.0865], [55.4087, -21.0857], [55.4078, -21.0856], [55.4069, -21.0859], [55.406, -21.0858], [55.4049, -21.0854], [55.4042, -21.0845], [55.4043, -21.0831], [55.4047, -21.0823], [55.4046, -21.0815], [55.4056, -21.0806], [55.4065, -21.0801], [55.4071, -21.0793], [55.4076, -21.0785], [55.4083, -21.0774], [55.4092, -21.0771], [55.4101, -21.0768], [55.4108, -21.0757], [55.4118, -21.0751], [55.4122, -21.0742], [55.4123, -21.0734], [55.4132, -21.0731], [55.4131, -21.0723], [55.414, -21.0714], [55.415, -21.0704], [55.4153, -21.0694], [55.4163, -21.0686], [55.4172, -21.068], [55.4173, -21.0672], [55.4174, -21.0662], [55.4172, -21.0651], [55.4168, -21.0639], [55.4163, -21.0631], [55.415, -21.0622], [55.4145, -21.0613], [55.4134, -21.0605], [55.4128, -21.0596], [55.4117, -21.0589], [55.4109, -21.0586], [55.4098, -21.0582], [55.4086, -21.0574], [55.4076, -21.0569], [55.4068, -21.0569], [55.4059, -21.0563], [55.4065, -21.0555], [55.4067, -21.0546], [55.4057, -21.0545], [55.4049, -21.0545], [55.4044, -21.0537], [55.4049, -21.0527], [55.404, -21.0521], [55.4037, -21.051], [55.4028, -21.0503], [55.4018, -21.0497], [55.402, -21.0489], [55.4019, -21.048], [55.4019, -21.0469], [55.4028, -21.0465], [55.4031, -21.0457], [55.4026, -21.0447], [55.4027, -21.0437], [55.4031, -21.0427], [55.4035, -21.0416], [55.4028, -21.0405], [55.4023, -21.0395], [55.4023, -21.0384], [55.4029, -21.0374], [55.4034, -21.0366], [55.4027, -21.0353], [55.4018, -21.0348], [55.4012, -21.0339], [55.4012, -21.033], [55.4005, -21.0322], [55.4003, -21.0313], [55.4002, -21.0304], [55.3992, -21.0298], [55.3982, -21.029], [55.3974, -21.0283], [55.3984, -21.0276], [55.3998, -21.027], [55.4008, -21.0267], [55.4017, -21.0261], [55.4019, -21.0251], [55.4028, -21.0242], [55.4035, -21.0233], [55.4031, -21.0223], [55.4036, -21.0215], [55.4044, -21.0207], [55.404, -21.0197], [55.4035, -21.0187], [55.4032, -21.0177], [55.4032, -21.0169], [55.4025, -21.0156], [55.4017, -21.0149], [55.4006, -21.0141], [55.4006, -21.0129], [55.4012, -21.0118], [55.4012, -21.0109], [55.4009, -21.0099], [55.4002, -21.009], [55.3988, -21.0082], [55.3975, -21.008], [55.3964, -21.0079], [55.3959, -21.0059], [55.395, -21.005], [55.3937, -21.0043], [55.3928, -21.0047], [55.3918, -21.0046], [55.3908, -21.0045], [55.3898, -21.0037], [55.3887, -21.0023], [55.3882, -21.0013], [55.3876, -21.0004], [55.3868, -20.9995], [55.3854, -20.9984], [55.3843, -20.998], [55.3832, -20.9982], [55.3824, -20.9986], [55.3814, -20.9992], [55.3803, -20.9992], [55.379, -20.9993], [55.3776, -20.999], [55.3767, -20.9989], [55.3755, -20.9981], [55.3746, -20.9972], [55.3737, -20.9961], [55.373, -20.9949], [55.3728, -20.9938], [55.3728, -20.9926], [55.3729, -20.9913], [55.3723, -20.9904], [55.3712, -20.9887], [55.3698, -20.9876], [55.368, -20.9864], [55.3671, -20.9859], [55.3659, -20.984], [55.3645, -20.9827], [55.3628, -20.9818], [55.3616, -20.9812], [55.3607, -20.9804], [55.3597, -20.9798], [55.3581, -20.9777], [55.3571, -20.9772], [55.3563, -20.9764], [55.3554, -20.9758], [55.3515, -20.9747], [55.3493, -20.9736], [55.3468, -20.9732], [55.345, -20.9731], [55.3438, -20.9731], [55.3422, -20.9729], [55.3386, -20.9721], [55.3365, -20.971], [55.3335, -20.971], [55.3303, -20.9708], [55.3256, -20.9705], [55.3242, -20.9698], [55.3232, -20.9698], [55.3215, -20.9694], [55.3189, -20.9691], [55.3197, -20.9673], [55.3205, -20.9656], [55.321, -20.9646], [55.3203, -20.9636], [55.3205, -20.9623], [55.3212, -20.9608], [55.322, -20.959], [55.3233, -20.956], [55.324, -20.9543], [55.3251, -20.9519], [55.3256, -20.9508], [55.3261, -20.9497], [55.3265, -20.9487], [55.3273, -20.947], [55.3278, -20.9459], [55.3282, -20.945], [55.329, -20.943], [55.3297, -20.9416], [55.3302, -20.9408], [55.3292, -20.9399], [55.3273, -20.9383], [55.3262, -20.9373], [55.3251, -20.9371], [55.326, -20.9362], [55.3295, -20.9325], [55.3294, -20.9312], [55.3295, -20.9301], [55.33, -20.9291], [55.3302, -20.9278], [55.3311, -20.9276], [55.332, -20.9271], [55.3331, -20.9263], [55.334, -20.926], [55.335, -20.9259], [55.336, -20.9257], [55.3369, -20.9253], [55.3378, -20.9249], [55.3389, -20.9243], [55.3398, -20.9241], [55.3406, -20.9237], [55.3417, -20.9229], [55.3429, -20.9225], [55.3438, -20.9221], [55.3445, -20.9213], [55.3454, -20.9215], [55.3449, -20.9207], [55.3463, -20.9193], [55.3472, -20.9181], [55.348, -20.9171], [55.3488, -20.9157], [55.3494, -20.9148], [55.3507, -20.9143], [55.3511, -20.9133], [55.3515, -20.9123], [55.3523, -20.9114], [55.3539, -20.9107], [55.3549, -20.9102], [55.3558, -20.9098], [55.3568, -20.9094], [55.3583, -20.9089], [55.3597, -20.9081], [55.3616, -20.9069], [55.3627, -20.9061], [55.3636, -20.9053], [55.3673, -20.9014], [55.3681, -20.9001], [55.368, -20.899], [55.3694, -20.8979], [55.371, -20.8972], [55.372, -20.8969], [55.3733, -20.8965], [55.375, -20.8958], [55.3759, -20.8964], [55.3762, -20.8976], [55.3758, -20.8986], [55.3765, -20.8995], [55.3765, -20.9006], [55.3772, -20.9017], [55.3771, -20.9027], [55.3774, -20.9036], [55.377, -20.9046], [55.3771, -20.9054], [55.3778, -20.9064], [55.3782, -20.9074], [55.379, -20.9083], [55.3791, -20.9094], [55.379, -20.9105], [55.3792, -20.9113], [55.3804, -20.9116], [55.3812, -20.9125], [55.3813, -20.9134], [55.3816, -20.9142], [55.3821, -20.9152], [55.3828, -20.9161], [55.3834, -20.9171], [55.3844, -20.9182], [55.3853, -20.9191], [55.3854, -20.9201], [55.3864, -20.9208], [55.3876, -20.9213], [55.3887, -20.9221], [55.3895, -20.923], [55.3887, -20.9238], [55.389, -20.9247], [55.3887, -20.9257], [55.389, -20.9265], [55.3893, -20.9274], [55.3894, -20.9283], [55.39, -20.9292], [55.3904, -20.9302], [55.3905, -20.9311], [55.3909, -20.9321], [55.3918, -20.9326], [55.3921, -20.9337], [55.3922, -20.9347], [55.392, -20.9355], [55.3918, -20.9364], [55.3917, -20.9374], [55.3919, -20.9383], [55.3924, -20.9394], [55.3933, -20.9404], [55.3942, -20.941], [55.395, -20.9418], [55.396, -20.943], [55.3965, -20.9444], [55.3974, -20.9447], [55.398, -20.9457], [55.3989, -20.9459], [55.3996, -20.9471], [55.4003, -20.948], [55.4005, -20.9489], [55.4016, -20.9491], [55.4027, -20.9496], [55.4034, -20.9505], [55.4055, -20.9544], [55.4061, -20.9554], [55.4071, -20.9568], [55.4068, -20.9577], [55.4069, -20.9585], [55.4066, -20.9595], [55.4061, -20.9603], [55.4059, -20.9613], [55.406, -20.9622], [55.4051, -20.9631], [55.4051, -20.9642], [55.4058, -20.9652], [55.4059, -20.966], [55.4061, -20.9669], [55.4058, -20.9677], [55.4053, -20.9686], [55.4053, -20.9694], [55.4047, -20.9705], [55.4043, -20.9716], [55.404, -20.9724], [55.4036, -20.9735], [55.4042, -20.9744], [55.4047, -20.9752], [55.405, -20.9762], [55.4048, -20.977], [55.4044, -20.9779], [55.4046, -20.9791], [55.404, -20.9801], [55.4039, -20.9812], [55.4034, -20.9823], [55.4031, -20.9831], [55.4041, -20.9835], [55.4054, -20.9835], [55.407, -20.9837], [55.4079, -20.9838], [55.409, -20.9833], [55.41, -20.983], [55.4108, -20.9829], [55.4117, -20.9828], [55.4126, -20.9825], [55.4134, -20.9826], [55.4147, -20.9828], [55.4156, -20.9828], [55.4165, -20.9831], [55.4174, -20.9829], [55.4183, -20.9831], [55.4194, -20.983], [55.4203, -20.9837], [55.4213, -20.9844], [55.4227, -20.9852], [55.4241, -20.9861], [55.4252, -20.9878], [55.4267, -20.9885], [55.4277, -20.989], [55.4286, -20.9893], [55.4295, -20.9894], [55.4304, -20.9895], [55.4314, -20.9896], [55.4323, -20.9901], [55.4332, -20.9905], [55.4342, -20.9903], [55.4352, -20.99], [55.4363, -20.9898], [55.4374, -20.9905], [55.4384, -20.9908], [55.44, -20.9925], [55.4409, -20.9936], [55.4423, -20.9949], [55.4435, -20.9958], [55.4444, -20.9967], [55.4452, -20.9976], [55.4461, -20.9978], [55.4472, -20.9981], [55.4481, -20.9987], [55.449, -20.999], [55.4498, -20.9996], [55.4508, -21.0004], [55.4518, -21.0013], [55.4526, -21.0023], [55.4532, -21.0034], [55.4537, -21.0042], [55.4545, -21.0049], [55.455, -21.0057], [55.4558, -21.0066], [55.4568, -21.0075], [55.4569, -21.0085], [55.4574, -21.0096], [55.4581, -21.0105], [55.4582, -21.0114], [55.4588, -21.0123], [55.4591, -21.0132], [55.4601, -21.0137], [55.4607, -21.0145], [55.461, -21.0155], [55.4606, -21.0164], [55.4609, -21.0174], [55.4604, -21.0183], [55.4602, -21.0194], [55.4605, -21.0208], [55.461, -21.0226], [55.4612, -21.0237], [55.4617, -21.0249], [55.4619, -21.0259], [55.4613, -21.027], [55.4604, -21.0277], [55.4592, -21.028], [55.4583, -21.0285], [55.4573, -21.029], [55.4564, -21.0296], [55.4556, -21.0297], [55.4547, -21.0301], [55.4538, -21.0305], [55.4538, -21.0314], [55.4539, -21.0323], [55.4541, -21.0331], [55.4543, -21.0341], [55.4541, -21.0349], [55.4541, -21.0358], [55.4541, -21.0366], [55.4543, -21.0375], [55.4544, -21.0386], [55.4542, -21.0394], [55.4543, -21.0403], [55.454, -21.0412], [55.454, -21.0422], [55.4538, -21.0435], [55.4538, -21.0445], [55.4541, -21.0454], [55.4543, -21.0467], [55.454, -21.0476], [55.4543, -21.0484], [55.4546, -21.0493], [55.4542, -21.0503], [55.454, -21.0518], [55.4542, -21.0526], [55.4542, -21.0538], [55.4536, -21.0546], [55.4536, -21.0556], [55.4539, -21.0565], [55.4543, -21.0576], [55.4535, -21.0586], [55.4528, -21.0594], [55.4528, -21.0605], [55.452, -21.0612], [55.4494, -21.0624], [55.4485, -21.0632], [55.4477, -21.0635], [55.4467, -21.0645], [55.4458, -21.0647], [55.4449, -21.0654], [55.4437, -21.0663], [55.4442, -21.0672], [55.4451, -21.0681], [55.4459, -21.0689], [55.4468, -21.0697], [55.4478, -21.0702], [55.449, -21.0709], [55.4498, -21.0717], [55.4504, -21.0725], [55.4511, -21.0736], [55.4517, -21.0746], [55.4523, -21.0755], [55.453, -21.0765], [55.4533, -21.0773], [55.4542, -21.0782], [55.4549, -21.0791], [55.456, -21.0793], [55.4573, -21.0797], [55.4585, -21.0818], [55.4596, -21.0822], [55.4605, -21.0825], [55.4614, -21.0825], [55.4623, -21.0827], [55.4632, -21.0828], [55.4636, -21.0837], [55.4641, -21.0849], [55.4648, -21.0857]]]}}, {"type": "Feature", "properties": {"nom": "Saint-Andr\u00e9", "code": "97409", "codeDepartement": "974", "siren": "219740099", "codeEpci": "249740093", "codeRegion": "04", "codesPostaux": ["97440"], "population": 58885}, "geometry": {"type": "Polygon", "coordinates": [[[55.6287, -20.9106], [55.6297, -20.9108], [55.631, -20.9113], [55.632, -20.9116], [55.6328, -20.9119], [55.6337, -20.9122], [55.6346, -20.9124], [55.6356, -20.9127], [55.6366, -20.9127], [55.6375, -20.9127], [55.6384, -20.9128], [55.6394, -20.9128], [55.6403, -20.913], [55.6414, -20.9134], [55.6422, -20.9136], [55.6431, -20.9138], [55.644, -20.9142], [55.6455, -20.9147], [55.6465, -20.9151], [55.648, -20.9156], [55.6491, -20.9161], [55.6499, -20.9165], [55.6511, -20.9171], [55.652, -20.9176], [55.6534, -20.9185], [55.6543, -20.9192], [55.6553, -20.9198], [55.6562, -20.9204], [55.6575, -20.921], [55.6584, -20.9214], [55.6594, -20.9222], [55.6603, -20.9227], [55.6613, -20.9234], [55.6621, -20.9238], [55.6632, -20.9243], [55.6645, -20.925], [55.6655, -20.9256], [55.6663, -20.9266], [55.6671, -20.9278], [55.6676, -20.9289], [55.6681, -20.93], [55.6686, -20.931], [55.6695, -20.9322], [55.6705, -20.933], [55.6716, -20.9341], [55.6725, -20.935], [55.6734, -20.9359], [55.6744, -20.9369], [55.6756, -20.938], [55.6765, -20.9389], [55.6778, -20.9399], [55.6786, -20.9407], [55.6798, -20.9417], [55.6812, -20.9428], [55.682, -20.9433], [55.6828, -20.9442], [55.6835, -20.9451], [55.684, -20.946], [55.6846, -20.9472], [55.6854, -20.9482], [55.6862, -20.9491], [55.6872, -20.9503], [55.6878, -20.9516], [55.6882, -20.9526], [55.6886, -20.9535], [55.6891, -20.9543], [55.6896, -20.9554], [55.6904, -20.9566], [55.6909, -20.9575], [55.6914, -20.9584], [55.6921, -20.9593], [55.6929, -20.9603], [55.6939, -20.9618], [55.6946, -20.9628], [55.6955, -20.9637], [55.6964, -20.9647], [55.6969, -20.9656], [55.6973, -20.9665], [55.6977, -20.9673], [55.698, -20.9685], [55.6982, -20.9696], [55.6983, -20.9704], [55.6987, -20.9716], [55.6991, -20.9735], [55.6994, -20.9748], [55.6997, -20.9759], [55.7002, -20.9767], [55.7006, -20.978], [55.6911, -20.9801], [55.6892, -20.9797], [55.6871, -20.9798], [55.6847, -20.9805], [55.6797, -20.9826], [55.6783, -20.9833], [55.6727, -20.9852], [55.6684, -20.9848], [55.6603, -20.9824], [55.6571, -20.9801], [55.6561, -20.9793], [55.6553, -20.9789], [55.6542, -20.9786], [55.6534, -20.9784], [55.6525, -20.9784], [55.6516, -20.9784], [55.6508, -20.9783], [55.6497, -20.9784], [55.6485, -20.9782], [55.6475, -20.9781], [55.6464, -20.9781], [55.6454, -20.9777], [55.6441, -20.9777], [55.643, -20.9777], [55.6417, -20.9779], [55.6407, -20.9781], [55.6394, -20.9783], [55.6385, -20.9794], [55.6375, -20.9804], [55.6363, -20.9814], [55.6347, -20.9826], [55.6332, -20.9839], [55.6322, -20.9845], [55.6306, -20.9853], [55.6298, -20.9862], [55.6285, -20.987], [55.6277, -20.9874], [55.6265, -20.9882], [55.6251, -20.9894], [55.6245, -20.9904], [55.6243, -20.9914], [55.6234, -20.9915], [55.6225, -20.9912], [55.6213, -20.9909], [55.6203, -20.9909], [55.6186, -20.9909], [55.6175, -20.9908], [55.6165, -20.9907], [55.6152, -20.9907], [55.6143, -20.9916], [55.6139, -20.9925], [55.6136, -20.9934], [55.6133, -20.9946], [55.6127, -20.9955], [55.6121, -20.9964], [55.6115, -20.9974], [55.6098, -20.9984], [55.6086, -20.9991], [55.6075, -20.9995], [55.6061, -20.9999], [55.6048, -21.0004], [55.6037, -21.0008], [55.6026, -21.0014], [55.6013, -21.0021], [55.5998, -21.0025], [55.5984, -21.0026], [55.5971, -21.0024], [55.5962, -21.0022], [55.5954, -21.0017], [55.5941, -21.0018], [55.5932, -21.0023], [55.5923, -21.0026], [55.591, -21.0028], [55.5899, -21.003], [55.5887, -21.0029], [55.5878, -21.0027], [55.5867, -21.0023], [55.5857, -21.0018], [55.5852, -21.0004], [55.585, -20.9995], [55.584, -20.9991], [55.5831, -20.9999], [55.582, -20.9997], [55.581, -20.9993], [55.5802, -20.9988], [55.5793, -20.9989], [55.5794, -20.9978], [55.5784, -20.9975], [55.5776, -20.9969], [55.5769, -20.9961], [55.574, -20.9935], [55.575, -20.9927], [55.5759, -20.9925], [55.5768, -20.9924], [55.5778, -20.9916], [55.5787, -20.9907], [55.579, -20.9897], [55.5788, -20.9888], [55.5795, -20.9878], [55.5803, -20.987], [55.581, -20.9861], [55.5821, -20.9851], [55.5827, -20.9841], [55.5834, -20.9833], [55.5843, -20.9822], [55.5848, -20.9813], [55.5855, -20.9804], [55.5864, -20.9797], [55.5872, -20.9789], [55.5881, -20.9777], [55.5891, -20.977], [55.5901, -20.9761], [55.591, -20.9753], [55.5914, -20.9743], [55.5921, -20.9734], [55.5931, -20.9727], [55.5931, -20.9718], [55.5935, -20.971], [55.5948, -20.9706], [55.5958, -20.9695], [55.5968, -20.9692], [55.5979, -20.9685], [55.5989, -20.9677], [55.6, -20.9673], [55.601, -20.9669], [55.602, -20.9675], [55.6029, -20.9669], [55.6039, -20.9663], [55.6049, -20.966], [55.6059, -20.9657], [55.6069, -20.9654], [55.6078, -20.9653], [55.6086, -20.9651], [55.6096, -20.9645], [55.6106, -20.964], [55.611, -20.9631], [55.6112, -20.962], [55.612, -20.9609], [55.6129, -20.9603], [55.6138, -20.96], [55.6148, -20.9593], [55.6157, -20.9587], [55.6166, -20.958], [55.6176, -20.9573], [55.6187, -20.9574], [55.6195, -20.9568], [55.6199, -20.9556], [55.621, -20.9549], [55.6217, -20.954], [55.6225, -20.9535], [55.6236, -20.9527], [55.6245, -20.9534], [55.6254, -20.9543], [55.6257, -20.9551], [55.6267, -20.9556], [55.6278, -20.9558], [55.6288, -20.9559], [55.6296, -20.9558], [55.6304, -20.955], [55.6306, -20.9541], [55.6315, -20.954], [55.6325, -20.9535], [55.6337, -20.9537], [55.6343, -20.9529], [55.6351, -20.952], [55.6345, -20.9511], [55.6354, -20.9508], [55.6358, -20.9517], [55.6368, -20.9518], [55.6367, -20.9506], [55.6371, -20.9498], [55.6375, -20.9489], [55.6382, -20.948], [55.6381, -20.9471], [55.639, -20.9464], [55.6399, -20.9457], [55.6407, -20.9452], [55.6409, -20.9441], [55.6401, -20.9433], [55.6409, -20.9428], [55.6415, -20.9437], [55.6424, -20.944], [55.6428, -20.9429], [55.6437, -20.9421], [55.6446, -20.9426], [55.6456, -20.9425], [55.6452, -20.9416], [55.6453, -20.9408], [55.6452, -20.9398], [55.6461, -20.9393], [55.6462, -20.9384], [55.6462, -20.9375], [55.6463, -20.9367], [55.646, -20.9356], [55.6451, -20.9354], [55.6446, -20.9345], [55.6436, -20.9346], [55.6426, -20.9343], [55.6423, -20.9335], [55.6421, -20.9325], [55.6418, -20.9315], [55.6417, -20.9304], [55.6408, -20.9299], [55.6399, -20.9302], [55.6391, -20.9293], [55.6382, -20.9287], [55.6372, -20.9287], [55.6363, -20.9291], [55.6357, -20.9281], [55.6362, -20.9271], [55.6352, -20.9259], [55.6343, -20.9254], [55.6335, -20.9252], [55.6326, -20.9256], [55.6316, -20.9256], [55.6305, -20.9258], [55.6295, -20.9257], [55.6297, -20.9247], [55.6296, -20.9237], [55.6298, -20.9228], [55.6297, -20.9218], [55.6297, -20.9208], [55.63, -20.9196], [55.63, -20.9184], [55.63, -20.9169], [55.6301, -20.9159], [55.6302, -20.9148], [55.6305, -20.9137], [55.6308, -20.9125], [55.6303, -20.9117], [55.6289, -20.9108], [55.6287, -20.9106]]]}}, {"type": "Feature", "properties": {"nom": "Saint-Beno\u00eet", "code": "97410", "codeDepartement": "974", "siren": "219740107", "codeEpci": "249740093", "codeRegion": "04", "codesPostaux": ["97437", "97470"], "population": 38604}, "geometry": {"type": "Polygon", "coordinates": [[[55.7008, -21.0049], [55.7007, -21.0057], [55.7011, -21.0071], [55.7012, -21.0083], [55.7015, -21.0101], [55.7016, -21.0112], [55.7019, -21.0126], [55.702, -21.0134], [55.7021, -21.0144], [55.7023, -21.0158], [55.7025, -21.0166], [55.7029, -21.0177], [55.7038, -21.0186], [55.7047, -21.019], [55.705, -21.0199], [55.7045, -21.0208], [55.7046, -21.0217], [55.705, -21.0226], [55.7054, -21.0236], [55.706, -21.0251], [55.7066, -21.0262], [55.707, -21.027], [55.7081, -21.028], [55.7093, -21.0285], [55.7106, -21.0289], [55.7121, -21.0291], [55.7141, -21.0297], [55.7152, -21.0301], [55.7157, -21.0313], [55.7166, -21.031], [55.7176, -21.0317], [55.7185, -21.0328], [55.7192, -21.0338], [55.7199, -21.0347], [55.7208, -21.0354], [55.7212, -21.0364], [55.7218, -21.0377], [55.7226, -21.0388], [55.7237, -21.0391], [55.7244, -21.0403], [55.7248, -21.0413], [55.7253, -21.0422], [55.7257, -21.0433], [55.7261, -21.0442], [55.7265, -21.0453], [55.7274, -21.0462], [55.7283, -21.0465], [55.7291, -21.0472], [55.7303, -21.0479], [55.7315, -21.0488], [55.7322, -21.0497], [55.7321, -21.0509], [55.7313, -21.0527], [55.7311, -21.0536], [55.731, -21.0544], [55.7309, -21.0557], [55.7308, -21.0569], [55.7309, -21.0578], [55.731, -21.0587], [55.7312, -21.0596], [55.7315, -21.0606], [55.7326, -21.0628], [55.7338, -21.0644], [55.7347, -21.0654], [55.7355, -21.0663], [55.7358, -21.0672], [55.7362, -21.0681], [55.7367, -21.069], [55.7373, -21.0699], [55.7384, -21.0712], [55.7396, -21.0725], [55.7407, -21.0735], [55.7413, -21.0744], [55.7421, -21.0755], [55.7429, -21.0764], [55.7437, -21.0773], [55.7447, -21.0784], [55.7457, -21.0793], [55.7468, -21.0807], [55.7479, -21.0815], [55.7488, -21.082], [55.7499, -21.0827], [55.7507, -21.0834], [55.7519, -21.0845], [55.7525, -21.0853], [55.7535, -21.0866], [55.755, -21.0878], [55.7558, -21.0889], [55.7567, -21.0899], [55.7574, -21.091], [55.758, -21.0919], [55.7588, -21.0933], [55.7598, -21.0952], [55.7601, -21.0963], [55.7606, -21.0971], [55.7615, -21.0986], [55.7618, -21.0995], [55.7628, -21.1006], [55.7638, -21.1014], [55.7652, -21.1025], [55.7661, -21.1031], [55.7672, -21.1035], [55.7663, -21.1047], [55.7653, -21.1057], [55.7642, -21.1066], [55.7634, -21.1072], [55.7624, -21.108], [55.7614, -21.1087], [55.7605, -21.1094], [55.7585, -21.1109], [55.7575, -21.1118], [55.7565, -21.1129], [55.7557, -21.1135], [55.7548, -21.1141], [55.7539, -21.1148], [55.7527, -21.1155], [55.7517, -21.1164], [55.7509, -21.1173], [55.7503, -21.1187], [55.7501, -21.1197], [55.7499, -21.1207], [55.7492, -21.1215], [55.7482, -21.1229], [55.7474, -21.1239], [55.7465, -21.1246], [55.7464, -21.1258], [55.7455, -21.126], [55.7443, -21.1265], [55.7438, -21.1277], [55.743, -21.129], [55.7421, -21.1296], [55.7415, -21.1305], [55.7422, -21.1314], [55.7412, -21.1319], [55.7408, -21.1329], [55.7411, -21.1337], [55.7421, -21.1345], [55.7429, -21.1354], [55.7431, -21.1364], [55.7422, -21.1364], [55.741, -21.1367], [55.74, -21.1367], [55.7402, -21.1377], [55.7402, -21.1386], [55.7407, -21.1399], [55.7415, -21.1404], [55.7424, -21.1407], [55.7422, -21.1416], [55.7425, -21.1426], [55.7435, -21.1423], [55.7445, -21.142], [55.7458, -21.1422], [55.7467, -21.1431], [55.7467, -21.1441], [55.746, -21.145], [55.7455, -21.146], [55.7446, -21.1458], [55.7437, -21.1465], [55.7434, -21.1473], [55.7423, -21.148], [55.743, -21.149], [55.7437, -21.1499], [55.7437, -21.1512], [55.7429, -21.1521], [55.7419, -21.1517], [55.7411, -21.1527], [55.7412, -21.1536], [55.7402, -21.1536], [55.7398, -21.1547], [55.7403, -21.1556], [55.7379, -21.1562], [55.7358, -21.1562], [55.7356, -21.1572], [55.7353, -21.1582], [55.7356, -21.1593], [55.7359, -21.1603], [55.7362, -21.1612], [55.7359, -21.1621], [55.735, -21.1629], [55.7345, -21.1638], [55.7336, -21.1645], [55.7328, -21.1651], [55.7322, -21.166], [55.7314, -21.1671], [55.7311, -21.1681], [55.7302, -21.168], [55.7288, -21.1679], [55.7279, -21.168], [55.7269, -21.168], [55.7257, -21.1681], [55.7248, -21.1688], [55.724, -21.169], [55.7231, -21.1691], [55.7223, -21.1692], [55.7213, -21.1694], [55.7204, -21.1702], [55.7195, -21.1706], [55.7183, -21.1711], [55.7173, -21.1716], [55.7163, -21.1721], [55.7117, -21.168], [55.7056, -21.1612], [55.6999, -21.1548], [55.6964, -21.1509], [55.6899, -21.1436], [55.6875, -21.141], [55.6867, -21.1401], [55.6861, -21.1393], [55.6848, -21.1379], [55.684, -21.137], [55.6833, -21.1362], [55.6822, -21.135], [55.6814, -21.1342], [55.6805, -21.1332], [55.6793, -21.1318], [55.6784, -21.1308], [55.6773, -21.1296], [55.6763, -21.1285], [55.6754, -21.1274], [55.6743, -21.1262], [55.6736, -21.1254], [55.6723, -21.124], [55.671, -21.1226], [55.6701, -21.1216], [55.6693, -21.1207], [55.6685, -21.1198], [55.6678, -21.119], [55.6668, -21.1179], [55.6658, -21.1168], [55.6651, -21.116], [55.6597, -21.11], [55.6575, -21.1075], [55.6553, -21.1052], [55.6543, -21.1049], [55.653, -21.1045], [55.6519, -21.1043], [55.6511, -21.1034], [55.6502, -21.1032], [55.6493, -21.1028], [55.6483, -21.1029], [55.6472, -21.1028], [55.6461, -21.1025], [55.6451, -21.1025], [55.6439, -21.1033], [55.6431, -21.1034], [55.642, -21.1042], [55.6412, -21.1045], [55.6403, -21.1046], [55.6394, -21.1048], [55.6383, -21.1048], [55.6374, -21.1053], [55.6365, -21.1063], [55.6364, -21.1073], [55.636, -21.1081], [55.635, -21.1089], [55.6344, -21.1098], [55.6343, -21.1107], [55.6334, -21.1115], [55.6332, -21.1129], [55.6332, -21.1137], [55.6325, -21.1146], [55.6317, -21.1154], [55.6311, -21.1166], [55.6305, -21.1174], [55.6294, -21.1175], [55.6284, -21.1175], [55.6272, -21.1178], [55.6264, -21.118], [55.6254, -21.1179], [55.6245, -21.1181], [55.6236, -21.1178], [55.623, -21.1187], [55.6219, -21.1191], [55.6205, -21.1191], [55.6194, -21.1195], [55.618, -21.12], [55.6172, -21.1206], [55.6162, -21.1212], [55.615, -21.1219], [55.6141, -21.1225], [55.6134, -21.1239], [55.613, -21.1247], [55.6121, -21.1252], [55.6117, -21.1261], [55.6108, -21.1264], [55.6098, -21.1271], [55.6092, -21.1262], [55.6081, -21.1261], [55.6069, -21.1258], [55.6057, -21.1253], [55.6048, -21.1254], [55.6037, -21.1257], [55.6027, -21.1257], [55.6017, -21.1265], [55.6008, -21.1273], [55.6003, -21.1285], [55.6001, -21.1295], [55.5988, -21.1299], [55.5978, -21.1301], [55.5969, -21.1307], [55.5958, -21.1304], [55.5948, -21.1296], [55.5939, -21.1289], [55.593, -21.1286], [55.5925, -21.1276], [55.5918, -21.1266], [55.5909, -21.126], [55.5899, -21.1259], [55.5884, -21.1251], [55.5875, -21.1248], [55.5864, -21.1248], [55.5855, -21.1247], [55.5846, -21.1248], [55.5834, -21.1251], [55.5823, -21.1255], [55.5813, -21.1261], [55.5804, -21.1265], [55.5795, -21.1271], [55.579, -21.1279], [55.5787, -21.1288], [55.5776, -21.1292], [55.5767, -21.1291], [55.5756, -21.1294], [55.5744, -21.1301], [55.5735, -21.1308], [55.5735, -21.1317], [55.5732, -21.1325], [55.5727, -21.1335], [55.5724, -21.1344], [55.5711, -21.1344], [55.5701, -21.135], [55.5691, -21.1357], [55.5681, -21.1363], [55.567, -21.1369], [55.566, -21.1373], [55.5652, -21.1372], [55.5643, -21.1374], [55.5634, -21.1375], [55.5622, -21.1372], [55.5612, -21.1372], [55.5601, -21.1372], [55.5591, -21.1371], [55.5582, -21.1375], [55.5573, -21.138], [55.5562, -21.1383], [55.5553, -21.1386], [55.554, -21.1386], [55.5532, -21.1383], [55.5523, -21.1377], [55.5514, -21.1369], [55.5502, -21.1362], [55.549, -21.1357], [55.5481, -21.1352], [55.547, -21.1343], [55.5461, -21.1344], [55.5453, -21.1348], [55.5442, -21.1355], [55.543, -21.1361], [55.5421, -21.1364], [55.5411, -21.1366], [55.5401, -21.1366], [55.5391, -21.1369], [55.5382, -21.137], [55.537, -21.137], [55.536, -21.1372], [55.5349, -21.1372], [55.534, -21.1365], [55.533, -21.1362], [55.5321, -21.1358], [55.5312, -21.1359], [55.5299, -21.136], [55.5288, -21.1357], [55.5277, -21.1357], [55.5269, -21.1358], [55.5256, -21.1357], [55.5246, -21.1359], [55.5237, -21.136], [55.5228, -21.1365], [55.5219, -21.1366], [55.521, -21.1371], [55.5201, -21.1375], [55.5192, -21.1373], [55.5182, -21.1374], [55.5173, -21.1379], [55.5163, -21.1381], [55.515, -21.1385], [55.5141, -21.1384], [55.5132, -21.138], [55.5123, -21.1382], [55.5115, -21.138], [55.5104, -21.1389], [55.5092, -21.1397], [55.5083, -21.1399], [55.5074, -21.1401], [55.5072, -21.1391], [55.5073, -21.138], [55.5069, -21.1372], [55.5069, -21.1364], [55.5073, -21.1354], [55.5074, -21.1346], [55.5072, -21.1333], [55.5071, -21.1321], [55.5068, -21.1312], [55.5067, -21.1301], [55.5063, -21.1292], [55.5061, -21.128], [55.5058, -21.1272], [55.5053, -21.1261], [55.5044, -21.1255], [55.5042, -21.1246], [55.5042, -21.1238], [55.5042, -21.1226], [55.5038, -21.1217], [55.5034, -21.1209], [55.5029, -21.1198], [55.5025, -21.119], [55.5019, -21.1181], [55.5014, -21.1172], [55.5007, -21.1163], [55.4996, -21.1151], [55.4987, -21.1141], [55.4977, -21.1134], [55.4968, -21.1126], [55.4959, -21.1118], [55.4953, -21.1109], [55.4958, -21.1101], [55.4964, -21.109], [55.4969, -21.1081], [55.4978, -21.1071], [55.4985, -21.1062], [55.499, -21.1054], [55.4999, -21.1046], [55.5007, -21.1039], [55.5013, -21.103], [55.5011, -21.1022], [55.5019, -21.1013], [55.5028, -21.1003], [55.5037, -21.0994], [55.5046, -21.0985], [55.5055, -21.098], [55.5063, -21.0978], [55.5073, -21.0972], [55.5083, -21.0966], [55.5092, -21.0959], [55.5096, -21.0951], [55.5107, -21.0945], [55.5118, -21.0943], [55.5127, -21.0943], [55.5136, -21.0943], [55.5146, -21.0939], [55.5158, -21.0935], [55.5167, -21.093], [55.5177, -21.0921], [55.5186, -21.0913], [55.519, -21.0905], [55.5194, -21.0896], [55.52, -21.0886], [55.5206, -21.0875], [55.5205, -21.0866], [55.5204, -21.0856], [55.5213, -21.0844], [55.5215, -21.0835], [55.5225, -21.0827], [55.5225, -21.0818], [55.5228, -21.0807], [55.5236, -21.0803], [55.524, -21.0795], [55.5249, -21.0795], [55.5284, -21.0836], [55.5294, -21.0837], [55.5303, -21.0832], [55.5314, -21.0826], [55.5322, -21.082], [55.5333, -21.0816], [55.5343, -21.0814], [55.5352, -21.0803], [55.5353, -21.0794], [55.5362, -21.0785], [55.5375, -21.0776], [55.5385, -21.0768], [55.5399, -21.077], [55.5426, -21.0777], [55.5436, -21.0774], [55.5448, -21.0768], [55.5464, -21.076], [55.5478, -21.0753], [55.5507, -21.0754], [55.5518, -21.0741], [55.5522, -21.073], [55.5533, -21.0731], [55.5543, -21.0737], [55.5554, -21.0738], [55.5565, -21.0736], [55.5575, -21.0731], [55.5584, -21.0728], [55.5593, -21.0728], [55.5603, -21.0738], [55.5612, -21.0743], [55.5623, -21.0749], [55.5632, -21.0755], [55.5642, -21.0761], [55.5651, -21.0763], [55.5659, -21.0771], [55.5669, -21.0773], [55.5677, -21.077], [55.5689, -21.0771], [55.5698, -21.0775], [55.5707, -21.0781], [55.5716, -21.0788], [55.5725, -21.0792], [55.5733, -21.0801], [55.574, -21.081], [55.5745, -21.0819], [55.5754, -21.0823], [55.5763, -21.0829], [55.5775, -21.0834], [55.5785, -21.0834], [55.5794, -21.0843], [55.5805, -21.0846], [55.5816, -21.0851], [55.5825, -21.0853], [55.5836, -21.0848], [55.5844, -21.085], [55.5855, -21.0849], [55.5866, -21.085], [55.5877, -21.0853], [55.5877, -21.0843], [55.5874, -21.0833], [55.5876, -21.0825], [55.5878, -21.0814], [55.5885, -21.0805], [55.5897, -21.0797], [55.5916, -21.0787], [55.5917, -21.0768], [55.5919, -21.0757], [55.5926, -21.0749], [55.5935, -21.0745], [55.5944, -21.0736], [55.595, -21.0727], [55.5959, -21.072], [55.5965, -21.0711], [55.5975, -21.0702], [55.5978, -21.0692], [55.5991, -21.0681], [55.5995, -21.0672], [55.6005, -21.0665], [55.6013, -21.066], [55.6023, -21.0657], [55.6033, -21.0654], [55.6041, -21.0644], [55.6047, -21.0634], [55.6051, -21.0625], [55.6057, -21.0617], [55.6061, -21.0608], [55.607, -21.0602], [55.6075, -21.0593], [55.6085, -21.0584], [55.6094, -21.0577], [55.6098, -21.0569], [55.6111, -21.0559], [55.612, -21.0553], [55.6121, -21.054], [55.613, -21.0529], [55.6128, -21.0521], [55.6128, -21.0511], [55.6132, -21.0501], [55.6132, -21.0489], [55.6141, -21.0481], [55.615, -21.0477], [55.6157, -21.0467], [55.616, -21.0459], [55.6163, -21.045], [55.6172, -21.0443], [55.618, -21.0436], [55.6187, -21.0426], [55.6187, -21.0418], [55.6191, -21.0409], [55.6205, -21.0406], [55.6217, -21.0407], [55.6227, -21.0407], [55.6238, -21.0405], [55.6247, -21.0406], [55.6256, -21.0407], [55.6265, -21.0416], [55.628, -21.0416], [55.6289, -21.0413], [55.6298, -21.0409], [55.6312, -21.0409], [55.6323, -21.0403], [55.6335, -21.0398], [55.6343, -21.039], [55.6347, -21.0382], [55.6348, -21.0373], [55.6358, -21.0366], [55.6368, -21.0362], [55.6381, -21.0355], [55.639, -21.0354], [55.64, -21.0353], [55.641, -21.0353], [55.6419, -21.0349], [55.6425, -21.0339], [55.6437, -21.034], [55.645, -21.0342], [55.6464, -21.0344], [55.6477, -21.035], [55.6487, -21.0354], [55.6495, -21.0348], [55.6504, -21.0344], [55.6512, -21.0343], [55.6523, -21.0342], [55.6531, -21.0342], [55.6548, -21.034], [55.6557, -21.0338], [55.6566, -21.034], [55.6578, -21.0346], [55.6588, -21.0354], [55.6598, -21.0355], [55.6606, -21.035], [55.6615, -21.0342], [55.6623, -21.0339], [55.6636, -21.0337], [55.6652, -21.0337], [55.6661, -21.0331], [55.667, -21.0328], [55.6682, -21.0327], [55.6693, -21.0321], [55.6705, -21.0316], [55.6713, -21.031], [55.672, -21.03], [55.6726, -21.0289], [55.6719, -21.0281], [55.6714, -21.0269], [55.6712, -21.0259], [55.6711, -21.0246], [55.6705, -21.0237], [55.6701, -21.0229], [55.6697, -21.0221], [55.6694, -21.0211], [55.6693, -21.0196], [55.6696, -21.0187], [55.6708, -21.0179], [55.6722, -21.018], [55.673, -21.0181], [55.6739, -21.0183], [55.6747, -21.0175], [55.6749, -21.0166], [55.6744, -21.0145], [55.6741, -21.0137], [55.6745, -21.0129], [55.6765, -21.0131], [55.6773, -21.0133], [55.6772, -21.0123], [55.6773, -21.0112], [55.678, -21.0103], [55.6795, -21.0097], [55.6804, -21.0094], [55.6813, -21.0091], [55.6828, -21.0087], [55.6841, -21.0087], [55.6852, -21.0089], [55.6861, -21.0092], [55.687, -21.0091], [55.6879, -21.0089], [55.6891, -21.0087], [55.6908, -21.0084], [55.6915, -21.0074], [55.6918, -21.0062], [55.6927, -21.0055], [55.6937, -21.0058], [55.6948, -21.0067], [55.6958, -21.0067], [55.6985, -21.0052], [55.7005, -21.0049], [55.7008, -21.0049]]]}}, {"type": "Feature", "properties": {"nom": "Saint-Denis", "code": "97411", "codeDepartement": "974", "siren": "219740115", "codeEpci": "249740119", "codeRegion": "04", "codesPostaux": ["97400", "97417", "97490"], "population": 155634}, "geometry": {"type": "Polygon", "coordinates": [[[55.4689, -21.0098], [55.4657, -21.011], [55.4649, -21.0118], [55.4637, -21.0131], [55.463, -21.014], [55.4621, -21.0145], [55.4611, -21.015], [55.4604, -21.0142], [55.4595, -21.0133], [55.4589, -21.0125], [55.4583, -21.0116], [55.4582, -21.0107], [55.4574, -21.0096], [55.4569, -21.0086], [55.4569, -21.0077], [55.4559, -21.0067], [55.4553, -21.0058], [55.4547, -21.0049], [55.4538, -21.0043], [55.4532, -21.0034], [55.4526, -21.0023], [55.4518, -21.0013], [55.4508, -21.0004], [55.4499, -20.9997], [55.449, -20.999], [55.4481, -20.9987], [55.4472, -20.9981], [55.4463, -20.9977], [55.4452, -20.9976], [55.4444, -20.9967], [55.4435, -20.9958], [55.4423, -20.9949], [55.4412, -20.994], [55.4405, -20.9931], [55.4384, -20.9908], [55.4374, -20.9905], [55.4363, -20.9898], [55.4355, -20.9898], [55.4346, -20.9904], [55.4338, -20.9904], [55.4323, -20.9901], [55.4314, -20.9896], [55.4304, -20.9895], [55.4295, -20.9894], [55.4286, -20.9893], [55.4277, -20.989], [55.4267, -20.9885], [55.4257, -20.9881], [55.4247, -20.9868], [55.4233, -20.9857], [55.4221, -20.9849], [55.4208, -20.9841], [55.4198, -20.9833], [55.419, -20.9831], [55.418, -20.983], [55.4171, -20.983], [55.4161, -20.983], [55.4149, -20.9828], [55.4138, -20.9827], [55.4128, -20.9826], [55.4117, -20.9828], [55.4108, -20.9829], [55.41, -20.983], [55.409, -20.9833], [55.4079, -20.9838], [55.407, -20.9837], [55.4054, -20.9835], [55.4045, -20.9835], [55.4031, -20.9835], [55.4033, -20.9826], [55.4037, -20.9816], [55.4041, -20.9808], [55.4042, -20.9798], [55.4044, -20.9782], [55.4048, -20.9771], [55.4051, -20.9763], [55.4048, -20.9753], [55.4042, -20.9744], [55.4036, -20.9735], [55.4035, -20.9727], [55.4042, -20.9718], [55.4044, -20.971], [55.4048, -20.9702], [55.4053, -20.9692], [55.4054, -20.9683], [55.4061, -20.9674], [55.4061, -20.9666], [55.4057, -20.9657], [55.4056, -20.9647], [55.4052, -20.9639], [55.4052, -20.9629], [55.4059, -20.962], [55.4061, -20.9608], [55.4066, -20.9599], [55.4067, -20.959], [55.4069, -20.9581], [55.407, -20.9573], [55.4061, -20.9554], [55.4055, -20.9544], [55.4035, -20.951], [55.4034, -20.9502], [55.4023, -20.9495], [55.4013, -20.9492], [55.4004, -20.949], [55.4003, -20.948], [55.3996, -20.9471], [55.3991, -20.9461], [55.3982, -20.9458], [55.3978, -20.9449], [55.3969, -20.9448], [55.3963, -20.9437], [55.3954, -20.9423], [55.3947, -20.9414], [55.3937, -20.9406], [55.3928, -20.9399], [55.3923, -20.9391], [55.3919, -20.938], [55.3917, -20.9369], [55.3918, -20.936], [55.3921, -20.9351], [55.3923, -20.934], [55.3918, -20.9329], [55.391, -20.9322], [55.3905, -20.9311], [55.3904, -20.9302], [55.3902, -20.9293], [55.3893, -20.929], [55.3894, -20.928], [55.3892, -20.9271], [55.3888, -20.926], [55.3888, -20.9251], [55.3887, -20.924], [55.3895, -20.923], [55.3887, -20.9221], [55.3877, -20.9214], [55.3868, -20.9208], [55.3856, -20.9204], [55.3853, -20.9195], [55.3847, -20.9185], [55.3837, -20.9175], [55.3828, -20.9161], [55.3821, -20.9152], [55.3816, -20.9142], [55.3813, -20.9134], [55.3812, -20.9125], [55.3805, -20.9116], [55.3796, -20.9115], [55.379, -20.9105], [55.3791, -20.9096], [55.3791, -20.9085], [55.3782, -20.9074], [55.3778, -20.9064], [55.3771, -20.9054], [55.377, -20.9046], [55.3773, -20.9037], [55.3771, -20.9027], [55.3772, -20.9017], [55.3765, -20.9009], [55.3767, -20.9001], [55.3758, -20.8988], [55.3761, -20.8979], [55.376, -20.8968], [55.3758, -20.8959], [55.3769, -20.8953], [55.3768, -20.8944], [55.3783, -20.893], [55.3792, -20.8922], [55.3803, -20.8912], [55.3812, -20.891], [55.381, -20.8919], [55.3821, -20.8914], [55.3835, -20.891], [55.3845, -20.8906], [55.3862, -20.8894], [55.3879, -20.8884], [55.389, -20.8877], [55.39, -20.8871], [55.391, -20.8862], [55.3929, -20.8844], [55.3937, -20.8835], [55.3944, -20.8823], [55.3956, -20.8815], [55.397, -20.8812], [55.3984, -20.8808], [55.4002, -20.8802], [55.4011, -20.8799], [55.4022, -20.8797], [55.4039, -20.8796], [55.4049, -20.8793], [55.4057, -20.8791], [55.4069, -20.8787], [55.4085, -20.8784], [55.4093, -20.8784], [55.4103, -20.8782], [55.4116, -20.8777], [55.413, -20.8771], [55.4141, -20.8766], [55.415, -20.8763], [55.4161, -20.8759], [55.417, -20.8757], [55.4179, -20.8756], [55.4191, -20.8753], [55.421, -20.8746], [55.4221, -20.8743], [55.4231, -20.8743], [55.4242, -20.8744], [55.4254, -20.8742], [55.4263, -20.8743], [55.428, -20.8747], [55.4279, -20.8737], [55.4291, -20.8737], [55.4302, -20.874], [55.4316, -20.8741], [55.4328, -20.8742], [55.4337, -20.8742], [55.4346, -20.8744], [55.4359, -20.875], [55.4369, -20.8756], [55.438, -20.8759], [55.4391, -20.8762], [55.4402, -20.8763], [55.4411, -20.8761], [55.442, -20.876], [55.4434, -20.8754], [55.4442, -20.8753], [55.4453, -20.8751], [55.4464, -20.8738], [55.4469, -20.8729], [55.4478, -20.8721], [55.4497, -20.8719], [55.4508, -20.8719], [55.4519, -20.8724], [55.4528, -20.8729], [55.4539, -20.8737], [55.4546, -20.8745], [55.4557, -20.8756], [55.4565, -20.8764], [55.4576, -20.8774], [55.4586, -20.8782], [55.4594, -20.8787], [55.4603, -20.8792], [55.4614, -20.8798], [55.4623, -20.8801], [55.4635, -20.8808], [55.4646, -20.8817], [55.4657, -20.8823], [55.4668, -20.883], [55.4679, -20.8835], [55.4689, -20.884], [55.4698, -20.8843], [55.4708, -20.8846], [55.4718, -20.8845], [55.4728, -20.8843], [55.474, -20.8848], [55.4754, -20.885], [55.4769, -20.8852], [55.4778, -20.8852], [55.4789, -20.885], [55.4798, -20.8848], [55.4811, -20.8851], [55.482, -20.8855], [55.4829, -20.8857], [55.484, -20.8858], [55.4857, -20.8859], [55.4867, -20.8859], [55.4876, -20.8859], [55.4889, -20.8859], [55.4903, -20.8857], [55.4916, -20.8855], [55.4929, -20.885], [55.4939, -20.8846], [55.4952, -20.8842], [55.4968, -20.8837], [55.4985, -20.8832], [55.4998, -20.8829], [55.5011, -20.8825], [55.5021, -20.8824], [55.5036, -20.8901], [55.5048, -20.896], [55.5052, -20.8983], [55.5056, -20.9008], [55.5057, -20.9023], [55.5058, -20.9045], [55.506, -20.9058], [55.5061, -20.9067], [55.5058, -20.9082], [55.506, -20.9095], [55.5066, -20.9107], [55.5074, -20.9118], [55.5084, -20.9135], [55.5089, -20.9147], [55.5096, -20.9165], [55.5101, -20.9176], [55.5112, -20.9187], [55.5119, -20.9197], [55.5123, -20.9208], [55.5129, -20.9221], [55.5131, -20.9232], [55.5116, -20.9246], [55.5104, -20.9268], [55.5096, -20.9276], [55.5087, -20.928], [55.5077, -20.9294], [55.5056, -20.9306], [55.5047, -20.9311], [55.5038, -20.9322], [55.503, -20.9332], [55.5026, -20.934], [55.5018, -20.9349], [55.5009, -20.9356], [55.5014, -20.9367], [55.5018, -20.9375], [55.5016, -20.9386], [55.5012, -20.9398], [55.501, -20.9409], [55.5001, -20.9417], [55.4995, -20.943], [55.5001, -20.9441], [55.4987, -20.9447], [55.4979, -20.9458], [55.4977, -20.9469], [55.4975, -20.9478], [55.4967, -20.9486], [55.4968, -20.9495], [55.4971, -20.9506], [55.4962, -20.9508], [55.4954, -20.951], [55.4945, -20.9516], [55.4944, -20.9526], [55.4953, -20.9533], [55.4952, -20.9542], [55.494, -20.9549], [55.4931, -20.9558], [55.4945, -20.9569], [55.495, -20.9578], [55.4952, -20.9591], [55.4949, -20.9602], [55.4944, -20.9612], [55.4935, -20.9619], [55.4925, -20.9614], [55.4916, -20.9621], [55.4904, -20.9627], [55.4903, -20.9637], [55.4905, -20.9645], [55.4901, -20.9655], [55.4896, -20.9666], [55.4897, -20.9674], [55.4907, -20.9676], [55.4915, -20.9683], [55.4917, -20.9691], [55.4911, -20.9702], [55.4907, -20.9711], [55.4905, -20.9723], [55.4907, -20.9734], [55.4911, -20.9745], [55.4912, -20.9754], [55.4917, -20.9766], [55.4916, -20.9777], [55.4914, -20.9785], [55.4912, -20.9794], [55.4906, -20.9805], [55.4904, -20.9815], [55.49, -20.9825], [55.4892, -20.9838], [55.4895, -20.9846], [55.4905, -20.9853], [55.4914, -20.9853], [55.4923, -20.9854], [55.4926, -20.9862], [55.4924, -20.9872], [55.4918, -20.9881], [55.4909, -20.9886], [55.49, -20.989], [55.4892, -20.9897], [55.4884, -20.9906], [55.4875, -20.9905], [55.4864, -20.9909], [55.4852, -20.9911], [55.484, -20.9921], [55.483, -20.9925], [55.4821, -20.9927], [55.4812, -20.9926], [55.4804, -20.9937], [55.4791, -20.9945], [55.4784, -20.9953], [55.4783, -20.9964], [55.4786, -20.9973], [55.4786, -20.9982], [55.4782, -20.9994], [55.4785, -21.0003], [55.4783, -21.0013], [55.4773, -21.0021], [55.4764, -21.0027], [55.4753, -21.0034], [55.4756, -21.0043], [55.4747, -21.005], [55.4742, -21.006], [55.4734, -21.0069], [55.4727, -21.0078], [55.4718, -21.0084], [55.4689, -21.0098]]]}}, {"type": "Feature", "properties": {"nom": "Saint-Joseph", "code": "97412", "codeDepartement": "974", "siren": "219740123", "codeEpci": "249740085", "codeRegion": "04", "codesPostaux": ["97480"], "population": 39207}, "geometry": {"type": "Polygon", "coordinates": [[[55.6044, -21.2878], [55.6046, -21.2867], [55.6047, -21.2858], [55.6042, -21.2849], [55.6036, -21.2839], [55.6034, -21.2829], [55.6034, -21.2818], [55.6035, -21.281], [55.6035, -21.2801], [55.6035, -21.2792], [55.6038, -21.2783], [55.6027, -21.2775], [55.6023, -21.2766], [55.602, -21.2753], [55.6019, -21.2745], [55.6018, -21.2733], [55.6017, -21.2724], [55.6017, -21.2711], [55.6016, -21.2693], [55.6022, -21.2679], [55.6023, -21.2668], [55.6024, -21.2655], [55.6028, -21.2645], [55.6024, -21.2635], [55.6019, -21.2624], [55.6018, -21.2613], [55.6009, -21.2602], [55.6005, -21.259], [55.6002, -21.2572], [55.6003, -21.2558], [55.6004, -21.255], [55.6003, -21.254], [55.6003, -21.2532], [55.6004, -21.2523], [55.6007, -21.2512], [55.6009, -21.2503], [55.6011, -21.2493], [55.6015, -21.2484], [55.6013, -21.2476], [55.6012, -21.2465], [55.6018, -21.2455], [55.6025, -21.2442], [55.6034, -21.2434], [55.604, -21.2426], [55.6049, -21.2416], [55.6048, -21.2407], [55.605, -21.2397], [55.605, -21.2386], [55.6054, -21.2377], [55.6051, -21.2369], [55.6047, -21.2357], [55.6045, -21.2348], [55.6045, -21.2339], [55.6049, -21.2329], [55.6049, -21.232], [55.6049, -21.2311], [55.605, -21.2301], [55.6051, -21.2293], [55.6053, -21.2284], [55.6058, -21.2276], [55.6065, -21.2266], [55.6069, -21.2257], [55.607, -21.2246], [55.6072, -21.2237], [55.6076, -21.2229], [55.6081, -21.222], [55.609, -21.221], [55.6094, -21.2202], [55.6098, -21.2193], [55.6107, -21.2179], [55.6115, -21.2167], [55.6122, -21.2158], [55.6129, -21.2149], [55.6136, -21.214], [55.6135, -21.2129], [55.6139, -21.2121], [55.6144, -21.2112], [55.615, -21.2102], [55.6158, -21.2091], [55.6167, -21.2084], [55.6174, -21.2076], [55.6184, -21.2067], [55.6194, -21.2061], [55.6205, -21.2058], [55.6221, -21.2051], [55.623, -21.2044], [55.6237, -21.2033], [55.6246, -21.2024], [55.6255, -21.2017], [55.6267, -21.2011], [55.6276, -21.2006], [55.6283, -21.1995], [55.629, -21.1985], [55.6298, -21.1977], [55.6307, -21.197], [55.6316, -21.1965], [55.6326, -21.1959], [55.6336, -21.1953], [55.6346, -21.1951], [55.6355, -21.1949], [55.6369, -21.1946], [55.6378, -21.1949], [55.639, -21.1956], [55.64, -21.1964], [55.6408, -21.1974], [55.642, -21.1978], [55.6426, -21.1989], [55.6436, -21.1992], [55.6446, -21.1999], [55.6454, -21.2002], [55.6464, -21.2007], [55.649, -21.2017], [55.6514, -21.2056], [55.6533, -21.21], [55.6541, -21.2123], [55.6543, -21.2131], [55.6546, -21.214], [55.6547, -21.215], [55.6549, -21.2159], [55.655, -21.217], [55.6547, -21.2178], [55.6544, -21.2187], [55.6543, -21.2196], [55.6545, -21.2205], [55.6543, -21.2215], [55.6539, -21.2223], [55.6541, -21.2232], [55.6537, -21.2241], [55.6532, -21.225], [55.6521, -21.2258], [55.6518, -21.2267], [55.6511, -21.2276], [55.6503, -21.2286], [55.6506, -21.2297], [55.6497, -21.2307], [55.6492, -21.2318], [55.6485, -21.2326], [55.6478, -21.2335], [55.647, -21.2343], [55.6471, -21.2354], [55.6473, -21.2363], [55.6482, -21.237], [55.6492, -21.2372], [55.6546, -21.2376], [55.6605, -21.2382], [55.6642, -21.2386], [55.6698, -21.2391], [55.6752, -21.2396], [55.677, -21.2398], [55.6788, -21.2399], [55.6787, -21.2407], [55.6784, -21.242], [55.6783, -21.2429], [55.6781, -21.2443], [55.6783, -21.2451], [55.6784, -21.246], [55.6786, -21.2468], [55.6788, -21.2477], [55.679, -21.2486], [55.6792, -21.2497], [55.6793, -21.2506], [55.6794, -21.2515], [55.6795, -21.2526], [55.6797, -21.2536], [55.6801, -21.2545], [55.6804, -21.2556], [55.6805, -21.2565], [55.6804, -21.2574], [55.6807, -21.2585], [55.681, -21.2597], [55.6812, -21.2606], [55.6813, -21.2618], [55.6815, -21.2628], [55.6821, -21.2639], [55.6827, -21.2647], [55.6831, -21.2659], [55.6834, -21.2668], [55.684, -21.2679], [55.6847, -21.2688], [55.6852, -21.2697], [55.6858, -21.2706], [55.6867, -21.2714], [55.6876, -21.272], [55.6885, -21.273], [55.6893, -21.2736], [55.6903, -21.2739], [55.6912, -21.2744], [55.6922, -21.2746], [55.6932, -21.2749], [55.6942, -21.2752], [55.6945, -21.2761], [55.6941, -21.277], [55.6936, -21.2779], [55.6929, -21.2787], [55.6922, -21.2797], [55.6918, -21.2805], [55.6912, -21.2815], [55.6906, -21.2824], [55.6905, -21.2832], [55.691, -21.2842], [55.6907, -21.285], [55.6907, -21.2859], [55.6904, -21.2868], [55.6908, -21.2877], [55.691, -21.2886], [55.6903, -21.2894], [55.6904, -21.2904], [55.6905, -21.2913], [55.6902, -21.2921], [55.6907, -21.2931], [55.6908, -21.2939], [55.6906, -21.2948], [55.6904, -21.2958], [55.6901, -21.2967], [55.6895, -21.2976], [55.6889, -21.2984], [55.6886, -21.2995], [55.6886, -21.3004], [55.6879, -21.3013], [55.6876, -21.3023], [55.6875, -21.3034], [55.6873, -21.3043], [55.6874, -21.3052], [55.6877, -21.306], [55.6877, -21.3069], [55.6879, -21.3078], [55.6876, -21.3087], [55.6879, -21.3096], [55.6881, -21.3107], [55.6884, -21.3116], [55.6888, -21.3126], [55.6899, -21.3131], [55.6908, -21.3138], [55.6915, -21.3161], [55.6917, -21.3173], [55.6919, -21.3182], [55.6928, -21.319], [55.6931, -21.3198], [55.6932, -21.3207], [55.6932, -21.3216], [55.6934, -21.3226], [55.6935, -21.3235], [55.6941, -21.3243], [55.695, -21.3245], [55.6951, -21.3254], [55.6957, -21.3266], [55.6959, -21.3274], [55.6964, -21.329], [55.6965, -21.3302], [55.6975, -21.3313], [55.6978, -21.3321], [55.6989, -21.3326], [55.6989, -21.3337], [55.6995, -21.3347], [55.6994, -21.3359], [55.6993, -21.3368], [55.6992, -21.3377], [55.6983, -21.3382], [55.6975, -21.3384], [55.6979, -21.3393], [55.6978, -21.3404], [55.6981, -21.3413], [55.6987, -21.3422], [55.6984, -21.3431], [55.6985, -21.3441], [55.6984, -21.3451], [55.6975, -21.3461], [55.6977, -21.3472], [55.6981, -21.3482], [55.6982, -21.3493], [55.6988, -21.3501], [55.6992, -21.351], [55.6993, -21.352], [55.6993, -21.353], [55.6992, -21.354], [55.7, -21.3544], [55.7, -21.3554], [55.7002, -21.3565], [55.7007, -21.3575], [55.7016, -21.3582], [55.7022, -21.359], [55.703, -21.3597], [55.7037, -21.3606], [55.7044, -21.3618], [55.705, -21.3627], [55.705, -21.3637], [55.7053, -21.3648], [55.7055, -21.3657], [55.7057, -21.3667], [55.7054, -21.3678], [55.705, -21.3686], [55.7051, -21.3698], [55.7055, -21.3709], [55.7055, -21.3718], [55.7051, -21.3727], [55.7039, -21.3729], [55.7023, -21.3748], [55.7013, -21.3755], [55.7004, -21.3764], [55.6996, -21.3759], [55.6986, -21.3756], [55.6977, -21.3755], [55.6967, -21.3754], [55.6958, -21.3755], [55.6949, -21.3756], [55.6938, -21.3759], [55.6926, -21.3756], [55.6915, -21.3755], [55.6905, -21.3756], [55.6896, -21.3753], [55.6887, -21.3752], [55.6878, -21.3751], [55.687, -21.3747], [55.6861, -21.3749], [55.6853, -21.3745], [55.684, -21.3746], [55.683, -21.3746], [55.6819, -21.3745], [55.6809, -21.3747], [55.6797, -21.375], [55.6786, -21.3756], [55.6777, -21.3763], [55.6773, -21.3772], [55.6774, -21.3783], [55.6764, -21.3789], [55.6753, -21.3792], [55.675, -21.3801], [55.6748, -21.381], [55.6739, -21.3816], [55.673, -21.3818], [55.6722, -21.3827], [55.6715, -21.3837], [55.6707, -21.3837], [55.6696, -21.3836], [55.6688, -21.3838], [55.6679, -21.3835], [55.6671, -21.3831], [55.666, -21.3833], [55.6651, -21.3831], [55.6643, -21.3827], [55.6632, -21.3824], [55.6623, -21.3824], [55.6615, -21.3825], [55.6606, -21.3827], [55.6591, -21.3827], [55.6583, -21.3832], [55.6574, -21.3834], [55.6565, -21.3839], [55.6554, -21.3843], [55.6544, -21.3848], [55.6535, -21.3853], [55.6524, -21.3858], [55.6512, -21.3862], [55.6501, -21.3867], [55.6501, -21.3876], [55.6495, -21.3884], [55.6487, -21.3889], [55.6478, -21.3885], [55.6469, -21.3891], [55.6459, -21.3891], [55.645, -21.3882], [55.6442, -21.3878], [55.6433, -21.3876], [55.6433, -21.3867], [55.6439, -21.3858], [55.6428, -21.385], [55.6416, -21.3842], [55.6403, -21.3835], [55.6395, -21.3832], [55.638, -21.3828], [55.6364, -21.3827], [55.6351, -21.3826], [55.6334, -21.3826], [55.6322, -21.3825], [55.6312, -21.3825], [55.6297, -21.3825], [55.6287, -21.3826], [55.6277, -21.3826], [55.6262, -21.3828], [55.625, -21.3831], [55.6241, -21.3833], [55.6229, -21.3835], [55.6218, -21.3841], [55.6208, -21.3846], [55.6199, -21.385], [55.6185, -21.3855], [55.6173, -21.3858], [55.616, -21.3862], [55.6151, -21.3863], [55.614, -21.3862], [55.6126, -21.3864], [55.6115, -21.3865], [55.6106, -21.3871], [55.6096, -21.387], [55.6087, -21.3865], [55.6077, -21.3856], [55.6067, -21.3856], [55.6057, -21.3852], [55.6046, -21.3843], [55.6037, -21.3842], [55.6026, -21.3837], [55.6017, -21.3827], [55.6012, -21.3817], [55.6004, -21.3807], [55.5998, -21.3799], [55.599, -21.3792], [55.5979, -21.3785], [55.5969, -21.3786], [55.596, -21.3786], [55.5946, -21.3778], [55.5936, -21.3771], [55.5928, -21.3769], [55.5919, -21.3768], [55.5909, -21.3763], [55.59, -21.3763], [55.5898, -21.3755], [55.5896, -21.3746], [55.5887, -21.3743], [55.5879, -21.3735], [55.5877, -21.3726], [55.5869, -21.3716], [55.5858, -21.3715], [55.5848, -21.3722], [55.5837, -21.3724], [55.5834, -21.3715], [55.5833, -21.3705], [55.5826, -21.3694], [55.5823, -21.3684], [55.5825, -21.3676], [55.5824, -21.3666], [55.5825, -21.3657], [55.5828, -21.3649], [55.5831, -21.364], [55.584, -21.3644], [55.5851, -21.3639], [55.5859, -21.3636], [55.5868, -21.3633], [55.587, -21.3623], [55.5876, -21.3612], [55.5883, -21.3604], [55.5891, -21.3596], [55.5896, -21.3587], [55.5897, -21.3577], [55.5891, -21.3562], [55.5891, -21.3552], [55.5894, -21.3543], [55.5894, -21.3533], [55.5896, -21.3524], [55.5897, -21.3515], [55.5895, -21.3505], [55.5894, -21.3496], [55.5893, -21.3486], [55.5893, -21.3477], [55.5898, -21.3467], [55.5896, -21.3457], [55.5892, -21.3444], [55.5894, -21.3434], [55.5891, -21.3425], [55.5893, -21.3415], [55.5894, -21.3405], [55.5897, -21.3394], [55.5894, -21.3382], [55.5895, -21.3374], [55.5898, -21.3365], [55.5896, -21.3357], [55.5886, -21.3352], [55.5875, -21.3344], [55.5865, -21.3337], [55.5856, -21.3332], [55.5855, -21.3324], [55.585, -21.3315], [55.5854, -21.3306], [55.5852, -21.3296], [55.585, -21.3287], [55.5861, -21.3281], [55.587, -21.3275], [55.5874, -21.3267], [55.5873, -21.3257], [55.5876, -21.3249], [55.5873, -21.324], [55.5872, -21.3227], [55.5875, -21.3219], [55.5873, -21.3209], [55.5874, -21.3201], [55.5887, -21.3193], [55.5883, -21.3183], [55.5889, -21.3175], [55.5881, -21.3168], [55.5888, -21.3158], [55.5899, -21.3152], [55.5907, -21.3142], [55.5898, -21.3139], [55.5898, -21.3131], [55.5906, -21.3124], [55.5915, -21.312], [55.5924, -21.3117], [55.5934, -21.3108], [55.5947, -21.3108], [55.5957, -21.3102], [55.5962, -21.3091], [55.5969, -21.3083], [55.5975, -21.3074], [55.5986, -21.3071], [55.5994, -21.3067], [55.6004, -21.3061], [55.6008, -21.3051], [55.6005, -21.3042], [55.6003, -21.3034], [55.6007, -21.3023], [55.602, -21.3015], [55.6028, -21.3008], [55.6036, -21.2998], [55.6038, -21.2989], [55.6048, -21.2983], [55.6055, -21.2973], [55.6052, -21.2962], [55.6049, -21.2951], [55.6048, -21.2943], [55.6045, -21.2933], [55.6042, -21.2921], [55.604, -21.2913], [55.604, -21.2904], [55.6039, -21.2895], [55.6044, -21.2878]]]}}, {"type": "Feature", "properties": {"nom": "Saint-Leu", "code": "97413", "codeDepartement": "974", "siren": "219740131", "codeEpci": "249740101", "codeRegion": "04", "codesPostaux": ["97416", "97424", "97436"], "population": 36163}, "geometry": {"type": "Polygon", "coordinates": [[[55.3206, -21.2491], [55.3199, -21.2481], [55.3188, -21.2473], [55.3178, -21.2466], [55.3167, -21.246], [55.3157, -21.2452], [55.3152, -21.2444], [55.3143, -21.2449], [55.3134, -21.2449], [55.3131, -21.2441], [55.3125, -21.2432], [55.3121, -21.2422], [55.3111, -21.2423], [55.3112, -21.2415], [55.3109, -21.2405], [55.3102, -21.2397], [55.3094, -21.2393], [55.3083, -21.2392], [55.3077, -21.2384], [55.3071, -21.2375], [55.306, -21.2367], [55.3051, -21.2368], [55.3043, -21.2366], [55.3033, -21.2367], [55.3023, -21.2365], [55.3015, -21.2356], [55.3006, -21.2354], [55.2996, -21.2347], [55.2987, -21.2343], [55.2979, -21.2335], [55.297, -21.2328], [55.2964, -21.232], [55.2954, -21.2315], [55.2944, -21.2306], [55.2936, -21.2304], [55.293, -21.2294], [55.2932, -21.2284], [55.2928, -21.2276], [55.2924, -21.2266], [55.2924, -21.2258], [55.2925, -21.2249], [55.2925, -21.2241], [55.2917, -21.2233], [55.2914, -21.2222], [55.2907, -21.2213], [55.2902, -21.2204], [55.2893, -21.22], [55.2889, -21.219], [55.2884, -21.2182], [55.2883, -21.2173], [55.2878, -21.2164], [55.2879, -21.2156], [55.2874, -21.2146], [55.2868, -21.2137], [55.2867, -21.2128], [55.2859, -21.212], [55.286, -21.2111], [55.2862, -21.2102], [55.2861, -21.2093], [55.2855, -21.2083], [55.2855, -21.2074], [55.2846, -21.2067], [55.2839, -21.2059], [55.2831, -21.2055], [55.2826, -21.2047], [55.2818, -21.2048], [55.2819, -21.2038], [55.2812, -21.203], [55.2806, -21.2021], [55.2815, -21.2014], [55.2825, -21.2012], [55.2828, -21.2004], [55.2829, -21.1993], [55.2828, -21.1983], [55.283, -21.1974], [55.284, -21.1966], [55.2845, -21.1958], [55.2848, -21.1947], [55.2848, -21.1937], [55.2849, -21.1928], [55.2851, -21.1919], [55.2854, -21.1908], [55.2858, -21.1898], [55.2861, -21.1886], [55.2864, -21.1878], [55.2861, -21.1869], [55.2868, -21.186], [55.2868, -21.1852], [55.2866, -21.1843], [55.2873, -21.1834], [55.2872, -21.1823], [55.287, -21.1809], [55.2867, -21.1796], [55.2869, -21.1784], [55.2868, -21.1775], [55.2867, -21.1763], [55.2866, -21.1755], [55.2867, -21.1742], [55.2865, -21.1731], [55.2863, -21.1721], [55.2862, -21.1711], [55.286, -21.1702], [55.2866, -21.1694], [55.2856, -21.1686], [55.2853, -21.1677], [55.2859, -21.1686], [55.2861, -21.1678], [55.286, -21.1669], [55.286, -21.1659], [55.2863, -21.1651], [55.2872, -21.1643], [55.2875, -21.1634], [55.287, -21.1615], [55.2868, -21.1607], [55.2859, -21.1599], [55.2855, -21.159], [55.2848, -21.1581], [55.2843, -21.1573], [55.2832, -21.1561], [55.2824, -21.1551], [55.2822, -21.1543], [55.2815, -21.1534], [55.2806, -21.1532], [55.2788, -21.1527], [55.2776, -21.152], [55.2764, -21.1513], [55.2755, -21.1504], [55.2746, -21.1506], [55.2735, -21.1505], [55.2725, -21.1501], [55.272, -21.1492], [55.2723, -21.1483], [55.2725, -21.1474], [55.2723, -21.1466], [55.2714, -21.1462], [55.2711, -21.1451], [55.271, -21.1441], [55.2708, -21.1433], [55.2717, -21.1428], [55.2711, -21.142], [55.2712, -21.1409], [55.2713, -21.1398], [55.2712, -21.139], [55.2712, -21.1381], [55.2709, -21.1373], [55.2711, -21.1364], [55.2719, -21.1357], [55.2728, -21.1349], [55.2736, -21.1347], [55.2746, -21.1349], [55.2758, -21.1344], [55.2769, -21.1337], [55.2778, -21.1341], [55.2788, -21.1339], [55.2797, -21.1337], [55.2805, -21.1338], [55.2815, -21.134], [55.2825, -21.1339], [55.2835, -21.1331], [55.2845, -21.1329], [55.2854, -21.1323], [55.2865, -21.1316], [55.2874, -21.131], [55.2885, -21.1306], [55.2899, -21.1295], [55.2908, -21.1289], [55.2916, -21.1282], [55.2929, -21.1276], [55.294, -21.1276], [55.2949, -21.1274], [55.2959, -21.1273], [55.2968, -21.1273], [55.2976, -21.1272], [55.2988, -21.127], [55.2997, -21.1268], [55.3008, -21.1269], [55.3018, -21.1267], [55.3028, -21.1261], [55.3038, -21.1254], [55.3047, -21.1245], [55.3056, -21.124], [55.3066, -21.1238], [55.3075, -21.1236], [55.3085, -21.1229], [55.3096, -21.1225], [55.3105, -21.1223], [55.3116, -21.1221], [55.3132, -21.1216], [55.3143, -21.1211], [55.3149, -21.1202], [55.3159, -21.1197], [55.3176, -21.1195], [55.3185, -21.1195], [55.3194, -21.1193], [55.3208, -21.1193], [55.3217, -21.1195], [55.3226, -21.1185], [55.3239, -21.1179], [55.3249, -21.1172], [55.3259, -21.1176], [55.3268, -21.1176], [55.3277, -21.1173], [55.3287, -21.1171], [55.3297, -21.1167], [55.3306, -21.1169], [55.3314, -21.1174], [55.3324, -21.1176], [55.3334, -21.1175], [55.3342, -21.1174], [55.3352, -21.1172], [55.3362, -21.1167], [55.337, -21.1165], [55.3379, -21.1165], [55.3393, -21.1162], [55.3403, -21.1161], [55.3415, -21.1153], [55.3424, -21.1151], [55.3437, -21.115], [55.3466, -21.1148], [55.3477, -21.1146], [55.3491, -21.1142], [55.3502, -21.1141], [55.3513, -21.1143], [55.3527, -21.1146], [55.3538, -21.1146], [55.355, -21.1142], [55.3559, -21.1144], [55.3568, -21.1149], [55.3579, -21.115], [55.3589, -21.1153], [55.3599, -21.1149], [55.3611, -21.1148], [55.3621, -21.1145], [55.3631, -21.1146], [55.364, -21.1148], [55.3648, -21.1154], [55.3658, -21.1152], [55.3667, -21.1153], [55.3679, -21.115], [55.3689, -21.1154], [55.3699, -21.115], [55.3708, -21.1152], [55.3718, -21.1154], [55.3727, -21.1159], [55.3736, -21.1159], [55.3742, -21.1167], [55.3751, -21.1171], [55.3761, -21.1173], [55.3771, -21.1178], [55.378, -21.1182], [55.379, -21.1186], [55.3798, -21.119], [55.3808, -21.119], [55.3818, -21.1189], [55.3829, -21.1188], [55.384, -21.1186], [55.3849, -21.1182], [55.3858, -21.1178], [55.3867, -21.1176], [55.3875, -21.1174], [55.3888, -21.1175], [55.3897, -21.1178], [55.3906, -21.1178], [55.3915, -21.1184], [55.3924, -21.1184], [55.3935, -21.1184], [55.3944, -21.1183], [55.3952, -21.1186], [55.3962, -21.1189], [55.3973, -21.1191], [55.3982, -21.1191], [55.399, -21.1199], [55.3999, -21.12], [55.4008, -21.1201], [55.4017, -21.1193], [55.4027, -21.1194], [55.4036, -21.1194], [55.4044, -21.1196], [55.4053, -21.1204], [55.406, -21.1214], [55.4074, -21.1219], [55.4085, -21.1221], [55.4093, -21.122], [55.4102, -21.1222], [55.4113, -21.1219], [55.4121, -21.1224], [55.4131, -21.1226], [55.414, -21.1224], [55.4149, -21.1228], [55.416, -21.1227], [55.4149, -21.1234], [55.4141, -21.1241], [55.4136, -21.1249], [55.4127, -21.1259], [55.4118, -21.1265], [55.4109, -21.1268], [55.4099, -21.1276], [55.4097, -21.1285], [55.4096, -21.1294], [55.4093, -21.1303], [55.4087, -21.1313], [55.4086, -21.1321], [55.4083, -21.1331], [55.4085, -21.1343], [55.4082, -21.1351], [55.4072, -21.1357], [55.4062, -21.1358], [55.4053, -21.1364], [55.4045, -21.1373], [55.4041, -21.1382], [55.4037, -21.1391], [55.4039, -21.1402], [55.4041, -21.1411], [55.4045, -21.142], [55.4048, -21.1429], [55.405, -21.144], [55.4057, -21.1448], [55.4048, -21.1452], [55.4038, -21.1458], [55.4031, -21.1468], [55.4026, -21.1478], [55.4022, -21.1487], [55.4015, -21.1496], [55.4003, -21.1505], [55.3992, -21.151], [55.3986, -21.1518], [55.3977, -21.1528], [55.3967, -21.1531], [55.3962, -21.154], [55.3952, -21.1549], [55.3943, -21.1552], [55.3934, -21.1556], [55.3924, -21.1557], [55.3914, -21.1563], [55.3905, -21.1566], [55.3896, -21.1572], [55.3887, -21.1575], [55.3882, -21.1583], [55.3873, -21.1593], [55.3864, -21.1603], [55.3861, -21.1613], [55.3857, -21.1622], [55.3852, -21.1631], [55.3845, -21.1639], [55.3842, -21.1648], [55.384, -21.1656], [55.3837, -21.1666], [55.383, -21.1675], [55.3821, -21.1682], [55.3812, -21.169], [55.3803, -21.1693], [55.3792, -21.1702], [55.3782, -21.1704], [55.3777, -21.1714], [55.3771, -21.1726], [55.3764, -21.1734], [55.3762, -21.1744], [55.3753, -21.1748], [55.3743, -21.1755], [55.3736, -21.1765], [55.3728, -21.1771], [55.372, -21.178], [55.3714, -21.1789], [55.3704, -21.1796], [55.3695, -21.1801], [55.3689, -21.181], [55.3682, -21.1819], [55.368, -21.1828], [55.3666, -21.1834], [55.3657, -21.1839], [55.3647, -21.1845], [55.3637, -21.1849], [55.3631, -21.1857], [55.3624, -21.1867], [55.3621, -21.1875], [55.3612, -21.1884], [55.3599, -21.1896], [55.3584, -21.1908], [55.3575, -21.191], [55.3567, -21.1913], [55.356, -21.1922], [55.3553, -21.1931], [55.3544, -21.1938], [55.3534, -21.1946], [55.3525, -21.195], [55.352, -21.196], [55.3512, -21.1969], [55.3506, -21.1977], [55.3502, -21.1986], [55.3492, -21.1993], [55.3483, -21.1993], [55.3479, -21.2009], [55.3469, -21.2022], [55.3462, -21.2031], [55.345, -21.2037], [55.3439, -21.2042], [55.343, -21.2052], [55.3433, -21.2061], [55.3425, -21.207], [55.3415, -21.2077], [55.3412, -21.2087], [55.3408, -21.2096], [55.3399, -21.2097], [55.3397, -21.2107], [55.3386, -21.2108], [55.3377, -21.2115], [55.3378, -21.2124], [55.3373, -21.2132], [55.3371, -21.2141], [55.3373, -21.215], [55.3375, -21.216], [55.3364, -21.2165], [55.3355, -21.2164], [55.335, -21.2174], [55.3356, -21.2187], [55.3357, -21.2198], [55.3356, -21.2209], [55.3361, -21.2218], [55.3355, -21.2229], [55.3355, -21.2238], [55.3346, -21.2242], [55.3342, -21.225], [55.3338, -21.2259], [55.3333, -21.2267], [55.3331, -21.228], [55.3323, -21.229], [55.3325, -21.2298], [55.3317, -21.2302], [55.3306, -21.2304], [55.3298, -21.2312], [55.3288, -21.2312], [55.3287, -21.2322], [55.3289, -21.233], [55.3286, -21.2339], [55.3278, -21.2347], [55.3268, -21.2355], [55.3263, -21.2363], [55.3255, -21.237], [55.3252, -21.238], [55.3252, -21.2388], [55.3251, -21.2399], [55.3242, -21.2407], [55.3236, -21.2416], [55.3233, -21.2424], [55.3233, -21.2434], [55.324, -21.2445], [55.3234, -21.2454], [55.323, -21.2462], [55.3231, -21.2472], [55.3227, -21.248], [55.3213, -21.2485], [55.3206, -21.2491]]]}}, {"type": "Feature", "properties": {"nom": "Saint-Louis", "code": "97414", "codeDepartement": "974", "siren": "219740149", "codeEpci": "249740077", "codeRegion": "04", "codesPostaux": ["97421", "97450"], "population": 54941}, "geometry": {"type": "Polygon", "coordinates": [[[55.4555, -21.2858], [55.4531, -21.2861], [55.4502, -21.2866], [55.4481, -21.288], [55.4433, -21.29], [55.4408, -21.2913], [55.437, -21.2917], [55.4338, -21.2927], [55.4297, -21.2927], [55.4275, -21.2936], [55.4231, -21.2936], [55.4205, -21.2946], [55.4196, -21.2947], [55.4188, -21.2947], [55.4174, -21.2962], [55.4162, -21.297], [55.4087, -21.3002], [55.4053, -21.3019], [55.4042, -21.3033], [55.403, -21.3029], [55.4027, -21.3021], [55.4019, -21.3015], [55.4009, -21.3007], [55.4003, -21.2998], [55.3992, -21.2988], [55.3984, -21.2975], [55.398, -21.2966], [55.3969, -21.2957], [55.3955, -21.295], [55.3944, -21.2943], [55.3932, -21.2936], [55.3922, -21.2931], [55.3912, -21.2926], [55.3916, -21.2914], [55.3898, -21.2902], [55.3869, -21.2885], [55.3858, -21.2877], [55.385, -21.287], [55.3845, -21.286], [55.3838, -21.2848], [55.383, -21.284], [55.3822, -21.2835], [55.3813, -21.2831], [55.3805, -21.2824], [55.3807, -21.2814], [55.3813, -21.2806], [55.382, -21.2796], [55.3827, -21.2787], [55.3834, -21.2778], [55.3848, -21.2759], [55.3857, -21.2747], [55.3864, -21.2738], [55.3869, -21.273], [55.3877, -21.2718], [55.3888, -21.2702], [55.3891, -21.269], [55.3892, -21.268], [55.3891, -21.267], [55.3888, -21.2659], [55.3887, -21.265], [55.3888, -21.2642], [55.3894, -21.2633], [55.3906, -21.2627], [55.3913, -21.2617], [55.3921, -21.2609], [55.3921, -21.2594], [55.3927, -21.2584], [55.3927, -21.2574], [55.3925, -21.2565], [55.3924, -21.2556], [55.3918, -21.2548], [55.3921, -21.2538], [55.3919, -21.2527], [55.392, -21.2519], [55.3916, -21.2507], [55.3908, -21.2498], [55.3903, -21.2488], [55.3901, -21.2479], [55.3894, -21.2471], [55.3894, -21.2461], [55.3889, -21.2451], [55.3889, -21.2441], [55.389, -21.2432], [55.3894, -21.2419], [55.3892, -21.241], [55.3888, -21.2401], [55.3889, -21.2392], [55.3885, -21.2384], [55.3883, -21.2375], [55.3882, -21.2367], [55.3882, -21.2357], [55.3879, -21.2349], [55.3878, -21.2339], [55.3877, -21.2329], [55.3877, -21.2321], [55.3878, -21.231], [55.3876, -21.23], [55.3877, -21.2292], [55.3881, -21.2282], [55.3884, -21.2273], [55.3887, -21.225], [55.3889, -21.2235], [55.3891, -21.2227], [55.3892, -21.2207], [55.3897, -21.2189], [55.3896, -21.2173], [55.3899, -21.2164], [55.3906, -21.2152], [55.3909, -21.2143], [55.3911, -21.2134], [55.3912, -21.2125], [55.3904, -21.2098], [55.3899, -21.2088], [55.3894, -21.2078], [55.3893, -21.2056], [55.3881, -21.2052], [55.3872, -21.2051], [55.3863, -21.2053], [55.3858, -21.2044], [55.3851, -21.2035], [55.3842, -21.2028], [55.3833, -21.2019], [55.3829, -21.2001], [55.3825, -21.1984], [55.3821, -21.1975], [55.3816, -21.1966], [55.3821, -21.1958], [55.3827, -21.1941], [55.3836, -21.1928], [55.3845, -21.1916], [55.3852, -21.1905], [55.3856, -21.1896], [55.3856, -21.1886], [55.3853, -21.1874], [55.3852, -21.1866], [55.3873, -21.1856], [55.3884, -21.1836], [55.3894, -21.18], [55.389, -21.179], [55.3885, -21.1781], [55.3887, -21.1771], [55.3885, -21.176], [55.3889, -21.175], [55.3897, -21.174], [55.3907, -21.173], [55.391, -21.1721], [55.3906, -21.1712], [55.391, -21.1703], [55.3918, -21.1696], [55.3927, -21.1692], [55.3936, -21.1687], [55.3946, -21.1684], [55.3954, -21.1674], [55.3961, -21.1666], [55.397, -21.1667], [55.3981, -21.1657], [55.3988, -21.1649], [55.3997, -21.1642], [55.3997, -21.1634], [55.3999, -21.1624], [55.4002, -21.1616], [55.4001, -21.1608], [55.4, -21.1599], [55.4007, -21.1589], [55.4013, -21.158], [55.402, -21.157], [55.402, -21.1561], [55.4021, -21.1552], [55.4021, -21.1544], [55.4025, -21.1535], [55.4028, -21.1526], [55.4032, -21.1516], [55.4038, -21.1506], [55.4041, -21.1498], [55.4045, -21.1488], [55.4055, -21.1474], [55.406, -21.1484], [55.4067, -21.1492], [55.4071, -21.1502], [55.4076, -21.1511], [55.4084, -21.1519], [55.4093, -21.1526], [55.4103, -21.1537], [55.4107, -21.1546], [55.411, -21.1556], [55.4106, -21.1564], [55.4113, -21.1573], [55.4113, -21.1584], [55.4111, -21.1594], [55.4118, -21.1605], [55.4121, -21.1613], [55.4125, -21.1624], [55.4128, -21.1635], [55.4132, -21.1644], [55.4141, -21.1653], [55.4148, -21.1663], [55.4156, -21.1673], [55.4165, -21.1681], [55.4175, -21.1686], [55.4183, -21.1692], [55.4199, -21.1701], [55.4209, -21.1709], [55.4219, -21.1714], [55.4229, -21.1727], [55.4238, -21.1736], [55.4243, -21.1748], [55.4249, -21.1757], [55.4257, -21.1765], [55.4267, -21.1769], [55.428, -21.1775], [55.4289, -21.1783], [55.4299, -21.1789], [55.4299, -21.1801], [55.4302, -21.1811], [55.4304, -21.182], [55.431, -21.1831], [55.4314, -21.1839], [55.4322, -21.1848], [55.4331, -21.1853], [55.434, -21.1856], [55.435, -21.1856], [55.436, -21.186], [55.437, -21.1862], [55.4376, -21.1873], [55.4378, -21.1885], [55.4376, -21.1896], [55.4387, -21.1901], [55.4412, -21.1903], [55.4431, -21.1905], [55.4446, -21.1906], [55.4457, -21.1915], [55.4468, -21.1914], [55.4479, -21.1912], [55.4487, -21.1909], [55.4496, -21.1914], [55.4504, -21.1922], [55.4511, -21.193], [55.452, -21.1936], [55.4529, -21.1933], [55.4537, -21.1925], [55.4547, -21.1918], [55.4557, -21.1916], [55.4564, -21.1926], [55.462, -21.1949], [55.4622, -21.196], [55.4624, -21.1969], [55.4623, -21.1977], [55.4616, -21.1991], [55.4613, -21.2001], [55.4606, -21.201], [55.4608, -21.2021], [55.461, -21.203], [55.4611, -21.2039], [55.4611, -21.2052], [55.4612, -21.2061], [55.462, -21.2076], [55.4624, -21.2089], [55.4623, -21.21], [55.4625, -21.2109], [55.463, -21.2118], [55.463, -21.2127], [55.4634, -21.2136], [55.4633, -21.2144], [55.4634, -21.2154], [55.4632, -21.2162], [55.4627, -21.2173], [55.4622, -21.2182], [55.4615, -21.219], [55.4612, -21.22], [55.461, -21.221], [55.4607, -21.2218], [55.4608, -21.2229], [55.4607, -21.2237], [55.4605, -21.2246], [55.4609, -21.2257], [55.4611, -21.227], [55.4612, -21.228], [55.4613, -21.2289], [55.4612, -21.2301], [55.4609, -21.2312], [55.4603, -21.2322], [55.46, -21.233], [55.4598, -21.2339], [55.4594, -21.2347], [55.4593, -21.2357], [55.4592, -21.2368], [55.4596, -21.2379], [55.46, -21.2387], [55.4598, -21.2397], [55.4598, -21.2406], [55.4596, -21.2419], [55.4603, -21.2429], [55.4611, -21.2441], [55.4616, -21.2451], [55.4622, -21.2463], [55.4623, -21.2472], [55.4623, -21.2481], [55.4615, -21.249], [55.4614, -21.2499], [55.4621, -21.2509], [55.4622, -21.2518], [55.4627, -21.2526], [55.4635, -21.2532], [55.464, -21.254], [55.4642, -21.2551], [55.4643, -21.2559], [55.4642, -21.2569], [55.4639, -21.2579], [55.4639, -21.2588], [55.4639, -21.2598], [55.4635, -21.2606], [55.4633, -21.2615], [55.4633, -21.2626], [55.4629, -21.2636], [55.4624, -21.2646], [55.4621, -21.2658], [55.4618, -21.2667], [55.4615, -21.268], [55.4611, -21.2692], [55.4601, -21.2701], [55.4592, -21.2705], [55.4584, -21.2706], [55.4575, -21.2708], [55.4566, -21.2713], [55.4575, -21.272], [55.4584, -21.2725], [55.4592, -21.2729], [55.4603, -21.2738], [55.4603, -21.2748], [55.4592, -21.2763], [55.4589, -21.2773], [55.4584, -21.2784], [55.4582, -21.2794], [55.4575, -21.2807], [55.4566, -21.2805], [55.4564, -21.2813], [55.4561, -21.2822], [55.4557, -21.2836], [55.4554, -21.2847], [55.4555, -21.2858]]]}}, {"type": "Feature", "properties": {"nom": "Saint-Paul", "code": "97415", "codeDepartement": "974", "siren": "219740156", "codeEpci": "249740101", "codeRegion": "04", "codesPostaux": ["97411", "97422", "97423", "97434", "97435", "97460"], "population": 108088}, "geometry": {"type": "MultiPolygon", "coordinates": [[[[55.2242, -21.0553], [55.2249, -21.0543], [55.2245, -21.0552], [55.2242, -21.0553]]], [[[55.4226, -21.1161], [55.4222, -21.1152], [55.421, -21.1145], [55.4199, -21.1143], [55.419, -21.1139], [55.418, -21.1134], [55.4171, -21.1133], [55.4161, -21.1129], [55.4152, -21.112], [55.4143, -21.1113], [55.4134, -21.111], [55.4126, -21.1104], [55.4116, -21.1101], [55.4107, -21.1095], [55.4099, -21.1087], [55.4089, -21.1079], [55.4083, -21.1071], [55.4071, -21.1064], [55.4061, -21.1059], [55.4053, -21.1053], [55.4048, -21.1044], [55.4039, -21.1036], [55.4029, -21.103], [55.4021, -21.1023], [55.4011, -21.1013], [55.4006, -21.1002], [55.3999, -21.0994], [55.399, -21.0991], [55.3981, -21.0991], [55.3972, -21.099], [55.3963, -21.0983], [55.3951, -21.0981], [55.3941, -21.0982], [55.3929, -21.0982], [55.392, -21.0983], [55.3912, -21.0983], [55.3902, -21.0983], [55.389, -21.0984], [55.3881, -21.0982], [55.3872, -21.0979], [55.3863, -21.0981], [55.3852, -21.098], [55.3842, -21.0973], [55.383, -21.0972], [55.3821, -21.0974], [55.3811, -21.0982], [55.38, -21.0984], [55.3791, -21.0987], [55.3781, -21.0989], [55.3772, -21.0989], [55.3763, -21.0991], [55.3751, -21.099], [55.3737, -21.0985], [55.3727, -21.0981], [55.3717, -21.0978], [55.3705, -21.0976], [55.3695, -21.097], [55.3686, -21.0966], [55.3674, -21.0962], [55.3664, -21.0962], [55.3654, -21.0963], [55.3645, -21.0957], [55.3636, -21.0948], [55.3627, -21.0944], [55.3616, -21.094], [55.3607, -21.0936], [55.3596, -21.0938], [55.3587, -21.0941], [55.3577, -21.0946], [55.3568, -21.0948], [55.3559, -21.0946], [55.3547, -21.0945], [55.3537, -21.0945], [55.3528, -21.0945], [55.3519, -21.0946], [55.3505, -21.0942], [55.3491, -21.0943], [55.3481, -21.0943], [55.3471, -21.0942], [55.3461, -21.094], [55.3449, -21.0937], [55.3437, -21.0935], [55.3427, -21.0934], [55.3418, -21.0937], [55.3406, -21.0937], [55.3398, -21.0939], [55.3389, -21.094], [55.3377, -21.0942], [55.3368, -21.0948], [55.3358, -21.0949], [55.3348, -21.0947], [55.3338, -21.0945], [55.3327, -21.0942], [55.3318, -21.0941], [55.3308, -21.0942], [55.3298, -21.0937], [55.3284, -21.0936], [55.3276, -21.0937], [55.3266, -21.0938], [55.3256, -21.0935], [55.3246, -21.0928], [55.3237, -21.0924], [55.3226, -21.0921], [55.3217, -21.0921], [55.3207, -21.0921], [55.3199, -21.0923], [55.3188, -21.0923], [55.318, -21.0923], [55.317, -21.0923], [55.316, -21.0924], [55.3152, -21.0922], [55.314, -21.0924], [55.3129, -21.0921], [55.3119, -21.0921], [55.311, -21.0924], [55.3099, -21.0924], [55.309, -21.0923], [55.308, -21.0927], [55.3072, -21.0936], [55.3063, -21.0936], [55.305, -21.0943], [55.304, -21.0944], [55.303, -21.0944], [55.3016, -21.0945], [55.3004, -21.0945], [55.2994, -21.0946], [55.2989, -21.0954], [55.2981, -21.0963], [55.2972, -21.0966], [55.2963, -21.0967], [55.2951, -21.0976], [55.2941, -21.098], [55.2931, -21.0979], [55.2922, -21.0981], [55.2913, -21.0987], [55.2903, -21.0989], [55.2894, -21.0992], [55.2884, -21.0994], [55.2876, -21.0997], [55.2864, -21.0999], [55.2853, -21.1001], [55.284, -21.1002], [55.2829, -21.1003], [55.2819, -21.1004], [55.2807, -21.1009], [55.2797, -21.1013], [55.2787, -21.1021], [55.2777, -21.1028], [55.2768, -21.1024], [55.2757, -21.1029], [55.2748, -21.1035], [55.2738, -21.104], [55.2726, -21.1048], [55.2716, -21.1049], [55.2707, -21.1055], [55.2698, -21.106], [55.2688, -21.1061], [55.2679, -21.1065], [55.2676, -21.1081], [55.2664, -21.1081], [55.2654, -21.1078], [55.2642, -21.1082], [55.2634, -21.1084], [55.2625, -21.1087], [55.261, -21.1094], [55.26, -21.1097], [55.2591, -21.1093], [55.2582, -21.1092], [55.2573, -21.1094], [55.2564, -21.1099], [55.2554, -21.1098], [55.2545, -21.1095], [55.2536, -21.1096], [55.2525, -21.1088], [55.2513, -21.1083], [55.2499, -21.1072], [55.2489, -21.1066], [55.248, -21.1062], [55.2476, -21.1054], [55.247, -21.1044], [55.2464, -21.1031], [55.2457, -21.1023], [55.2447, -21.1018], [55.2436, -21.1012], [55.2418, -21.1], [55.2406, -21.0991], [55.2397, -21.0985], [55.2387, -21.0978], [55.2372, -21.0964], [55.2361, -21.0956], [55.2348, -21.0948], [55.2338, -21.0938], [55.2329, -21.093], [55.2319, -21.0922], [55.231, -21.0914], [55.2303, -21.0905], [55.2294, -21.089], [55.2287, -21.0881], [55.228, -21.0873], [55.2274, -21.0861], [55.227, -21.0851], [55.2264, -21.0843], [55.2252, -21.083], [55.2241, -21.0819], [55.2232, -21.081], [55.2223, -21.0799], [55.2215, -21.0788], [55.221, -21.0776], [55.2206, -21.0764], [55.2205, -21.0749], [55.2204, -21.0738], [55.2203, -21.0724], [55.2203, -21.0714], [55.2205, -21.0706], [55.2206, -21.0694], [55.2207, -21.0681], [55.221, -21.0671], [55.2211, -21.0661], [55.2213, -21.0651], [55.2216, -21.0635], [55.2216, -21.0624], [55.2216, -21.0616], [55.2218, -21.0605], [55.2218, -21.0597], [55.2218, -21.0582], [55.2222, -21.0571], [55.2225, -21.0562], [55.222, -21.0554], [55.2229, -21.0553], [55.2243, -21.0556], [55.2255, -21.0549], [55.2263, -21.0541], [55.2251, -21.054], [55.2242, -21.0545], [55.2232, -21.0551], [55.2241, -21.054], [55.2237, -21.0529], [55.223, -21.0521], [55.2223, -21.0511], [55.2213, -21.05], [55.2208, -21.0489], [55.2201, -21.0479], [55.2197, -21.0469], [55.2192, -21.0461], [55.2186, -21.0451], [55.218, -21.0441], [55.2177, -21.0432], [55.2173, -21.0422], [55.2168, -21.0405], [55.2166, -21.0395], [55.2166, -21.0385], [55.2169, -21.0375], [55.2172, -21.0366], [55.218, -21.0362], [55.2191, -21.0353], [55.2202, -21.034], [55.2208, -21.0331], [55.2214, -21.0323], [55.2225, -21.0318], [55.2235, -21.0309], [55.2244, -21.0299], [55.2251, -21.0291], [55.2255, -21.0282], [55.226, -21.0273], [55.2259, -21.0265], [55.2268, -21.0269], [55.2276, -21.0262], [55.2281, -21.0253], [55.2287, -21.0245], [55.2296, -21.0235], [55.2309, -21.0225], [55.232, -21.0222], [55.2329, -21.0213], [55.2332, -21.0205], [55.2337, -21.0195], [55.2342, -21.0187], [55.2351, -21.0182], [55.2361, -21.0184], [55.237, -21.018], [55.2379, -21.0182], [55.2389, -21.0189], [55.2401, -21.0191], [55.241, -21.019], [55.2419, -21.0192], [55.2428, -21.0195], [55.2438, -21.0195], [55.2448, -21.0196], [55.2456, -21.0199], [55.2473, -21.02], [55.2485, -21.0195], [55.2501, -21.019], [55.2513, -21.0183], [55.2525, -21.0177], [55.2533, -21.0175], [55.2546, -21.0167], [55.2557, -21.0165], [55.2566, -21.016], [55.2577, -21.0154], [55.2593, -21.0146], [55.2616, -21.0132], [55.264, -21.0118], [55.2668, -21.0099], [55.2693, -21.008], [55.2724, -21.0052], [55.2732, -21.0044], [55.2739, -21.0036], [55.275, -21.0024], [55.276, -21.0012], [55.2769, -21.0], [55.2775, -20.999], [55.2782, -20.998], [55.2786, -20.9972], [55.279, -20.9961], [55.2794, -20.995], [55.2798, -20.9939], [55.28, -20.993], [55.2802, -20.9918], [55.2805, -20.9897], [55.2807, -20.9888], [55.2808, -20.9874], [55.281, -20.9864], [55.2812, -20.9852], [55.2814, -20.9843], [55.2816, -20.9833], [55.2818, -20.9824], [55.282, -20.9811], [55.2822, -20.9803], [55.2826, -20.9787], [55.2826, -20.9773], [55.2826, -20.9761], [55.2826, -20.9749], [55.2826, -20.9735], [55.2824, -20.9725], [55.2823, -20.9715], [55.2821, -20.9704], [55.2818, -20.9695], [55.2814, -20.9685], [55.2812, -20.9675], [55.2809, -20.9667], [55.2806, -20.9657], [55.28, -20.9647], [55.2793, -20.9635], [55.2788, -20.9625], [55.2785, -20.9616], [55.2782, -20.9607], [55.2779, -20.9598], [55.2776, -20.9589], [55.2773, -20.9578], [55.2804, -20.9577], [55.2851, -20.9561], [55.2964, -20.9568], [55.2976, -20.9569], [55.2995, -20.9576], [55.3015, -20.9582], [55.3082, -20.9599], [55.3098, -20.9606], [55.3108, -20.9617], [55.3118, -20.9624], [55.3127, -20.9631], [55.3136, -20.9633], [55.3156, -20.9656], [55.3159, -20.9664], [55.3189, -20.9691], [55.3215, -20.9694], [55.3226, -20.9697], [55.3242, -20.9698], [55.3256, -20.9705], [55.3303, -20.9708], [55.3335, -20.971], [55.3364, -20.9711], [55.3378, -20.9716], [55.3422, -20.9729], [55.3438, -20.9731], [55.345, -20.9731], [55.3468, -20.9732], [55.3493, -20.9736], [55.3509, -20.9743], [55.3551, -20.9757], [55.3561, -20.9762], [55.3571, -20.9772], [55.3581, -20.9777], [55.3597, -20.9798], [55.3607, -20.9804], [55.3616, -20.9812], [55.3628, -20.9818], [55.3637, -20.9823], [55.3653, -20.9836], [55.3667, -20.9855], [55.368, -20.9864], [55.369, -20.9873], [55.3712, -20.9887], [55.3722, -20.9901], [55.3728, -20.991], [55.3729, -20.9918], [55.3728, -20.9935], [55.3729, -20.9944], [55.3732, -20.9953], [55.3739, -20.9965], [55.375, -20.9976], [55.3759, -20.9985], [55.3771, -20.999], [55.3782, -20.9991], [55.3795, -20.9993], [55.3811, -20.9993], [55.3823, -20.9987], [55.3832, -20.9982], [55.3841, -20.9979], [55.3854, -20.9984], [55.3864, -20.9991], [55.3874, -21.0001], [55.3879, -21.0009], [55.3886, -21.0019], [55.3891, -21.0029], [55.39, -21.004], [55.3911, -21.0045], [55.3925, -21.0047], [55.3935, -21.0044], [55.3944, -21.0044], [55.3953, -21.0052], [55.3962, -21.0071], [55.3967, -21.0081], [55.3983, -21.0081], [55.3994, -21.0084], [55.4005, -21.0094], [55.4012, -21.0109], [55.4012, -21.0118], [55.4006, -21.0129], [55.4003, -21.0138], [55.4012, -21.0146], [55.4025, -21.0156], [55.4032, -21.0169], [55.4032, -21.0177], [55.4034, -21.0186], [55.4039, -21.0195], [55.4044, -21.0204], [55.4038, -21.0212], [55.4031, -21.0223], [55.4035, -21.0233], [55.4028, -21.0242], [55.4019, -21.0246], [55.4019, -21.0256], [55.4012, -21.0265], [55.4004, -21.0268], [55.3987, -21.0274], [55.3976, -21.0279], [55.398, -21.0289], [55.3992, -21.0298], [55.4002, -21.0304], [55.4003, -21.0313], [55.4005, -21.0322], [55.4012, -21.033], [55.4012, -21.0339], [55.4016, -21.0347], [55.4025, -21.0352], [55.4033, -21.036], [55.4032, -21.0369], [55.4026, -21.0381], [55.4022, -21.0392], [55.4026, -21.0402], [55.4034, -21.0411], [55.4034, -21.042], [55.4029, -21.043], [55.4027, -21.0441], [55.4026, -21.045], [55.4031, -21.046], [55.4022, -21.0467], [55.4018, -21.0478], [55.4021, -21.0486], [55.4017, -21.0495], [55.4026, -21.0501], [55.4036, -21.0509], [55.4039, -21.0519], [55.4048, -21.0526], [55.4045, -21.0536], [55.4046, -21.0544], [55.4057, -21.0545], [55.4067, -21.0546], [55.4065, -21.0555], [55.4059, -21.0563], [55.4068, -21.0569], [55.4076, -21.0569], [55.4086, -21.0574], [55.4095, -21.058], [55.4109, -21.0586], [55.4117, -21.0589], [55.4126, -21.0594], [55.413, -21.0603], [55.4141, -21.0608], [55.4147, -21.0618], [55.4158, -21.0628], [55.4166, -21.0634], [55.417, -21.0644], [55.4174, -21.0654], [55.4175, -21.0664], [55.4174, -21.0674], [55.4169, -21.0682], [55.4158, -21.069], [55.4152, -21.0698], [55.4148, -21.0707], [55.4142, -21.0715], [55.4133, -21.0721], [55.4133, -21.0729], [55.4123, -21.0734], [55.4122, -21.0742], [55.4118, -21.0751], [55.4108, -21.0757], [55.4103, -21.0766], [55.4092, -21.0771], [55.4083, -21.0774], [55.4077, -21.0783], [55.4071, -21.0793], [55.4065, -21.0801], [55.4056, -21.0806], [55.4047, -21.0812], [55.4047, -21.082], [55.4043, -21.0831], [55.4037, -21.084], [55.4044, -21.0848], [55.4053, -21.0857], [55.4062, -21.0858], [55.4071, -21.0859], [55.4081, -21.0856], [55.4089, -21.086], [55.4088, -21.0871], [55.4097, -21.0874], [55.4101, -21.0885], [55.4114, -21.0894], [55.4118, -21.0903], [55.4128, -21.0905], [55.4138, -21.0908], [55.4142, -21.0919], [55.4151, -21.0925], [55.4161, -21.0932], [55.4169, -21.094], [55.4177, -21.095], [55.4188, -21.0956], [55.4196, -21.0959], [55.4205, -21.0961], [55.4213, -21.0969], [55.4222, -21.0964], [55.4231, -21.0959], [55.424, -21.0959], [55.425, -21.0956], [55.4255, -21.0948], [55.4261, -21.0937], [55.4267, -21.0927], [55.4272, -21.0919], [55.4283, -21.0914], [55.4293, -21.0918], [55.4302, -21.0924], [55.4312, -21.0923], [55.432, -21.0924], [55.433, -21.0925], [55.4339, -21.0923], [55.4348, -21.0928], [55.4354, -21.0919], [55.4363, -21.092], [55.4374, -21.0923], [55.4382, -21.0925], [55.4393, -21.092], [55.4402, -21.0915], [55.4412, -21.0908], [55.4421, -21.0902], [55.4422, -21.0891], [55.4421, -21.0882], [55.4414, -21.0874], [55.4413, -21.0865], [55.4421, -21.086], [55.4432, -21.086], [55.4441, -21.0868], [55.445, -21.0861], [55.4456, -21.0852], [55.4465, -21.0848], [55.4474, -21.0844], [55.4483, -21.0839], [55.4494, -21.0838], [55.4502, -21.084], [55.4512, -21.0843], [55.4521, -21.0845], [55.453, -21.0848], [55.4542, -21.0852], [55.4552, -21.0859], [55.4561, -21.0866], [55.4581, -21.0869], [55.4601, -21.0864], [55.4622, -21.086], [55.4639, -21.0857], [55.4631, -21.0867], [55.4627, -21.0876], [55.4623, -21.0884], [55.4614, -21.0889], [55.4594, -21.0904], [55.4586, -21.091], [55.4585, -21.0919], [55.4577, -21.0927], [55.4566, -21.093], [55.4556, -21.0932], [55.455, -21.0941], [55.4553, -21.0951], [55.4557, -21.0959], [55.4559, -21.0969], [55.4562, -21.0978], [55.4559, -21.0988], [55.4554, -21.0998], [55.4544, -21.1007], [55.4534, -21.1012], [55.4524, -21.1012], [55.4508, -21.1026], [55.4497, -21.1034], [55.4483, -21.1041], [55.4473, -21.1048], [55.446, -21.1055], [55.4451, -21.1059], [55.4439, -21.1066], [55.4428, -21.1072], [55.4419, -21.1073], [55.4405, -21.1078], [55.4396, -21.1086], [55.4388, -21.1094], [55.4379, -21.1101], [55.437, -21.1109], [55.4359, -21.1119], [55.4346, -21.1124], [55.4335, -21.1125], [55.4325, -21.1129], [55.4316, -21.1138], [55.4308, -21.1136], [55.4299, -21.1137], [55.4289, -21.1134], [55.4279, -21.1142], [55.4278, -21.1152], [55.4266, -21.1159], [55.4257, -21.1168], [55.4248, -21.117], [55.4239, -21.1171], [55.4231, -21.1165], [55.4226, -21.1161]]]]}}, {"type": "Feature", "properties": {"nom": "Saint-Pierre", "code": "97416", "codeDepartement": "974", "siren": "219740164", "codeEpci": "249740077", "codeRegion": "04", "codesPostaux": ["97410", "97432"], "population": 85038}, "geometry": {"type": "Polygon", "coordinates": [[[55.4555, -21.2858], [55.4614, -21.2826], [55.4624, -21.2809], [55.4627, -21.2796], [55.4652, -21.2776], [55.4661, -21.2762], [55.4668, -21.2751], [55.4669, -21.274], [55.4667, -21.2721], [55.4672, -21.271], [55.4701, -21.2698], [55.4708, -21.269], [55.4712, -21.2681], [55.4712, -21.2673], [55.4708, -21.2664], [55.4708, -21.2655], [55.471, -21.2646], [55.4705, -21.2636], [55.4698, -21.2626], [55.4701, -21.2617], [55.4701, -21.2607], [55.47, -21.2598], [55.4706, -21.2583], [55.4712, -21.2574], [55.4723, -21.2571], [55.4731, -21.2571], [55.4741, -21.2568], [55.4753, -21.2565], [55.4763, -21.256], [55.4768, -21.2551], [55.4776, -21.2552], [55.4786, -21.255], [55.4809, -21.2555], [55.4821, -21.2565], [55.4853, -21.2591], [55.4864, -21.26], [55.4887, -21.2637], [55.4892, -21.2646], [55.4902, -21.2655], [55.491, -21.2664], [55.492, -21.2674], [55.4928, -21.2673], [55.4929, -21.2681], [55.4934, -21.2693], [55.4946, -21.2703], [55.4955, -21.2709], [55.4964, -21.2718], [55.4968, -21.2726], [55.4977, -21.2734], [55.4974, -21.2743], [55.4969, -21.2752], [55.4971, -21.2761], [55.4974, -21.277], [55.4979, -21.2779], [55.4992, -21.2786], [55.5002, -21.279], [55.5006, -21.2802], [55.5016, -21.2812], [55.5025, -21.2823], [55.5034, -21.2833], [55.5045, -21.2839], [55.5054, -21.2844], [55.5067, -21.285], [55.5078, -21.2857], [55.509, -21.2863], [55.5103, -21.2872], [55.5112, -21.2876], [55.5122, -21.2885], [55.5131, -21.2888], [55.514, -21.2884], [55.5142, -21.2893], [55.5151, -21.2904], [55.5162, -21.2914], [55.5164, -21.2924], [55.5166, -21.2933], [55.5159, -21.2943], [55.5149, -21.2953], [55.5137, -21.2963], [55.5127, -21.2971], [55.5117, -21.2976], [55.5107, -21.2974], [55.5096, -21.2979], [55.5095, -21.2989], [55.5094, -21.2998], [55.5098, -21.3008], [55.5107, -21.3006], [55.5116, -21.3002], [55.5127, -21.2998], [55.5138, -21.3002], [55.5147, -21.3004], [55.5157, -21.3002], [55.5167, -21.2999], [55.5177, -21.3006], [55.5186, -21.3004], [55.5206, -21.3022], [55.5228, -21.3042], [55.5245, -21.3057], [55.526, -21.307], [55.5272, -21.3082], [55.5284, -21.3093], [55.5301, -21.3111], [55.5313, -21.3124], [55.5322, -21.3134], [55.5328, -21.3143], [55.5335, -21.3153], [55.5348, -21.3165], [55.5361, -21.3159], [55.537, -21.3153], [55.5375, -21.3142], [55.5379, -21.3131], [55.5389, -21.3126], [55.5398, -21.3126], [55.5407, -21.3118], [55.5419, -21.3125], [55.5427, -21.3117], [55.5439, -21.3114], [55.545, -21.3115], [55.5459, -21.3111], [55.5471, -21.3112], [55.548, -21.3104], [55.549, -21.3102], [55.5502, -21.3103], [55.5508, -21.3095], [55.5518, -21.3086], [55.5521, -21.3077], [55.5531, -21.3072], [55.5535, -21.3064], [55.5535, -21.3056], [55.5545, -21.3053], [55.5555, -21.3051], [55.5555, -21.3038], [55.5564, -21.3028], [55.5572, -21.3027], [55.5582, -21.303], [55.5591, -21.3032], [55.5601, -21.3021], [55.561, -21.3021], [55.5621, -21.3013], [55.563, -21.3012], [55.5633, -21.3003], [55.5643, -21.3], [55.5654, -21.3], [55.5663, -21.2991], [55.5679, -21.2985], [55.5688, -21.2983], [55.5697, -21.2984], [55.5709, -21.2979], [55.5718, -21.2969], [55.5728, -21.2961], [55.5738, -21.2961], [55.5744, -21.2949], [55.5747, -21.2938], [55.5756, -21.2931], [55.5759, -21.2921], [55.5765, -21.2911], [55.5769, -21.2902], [55.5778, -21.2899], [55.5781, -21.2889], [55.5782, -21.2881], [55.5786, -21.2873], [55.5791, -21.2861], [55.5799, -21.2858], [55.5808, -21.2855], [55.5815, -21.2846], [55.5827, -21.2838], [55.5844, -21.2834], [55.5851, -21.2823], [55.5859, -21.2822], [55.5873, -21.2814], [55.5882, -21.2814], [55.5893, -21.2807], [55.5902, -21.2801], [55.5911, -21.2796], [55.5913, -21.2787], [55.5921, -21.2786], [55.5931, -21.2776], [55.5935, -21.2767], [55.5938, -21.2759], [55.5947, -21.2756], [55.5956, -21.2753], [55.5964, -21.2749], [55.5973, -21.2743], [55.598, -21.2735], [55.5996, -21.2733], [55.6007, -21.2724], [55.6017, -21.2726], [55.6017, -21.2737], [55.602, -21.275], [55.602, -21.276], [55.6025, -21.2771], [55.6037, -21.2783], [55.6035, -21.2792], [55.6035, -21.2801], [55.6035, -21.281], [55.6034, -21.2818], [55.6034, -21.2827], [55.6036, -21.2835], [55.6039, -21.2844], [55.6043, -21.2854], [55.6047, -21.2862], [55.6046, -21.2872], [55.5997, -21.2886], [55.598, -21.2889], [55.5965, -21.289], [55.5939, -21.2902], [55.594, -21.2912], [55.594, -21.292], [55.5931, -21.2925], [55.5926, -21.2935], [55.5926, -21.2945], [55.5923, -21.2954], [55.5911, -21.2961], [55.5902, -21.2969], [55.5895, -21.2978], [55.5883, -21.2982], [55.5883, -21.2992], [55.5876, -21.3001], [55.5876, -21.3011], [55.5867, -21.3014], [55.5858, -21.3025], [55.5852, -21.3034], [55.5845, -21.3043], [55.5832, -21.3037], [55.5822, -21.3043], [55.5815, -21.3052], [55.5811, -21.307], [55.5806, -21.3095], [55.5797, -21.3097], [55.5791, -21.3107], [55.5781, -21.3109], [55.5772, -21.3109], [55.5759, -21.3112], [55.575, -21.3113], [55.5742, -21.3119], [55.5733, -21.3121], [55.5724, -21.3125], [55.5719, -21.3134], [55.5708, -21.3137], [55.5701, -21.3146], [55.5693, -21.3154], [55.5684, -21.3162], [55.5675, -21.3164], [55.5667, -21.3163], [55.5657, -21.3162], [55.5646, -21.316], [55.5636, -21.316], [55.5626, -21.3159], [55.5618, -21.3158], [55.5608, -21.316], [55.5598, -21.3168], [55.5589, -21.3168], [55.558, -21.3172], [55.5575, -21.318], [55.5565, -21.3179], [55.5552, -21.3185], [55.5543, -21.3187], [55.5534, -21.3193], [55.5525, -21.32], [55.5515, -21.3206], [55.5506, -21.3209], [55.5498, -21.3213], [55.5489, -21.3211], [55.5481, -21.3219], [55.5471, -21.3223], [55.546, -21.3235], [55.5457, -21.3244], [55.5448, -21.3255], [55.544, -21.3263], [55.5439, -21.3271], [55.544, -21.3281], [55.5443, -21.3291], [55.5445, -21.3301], [55.5448, -21.3311], [55.5452, -21.3322], [55.5445, -21.3332], [55.5445, -21.3342], [55.544, -21.3354], [55.5443, -21.3363], [55.5434, -21.3373], [55.5433, -21.3381], [55.543, -21.339], [55.5433, -21.34], [55.5425, -21.3406], [55.5425, -21.3415], [55.5417, -21.3423], [55.5416, -21.3434], [55.5414, -21.3442], [55.5413, -21.3453], [55.5405, -21.3463], [55.5403, -21.3473], [55.5397, -21.3482], [55.5387, -21.349], [55.5389, -21.3501], [55.538, -21.3513], [55.5378, -21.3523], [55.5378, -21.3532], [55.5377, -21.3541], [55.5374, -21.3549], [55.5383, -21.3557], [55.5381, -21.3567], [55.5375, -21.3577], [55.5373, -21.3588], [55.537, -21.36], [55.5362, -21.3611], [55.5358, -21.3621], [55.5363, -21.363], [55.5352, -21.3632], [55.5342, -21.3634], [55.5332, -21.3635], [55.5322, -21.3632], [55.5314, -21.3631], [55.5298, -21.3627], [55.5287, -21.3625], [55.5272, -21.3619], [55.5263, -21.3618], [55.5253, -21.3608], [55.5244, -21.3607], [55.5235, -21.3608], [55.5226, -21.3601], [55.5216, -21.3595], [55.5207, -21.3591], [55.5202, -21.3583], [55.5193, -21.3585], [55.5184, -21.358], [55.5174, -21.3584], [55.5166, -21.3581], [55.5156, -21.3578], [55.5151, -21.357], [55.5141, -21.3571], [55.5132, -21.3566], [55.5122, -21.356], [55.5111, -21.3555], [55.5101, -21.3549], [55.5091, -21.355], [55.5082, -21.3543], [55.5074, -21.3541], [55.5071, -21.3531], [55.5068, -21.354], [55.5059, -21.3539], [55.505, -21.3533], [55.5041, -21.3525], [55.5032, -21.3516], [55.5022, -21.3513], [55.5014, -21.3508], [55.5004, -21.3506], [55.4995, -21.3505], [55.4984, -21.3506], [55.4975, -21.3506], [55.4965, -21.3509], [55.4954, -21.35], [55.4943, -21.3501], [55.4934, -21.35], [55.4923, -21.3501], [55.4913, -21.3507], [55.4905, -21.3507], [55.4896, -21.3506], [55.4887, -21.3504], [55.4878, -21.35], [55.4872, -21.3509], [55.4862, -21.3511], [55.4852, -21.3515], [55.4842, -21.352], [55.4839, -21.3512], [55.4838, -21.3502], [55.4832, -21.3494], [55.4822, -21.3488], [55.4814, -21.3479], [55.4805, -21.3475], [55.4793, -21.3479], [55.4802, -21.3469], [55.4803, -21.3457], [55.4797, -21.3448], [55.479, -21.3439], [55.4793, -21.343], [55.4796, -21.3422], [55.4798, -21.3413], [55.4791, -21.3422], [55.4786, -21.3433], [55.4784, -21.3443], [55.4771, -21.3442], [55.4756, -21.344], [55.4742, -21.3441], [55.4752, -21.3443], [55.4753, -21.3455], [55.4772, -21.3456], [55.4772, -21.3448], [55.4782, -21.3454], [55.4773, -21.3453], [55.4775, -21.3462], [55.4766, -21.3461], [55.4754, -21.3463], [55.4749, -21.3454], [55.475, -21.3446], [55.4736, -21.3445], [55.4725, -21.3445], [55.4712, -21.3446], [55.4704, -21.3447], [55.4691, -21.3442], [55.4681, -21.344], [55.4672, -21.3435], [55.4662, -21.3432], [55.4653, -21.3429], [55.4636, -21.3421], [55.4627, -21.3419], [55.4614, -21.3418], [55.4605, -21.3416], [55.4596, -21.3412], [55.4588, -21.3406], [55.4578, -21.3396], [55.457, -21.3386], [55.4561, -21.3377], [55.4562, -21.3369], [55.4556, -21.336], [55.4546, -21.3352], [55.454, -21.3343], [55.4545, -21.3331], [55.4549, -21.332], [55.4547, -21.3311], [55.4538, -21.3307], [55.4529, -21.3306], [55.4519, -21.3298], [55.4511, -21.3308], [55.4513, -21.33], [55.4506, -21.3291], [55.4497, -21.3285], [55.4486, -21.3282], [55.4472, -21.3281], [55.4464, -21.3279], [55.4455, -21.3283], [55.4439, -21.3283], [55.4428, -21.3281], [55.4414, -21.3279], [55.4399, -21.3276], [55.4389, -21.3273], [55.4379, -21.3271], [55.437, -21.327], [55.436, -21.3267], [55.4348, -21.3269], [55.4338, -21.3268], [55.4325, -21.3265], [55.4314, -21.3263], [55.4304, -21.3262], [55.4293, -21.3261], [55.4278, -21.3255], [55.4267, -21.3251], [55.4257, -21.3247], [55.4247, -21.3242], [55.4236, -21.3237], [55.4225, -21.323], [55.4214, -21.3224], [55.4203, -21.3218], [55.4192, -21.3212], [55.4183, -21.3205], [55.4175, -21.32], [55.4163, -21.3191], [55.4152, -21.3182], [55.4142, -21.3172], [55.4136, -21.3163], [55.4126, -21.3153], [55.4115, -21.3144], [55.4107, -21.3132], [55.4105, -21.3114], [55.4101, -21.3103], [55.4092, -21.3092], [55.4089, -21.3083], [55.4084, -21.3073], [55.4073, -21.3064], [55.4063, -21.3055], [55.4042, -21.3038], [55.4053, -21.3019], [55.4087, -21.3002], [55.4162, -21.297], [55.4174, -21.2962], [55.4181, -21.2951], [55.4196, -21.2947], [55.4205, -21.2946], [55.4231, -21.2936], [55.4275, -21.2936], [55.4297, -21.2927], [55.4338, -21.2927], [55.437, -21.2917], [55.4408, -21.2913], [55.4433, -21.29], [55.4481, -21.288], [55.4499, -21.287], [55.4531, -21.2861], [55.4555, -21.2858]]]}}, {"type": "Feature", "properties": {"nom": "Saint-Philippe", "code": "97417", "codeDepartement": "974", "siren": "219740172", "codeEpci": "249740085", "codeRegion": "04", "codesPostaux": ["97442"], "population": 5082}, "geometry": {"type": "Polygon", "coordinates": [[[55.6788, -21.2399], [55.6902, -21.241], [55.6931, -21.2413], [55.7047, -21.2424], [55.7141, -21.2433], [55.7266, -21.2445], [55.7355, -21.2454], [55.7447, -21.2463], [55.7549, -21.2473], [55.7641, -21.2482], [55.7734, -21.249], [55.7796, -21.2496], [55.7857, -21.2502], [55.7961, -21.2513], [55.7975, -21.2514], [55.7989, -21.2515], [55.8043, -21.252], [55.8041, -21.2529], [55.8037, -21.2538], [55.8031, -21.2546], [55.803, -21.2557], [55.8032, -21.2567], [55.8023, -21.2572], [55.8018, -21.2583], [55.8016, -21.2592], [55.8014, -21.2601], [55.8016, -21.2611], [55.8016, -21.2619], [55.8019, -21.2631], [55.8023, -21.2641], [55.8028, -21.2651], [55.8032, -21.2662], [55.8033, -21.2672], [55.8032, -21.2682], [55.8034, -21.2691], [55.8036, -21.27], [55.8038, -21.2709], [55.804, -21.2721], [55.8035, -21.2732], [55.8032, -21.2741], [55.8032, -21.275], [55.8031, -21.276], [55.8031, -21.2768], [55.8033, -21.2777], [55.8034, -21.2786], [55.8041, -21.2795], [55.8047, -21.2803], [55.8049, -21.2813], [55.8053, -21.2823], [55.8055, -21.2832], [55.8061, -21.2841], [55.8062, -21.285], [55.8069, -21.2859], [55.8074, -21.2868], [55.8081, -21.2877], [55.808, -21.2886], [55.8076, -21.2894], [55.8075, -21.2905], [55.8071, -21.2915], [55.8061, -21.2921], [55.8053, -21.2935], [55.8052, -21.2948], [55.8052, -21.2958], [55.8053, -21.2966], [55.8052, -21.2975], [55.8054, -21.2985], [55.8049, -21.2994], [55.8047, -21.3006], [55.8048, -21.3014], [55.8048, -21.3024], [55.8047, -21.3033], [55.8046, -21.3042], [55.8045, -21.3051], [55.8052, -21.3062], [55.8049, -21.3071], [55.8044, -21.3079], [55.8043, -21.3088], [55.8038, -21.3097], [55.8046, -21.3105], [55.8043, -21.3114], [55.8045, -21.3122], [55.8045, -21.3132], [55.8046, -21.314], [55.8047, -21.3151], [55.8046, -21.3161], [55.8049, -21.3169], [55.8058, -21.3176], [55.8055, -21.3184], [55.8054, -21.3194], [55.8052, -21.3204], [55.8051, -21.3212], [55.8054, -21.3222], [55.8056, -21.323], [55.8058, -21.324], [55.8059, -21.325], [55.8059, -21.3258], [55.8064, -21.3269], [55.8068, -21.3279], [55.8076, -21.329], [55.8083, -21.33], [55.809, -21.3308], [55.8085, -21.3317], [55.8083, -21.3326], [55.8081, -21.3335], [55.8077, -21.3345], [55.8074, -21.3353], [55.8074, -21.3362], [55.8065, -21.3371], [55.8055, -21.3384], [55.8046, -21.3393], [55.8042, -21.3402], [55.8036, -21.341], [55.8029, -21.3419], [55.8024, -21.3428], [55.8018, -21.3439], [55.8009, -21.3448], [55.8003, -21.3456], [55.7997, -21.3469], [55.7992, -21.3479], [55.798, -21.3489], [55.7971, -21.3497], [55.7972, -21.3505], [55.7962, -21.3505], [55.7953, -21.3509], [55.7943, -21.3512], [55.7934, -21.3519], [55.7925, -21.3522], [55.7924, -21.3531], [55.7915, -21.3535], [55.7906, -21.3543], [55.7897, -21.3545], [55.7889, -21.3545], [55.7884, -21.3554], [55.7876, -21.3559], [55.7869, -21.3567], [55.7859, -21.3573], [55.785, -21.358], [55.7841, -21.3587], [55.7832, -21.3592], [55.7828, -21.3603], [55.7832, -21.3611], [55.7823, -21.361], [55.7813, -21.3614], [55.7803, -21.362], [55.7792, -21.3623], [55.7784, -21.3629], [55.7774, -21.3632], [55.7764, -21.3638], [55.7756, -21.3644], [55.7747, -21.365], [55.7739, -21.3657], [55.773, -21.3652], [55.7722, -21.3651], [55.7713, -21.3654], [55.7704, -21.3655], [55.7694, -21.3653], [55.7684, -21.3653], [55.7674, -21.3652], [55.7667, -21.3644], [55.7656, -21.3644], [55.7647, -21.364], [55.7638, -21.3637], [55.7628, -21.3637], [55.7619, -21.3639], [55.761, -21.3641], [55.7602, -21.3644], [55.7593, -21.3636], [55.7585, -21.3634], [55.7575, -21.3632], [55.7566, -21.363], [55.7557, -21.3632], [55.7548, -21.3635], [55.754, -21.3643], [55.7534, -21.3651], [55.7532, -21.366], [55.7522, -21.3665], [55.7514, -21.3669], [55.7505, -21.3677], [55.7496, -21.3674], [55.7486, -21.3675], [55.7478, -21.3681], [55.7465, -21.3683], [55.7454, -21.3685], [55.7443, -21.3686], [55.7433, -21.3689], [55.742, -21.3691], [55.7411, -21.369], [55.7402, -21.3691], [55.7391, -21.3692], [55.738, -21.3688], [55.7367, -21.3687], [55.7358, -21.3688], [55.7349, -21.369], [55.734, -21.3687], [55.7332, -21.3692], [55.7323, -21.3699], [55.7315, -21.3698], [55.7303, -21.3694], [55.7293, -21.3694], [55.7285, -21.3697], [55.7276, -21.3699], [55.7268, -21.3702], [55.7259, -21.3704], [55.725, -21.3711], [55.7241, -21.3717], [55.7232, -21.3718], [55.7223, -21.3727], [55.7213, -21.373], [55.7203, -21.3734], [55.7192, -21.3738], [55.7183, -21.3738], [55.7172, -21.3747], [55.7161, -21.375], [55.7152, -21.3751], [55.7141, -21.3752], [55.7133, -21.3751], [55.7123, -21.3751], [55.7114, -21.3749], [55.7109, -21.3758], [55.71, -21.3756], [55.7091, -21.376], [55.7082, -21.3759], [55.7073, -21.3761], [55.7064, -21.3765], [55.7054, -21.3762], [55.7044, -21.3763], [55.7033, -21.3766], [55.7021, -21.3766], [55.7008, -21.3765], [55.701, -21.3757], [55.702, -21.3749], [55.7034, -21.3736], [55.7043, -21.3728], [55.7052, -21.3724], [55.7055, -21.3715], [55.7054, -21.3706], [55.7053, -21.3693], [55.7051, -21.3683], [55.7054, -21.3675], [55.7057, -21.3661], [55.7053, -21.3651], [55.7051, -21.364], [55.7051, -21.3629], [55.7044, -21.3618], [55.7042, -21.3609], [55.7032, -21.3598], [55.7023, -21.3593], [55.7019, -21.3585], [55.701, -21.3578], [55.7003, -21.3567], [55.6999, -21.3556], [55.7002, -21.3547], [55.6994, -21.3541], [55.6993, -21.3532], [55.6992, -21.3523], [55.6992, -21.3514], [55.6989, -21.3506], [55.6985, -21.3497], [55.698, -21.3487], [55.698, -21.3479], [55.6975, -21.3467], [55.6978, -21.3458], [55.6985, -21.3449], [55.6984, -21.3438], [55.6985, -21.3429], [55.6986, -21.3418], [55.6978, -21.3407], [55.698, -21.3397], [55.6976, -21.3387], [55.6988, -21.3383], [55.6993, -21.3374], [55.6993, -21.3365], [55.6992, -21.3355], [55.6994, -21.3343], [55.6989, -21.3333], [55.6983, -21.3324], [55.6975, -21.3313], [55.6966, -21.3305], [55.6966, -21.3296], [55.6963, -21.3281], [55.6957, -21.3272], [55.6955, -21.3261], [55.6951, -21.3253], [55.6948, -21.3244], [55.6938, -21.3242], [55.6935, -21.3233], [55.6934, -21.3224], [55.6931, -21.3214], [55.693, -21.3206], [55.6932, -21.3196], [55.6921, -21.3186], [55.6917, -21.3175], [55.6915, -21.3161], [55.6908, -21.3138], [55.6899, -21.3131], [55.6889, -21.3128], [55.6884, -21.3119], [55.6884, -21.3111], [55.688, -21.3098], [55.6876, -21.3087], [55.6879, -21.3078], [55.6877, -21.3069], [55.6877, -21.306], [55.6874, -21.3052], [55.6873, -21.3043], [55.6875, -21.3034], [55.6876, -21.3025], [55.6877, -21.3015], [55.6885, -21.3007], [55.6885, -21.2997], [55.6889, -21.2986], [55.6895, -21.2976], [55.6901, -21.2967], [55.6904, -21.2958], [55.6906, -21.2949], [55.6908, -21.2939], [55.6907, -21.2931], [55.6902, -21.2921], [55.6905, -21.2913], [55.6904, -21.2904], [55.6903, -21.2896], [55.691, -21.2886], [55.6908, -21.2877], [55.6905, -21.2869], [55.6907, -21.2859], [55.6907, -21.285], [55.691, -21.2842], [55.6907, -21.2833], [55.6906, -21.2824], [55.6912, -21.2815], [55.6917, -21.2806], [55.6922, -21.2797], [55.6929, -21.2787], [55.6936, -21.2779], [55.6941, -21.277], [55.6944, -21.2762], [55.6947, -21.2753], [55.6937, -21.2751], [55.6927, -21.2748], [55.6919, -21.2745], [55.6909, -21.2742], [55.6894, -21.2736], [55.6885, -21.273], [55.6877, -21.2721], [55.6867, -21.2714], [55.6859, -21.2707], [55.6853, -21.2699], [55.6848, -21.269], [55.6842, -21.268], [55.6837, -21.267], [55.6831, -21.2659], [55.6828, -21.265], [55.6823, -21.2642], [55.6817, -21.2631], [55.6814, -21.2622], [55.6813, -21.2614], [55.6811, -21.2602], [55.6809, -21.2593], [55.6806, -21.2582], [55.6805, -21.2572], [55.6805, -21.2563], [55.6804, -21.255], [55.6798, -21.2541], [55.6797, -21.2533], [55.6795, -21.252], [55.6793, -21.2508], [55.6792, -21.2497], [55.6792, -21.2489], [55.6788, -21.248], [55.6786, -21.247], [55.6784, -21.246], [55.6783, -21.2451], [55.6781, -21.2443], [55.6782, -21.2434], [55.6784, -21.2426], [55.6784, -21.2415], [55.6786, -21.2405], [55.6788, -21.2399]]]}}, {"type": "Feature", "properties": {"nom": "Sainte-Marie", "code": "97418", "codeDepartement": "974", "siren": "219740180", "codeEpci": "249740119", "codeRegion": "04", "codesPostaux": ["97438"], "population": 37093}, "geometry": {"type": "Polygon", "coordinates": [[[55.5753, -20.8947], [55.5754, -20.8961], [55.5755, -20.8971], [55.5757, -20.8979], [55.5761, -20.8988], [55.5766, -20.8998], [55.5764, -20.9006], [55.5773, -20.9015], [55.5767, -20.9024], [55.5763, -20.9034], [55.5759, -20.9043], [55.5751, -20.9053], [55.5745, -20.9063], [55.574, -20.9072], [55.5738, -20.908], [55.5735, -20.9089], [55.573, -20.9097], [55.5724, -20.9107], [55.5721, -20.9116], [55.5725, -20.9124], [55.5721, -20.9135], [55.5721, -20.9143], [55.5722, -20.9154], [55.5718, -20.9165], [55.5726, -20.9173], [55.5724, -20.9182], [55.5724, -20.9192], [55.5724, -20.92], [55.5716, -20.9203], [55.5723, -20.9214], [55.572, -20.9222], [55.5723, -20.9232], [55.5719, -20.9241], [55.572, -20.925], [55.5729, -20.926], [55.5732, -20.9269], [55.574, -20.9278], [55.574, -20.9287], [55.5736, -20.9295], [55.5741, -20.9306], [55.5744, -20.9314], [55.575, -20.9323], [55.5754, -20.9332], [55.5763, -20.9333], [55.5762, -20.9343], [55.5767, -20.9353], [55.5773, -20.9362], [55.5774, -20.937], [55.5765, -20.9376], [55.5776, -20.9378], [55.5773, -20.9386], [55.5777, -20.9396], [55.5771, -20.9405], [55.5768, -20.9414], [55.576, -20.9423], [55.5751, -20.9432], [55.5745, -20.9441], [55.5735, -20.9449], [55.5727, -20.9455], [55.5719, -20.9463], [55.5708, -20.9469], [55.5699, -20.9478], [55.5696, -20.9488], [55.5686, -20.9493], [55.5682, -20.9503], [55.5677, -20.9511], [55.5669, -20.9517], [55.5668, -20.9531], [55.5664, -20.9539], [55.5663, -20.9552], [55.5658, -20.9561], [55.5655, -20.9569], [55.5644, -20.9575], [55.5636, -20.9585], [55.5633, -20.9594], [55.5631, -20.9602], [55.5635, -20.9615], [55.5628, -20.9624], [55.5625, -20.9632], [55.5617, -20.9642], [55.5609, -20.9651], [55.5607, -20.966], [55.5575, -20.972], [55.5547, -20.9772], [55.5546, -20.9781], [55.5537, -20.9786], [55.5525, -20.981], [55.5517, -20.9818], [55.5513, -20.9826], [55.5513, -20.9836], [55.5513, -20.9845], [55.551, -20.9855], [55.5509, -20.9864], [55.5503, -20.9872], [55.5501, -20.9881], [55.5497, -20.989], [55.5492, -20.9899], [55.5489, -20.9907], [55.5482, -20.9917], [55.5472, -20.9912], [55.5473, -20.992], [55.5465, -20.9929], [55.5461, -20.9938], [55.5453, -20.9947], [55.5447, -20.9957], [55.5443, -20.9968], [55.5435, -20.9978], [55.5425, -20.9986], [55.5422, -21.0001], [55.5422, -21.0009], [55.5415, -21.0018], [55.541, -21.0026], [55.5409, -21.0036], [55.54, -21.0043], [55.539, -21.0041], [55.538, -21.0044], [55.5371, -21.0046], [55.5363, -21.0046], [55.5354, -21.0049], [55.5346, -21.0049], [55.5337, -21.0049], [55.5329, -21.0049], [55.532, -21.0055], [55.5311, -21.0057], [55.5302, -21.0054], [55.5292, -21.0057], [55.5283, -21.0056], [55.5274, -21.0059], [55.5262, -21.006], [55.5249, -21.0062], [55.5239, -21.0062], [55.523, -21.0065], [55.5221, -21.007], [55.5212, -21.0073], [55.5199, -21.0078], [55.519, -21.0082], [55.518, -21.0082], [55.5171, -21.0082], [55.5162, -21.0072], [55.5157, -21.0062], [55.5151, -21.0053], [55.5146, -21.0043], [55.5142, -21.0033], [55.5134, -21.0027], [55.5125, -21.002], [55.5115, -21.0016], [55.5105, -21.0008], [55.5088, -21.0], [55.5076, -20.9999], [55.5065, -20.9999], [55.5057, -21.0003], [55.5048, -21.0001], [55.5039, -21.0001], [55.5024, -21.0003], [55.5015, -21.0003], [55.5003, -21.0006], [55.4994, -21.0008], [55.4984, -21.0011], [55.4975, -21.0013], [55.4964, -21.0015], [55.4953, -21.0021], [55.4942, -21.0027], [55.4931, -21.0033], [55.4922, -21.0031], [55.4909, -21.0033], [55.4899, -21.0037], [55.4889, -21.0039], [55.4878, -21.0048], [55.4867, -21.005], [55.4855, -21.0054], [55.4847, -21.0058], [55.4835, -21.0063], [55.4824, -21.0068], [55.4815, -21.0073], [55.4806, -21.0075], [55.4794, -21.0076], [55.4779, -21.0079], [55.477, -21.0082], [55.4755, -21.0087], [55.4745, -21.009], [55.4735, -21.0095], [55.4725, -21.0101], [55.4711, -21.0101], [55.4689, -21.0098], [55.4713, -21.0088], [55.4722, -21.008], [55.4732, -21.007], [55.4741, -21.0061], [55.4745, -21.0052], [55.4754, -21.0045], [55.4752, -21.0036], [55.4759, -21.0027], [55.4768, -21.0024], [55.4776, -21.002], [55.4784, -21.001], [55.4785, -21.0002], [55.4783, -20.9989], [55.4787, -20.998], [55.4785, -20.9971], [55.4783, -20.9961], [55.4786, -20.9951], [55.4797, -20.9942], [55.4806, -20.9931], [55.4815, -20.9925], [55.4824, -20.9926], [55.4833, -20.9924], [55.4844, -20.9917], [55.4857, -20.9909], [55.4867, -20.9908], [55.4877, -20.9907], [55.4889, -20.9901], [55.4898, -20.9892], [55.4909, -20.9886], [55.4918, -20.9881], [55.4924, -20.9872], [55.4925, -20.9863], [55.4924, -20.9855], [55.4914, -20.9853], [55.4905, -20.9853], [55.4895, -20.9846], [55.4892, -20.9838], [55.4897, -20.9829], [55.4902, -20.9821], [55.4906, -20.9806], [55.4912, -20.9796], [55.4914, -20.9787], [55.4916, -20.9777], [55.4917, -20.9766], [55.4915, -20.9758], [55.4911, -20.9749], [55.4911, -20.974], [55.4906, -20.9731], [55.4905, -20.9716], [55.4909, -20.9705], [55.4914, -20.9696], [55.4917, -20.9686], [55.4909, -20.9677], [55.4901, -20.9677], [55.4896, -20.9666], [55.4901, -20.9655], [55.4905, -20.9645], [55.4903, -20.9637], [55.4903, -20.9628], [55.4911, -20.9625], [55.492, -20.9616], [55.4928, -20.9615], [55.494, -20.9617], [55.4947, -20.9609], [55.4951, -20.9598], [55.4951, -20.9581], [55.4945, -20.9569], [55.4937, -20.9564], [55.4935, -20.9553], [55.4944, -20.9548], [55.4954, -20.954], [55.4951, -20.9532], [55.4943, -20.9522], [55.4948, -20.9513], [55.4956, -20.9509], [55.4968, -20.9509], [55.4972, -20.95], [55.4967, -20.9489], [55.4974, -20.9479], [55.4977, -20.9469], [55.4977, -20.946], [55.4985, -20.945], [55.4995, -20.9445], [55.4996, -20.9434], [55.4996, -20.9424], [55.5005, -20.9415], [55.5012, -20.9406], [55.5014, -20.9391], [55.5016, -20.9381], [55.5019, -20.937], [55.501, -20.9363], [55.5011, -20.9354], [55.502, -20.9346], [55.503, -20.9332], [55.5038, -20.9323], [55.5044, -20.9314], [55.5054, -20.9308], [55.5072, -20.9295], [55.5085, -20.9284], [55.5096, -20.9276], [55.5104, -20.9268], [55.5116, -20.9246], [55.5131, -20.9232], [55.5129, -20.9221], [55.5125, -20.9213], [55.5121, -20.9202], [55.5117, -20.9192], [55.5109, -20.9183], [55.51, -20.9172], [55.5089, -20.9147], [55.5084, -20.9135], [55.5078, -20.9122], [55.507, -20.9114], [55.5063, -20.9102], [55.5058, -20.9089], [55.5058, -20.9075], [55.5062, -20.9065], [55.5058, -20.9045], [55.5057, -20.9023], [55.5056, -20.9008], [55.5052, -20.8983], [55.5049, -20.8966], [55.5036, -20.8901], [55.5021, -20.8825], [55.5031, -20.8823], [55.504, -20.8823], [55.5049, -20.8824], [55.5062, -20.8827], [55.5072, -20.883], [55.5085, -20.8833], [55.5097, -20.8837], [55.5106, -20.8839], [55.5117, -20.8842], [55.5125, -20.8846], [55.5134, -20.8851], [55.5145, -20.8858], [55.5159, -20.8867], [55.5172, -20.8873], [55.5181, -20.8876], [55.5191, -20.8879], [55.5201, -20.8882], [55.522, -20.8885], [55.5234, -20.8888], [55.5247, -20.8891], [55.5272, -20.8895], [55.5281, -20.8896], [55.5295, -20.89], [55.5312, -20.8903], [55.5331, -20.8907], [55.5341, -20.8909], [55.5361, -20.8913], [55.5371, -20.892], [55.5356, -20.8919], [55.5354, -20.8928], [55.5365, -20.893], [55.5373, -20.8935], [55.5378, -20.8924], [55.5373, -20.8914], [55.5382, -20.8923], [55.5384, -20.8931], [55.5397, -20.8938], [55.5406, -20.8941], [55.5414, -20.8944], [55.5426, -20.8947], [55.5435, -20.8947], [55.5445, -20.8948], [55.5461, -20.8952], [55.5472, -20.8953], [55.5483, -20.8952], [55.5493, -20.8954], [55.5506, -20.8955], [55.5516, -20.8951], [55.5525, -20.8943], [55.5534, -20.8938], [55.5547, -20.893], [55.556, -20.8923], [55.5569, -20.8918], [55.5581, -20.8916], [55.5592, -20.8916], [55.5601, -20.892], [55.561, -20.8923], [55.5619, -20.8923], [55.5628, -20.892], [55.5638, -20.8921], [55.5649, -20.8921], [55.5658, -20.8925], [55.5672, -20.893], [55.5685, -20.8932], [55.5694, -20.893], [55.5706, -20.8929], [55.5715, -20.893], [55.5726, -20.8932], [55.5736, -20.8936], [55.5747, -20.8943], [55.5753, -20.8947]]]}}, {"type": "Feature", "properties": {"nom": "Sainte-Rose", "code": "97419", "codeDepartement": "974", "siren": "219740198", "codeEpci": "249740093", "codeRegion": "04", "codesPostaux": ["97439"], "population": 6557}, "geometry": {"type": "Polygon", "coordinates": [[[55.8043, -21.252], [55.7989, -21.2515], [55.7975, -21.2514], [55.7964, -21.2513], [55.7857, -21.2502], [55.7796, -21.2496], [55.7734, -21.249], [55.7641, -21.2482], [55.7549, -21.2473], [55.7447, -21.2463], [55.7355, -21.2454], [55.7266, -21.2445], [55.7141, -21.2433], [55.7047, -21.2424], [55.6931, -21.2413], [55.6902, -21.241], [55.6788, -21.2399], [55.677, -21.2398], [55.6752, -21.2396], [55.6698, -21.2391], [55.6642, -21.2386], [55.6605, -21.2382], [55.6546, -21.2376], [55.6499, -21.2372], [55.6487, -21.2372], [55.6477, -21.2367], [55.6472, -21.2357], [55.647, -21.2349], [55.6473, -21.2338], [55.6482, -21.2329], [55.649, -21.2319], [55.6496, -21.231], [55.65, -21.2301], [55.6504, -21.2291], [55.6504, -21.2282], [55.6512, -21.2279], [55.6514, -21.2269], [55.6519, -21.2261], [55.6528, -21.2254], [55.6533, -21.2246], [55.6538, -21.2236], [55.6538, -21.2227], [55.6542, -21.2218], [55.6546, -21.221], [55.6547, -21.2202], [55.6541, -21.2193], [55.6545, -21.2185], [55.6548, -21.2176], [55.6549, -21.2161], [55.6548, -21.2153], [55.6546, -21.2142], [55.6543, -21.2134], [55.6541, -21.2123], [55.6544, -21.2114], [55.6546, -21.2106], [55.6552, -21.2096], [55.6559, -21.2086], [55.6564, -21.2076], [55.657, -21.2065], [55.6576, -21.2054], [55.6583, -21.2045], [55.6591, -21.2044], [55.6601, -21.2037], [55.6611, -21.2032], [55.6619, -21.2024], [55.6624, -21.2016], [55.6633, -21.2011], [55.6642, -21.201], [55.6651, -21.2], [55.6658, -21.1991], [55.6667, -21.1983], [55.6677, -21.1973], [55.6687, -21.1966], [55.6697, -21.1962], [55.6707, -21.1956], [55.6716, -21.1946], [55.6725, -21.1942], [55.6732, -21.193], [55.6742, -21.1925], [55.6745, -21.1915], [55.6748, -21.1907], [55.6751, -21.1897], [55.6756, -21.1888], [55.676, -21.188], [55.6767, -21.1868], [55.6776, -21.1862], [55.6788, -21.1856], [55.6798, -21.1849], [55.6808, -21.1847], [55.6818, -21.1845], [55.6831, -21.1848], [55.6843, -21.1854], [55.6852, -21.1857], [55.6862, -21.1862], [55.6871, -21.1863], [55.688, -21.1865], [55.6889, -21.1871], [55.6898, -21.1868], [55.6908, -21.1865], [55.6917, -21.1865], [55.6926, -21.1859], [55.6937, -21.186], [55.6947, -21.186], [55.6956, -21.1856], [55.6966, -21.1847], [55.6975, -21.1839], [55.6983, -21.1834], [55.6992, -21.1825], [55.6996, -21.1817], [55.7005, -21.1809], [55.7014, -21.1799], [55.7021, -21.1791], [55.7032, -21.178], [55.7041, -21.1773], [55.7049, -21.1768], [55.7058, -21.1763], [55.7067, -21.1757], [55.7077, -21.1755], [55.7087, -21.1752], [55.7097, -21.1749], [55.7106, -21.1743], [55.7116, -21.1737], [55.7124, -21.1733], [55.7135, -21.1731], [55.7145, -21.1728], [55.7154, -21.1725], [55.7163, -21.1722], [55.7173, -21.1716], [55.7183, -21.1711], [55.7193, -21.1708], [55.7202, -21.1702], [55.7211, -21.1696], [55.722, -21.1692], [55.7231, -21.1691], [55.724, -21.169], [55.7248, -21.1688], [55.7257, -21.1681], [55.7269, -21.168], [55.7279, -21.168], [55.7288, -21.1679], [55.7297, -21.168], [55.7309, -21.1682], [55.7314, -21.1671], [55.7321, -21.1662], [55.7328, -21.1651], [55.7336, -21.1645], [55.7345, -21.1641], [55.7348, -21.1631], [55.7357, -21.1624], [55.7362, -21.1616], [55.7361, -21.1607], [55.7356, -21.1598], [55.7355, -21.1589], [55.7353, -21.1578], [55.7357, -21.1568], [55.7379, -21.1562], [55.7402, -21.1561], [55.7398, -21.1547], [55.74, -21.1537], [55.7409, -21.1537], [55.7413, -21.1529], [55.7413, -21.1518], [55.7423, -21.1518], [55.7433, -21.1518], [55.7436, -21.1506], [55.7437, -21.1497], [55.7426, -21.1487], [55.7426, -21.1478], [55.7435, -21.1471], [55.7439, -21.146], [55.7449, -21.1459], [55.746, -21.145], [55.7467, -21.1441], [55.7467, -21.1431], [55.7458, -21.1422], [55.7449, -21.142], [55.744, -21.142], [55.7431, -21.1428], [55.7422, -21.1419], [55.7425, -21.1408], [55.7415, -21.1404], [55.7407, -21.1399], [55.7401, -21.1391], [55.7403, -21.1382], [55.7398, -21.1374], [55.7409, -21.1367], [55.7422, -21.1364], [55.743, -21.1366], [55.743, -21.1357], [55.7425, -21.1349], [55.7415, -21.1342], [55.7409, -21.1331], [55.7409, -21.1322], [55.742, -21.1319], [55.7419, -21.1311], [55.7415, -21.1303], [55.7423, -21.1294], [55.7436, -21.1282], [55.7439, -21.1271], [55.7448, -21.1261], [55.746, -21.1261], [55.7462, -21.1252], [55.7472, -21.1242], [55.7477, -21.1233], [55.7493, -21.122], [55.7494, -21.121], [55.7501, -21.1197], [55.7503, -21.1187], [55.7507, -21.1177], [55.7514, -21.1168], [55.7525, -21.1156], [55.7537, -21.1149], [55.7548, -21.1141], [55.7557, -21.1135], [55.7565, -21.1129], [55.7575, -21.1118], [55.7584, -21.111], [55.7597, -21.1101], [55.7608, -21.1091], [55.7617, -21.1085], [55.7626, -21.1078], [55.7636, -21.107], [55.7646, -21.1064], [55.7662, -21.1049], [55.7673, -21.1036], [55.7683, -21.104], [55.7694, -21.1049], [55.7702, -21.1057], [55.7713, -21.107], [55.7721, -21.1077], [55.7726, -21.1087], [55.7731, -21.1096], [55.7739, -21.111], [55.7743, -21.1119], [55.775, -21.113], [55.7756, -21.1138], [55.776, -21.1148], [55.7765, -21.1157], [55.7772, -21.1166], [55.7776, -21.1174], [55.778, -21.1183], [55.7784, -21.1193], [55.7791, -21.1202], [55.7797, -21.1213], [55.7806, -21.1219], [55.7815, -21.1227], [55.7817, -21.1237], [55.7826, -21.1243], [55.7837, -21.125], [55.7849, -21.1255], [55.786, -21.1258], [55.7869, -21.1258], [55.7878, -21.1256], [55.7869, -21.1253], [55.7879, -21.1249], [55.7888, -21.125], [55.79, -21.1248], [55.7909, -21.1246], [55.7918, -21.1243], [55.7929, -21.1249], [55.7939, -21.125], [55.7948, -21.1253], [55.7959, -21.1257], [55.7969, -21.1258], [55.7979, -21.1265], [55.7988, -21.1269], [55.7997, -21.1273], [55.8006, -21.1282], [55.8015, -21.1291], [55.8025, -21.13], [55.8035, -21.1305], [55.8046, -21.1316], [55.8057, -21.1322], [55.8066, -21.1328], [55.8074, -21.1336], [55.8074, -21.1345], [55.8075, -21.1354], [55.8084, -21.1365], [55.8094, -21.1371], [55.8106, -21.1378], [55.8118, -21.1385], [55.8128, -21.1388], [55.8137, -21.139], [55.8146, -21.1397], [55.8156, -21.1397], [55.8165, -21.1391], [55.8173, -21.1388], [55.8181, -21.1396], [55.8191, -21.14], [55.8199, -21.1409], [55.8208, -21.1413], [55.8218, -21.1411], [55.8221, -21.142], [55.8231, -21.1423], [55.8239, -21.143], [55.8248, -21.1431], [55.8257, -21.1436], [55.8261, -21.1445], [55.8269, -21.1454], [55.8261, -21.146], [55.8258, -21.147], [55.8268, -21.1479], [55.8273, -21.1487], [55.8273, -21.1496], [55.8276, -21.1504], [55.8276, -21.1513], [55.8275, -21.1521], [55.8284, -21.1524], [55.8294, -21.153], [55.8294, -21.1538], [55.8296, -21.1547], [55.8306, -21.1547], [55.8307, -21.1556], [55.8311, -21.1565], [55.8318, -21.1574], [55.8316, -21.1582], [55.8325, -21.1586], [55.8334, -21.1592], [55.8337, -21.16], [55.8346, -21.1602], [55.8344, -21.1611], [55.8347, -21.1622], [55.8349, -21.1631], [55.8348, -21.1639], [55.8343, -21.1648], [55.8332, -21.1654], [55.8328, -21.1664], [55.8329, -21.1673], [55.833, -21.1684], [55.8332, -21.1694], [55.8333, -21.1702], [55.8331, -21.1711], [55.8331, -21.1721], [55.8335, -21.1731], [55.8338, -21.174], [55.8338, -21.1748], [55.8339, -21.1757], [55.8338, -21.1765], [55.8342, -21.1775], [55.8346, -21.1785], [55.8346, -21.1795], [55.8353, -21.1805], [55.8361, -21.1811], [55.8363, -21.182], [55.8367, -21.183], [55.8358, -21.184], [55.8349, -21.1844], [55.834, -21.1845], [55.8336, -21.1853], [55.8327, -21.1858], [55.8317, -21.1864], [55.8308, -21.1861], [55.8299, -21.1864], [55.8288, -21.1864], [55.8278, -21.1861], [55.827, -21.1858], [55.8258, -21.1861], [55.8256, -21.187], [55.8253, -21.188], [55.8251, -21.1888], [55.8248, -21.1898], [55.8249, -21.1911], [55.8249, -21.192], [55.8247, -21.193], [55.8249, -21.1939], [55.8254, -21.1947], [55.8252, -21.1956], [55.8246, -21.1965], [55.8251, -21.1975], [55.8252, -21.1984], [55.8249, -21.1992], [55.8253, -21.2001], [55.8251, -21.201], [55.8249, -21.2021], [55.8247, -21.2031], [55.8241, -21.2039], [55.8241, -21.2048], [55.8232, -21.2054], [55.8228, -21.2064], [55.8228, -21.2072], [55.8219, -21.2072], [55.821, -21.2082], [55.8201, -21.2084], [55.8191, -21.2085], [55.8182, -21.2092], [55.8176, -21.2102], [55.8167, -21.2106], [55.8161, -21.2114], [55.8156, -21.2124], [55.8149, -21.2132], [55.8141, -21.2142], [55.8139, -21.2151], [55.8138, -21.2159], [55.8142, -21.2168], [55.8134, -21.2176], [55.8133, -21.2186], [55.8131, -21.2195], [55.813, -21.2203], [55.8127, -21.2212], [55.8121, -21.222], [55.8112, -21.2224], [55.811, -21.2235], [55.8105, -21.2244], [55.8097, -21.2255], [55.8091, -21.2265], [55.8085, -21.2274], [55.8084, -21.2282], [55.8081, -21.2293], [55.8082, -21.2301], [55.808, -21.2311], [55.8078, -21.2324], [55.8079, -21.2334], [55.8082, -21.2342], [55.8084, -21.2351], [55.8083, -21.2359], [55.8082, -21.237], [55.808, -21.238], [55.8078, -21.239], [55.8072, -21.2401], [55.8067, -21.241], [55.8059, -21.2419], [55.8057, -21.2429], [55.8056, -21.2437], [55.8051, -21.2446], [55.8048, -21.2458], [55.8049, -21.2466], [55.8047, -21.2475], [55.8048, -21.2483], [55.8048, -21.2492], [55.8047, -21.2501], [55.8047, -21.2509], [55.8043, -21.252]]]}}, {"type": "Feature", "properties": {"nom": "Sainte-Suzanne", "code": "97420", "codeDepartement": "974", "siren": "219740206", "codeEpci": "249740119", "codeRegion": "04", "codesPostaux": ["97441"], "population": 25551}, "geometry": {"type": "Polygon", "coordinates": [[[55.6287, -20.9106], [55.6303, -20.9117], [55.6308, -20.9125], [55.6305, -20.9137], [55.6302, -20.9148], [55.6301, -20.9159], [55.63, -20.9169], [55.63, -20.918], [55.6299, -20.919], [55.6299, -20.92], [55.6297, -20.9213], [55.6298, -20.9223], [55.6298, -20.9232], [55.6297, -20.9243], [55.6296, -20.9251], [55.6305, -20.9258], [55.6316, -20.9256], [55.6326, -20.9256], [55.6335, -20.9252], [55.6343, -20.9254], [55.6352, -20.9259], [55.6361, -20.9267], [55.6361, -20.9276], [55.6359, -20.9286], [55.6368, -20.929], [55.6379, -20.9286], [55.6391, -20.9293], [55.6398, -20.9302], [55.6408, -20.9299], [55.6417, -20.9301], [55.6417, -20.9309], [55.6418, -20.932], [55.6423, -20.933], [55.642, -20.9339], [55.6434, -20.9345], [55.6445, -20.9344], [55.6446, -20.9354], [55.6456, -20.9354], [55.6462, -20.9364], [55.6462, -20.9375], [55.6462, -20.9384], [55.6463, -20.9393], [55.6453, -20.9397], [55.6453, -20.9405], [55.6452, -20.9416], [55.6456, -20.9425], [55.6446, -20.9426], [55.6437, -20.9421], [55.6428, -20.9429], [55.6426, -20.9439], [55.6416, -20.9439], [55.641, -20.943], [55.64, -20.9429], [55.6408, -20.9439], [55.6409, -20.9449], [55.6399, -20.9457], [55.639, -20.9464], [55.6382, -20.947], [55.6383, -20.9478], [55.6377, -20.9487], [55.6371, -20.9495], [55.6367, -20.9505], [55.6372, -20.9515], [55.6363, -20.9517], [55.6354, -20.9508], [55.6345, -20.9511], [55.6351, -20.952], [55.6343, -20.9529], [55.6341, -20.9538], [55.6329, -20.9534], [55.6319, -20.954], [55.631, -20.9538], [55.6305, -20.9549], [55.6298, -20.9557], [55.6288, -20.9559], [55.6279, -20.9557], [55.627, -20.9559], [55.6262, -20.9554], [55.6257, -20.9545], [55.6249, -20.9541], [55.6243, -20.9531], [55.6233, -20.9527], [55.6223, -20.9537], [55.6215, -20.9542], [55.6207, -20.9551], [55.62, -20.9563], [55.6191, -20.9573], [55.6183, -20.9573], [55.6171, -20.9574], [55.6164, -20.9583], [55.6155, -20.9588], [55.6145, -20.9595], [55.6136, -20.96], [55.6127, -20.9604], [55.6117, -20.9612], [55.6111, -20.9624], [55.6108, -20.9636], [55.6096, -20.9645], [55.6086, -20.9651], [55.6078, -20.9653], [55.6069, -20.9654], [55.606, -20.9656], [55.6049, -20.966], [55.6039, -20.9663], [55.6031, -20.9663], [55.6021, -20.9674], [55.6012, -20.9672], [55.6, -20.9673], [55.5989, -20.9677], [55.5979, -20.9685], [55.5971, -20.969], [55.596, -20.9694], [55.5951, -20.9703], [55.5942, -20.9706], [55.5931, -20.9718], [55.5931, -20.9727], [55.5921, -20.9734], [55.5914, -20.9743], [55.591, -20.9753], [55.5901, -20.9761], [55.5894, -20.9769], [55.5885, -20.9772], [55.5876, -20.9782], [55.5868, -20.9794], [55.5856, -20.9804], [55.5849, -20.9812], [55.5843, -20.9822], [55.5836, -20.9831], [55.5827, -20.9841], [55.5821, -20.9851], [55.5813, -20.9859], [55.5805, -20.9869], [55.5796, -20.9877], [55.5788, -20.9888], [55.579, -20.9897], [55.579, -20.9905], [55.5781, -20.9915], [55.5772, -20.9923], [55.5759, -20.9925], [55.575, -20.9927], [55.574, -20.9935], [55.5731, -20.9942], [55.5722, -20.9948], [55.5713, -20.9955], [55.5704, -20.9959], [55.5695, -20.9966], [55.5685, -20.9975], [55.5654, -20.9995], [55.5642, -20.9998], [55.5632, -21.0], [55.5624, -21.0005], [55.5616, -21.0014], [55.5612, -21.0026], [55.559, -21.003], [55.5578, -21.003], [55.5567, -21.0036], [55.5561, -21.0045], [55.5552, -21.0055], [55.5538, -21.0064], [55.55, -21.0058], [55.5479, -21.0065], [55.546, -21.0058], [55.5451, -21.0057], [55.5427, -21.0057], [55.5413, -21.0045], [55.5409, -21.0036], [55.5409, -21.0027], [55.5415, -21.0018], [55.5422, -21.0009], [55.5422, -21.0001], [55.5425, -20.999], [55.5432, -20.9979], [55.5439, -20.9971], [55.5443, -20.9962], [55.5447, -20.9954], [55.5454, -20.9944], [55.5464, -20.9936], [55.5467, -20.9926], [55.5473, -20.9916], [55.5482, -20.9917], [55.5487, -20.9909], [55.5491, -20.99], [55.549, -20.9891], [55.55, -20.9885], [55.5502, -20.9875], [55.5502, -20.9867], [55.5508, -20.9857], [55.5511, -20.9848], [55.5513, -20.9836], [55.5513, -20.9826], [55.5517, -20.9818], [55.5525, -20.981], [55.5537, -20.9786], [55.5546, -20.9782], [55.5545, -20.9774], [55.5575, -20.972], [55.5602, -20.9667], [55.5607, -20.9657], [55.5612, -20.9648], [55.5618, -20.964], [55.5628, -20.9628], [55.5634, -20.962], [55.5634, -20.9609], [55.5632, -20.9599], [55.5632, -20.9591], [55.5639, -20.9582], [55.5649, -20.9574], [55.5657, -20.9563], [55.5663, -20.9552], [55.5666, -20.9543], [55.5667, -20.9534], [55.5669, -20.9523], [55.5672, -20.9514], [55.5682, -20.9505], [55.5684, -20.9496], [55.5693, -20.949], [55.5699, -20.9478], [55.5708, -20.9469], [55.5718, -20.9466], [55.5726, -20.9456], [55.5735, -20.9449], [55.5744, -20.9442], [55.5748, -20.9432], [55.5756, -20.9424], [55.5765, -20.9418], [55.5769, -20.9407], [55.5776, -20.9397], [55.5772, -20.9387], [55.5776, -20.9378], [55.5767, -20.9379], [55.5774, -20.937], [55.5774, -20.9362], [55.5767, -20.9353], [55.5762, -20.9343], [55.5763, -20.9334], [55.5755, -20.9334], [55.575, -20.9323], [55.5744, -20.9314], [55.5741, -20.9306], [55.5737, -20.9297], [55.5739, -20.9289], [55.574, -20.9278], [55.5732, -20.9269], [55.5729, -20.926], [55.5721, -20.9251], [55.5719, -20.9241], [55.5723, -20.9232], [55.5721, -20.9224], [55.5723, -20.9215], [55.5715, -20.9206], [55.5724, -20.92], [55.5724, -20.9192], [55.5724, -20.9184], [55.5727, -20.9175], [55.5719, -20.9167], [55.572, -20.9157], [55.5722, -20.9146], [55.572, -20.9136], [55.5726, -20.9126], [55.5721, -20.9116], [55.5724, -20.9107], [55.573, -20.9097], [55.5735, -20.9089], [55.5738, -20.908], [55.574, -20.9072], [55.5745, -20.9063], [55.575, -20.9055], [55.5755, -20.9046], [55.5763, -20.9036], [55.5764, -20.9026], [55.5773, -20.9017], [55.5766, -20.9007], [55.5766, -20.8998], [55.5761, -20.8988], [55.576, -20.898], [55.5755, -20.8971], [55.5754, -20.8961], [55.5754, -20.8952], [55.5763, -20.8953], [55.5772, -20.8958], [55.5786, -20.8966], [55.5795, -20.8969], [55.5805, -20.8972], [55.5815, -20.8975], [55.5827, -20.8976], [55.5836, -20.8977], [55.5845, -20.8976], [55.5855, -20.8973], [55.5865, -20.897], [55.5875, -20.8966], [55.5884, -20.8962], [55.5893, -20.8959], [55.5903, -20.8959], [55.5917, -20.8959], [55.5927, -20.8961], [55.5937, -20.8965], [55.5949, -20.8971], [55.5958, -20.8977], [55.5966, -20.8982], [55.5975, -20.8986], [55.5983, -20.8988], [55.5992, -20.899], [55.6002, -20.8994], [55.6012, -20.9002], [55.6026, -20.9014], [55.604, -20.9023], [55.6051, -20.9028], [55.6061, -20.9034], [55.6069, -20.9039], [55.6078, -20.9044], [55.6086, -20.9047], [55.6095, -20.9051], [55.6108, -20.9057], [55.6117, -20.9062], [55.6128, -20.9067], [55.6143, -20.9075], [55.6156, -20.9079], [55.6165, -20.908], [55.6174, -20.9082], [55.6188, -20.9094], [55.62, -20.9102], [55.6211, -20.9106], [55.6221, -20.9109], [55.6231, -20.9108], [55.6247, -20.9107], [55.6258, -20.9107], [55.6267, -20.9107], [55.6276, -20.9107], [55.6287, -20.9106]]]}}, {"type": "Feature", "properties": {"nom": "Salazie", "code": "97421", "codeDepartement": "974", "siren": "219740214", "codeEpci": "249740093", "codeRegion": "04", "codesPostaux": ["97433"], "population": 7268}, "geometry": {"type": "Polygon", "coordinates": [[[55.4689, -21.0098], [55.471, -21.0102], [55.472, -21.0103], [55.4732, -21.0096], [55.4742, -21.0092], [55.4751, -21.0088], [55.4762, -21.0084], [55.4779, -21.0079], [55.4791, -21.0076], [55.4801, -21.0074], [55.4812, -21.0074], [55.4821, -21.007], [55.4831, -21.0065], [55.4841, -21.0061], [55.485, -21.0057], [55.4859, -21.0052], [55.487, -21.0049], [55.4882, -21.0045], [55.4893, -21.0039], [55.4903, -21.0035], [55.4917, -21.0032], [55.4926, -21.0034], [55.4936, -21.0033], [55.4948, -21.0024], [55.4957, -21.002], [55.4968, -21.0014], [55.4978, -21.0012], [55.4987, -21.001], [55.5, -21.0006], [55.5012, -21.0005], [55.502, -21.0003], [55.5032, -21.0002], [55.5044, -21.0002], [55.5054, -21.0002], [55.5065, -20.9999], [55.5076, -20.9999], [55.5086, -20.9999], [55.5102, -21.0006], [55.5111, -21.001], [55.5121, -21.002], [55.513, -21.0023], [55.5141, -21.0032], [55.5145, -21.004], [55.515, -21.005], [55.5155, -21.006], [55.5161, -21.007], [55.517, -21.008], [55.518, -21.0082], [55.519, -21.0082], [55.5199, -21.0078], [55.521, -21.0074], [55.5221, -21.007], [55.523, -21.0065], [55.5239, -21.0062], [55.5247, -21.0062], [55.5256, -21.0061], [55.5267, -21.0059], [55.5276, -21.0059], [55.5286, -21.0057], [55.5295, -21.0056], [55.5304, -21.0054], [55.5313, -21.0057], [55.5324, -21.0052], [55.5333, -21.0049], [55.5341, -21.0048], [55.5354, -21.0049], [55.5363, -21.0046], [55.5371, -21.0046], [55.538, -21.0044], [55.5388, -21.0041], [55.5398, -21.0043], [55.5407, -21.0041], [55.5427, -21.0057], [55.5451, -21.0057], [55.546, -21.0058], [55.5479, -21.0065], [55.55, -21.0058], [55.5534, -21.0066], [55.5544, -21.0062], [55.5554, -21.0053], [55.5563, -21.0043], [55.5572, -21.0032], [55.5582, -21.0031], [55.5612, -21.0026], [55.5616, -21.0014], [55.5624, -21.0005], [55.5632, -21.0], [55.5642, -20.9998], [55.5654, -20.9995], [55.5681, -20.998], [55.5688, -20.9971], [55.5699, -20.9964], [55.5709, -20.9957], [55.5718, -20.995], [55.573, -20.9942], [55.5739, -20.9936], [55.5762, -20.9956], [55.5771, -20.9964], [55.5782, -20.9974], [55.5793, -20.9978], [55.5792, -20.9987], [55.5802, -20.9988], [55.581, -20.9993], [55.582, -20.9997], [55.5829, -20.9999], [55.5838, -20.9992], [55.5846, -20.9992], [55.5853, -21.0], [55.585, -21.001], [55.5843, -21.0019], [55.584, -21.0028], [55.5841, -21.0038], [55.5848, -21.0047], [55.5841, -21.0057], [55.583, -21.0063], [55.582, -21.0065], [55.5811, -21.0075], [55.58, -21.0082], [55.5791, -21.0085], [55.5779, -21.009], [55.577, -21.0096], [55.5759, -21.0099], [55.5744, -21.0095], [55.573, -21.0097], [55.5721, -21.01], [55.5719, -21.011], [55.5721, -21.012], [55.5711, -21.013], [55.5702, -21.0132], [55.5696, -21.0142], [55.5699, -21.0151], [55.569, -21.0158], [55.5684, -21.0166], [55.5677, -21.0175], [55.5669, -21.0179], [55.5657, -21.0181], [55.5648, -21.0182], [55.5639, -21.0188], [55.5628, -21.0187], [55.5619, -21.0189], [55.5611, -21.0209], [55.5606, -21.022], [55.5597, -21.0225], [55.5593, -21.0237], [55.5587, -21.0247], [55.5586, -21.0257], [55.5587, -21.0268], [55.5587, -21.0281], [55.5584, -21.0289], [55.5581, -21.0299], [55.5576, -21.0313], [55.5566, -21.0324], [55.556, -21.0336], [55.5555, -21.0344], [55.5552, -21.0354], [55.5542, -21.036], [55.5545, -21.0371], [55.555, -21.038], [55.5552, -21.0389], [55.5555, -21.0401], [55.5567, -21.0408], [55.5577, -21.0419], [55.5585, -21.0414], [55.5588, -21.0405], [55.5596, -21.0411], [55.5597, -21.0422], [55.5597, -21.0431], [55.5607, -21.0436], [55.5612, -21.0454], [55.5616, -21.0463], [55.5613, -21.0471], [55.561, -21.0483], [55.5615, -21.0492], [55.5608, -21.0503], [55.5608, -21.0512], [55.5612, -21.0525], [55.5611, -21.0542], [55.5612, -21.0557], [55.5617, -21.0592], [55.5614, -21.0611], [55.5614, -21.0622], [55.5615, -21.0631], [55.5613, -21.0639], [55.5604, -21.0647], [55.5599, -21.0659], [55.5587, -21.0675], [55.5577, -21.0681], [55.5571, -21.069], [55.5553, -21.0703], [55.5545, -21.0709], [55.5532, -21.0715], [55.5524, -21.0725], [55.5521, -21.0735], [55.5513, -21.0748], [55.5478, -21.0753], [55.5464, -21.076], [55.5448, -21.0768], [55.5436, -21.0774], [55.5426, -21.0777], [55.5406, -21.0774], [55.5393, -21.0768], [55.5383, -21.0769], [55.5369, -21.0779], [55.5361, -21.0786], [55.5353, -21.0799], [55.535, -21.0809], [55.534, -21.0814], [55.5329, -21.0817], [55.532, -21.082], [55.5309, -21.0827], [55.5299, -21.0834], [55.5289, -21.0835], [55.5257, -21.0799], [55.5247, -21.0795], [55.5238, -21.0797], [55.5228, -21.0807], [55.5225, -21.0816], [55.5225, -21.0827], [55.5215, -21.0835], [55.5213, -21.0844], [55.5208, -21.0852], [55.5205, -21.0861], [55.5205, -21.0869], [55.5204, -21.0878], [55.5198, -21.0889], [55.5192, -21.0899], [55.5187, -21.0912], [55.5177, -21.0921], [55.5169, -21.093], [55.516, -21.0933], [55.5148, -21.0938], [55.5138, -21.0942], [55.513, -21.0942], [55.512, -21.0943], [55.511, -21.0944], [55.51, -21.0945], [55.5097, -21.0954], [55.5089, -21.0962], [55.508, -21.0969], [55.5069, -21.0976], [55.5059, -21.0978], [55.505, -21.0981], [55.5044, -21.099], [55.5034, -21.0996], [55.5025, -21.1006], [55.5018, -21.1014], [55.5013, -21.1025], [55.5013, -21.1033], [55.5003, -21.1043], [55.4996, -21.1052], [55.4987, -21.1056], [55.4983, -21.1064], [55.4975, -21.1075], [55.4968, -21.1084], [55.4962, -21.1093], [55.4957, -21.1102], [55.4954, -21.111], [55.4943, -21.1111], [55.4936, -21.1103], [55.4932, -21.1093], [55.4927, -21.1084], [55.4926, -21.1074], [55.4918, -21.1066], [55.4916, -21.1058], [55.4908, -21.1049], [55.4899, -21.1044], [55.4889, -21.1039], [55.4881, -21.1029], [55.4872, -21.1025], [55.4862, -21.1017], [55.4853, -21.1016], [55.4844, -21.1013], [55.4835, -21.1008], [55.4826, -21.1001], [55.4816, -21.1003], [55.4806, -21.1003], [55.4801, -21.0995], [55.4796, -21.0984], [55.4796, -21.0976], [55.4798, -21.0966], [55.4799, -21.0954], [55.4791, -21.0945], [55.4788, -21.0937], [55.4778, -21.093], [55.4774, -21.0922], [55.4764, -21.092], [55.4755, -21.0912], [55.4746, -21.0909], [55.4738, -21.0907], [55.473, -21.0898], [55.472, -21.0897], [55.471, -21.0888], [55.47, -21.0883], [55.469, -21.0874], [55.4679, -21.0872], [55.4664, -21.0859], [55.4655, -21.0856], [55.4643, -21.0853], [55.4638, -21.0844], [55.4635, -21.0835], [55.4631, -21.0827], [55.4618, -21.0825], [55.4609, -21.0824], [55.46, -21.0824], [55.4591, -21.0821], [55.4574, -21.0797], [55.4564, -21.0795], [55.4552, -21.0791], [55.4542, -21.0782], [55.4533, -21.0773], [55.453, -21.0765], [55.4523, -21.0756], [55.4519, -21.0748], [55.4513, -21.0739], [55.4507, -21.0728], [55.4498, -21.0717], [55.449, -21.0709], [55.4478, -21.0702], [55.4468, -21.0697], [55.4459, -21.0689], [55.4451, -21.0681], [55.4442, -21.0672], [55.4437, -21.0663], [55.4447, -21.0657], [55.4455, -21.0649], [55.4465, -21.0646], [55.4475, -21.0639], [55.4485, -21.0632], [55.4494, -21.0624], [55.4513, -21.0616], [55.4526, -21.0608], [55.4527, -21.06], [55.4533, -21.0588], [55.4541, -21.0579], [55.4542, -21.0568], [55.4538, -21.0558], [55.4536, -21.0546], [55.4542, -21.0538], [55.4542, -21.0528], [55.454, -21.0519], [55.4541, -21.0508], [55.4544, -21.0497], [55.4546, -21.0487], [55.454, -21.0479], [55.4543, -21.0467], [55.4542, -21.0459], [55.4538, -21.0449], [55.4538, -21.044], [55.4542, -21.0427], [55.4538, -21.0418], [55.4541, -21.0407], [55.4542, -21.0397], [55.4544, -21.0386], [55.4542, -21.0377], [55.4541, -21.0368], [55.454, -21.0359], [55.4541, -21.0349], [55.4543, -21.0341], [55.4541, -21.0331], [55.4539, -21.0323], [55.4538, -21.0314], [55.4538, -21.0305], [55.4547, -21.0301], [55.4556, -21.0297], [55.4564, -21.0296], [55.4573, -21.029], [55.4581, -21.0286], [55.4592, -21.028], [55.4601, -21.0279], [55.461, -21.0271], [55.462, -21.0264], [55.4619, -21.0255], [55.4617, -21.0245], [55.4611, -21.0232], [55.4606, -21.0215], [55.4601, -21.02], [55.4604, -21.0188], [55.4607, -21.0178], [55.4609, -21.017], [55.4607, -21.0161], [55.4609, -21.0153], [55.4618, -21.0146], [55.4626, -21.0144], [55.4635, -21.0133], [55.4642, -21.0124], [55.4651, -21.0117], [55.4689, -21.0098]]]}}, {"type": "Feature", "properties": {"nom": "Le Tampon", "code": "97422", "codeDepartement": "974", "siren": "219740222", "codeEpci": "249740085", "codeRegion": "04", "codesPostaux": ["97418", "97430"], "population": 82579}, "geometry": {"type": "Polygon", "coordinates": [[[55.4794, -21.2545], [55.4803, -21.2537], [55.4814, -21.2531], [55.4823, -21.2522], [55.4832, -21.2519], [55.484, -21.2513], [55.4846, -21.2505], [55.4855, -21.2493], [55.4867, -21.2491], [55.4876, -21.2487], [55.4886, -21.2478], [55.489, -21.247], [55.4898, -21.2461], [55.4908, -21.2454], [55.4918, -21.2448], [55.4915, -21.244], [55.4907, -21.2439], [55.4894, -21.2437], [55.4888, -21.2428], [55.4886, -21.2418], [55.4884, -21.241], [55.4883, -21.2401], [55.4879, -21.239], [55.4888, -21.2388], [55.4896, -21.2388], [55.4905, -21.2387], [55.4916, -21.2393], [55.4926, -21.2393], [55.4941, -21.2394], [55.4952, -21.2394], [55.4964, -21.239], [55.4975, -21.2384], [55.4984, -21.2379], [55.4994, -21.2369], [55.5004, -21.2356], [55.5003, -21.2348], [55.4998, -21.2339], [55.4996, -21.233], [55.5005, -21.2325], [55.5007, -21.2316], [55.502, -21.2316], [55.5032, -21.2307], [55.5041, -21.23], [55.5052, -21.2294], [55.5062, -21.2296], [55.5071, -21.2299], [55.508, -21.2297], [55.5089, -21.2294], [55.5102, -21.2283], [55.5111, -21.2277], [55.512, -21.2266], [55.5118, -21.2256], [55.5113, -21.2248], [55.5111, -21.2239], [55.5112, -21.2231], [55.5124, -21.223], [55.5133, -21.2211], [55.5129, -21.2201], [55.5121, -21.2197], [55.511, -21.2197], [55.5116, -21.2188], [55.5127, -21.2178], [55.513, -21.2167], [55.5136, -21.2157], [55.5136, -21.2148], [55.514, -21.214], [55.5129, -21.2129], [55.512, -21.212], [55.511, -21.2117], [55.5101, -21.2112], [55.5085, -21.2093], [55.5085, -21.2081], [55.5078, -21.207], [55.5071, -21.206], [55.5077, -21.2042], [55.5087, -21.2043], [55.5098, -21.2052], [55.5109, -21.2055], [55.5122, -21.2048], [55.5134, -21.2036], [55.5143, -21.203], [55.5151, -21.202], [55.5156, -21.2011], [55.5152, -21.2002], [55.5146, -21.1993], [55.5151, -21.1977], [55.5151, -21.1967], [55.5156, -21.1953], [55.5158, -21.1935], [55.5156, -21.1924], [55.5155, -21.1913], [55.5152, -21.1898], [55.5154, -21.189], [55.5154, -21.1871], [55.5157, -21.186], [55.5164, -21.1852], [55.5173, -21.1853], [55.5186, -21.184], [55.5198, -21.1836], [55.5232, -21.1829], [55.5252, -21.1829], [55.5275, -21.1833], [55.5283, -21.1843], [55.5291, -21.1856], [55.5301, -21.1863], [55.5302, -21.1854], [55.53, -21.1845], [55.5305, -21.1827], [55.5305, -21.1818], [55.5309, -21.1807], [55.531, -21.1799], [55.5314, -21.1789], [55.5314, -21.1774], [55.5316, -21.1765], [55.5319, -21.1756], [55.5316, -21.1747], [55.5313, -21.1736], [55.5308, -21.1728], [55.5301, -21.1718], [55.5293, -21.171], [55.5286, -21.17], [55.5281, -21.1691], [55.5282, -21.1681], [55.5283, -21.167], [55.5284, -21.166], [55.5285, -21.1652], [55.5284, -21.1643], [55.5285, -21.1633], [55.5274, -21.1624], [55.527, -21.1614], [55.5265, -21.1605], [55.5261, -21.1593], [55.5256, -21.1585], [55.5254, -21.1575], [55.525, -21.1565], [55.5242, -21.1547], [55.5248, -21.1536], [55.5252, -21.1525], [55.5252, -21.1515], [55.525, -21.1506], [55.5248, -21.1496], [55.5247, -21.1487], [55.5247, -21.1479], [55.5235, -21.1467], [55.5229, -21.1458], [55.5219, -21.145], [55.5217, -21.144], [55.5215, -21.143], [55.5224, -21.1422], [55.5233, -21.1423], [55.5242, -21.1425], [55.5251, -21.1425], [55.5248, -21.1416], [55.5244, -21.1408], [55.5239, -21.1399], [55.5241, -21.139], [55.5242, -21.1381], [55.5251, -21.138], [55.5255, -21.1372], [55.5265, -21.1369], [55.5267, -21.1361], [55.5275, -21.1357], [55.5284, -21.1356], [55.5294, -21.136], [55.5304, -21.1361], [55.5315, -21.136], [55.5324, -21.1358], [55.5334, -21.1363], [55.5343, -21.1369], [55.5352, -21.1373], [55.5362, -21.1372], [55.5376, -21.1369], [55.5387, -21.137], [55.5397, -21.1367], [55.5406, -21.1366], [55.5419, -21.1365], [55.5427, -21.1363], [55.5436, -21.1357], [55.5445, -21.1354], [55.5455, -21.1346], [55.5463, -21.134], [55.5474, -21.1346], [55.5484, -21.1353], [55.5495, -21.1359], [55.5506, -21.1363], [55.5516, -21.137], [55.5528, -21.1379], [55.5536, -21.1385], [55.5548, -21.1386], [55.5562, -21.1383], [55.5573, -21.138], [55.5582, -21.1375], [55.5591, -21.1371], [55.5601, -21.1372], [55.5612, -21.1372], [55.5622, -21.1372], [55.5632, -21.1375], [55.5641, -21.1374], [55.565, -21.1373], [55.566, -21.1373], [55.567, -21.1369], [55.5681, -21.1363], [55.569, -21.1358], [55.5701, -21.135], [55.5711, -21.1344], [55.5722, -21.1344], [55.5727, -21.1335], [55.5732, -21.1344], [55.5742, -21.1353], [55.5747, -21.1362], [55.5758, -21.1367], [55.5767, -21.1368], [55.5776, -21.1369], [55.5786, -21.1371], [55.5797, -21.1368], [55.5805, -21.1377], [55.5814, -21.1387], [55.5818, -21.1398], [55.5815, -21.141], [55.5813, -21.1419], [55.581, -21.1427], [55.5802, -21.1436], [55.58, -21.1445], [55.5807, -21.1457], [55.5818, -21.1464], [55.5827, -21.1468], [55.5827, -21.1478], [55.5827, -21.1487], [55.5837, -21.1493], [55.5847, -21.1492], [55.5857, -21.1494], [55.5867, -21.1501], [55.5869, -21.1509], [55.5861, -21.1518], [55.5866, -21.1533], [55.5873, -21.1542], [55.588, -21.1553], [55.5895, -21.1568], [55.5897, -21.158], [55.5895, -21.1598], [55.5896, -21.1612], [55.5893, -21.1621], [55.589, -21.1629], [55.5879, -21.1633], [55.587, -21.1639], [55.5874, -21.1648], [55.5877, -21.1657], [55.5883, -21.1669], [55.5891, -21.1677], [55.5901, -21.1685], [55.5911, -21.1689], [55.5912, -21.1699], [55.5909, -21.171], [55.5911, -21.1723], [55.5911, -21.1731], [55.5922, -21.1739], [55.593, -21.1741], [55.5941, -21.1741], [55.595, -21.1736], [55.5956, -21.1746], [55.5965, -21.1751], [55.5976, -21.175], [55.5986, -21.1746], [55.5996, -21.1742], [55.6002, -21.1764], [55.6005, -21.1775], [55.6011, -21.1783], [55.6029, -21.1797], [55.6037, -21.1797], [55.6046, -21.1797], [55.6055, -21.1802], [55.6061, -21.181], [55.607, -21.1813], [55.6079, -21.1813], [55.609, -21.1817], [55.6099, -21.1823], [55.6108, -21.1826], [55.6112, -21.1818], [55.612, -21.1814], [55.613, -21.181], [55.6139, -21.181], [55.615, -21.1811], [55.616, -21.182], [55.6166, -21.1829], [55.6201, -21.1824], [55.622, -21.1816], [55.6244, -21.181], [55.6248, -21.1802], [55.6252, -21.1792], [55.6254, -21.1784], [55.6258, -21.1773], [55.6259, -21.1763], [55.6261, -21.1755], [55.6267, -21.1746], [55.6279, -21.1737], [55.629, -21.173], [55.6295, -21.172], [55.6295, -21.171], [55.6299, -21.1701], [55.631, -21.1695], [55.6328, -21.1685], [55.6339, -21.168], [55.6347, -21.1677], [55.636, -21.1674], [55.6371, -21.1671], [55.6382, -21.167], [55.6386, -21.1679], [55.6389, -21.169], [55.6387, -21.1699], [55.6393, -21.171], [55.6401, -21.172], [55.6407, -21.173], [55.6413, -21.1739], [55.6416, -21.1747], [55.6424, -21.1755], [55.6433, -21.1761], [55.6442, -21.1771], [55.6451, -21.1777], [55.6451, -21.1786], [55.6455, -21.1795], [55.6459, -21.1804], [55.6463, -21.1813], [55.6464, -21.1823], [55.6468, -21.1834], [55.6477, -21.184], [55.648, -21.1849], [55.6487, -21.1857], [55.6496, -21.1865], [55.6503, -21.1873], [55.6504, -21.1882], [55.6509, -21.1891], [55.6515, -21.19], [55.6522, -21.191], [55.652, -21.192], [55.6523, -21.1929], [55.6532, -21.1933], [55.6537, -21.1943], [55.654, -21.1951], [55.6545, -21.1959], [55.6554, -21.1968], [55.6587, -21.2012], [55.6607, -21.2035], [55.6598, -21.2036], [55.659, -21.2045], [55.658, -21.2048], [55.6574, -21.2057], [55.6566, -21.207], [55.6564, -21.2079], [55.6554, -21.2094], [55.6551, -21.2102], [55.6544, -21.2111], [55.6541, -21.2123], [55.6533, -21.21], [55.6514, -21.2056], [55.649, -21.2017], [55.6471, -21.2007], [55.6462, -21.2005], [55.6452, -21.2002], [55.6443, -21.1999], [55.6434, -21.1991], [55.6425, -21.1986], [55.6416, -21.1976], [55.6403, -21.1971], [55.6396, -21.1961], [55.6384, -21.1952], [55.6374, -21.1948], [55.6361, -21.1948], [55.6352, -21.195], [55.6343, -21.1952], [55.6333, -21.1955], [55.6324, -21.196], [55.6314, -21.1966], [55.6303, -21.1974], [55.6293, -21.1982], [55.6285, -21.199], [55.6281, -21.1999], [55.6275, -21.2008], [55.6262, -21.2012], [55.6253, -21.2021], [55.6244, -21.2026], [55.6236, -21.2036], [55.6227, -21.2045], [55.621, -21.2056], [55.62, -21.206], [55.6189, -21.2066], [55.618, -21.2071], [55.6172, -21.2079], [55.6164, -21.2087], [55.6155, -21.2095], [55.6148, -21.2106], [55.6142, -21.2115], [55.6137, -21.2125], [55.6134, -21.2135], [55.6136, -21.2145], [55.6127, -21.2152], [55.612, -21.216], [55.6112, -21.2173], [55.6101, -21.2188], [55.6097, -21.2197], [55.6091, -21.2207], [55.6084, -21.2216], [55.6078, -21.2226], [55.6074, -21.2234], [55.6072, -21.2244], [55.6068, -21.2252], [55.6069, -21.2261], [55.606, -21.2274], [55.6053, -21.2284], [55.6051, -21.2293], [55.605, -21.2301], [55.6049, -21.2311], [55.6049, -21.232], [55.605, -21.2328], [55.6046, -21.2337], [55.6045, -21.2346], [55.6046, -21.2355], [55.6048, -21.2363], [55.6052, -21.2371], [55.6051, -21.2381], [55.6049, -21.2389], [55.6049, -21.2402], [55.6049, -21.2411], [55.6045, -21.2422], [55.6035, -21.2432], [55.6025, -21.2442], [55.6019, -21.2453], [55.6014, -21.2463], [55.601, -21.2473], [55.6015, -21.2484], [55.6012, -21.2493], [55.6009, -21.2503], [55.6007, -21.2512], [55.6004, -21.2521], [55.6003, -21.2529], [55.6003, -21.254], [55.6004, -21.255], [55.6003, -21.2558], [55.6002, -21.2569], [55.6002, -21.2584], [55.6006, -21.2595], [55.6012, -21.2605], [55.6019, -21.2624], [55.6024, -21.2635], [55.6028, -21.2645], [55.6024, -21.2655], [55.6023, -21.2666], [55.6022, -21.2676], [55.6016, -21.2693], [55.6016, -21.2705], [55.6015, -21.2718], [55.6017, -21.2726], [55.6007, -21.2724], [55.5996, -21.2733], [55.5984, -21.2731], [55.598, -21.2739], [55.5971, -21.2744], [55.5962, -21.2749], [55.5954, -21.2756], [55.5944, -21.2758], [55.5935, -21.2767], [55.5931, -21.2776], [55.5923, -21.2784], [55.5914, -21.2787], [55.5911, -21.2796], [55.5902, -21.2798], [55.5893, -21.2807], [55.5888, -21.2817], [55.5878, -21.2817], [55.5866, -21.2817], [55.5856, -21.282], [55.5848, -21.283], [55.5835, -21.2835], [55.5823, -21.284], [55.5813, -21.2848], [55.5805, -21.2857], [55.5795, -21.2858], [55.5791, -21.2866], [55.5785, -21.2877], [55.5781, -21.2889], [55.5778, -21.2899], [55.5769, -21.2902], [55.5765, -21.2911], [55.5759, -21.2921], [55.5756, -21.2931], [55.5747, -21.2938], [55.5744, -21.2948], [55.5744, -21.2956], [55.5732, -21.2961], [55.5722, -21.2964], [55.5716, -21.2972], [55.5704, -21.2983], [55.5692, -21.2982], [55.5682, -21.2984], [55.5669, -21.2988], [55.566, -21.2995], [55.5649, -21.3001], [55.564, -21.2999], [55.5633, -21.3009], [55.5621, -21.3013], [55.5612, -21.3019], [55.5603, -21.3021], [55.5598, -21.303], [55.559, -21.3032], [55.5578, -21.3029], [55.5569, -21.3026], [55.5557, -21.3032], [55.5559, -21.3043], [55.555, -21.3053], [55.5541, -21.3054], [55.5532, -21.306], [55.5534, -21.307], [55.5525, -21.3074], [55.5519, -21.3084], [55.551, -21.3092], [55.5503, -21.3102], [55.5494, -21.3104], [55.5484, -21.3101], [55.5478, -21.3109], [55.5466, -21.311], [55.5457, -21.3112], [55.5446, -21.3116], [55.5435, -21.3114], [55.5424, -21.3121], [55.5415, -21.3122], [55.5406, -21.3119], [55.5393, -21.3126], [55.5383, -21.3126], [55.5378, -21.3134], [55.5373, -21.3146], [55.5367, -21.3156], [55.5355, -21.3161], [55.5342, -21.3161], [55.5331, -21.3149], [55.5327, -21.3141], [55.5321, -21.3132], [55.5307, -21.3117], [55.5291, -21.3099], [55.5276, -21.3085], [55.5265, -21.3076], [55.5248, -21.3061], [55.5233, -21.3047], [55.5214, -21.3029], [55.5194, -21.301], [55.5184, -21.3005], [55.5172, -21.3007], [55.5164, -21.3], [55.515, -21.3003], [55.5138, -21.3002], [55.5127, -21.2998], [55.5118, -21.3001], [55.5107, -21.3006], [55.5098, -21.3008], [55.5094, -21.2998], [55.5093, -21.299], [55.5095, -21.2979], [55.5105, -21.2974], [55.5114, -21.2976], [55.5123, -21.2974], [55.5133, -21.2965], [55.5143, -21.2958], [55.5154, -21.2949], [55.5162, -21.294], [55.5164, -21.2927], [55.5164, -21.2918], [55.5157, -21.2908], [55.5146, -21.2898], [55.5142, -21.2887], [55.5133, -21.2886], [55.5122, -21.2885], [55.5112, -21.2876], [55.5103, -21.2872], [55.509, -21.2863], [55.5078, -21.2857], [55.507, -21.2852], [55.506, -21.2848], [55.5045, -21.2839], [55.5034, -21.2833], [55.503, -21.2825], [55.5016, -21.2812], [55.5006, -21.2802], [55.5, -21.2793], [55.4987, -21.2786], [55.498, -21.2777], [55.4973, -21.2768], [55.4971, -21.2758], [55.497, -21.2748], [55.4977, -21.2734], [55.4968, -21.2726], [55.4964, -21.2718], [55.4962, -21.2709], [55.4953, -21.2708], [55.4939, -21.2697], [55.4931, -21.2689], [55.4928, -21.2679], [55.492, -21.2674], [55.491, -21.2664], [55.4902, -21.2655], [55.4892, -21.2646], [55.4887, -21.2637], [55.4861, -21.2607], [55.4853, -21.2591], [55.4828, -21.2571], [55.4808, -21.2556], [55.4794, -21.2545]]]}}, {"type": "Feature", "properties": {"nom": "Les Trois-Bassins", "code": "97423", "codeDepartement": "974", "siren": "219740230", "codeEpci": "249740101", "codeRegion": "04", "codesPostaux": ["97426"], "population": 7221}, "geometry": {"type": "Polygon", "coordinates": [[[55.4226, -21.1161], [55.4222, -21.117], [55.4212, -21.1173], [55.4202, -21.1176], [55.4193, -21.1184], [55.4186, -21.1193], [55.4183, -21.1202], [55.4181, -21.1211], [55.4172, -21.1217], [55.4163, -21.1224], [55.4151, -21.1227], [55.4143, -21.1225], [55.4134, -21.1226], [55.4126, -21.1224], [55.4117, -21.1224], [55.4109, -21.1219], [55.41, -21.1222], [55.4091, -21.122], [55.4081, -21.122], [55.4064, -21.1216], [55.4057, -21.1207], [55.4049, -21.1199], [55.4036, -21.1194], [55.4027, -21.1194], [55.4018, -21.1193], [55.4008, -21.1201], [55.3999, -21.12], [55.399, -21.1199], [55.3984, -21.1191], [55.3973, -21.1192], [55.3962, -21.1189], [55.3952, -21.1186], [55.3944, -21.1183], [55.3935, -21.1184], [55.3927, -21.1185], [55.3918, -21.1183], [55.3909, -21.1179], [55.3898, -21.1179], [55.3889, -21.1177], [55.3877, -21.1174], [55.3867, -21.1176], [55.3858, -21.1178], [55.3849, -21.1182], [55.384, -21.1186], [55.3831, -21.1188], [55.3821, -21.119], [55.3811, -21.1191], [55.3802, -21.1188], [55.3793, -21.1189], [55.3784, -21.1186], [55.3773, -21.118], [55.3763, -21.1175], [55.3754, -21.1173], [55.3743, -21.1167], [55.3737, -21.1159], [55.3727, -21.1159], [55.3718, -21.1154], [55.3708, -21.1152], [55.3699, -21.115], [55.3689, -21.1154], [55.368, -21.115], [55.3672, -21.1152], [55.3662, -21.1152], [55.3651, -21.1154], [55.3642, -21.1152], [55.3631, -21.1146], [55.3621, -21.1145], [55.3611, -21.1148], [55.3602, -21.1149], [55.3593, -21.115], [55.3583, -21.1153], [55.3573, -21.1151], [55.3565, -21.1145], [55.3555, -21.1142], [55.3546, -21.1144], [55.3534, -21.1147], [55.3519, -21.1144], [55.351, -21.1142], [55.3498, -21.1142], [55.3484, -21.1143], [55.3473, -21.1147], [55.3444, -21.1149], [55.3431, -21.115], [55.3422, -21.1152], [55.3411, -21.1156], [55.3397, -21.1162], [55.3379, -21.1165], [55.337, -21.1165], [55.3362, -21.1167], [55.3352, -21.1172], [55.3342, -21.1174], [55.3334, -21.1175], [55.3324, -21.1176], [55.3314, -21.1174], [55.3306, -21.1169], [55.3297, -21.1167], [55.3287, -21.1171], [55.3277, -21.1173], [55.3268, -21.1176], [55.3259, -21.1176], [55.3249, -21.1172], [55.324, -21.1179], [55.3231, -21.118], [55.3224, -21.119], [55.3214, -21.1195], [55.32, -21.1193], [55.3189, -21.1194], [55.318, -21.1195], [55.3164, -21.1196], [55.3155, -21.1198], [55.3146, -21.1207], [55.3134, -21.1215], [55.3123, -21.1219], [55.3112, -21.1223], [55.3102, -21.1223], [55.3093, -21.1226], [55.308, -21.123], [55.3071, -21.1238], [55.3062, -21.1237], [55.3053, -21.1241], [55.3044, -21.1246], [55.3034, -21.1254], [55.3026, -21.1262], [55.3015, -21.1268], [55.3004, -21.1268], [55.2995, -21.127], [55.2984, -21.1271], [55.2971, -21.1273], [55.2959, -21.1273], [55.2949, -21.1274], [55.294, -21.1276], [55.2931, -21.1276], [55.2923, -21.1279], [55.2913, -21.1285], [55.2904, -21.1292], [55.2893, -21.1299], [55.2887, -21.1307], [55.2878, -21.1308], [55.2868, -21.1315], [55.2859, -21.1318], [55.2851, -21.1327], [55.2841, -21.1328], [55.2832, -21.1334], [55.2822, -21.1339], [55.2812, -21.1339], [55.2797, -21.1337], [55.2788, -21.1339], [55.2778, -21.1341], [55.2769, -21.1337], [55.2758, -21.1344], [55.2746, -21.1349], [55.2736, -21.1347], [55.2728, -21.1349], [55.2719, -21.1357], [55.2713, -21.1348], [55.2706, -21.1339], [55.2707, -21.133], [55.271, -21.1321], [55.2701, -21.1316], [55.2692, -21.1307], [55.2682, -21.1306], [55.268, -21.1298], [55.2678, -21.1289], [55.2678, -21.1281], [55.2668, -21.1271], [55.2658, -21.1265], [55.2649, -21.1268], [55.264, -21.1263], [55.2632, -21.1257], [55.2626, -21.1247], [55.2615, -21.1238], [55.2607, -21.1229], [55.2604, -21.1221], [55.26, -21.1212], [55.2593, -21.1198], [55.2585, -21.1191], [55.2576, -21.1184], [55.2569, -21.1175], [55.256, -21.1167], [55.2559, -21.1159], [55.255, -21.115], [55.2541, -21.1144], [55.2532, -21.1136], [55.2529, -21.1127], [55.2539, -21.1119], [55.2545, -21.1109], [55.2543, -21.1101], [55.2552, -21.1098], [55.2562, -21.1098], [55.2572, -21.1095], [55.258, -21.1093], [55.2591, -21.1093], [55.26, -21.1097], [55.261, -21.1094], [55.2621, -21.1087], [55.2629, -21.1085], [55.2639, -21.1082], [55.265, -21.1079], [55.2659, -21.1079], [55.2668, -21.1085], [55.2675, -21.1071], [55.2685, -21.1063], [55.2698, -21.106], [55.2707, -21.1055], [55.2716, -21.1049], [55.2726, -21.1048], [55.2736, -21.1041], [55.2745, -21.1037], [55.2755, -21.1032], [55.2765, -21.1024], [55.2777, -21.1028], [55.2787, -21.1021], [55.2797, -21.1013], [55.2807, -21.1009], [55.2819, -21.1004], [55.2829, -21.1003], [55.2838, -21.1002], [55.2847, -21.1001], [55.286, -21.1], [55.287, -21.0998], [55.2882, -21.0994], [55.2894, -21.0992], [55.2903, -21.0989], [55.2913, -21.0987], [55.2922, -21.0981], [55.2931, -21.0979], [55.2941, -21.098], [55.2951, -21.0976], [55.2961, -21.0969], [55.2972, -21.0966], [55.2981, -21.0963], [55.2989, -21.0954], [55.2994, -21.0946], [55.3004, -21.0945], [55.3016, -21.0945], [55.3025, -21.0943], [55.3036, -21.0945], [55.3046, -21.0945], [55.3055, -21.094], [55.3066, -21.0937], [55.3076, -21.0929], [55.3086, -21.0926], [55.3097, -21.0922], [55.3107, -21.0925], [55.3115, -21.0921], [55.3124, -21.0922], [55.3132, -21.0919], [55.3144, -21.0924], [55.3154, -21.0923], [55.3163, -21.0923], [55.3175, -21.0921], [55.3184, -21.0922], [55.3193, -21.0923], [55.3203, -21.0921], [55.3215, -21.0922], [55.3225, -21.092], [55.3234, -21.0922], [55.3243, -21.0927], [55.3256, -21.0935], [55.3266, -21.0938], [55.3276, -21.0937], [55.3284, -21.0936], [55.3293, -21.0936], [55.3304, -21.0941], [55.3315, -21.0941], [55.3326, -21.0942], [55.3335, -21.0944], [55.3345, -21.0946], [55.3354, -21.0949], [55.3364, -21.095], [55.3372, -21.0944], [55.3383, -21.0941], [55.3391, -21.0938], [55.3402, -21.0939], [55.3411, -21.0936], [55.3421, -21.0935], [55.3432, -21.0934], [55.3443, -21.0936], [55.3461, -21.094], [55.3471, -21.0942], [55.3479, -21.0943], [55.3491, -21.0943], [55.3505, -21.0942], [55.3513, -21.0942], [55.3523, -21.0947], [55.3533, -21.0946], [55.3542, -21.0944], [55.3552, -21.0943], [55.3561, -21.0947], [55.3571, -21.0949], [55.358, -21.0945], [55.359, -21.0939], [55.3599, -21.0938], [55.3611, -21.0938], [55.362, -21.0942], [55.3629, -21.0946], [55.364, -21.0951], [55.3646, -21.0959], [55.3656, -21.0963], [55.3669, -21.0961], [55.3678, -21.0963], [55.3689, -21.0967], [55.3697, -21.0971], [55.3709, -21.0976], [55.3721, -21.0979], [55.3731, -21.0982], [55.3748, -21.0986], [55.3757, -21.0991], [55.3766, -21.0991], [55.3775, -21.0989], [55.3785, -21.099], [55.3795, -21.0984], [55.3804, -21.0983], [55.3815, -21.098], [55.3824, -21.0974], [55.3835, -21.0972], [55.3845, -21.0975], [55.3857, -21.0979], [55.3866, -21.0978], [55.3877, -21.0981], [55.3886, -21.0982], [55.3895, -21.0983], [55.3905, -21.0982], [55.3915, -21.0982], [55.3926, -21.0983], [55.3935, -21.0981], [55.3944, -21.0982], [55.3956, -21.0981], [55.3965, -21.0984], [55.3974, -21.0991], [55.3982, -21.0991], [55.3998, -21.0993], [55.4006, -21.1002], [55.4011, -21.1013], [55.4019, -21.1023], [55.4028, -21.1029], [55.4037, -21.1034], [55.4047, -21.104], [55.405, -21.1048], [55.406, -21.1058], [55.407, -21.1064], [55.4078, -21.1067], [55.4086, -21.1076], [55.4095, -21.1083], [55.4101, -21.1093], [55.4112, -21.1099], [55.4121, -21.1102], [55.413, -21.1108], [55.4138, -21.1111], [55.4147, -21.1115], [55.4156, -21.1122], [55.4164, -21.113], [55.4173, -21.1133], [55.4182, -21.1135], [55.4194, -21.114], [55.4203, -21.1145], [55.4214, -21.1146], [55.4223, -21.1153], [55.4226, -21.1161]]]}}, {"type": "Feature", "properties": {"nom": "Cilaos", "code": "97424", "codeDepartement": "974", "siren": "219740248", "codeEpci": "249740077", "codeRegion": "04", "codesPostaux": ["97413"], "population": 5040}, "geometry": {"type": "Polygon", "coordinates": [[[55.4055, -21.1474], [55.4053, -21.1463], [55.4055, -21.1454], [55.4054, -21.1445], [55.4049, -21.1435], [55.4047, -21.1424], [55.4043, -21.1415], [55.4039, -21.1405], [55.4037, -21.1391], [55.4041, -21.1382], [55.4044, -21.1374], [55.4051, -21.1365], [55.406, -21.1358], [55.407, -21.1357], [55.4078, -21.1356], [55.4085, -21.1346], [55.4085, -21.1337], [55.4083, -21.1329], [55.4085, -21.132], [55.4088, -21.131], [55.4094, -21.1302], [55.4098, -21.1291], [55.4098, -21.1279], [55.4104, -21.1271], [55.4115, -21.1267], [55.4123, -21.1264], [55.4129, -21.1256], [55.4137, -21.1247], [55.4143, -21.1239], [55.4154, -21.1233], [55.4162, -21.1226], [55.4172, -21.1217], [55.4181, -21.1211], [55.4183, -21.1202], [55.4186, -21.1193], [55.4193, -21.1184], [55.42, -21.1176], [55.4211, -21.1173], [55.422, -21.1171], [55.4225, -21.1163], [55.4237, -21.1169], [55.4248, -21.117], [55.4257, -21.1168], [55.4263, -21.116], [55.4272, -21.1157], [55.4278, -21.1147], [55.4286, -21.1135], [55.4297, -21.1136], [55.4305, -21.1137], [55.4316, -21.1138], [55.4325, -21.1129], [55.4333, -21.1125], [55.4346, -21.1124], [55.4356, -21.1119], [55.4366, -21.1113], [55.4379, -21.1102], [55.4388, -21.1094], [55.4396, -21.1086], [55.4405, -21.1078], [55.4414, -21.1076], [55.4423, -21.1072], [55.4435, -21.107], [55.4445, -21.1061], [55.4453, -21.1058], [55.4466, -21.1052], [55.4476, -21.1046], [55.4489, -21.1039], [55.45, -21.1031], [55.4524, -21.1012], [55.4534, -21.1012], [55.4544, -21.1008], [55.4553, -21.1], [55.4555, -21.0992], [55.4562, -21.0983], [55.4558, -21.0973], [55.4558, -21.0965], [55.4553, -21.0951], [55.455, -21.0941], [55.4556, -21.0932], [55.4566, -21.093], [55.4575, -21.0928], [55.4584, -21.0923], [55.4584, -21.0914], [55.4591, -21.0905], [55.4611, -21.0892], [55.4621, -21.0887], [55.4627, -21.0876], [55.4629, -21.0867], [55.4636, -21.0859], [55.4648, -21.0857], [55.4658, -21.0857], [55.4672, -21.0864], [55.4682, -21.087], [55.4697, -21.0877], [55.4708, -21.0886], [55.4717, -21.0894], [55.473, -21.0898], [55.4738, -21.0907], [55.4746, -21.0909], [55.4755, -21.0912], [55.4764, -21.092], [55.4773, -21.092], [55.4778, -21.093], [55.4788, -21.0937], [55.4791, -21.0945], [55.4799, -21.0953], [55.4799, -21.0962], [55.4798, -21.097], [55.4796, -21.0979], [55.4798, -21.0987], [55.4802, -21.0996], [55.4815, -21.1003], [55.4823, -21.1002], [55.4832, -21.1005], [55.484, -21.1011], [55.4851, -21.1015], [55.4862, -21.1017], [55.4872, -21.1025], [55.4881, -21.1029], [55.4888, -21.1038], [55.4896, -21.1043], [55.4907, -21.1048], [55.4915, -21.1056], [55.4917, -21.1064], [55.4926, -21.1074], [55.4926, -21.1083], [55.4932, -21.1092], [55.4936, -21.1103], [55.4943, -21.1111], [55.4952, -21.1114], [55.496, -21.1122], [55.4971, -21.1128], [55.4982, -21.1136], [55.4992, -21.1147], [55.5, -21.1155], [55.5006, -21.1165], [55.5016, -21.1174], [55.502, -21.1183], [55.5027, -21.1192], [55.503, -21.1201], [55.5036, -21.1212], [55.504, -21.1221], [55.5042, -21.123], [55.5042, -21.124], [55.5042, -21.1249], [55.5047, -21.1258], [55.5056, -21.1267], [55.5059, -21.1275], [55.5061, -21.1285], [55.5065, -21.1296], [55.5067, -21.1304], [55.5068, -21.1314], [55.5072, -21.1327], [55.5072, -21.1338], [55.5073, -21.1348], [55.5073, -21.1357], [55.507, -21.1367], [55.5072, -21.1376], [55.5073, -21.1385], [55.507, -21.1395], [55.5063, -21.1404], [55.5064, -21.1413], [55.5058, -21.1423], [55.5051, -21.1431], [55.5048, -21.144], [55.5037, -21.1449], [55.5032, -21.1457], [55.5024, -21.1467], [55.502, -21.1475], [55.5021, -21.1486], [55.5017, -21.1496], [55.5016, -21.1506], [55.5013, -21.1516], [55.5012, -21.1524], [55.501, -21.1536], [55.5012, -21.1545], [55.5013, -21.1553], [55.5017, -21.1562], [55.5017, -21.157], [55.5018, -21.1579], [55.5016, -21.1589], [55.5013, -21.1597], [55.5004, -21.1606], [55.5, -21.1617], [55.4994, -21.1626], [55.4991, -21.1635], [55.4986, -21.1644], [55.4981, -21.1653], [55.4979, -21.1662], [55.4977, -21.1671], [55.4978, -21.168], [55.498, -21.1688], [55.4978, -21.1697], [55.4973, -21.1705], [55.4965, -21.1714], [55.4963, -21.1725], [55.4961, -21.1736], [55.4959, -21.1745], [55.4956, -21.1753], [55.4952, -21.1761], [55.4952, -21.1771], [55.4946, -21.1781], [55.4937, -21.1792], [55.4929, -21.1802], [55.4919, -21.1808], [55.4908, -21.1819], [55.4891, -21.1831], [55.4882, -21.1835], [55.4874, -21.1843], [55.4863, -21.1849], [55.4852, -21.1857], [55.484, -21.1861], [55.483, -21.1868], [55.4818, -21.1874], [55.4809, -21.1877], [55.48, -21.188], [55.4791, -21.1881], [55.4784, -21.189], [55.4763, -21.1895], [55.4749, -21.1901], [55.473, -21.1899], [55.4715, -21.1891], [55.4705, -21.1894], [55.4698, -21.1903], [55.4688, -21.191], [55.4677, -21.1911], [55.4667, -21.1918], [55.4659, -21.1927], [55.4653, -21.1935], [55.4642, -21.1937], [55.4632, -21.194], [55.462, -21.1949], [55.4569, -21.1928], [55.4561, -21.1918], [55.4552, -21.1917], [55.4542, -21.192], [55.4533, -21.1931], [55.4523, -21.1937], [55.4513, -21.1934], [55.4509, -21.1926], [55.4498, -21.1915], [55.4489, -21.1912], [55.4479, -21.1912], [55.4468, -21.1914], [55.4457, -21.1915], [55.4446, -21.1906], [55.4431, -21.1905], [55.4413, -21.1903], [55.4387, -21.1901], [55.4376, -21.19], [55.4377, -21.1889], [55.4377, -21.1877], [55.4373, -21.1868], [55.4364, -21.186], [55.435, -21.1856], [55.434, -21.1856], [55.4331, -21.1853], [55.4322, -21.1848], [55.4314, -21.1839], [55.431, -21.1831], [55.4304, -21.182], [55.4302, -21.1811], [55.4299, -21.1801], [55.43, -21.1791], [55.4291, -21.1786], [55.4281, -21.1777], [55.4272, -21.1772], [55.4263, -21.1769], [55.4253, -21.1761], [55.4246, -21.1753], [55.424, -21.1744], [55.4235, -21.1734], [55.4224, -21.1721], [55.4215, -21.1713], [55.4205, -21.1705], [55.4191, -21.1697], [55.4179, -21.169], [55.417, -21.1684], [55.4161, -21.1677], [55.4154, -21.1669], [55.4146, -21.1659], [55.4138, -21.165], [55.413, -21.1642], [55.4126, -21.1631], [55.4123, -21.1615], [55.4118, -21.1605], [55.4112, -21.1596], [55.4113, -21.1586], [55.4115, -21.1576], [55.4106, -21.1566], [55.411, -21.1558], [55.411, -21.1548], [55.4103, -21.154], [55.4098, -21.1531], [55.4089, -21.1524], [55.4081, -21.1515], [55.4074, -21.1506], [55.407, -21.1498], [55.4061, -21.1488], [55.4056, -21.1479], [55.4055, -21.1474]]]}}]}