{"type": "FeatureCollection", "features": [{"type": "Feature", "properties": {"nom": "Les Abymes", "code": "97101", "codeDepartement": "971", "siren": "219711017", "codeEpci": "200018653", "codeRegion": "01", "codesPostaux": ["97139", "97142"], "population": 51055}, "geometry": {"type": "MultiPolygon", "coordinates": [[[[-61.549, 16.2531], [-61.548, 16.2536], [-61.5471, 16.2536], [-61.5465, 16.2544], [-61.5466, 16.2556], [-61.5466, 16.2565], [-61.5466, 16.2574], [-61.5466, 16.2583], [-61.5468, 16.2593], [-61.5471, 16.2601], [-61.5474, 16.2611], [-61.5474, 16.2622], [-61.5472, 16.263], [-61.5472, 16.264], [-61.5476, 16.2648], [-61.5476, 16.2657], [-61.5468, 16.2663], [-61.5469, 16.2672], [-61.5478, 16.2676], [-61.5483, 16.2689], [-61.548, 16.2698], [-61.5474, 16.2708], [-61.548, 16.2718], [-61.5488, 16.2727], [-61.5488, 16.2736], [-61.5488, 16.2745], [-61.548, 16.2756], [-61.5484, 16.2766], [-61.5486, 16.2774], [-61.5482, 16.2783], [-61.5479, 16.2795], [-61.5482, 16.2804], [-61.5491, 16.2813], [-61.5495, 16.2823], [-61.5495, 16.2831], [-61.5496, 16.2841], [-61.5506, 16.2849], [-61.5505, 16.2859], [-61.5508, 16.2868], [-61.5505, 16.2876], [-61.5502, 16.2885], [-61.5499, 16.2893], [-61.5489, 16.2898], [-61.5481, 16.2905], [-61.5491, 16.2902], [-61.5488, 16.2911], [-61.5479, 16.2917], [-61.547, 16.2922], [-61.546, 16.2927], [-61.5448, 16.2922], [-61.5441, 16.2914], [-61.5436, 16.2903], [-61.5445, 16.2898], [-61.5434, 16.2896], [-61.5425, 16.2891], [-61.5425, 16.2882], [-61.5425, 16.2872], [-61.542, 16.288], [-61.5415, 16.2889], [-61.5412, 16.2899], [-61.5411, 16.2909], [-61.5413, 16.2921], [-61.5404, 16.2919], [-61.5394, 16.2917], [-61.5404, 16.2923], [-61.5413, 16.2924], [-61.5415, 16.2933], [-61.5417, 16.2942], [-61.542, 16.2952], [-61.5424, 16.2961], [-61.5435, 16.2955], [-61.5445, 16.2954], [-61.5455, 16.2964], [-61.5458, 16.2973], [-61.5463, 16.2982], [-61.547, 16.2992], [-61.547, 16.3], [-61.547, 16.3012], [-61.5461, 16.3021], [-61.5463, 16.303], [-61.5455, 16.3038], [-61.5446, 16.3042], [-61.5444, 16.3032], [-61.5453, 16.3032], [-61.5456, 16.3021], [-61.5453, 16.3012], [-61.5443, 16.301], [-61.5432, 16.302], [-61.5421, 16.3025], [-61.5412, 16.3025], [-61.5406, 16.3034], [-61.5401, 16.3042], [-61.5394, 16.3051], [-61.5388, 16.3059], [-61.5375, 16.3063], [-61.5373, 16.3072], [-61.5374, 16.3081], [-61.5372, 16.309], [-61.537, 16.3099], [-61.537, 16.3107], [-61.5359, 16.3113], [-61.5357, 16.3122], [-61.5346, 16.3125], [-61.5338, 16.3115], [-61.5328, 16.3117], [-61.5317, 16.3115], [-61.5308, 16.3113], [-61.5298, 16.311], [-61.5289, 16.3107], [-61.5273, 16.3104], [-61.5263, 16.3105], [-61.5253, 16.3095], [-61.5246, 16.3084], [-61.5236, 16.3076], [-61.522, 16.3069], [-61.5209, 16.3064], [-61.5197, 16.3058], [-61.5187, 16.3052], [-61.5179, 16.305], [-61.5173, 16.3037], [-61.5162, 16.3036], [-61.5144, 16.3041], [-61.5128, 16.3039], [-61.5117, 16.3038], [-61.5115, 16.3018], [-61.5113, 16.3008], [-61.5101, 16.3007], [-61.5089, 16.3007], [-61.5074, 16.3006], [-61.5061, 16.3006], [-61.5049, 16.3005], [-61.5039, 16.3026], [-61.5033, 16.3041], [-61.5031, 16.3051], [-61.503, 16.306], [-61.502, 16.3059], [-61.5011, 16.3059], [-61.4996, 16.3059], [-61.4986, 16.3057], [-61.4964, 16.3041], [-61.4942, 16.304], [-61.493, 16.3039], [-61.4915, 16.3038], [-61.4906, 16.3039], [-61.4898, 16.3029], [-61.4893, 16.3021], [-61.4884, 16.3022], [-61.4871, 16.3021], [-61.4867, 16.3012], [-61.4855, 16.3015], [-61.4842, 16.3019], [-61.4837, 16.3028], [-61.4828, 16.3035], [-61.4816, 16.3039], [-61.4799, 16.3045], [-61.4789, 16.3049], [-61.4774, 16.3053], [-61.4761, 16.3039], [-61.4768, 16.303], [-61.4777, 16.3028], [-61.4768, 16.3005], [-61.476, 16.3016], [-61.475, 16.3023], [-61.4741, 16.3015], [-61.4726, 16.3003], [-61.4685, 16.2999], [-61.4671, 16.3015], [-61.4663, 16.3018], [-61.4655, 16.3009], [-61.4646, 16.3007], [-61.4635, 16.3001], [-61.4621, 16.3001], [-61.4612, 16.2994], [-61.4606, 16.298], [-61.4606, 16.2965], [-61.4595, 16.2957], [-61.4586, 16.2952], [-61.4577, 16.2951], [-61.4569, 16.2942], [-61.4568, 16.2934], [-61.4572, 16.2925], [-61.4572, 16.2917], [-61.4562, 16.2902], [-61.4552, 16.2898], [-61.4543, 16.2895], [-61.4535, 16.2895], [-61.4528, 16.2887], [-61.4516, 16.2879], [-61.4507, 16.2874], [-61.4496, 16.2876], [-61.4485, 16.2872], [-61.4473, 16.2859], [-61.4463, 16.2862], [-61.4464, 16.2853], [-61.4452, 16.2847], [-61.4429, 16.2856], [-61.4431, 16.2869], [-61.4421, 16.2876], [-61.441, 16.2875], [-61.4402, 16.287], [-61.4385, 16.2873], [-61.4379, 16.2863], [-61.4377, 16.284], [-61.4371, 16.283], [-61.4368, 16.2821], [-61.437, 16.2811], [-61.4375, 16.2799], [-61.4387, 16.2796], [-61.4395, 16.2789], [-61.4405, 16.2783], [-61.4424, 16.2801], [-61.4435, 16.2798], [-61.4451, 16.2793], [-61.4456, 16.2781], [-61.4462, 16.2766], [-61.4463, 16.2753], [-61.4465, 16.2726], [-61.445, 16.2731], [-61.4438, 16.271], [-61.4444, 16.2701], [-61.4439, 16.269], [-61.4457, 16.2684], [-61.4452, 16.2672], [-61.4448, 16.2658], [-61.4447, 16.2648], [-61.4447, 16.2637], [-61.4449, 16.2625], [-61.445, 16.2614], [-61.4461, 16.2619], [-61.4471, 16.2622], [-61.4484, 16.2629], [-61.4493, 16.2622], [-61.4502, 16.2621], [-61.4511, 16.2615], [-61.452, 16.2617], [-61.4525, 16.2608], [-61.4524, 16.2599], [-61.4529, 16.2589], [-61.4536, 16.258], [-61.4545, 16.2578], [-61.4554, 16.2581], [-61.4567, 16.258], [-61.4577, 16.2577], [-61.4585, 16.2567], [-61.4595, 16.2566], [-61.4604, 16.2553], [-61.4616, 16.2548], [-61.4624, 16.2537], [-61.4638, 16.2537], [-61.4647, 16.2539], [-61.4659, 16.2533], [-61.4667, 16.2532], [-61.4678, 16.2532], [-61.4687, 16.253], [-61.4697, 16.2515], [-61.471, 16.2517], [-61.4721, 16.2509], [-61.4729, 16.252], [-61.4739, 16.2514], [-61.4753, 16.2509], [-61.4765, 16.2506], [-61.4784, 16.2498], [-61.4782, 16.2486], [-61.4797, 16.2478], [-61.4816, 16.2465], [-61.4826, 16.2463], [-61.4835, 16.2467], [-61.4844, 16.2471], [-61.4859, 16.247], [-61.4873, 16.2466], [-61.4882, 16.2458], [-61.4888, 16.2445], [-61.4907, 16.2419], [-61.4915, 16.2419], [-61.4925, 16.2414], [-61.4938, 16.2415], [-61.4949, 16.2412], [-61.4964, 16.2407], [-61.4974, 16.24], [-61.4987, 16.24], [-61.4996, 16.2401], [-61.501, 16.2391], [-61.5018, 16.2383], [-61.5017, 16.2371], [-61.5027, 16.2361], [-61.5037, 16.2355], [-61.5047, 16.2355], [-61.5057, 16.2359], [-61.5069, 16.2369], [-61.5078, 16.2379], [-61.5087, 16.2384], [-61.5097, 16.2378], [-61.5107, 16.2375], [-61.5121, 16.2368], [-61.5125, 16.2356], [-61.513, 16.2345], [-61.5132, 16.2337], [-61.5131, 16.2328], [-61.5143, 16.2323], [-61.5153, 16.232], [-61.5163, 16.2318], [-61.5172, 16.2314], [-61.5177, 16.2303], [-61.5171, 16.2293], [-61.5177, 16.2281], [-61.5183, 16.2272], [-61.5189, 16.2262], [-61.5192, 16.2253], [-61.52, 16.2248], [-61.5209, 16.2248], [-61.5217, 16.2242], [-61.5228, 16.2242], [-61.5238, 16.2234], [-61.5247, 16.2231], [-61.5256, 16.2234], [-61.5264, 16.2239], [-61.5275, 16.2257], [-61.5285, 16.2265], [-61.5294, 16.2269], [-61.5305, 16.2276], [-61.5314, 16.2278], [-61.5315, 16.2289], [-61.5313, 16.2303], [-61.5308, 16.2322], [-61.5303, 16.2342], [-61.53, 16.2352], [-61.5291, 16.2384], [-61.5307, 16.2414], [-61.5317, 16.2432], [-61.5328, 16.2452], [-61.5334, 16.2462], [-61.5347, 16.2471], [-61.5359, 16.2476], [-61.537, 16.2481], [-61.538, 16.2481], [-61.542, 16.2501], [-61.543, 16.2505], [-61.5444, 16.2512], [-61.5463, 16.2519], [-61.5486, 16.2529], [-61.549, 16.2531]]], [[[-61.5498, 16.2811], [-61.5507, 16.2812], [-61.5512, 16.282], [-61.5503, 16.2821], [-61.5498, 16.2811]]], [[[-61.5511, 16.2812], [-61.5519, 16.2811], [-61.5529, 16.2812], [-61.5527, 16.282], [-61.5517, 16.2823], [-61.5513, 16.2814], [-61.5511, 16.2812]]], [[[-61.5532, 16.2855], [-61.5521, 16.2849], [-61.5531, 16.2846], [-61.5543, 16.2855], [-61.5551, 16.286], [-61.5542, 16.2866], [-61.5534, 16.2858], [-61.5532, 16.2855]]], [[[-61.5544, 16.2871], [-61.5555, 16.2866], [-61.5564, 16.287], [-61.5558, 16.2879], [-61.5546, 16.2879], [-61.5544, 16.2871]]], [[[-61.5509, 16.2881], [-61.5518, 16.288], [-61.5527, 16.2871], [-61.5537, 16.2867], [-61.5537, 16.2875], [-61.5543, 16.2884], [-61.5533, 16.2884], [-61.5531, 16.2893], [-61.5522, 16.2892], [-61.5511, 16.2884], [-61.5509, 16.2881]]], [[[-61.5425, 16.2935], [-61.5432, 16.2927], [-61.5442, 16.2926], [-61.545, 16.2933], [-61.545, 16.2942], [-61.5448, 16.295], [-61.5439, 16.295], [-61.543, 16.2953], [-61.5421, 16.2945], [-61.5425, 16.2935]]]]}}, {"type": "Feature", "properties": {"nom": "Anse-Bertrand", "code": "97102", "codeDepartement": "971", "siren": "219711025", "codeEpci": "200044691", "codeRegion": "01", "codesPostaux": ["97121"], "population": 4412}, "geometry": {"type": "Polygon", "coordinates": [[[-61.4039, 16.446], [-61.4051, 16.4453], [-61.4062, 16.4447], [-61.4072, 16.444], [-61.4083, 16.4437], [-61.4091, 16.4432], [-61.4122, 16.4424], [-61.4132, 16.4423], [-61.4134, 16.4408], [-61.4122, 16.4406], [-61.4112, 16.4392], [-61.4113, 16.437], [-61.4114, 16.436], [-61.4118, 16.4331], [-61.412, 16.432], [-61.4118, 16.4306], [-61.4118, 16.4293], [-61.4133, 16.4292], [-61.4138, 16.428], [-61.4158, 16.4273], [-61.4172, 16.4274], [-61.4183, 16.4272], [-61.4212, 16.4275], [-61.4212, 16.4257], [-61.4214, 16.4244], [-61.4214, 16.4229], [-61.4216, 16.4199], [-61.4239, 16.4199], [-61.4249, 16.4194], [-61.4259, 16.4192], [-61.4267, 16.4202], [-61.4278, 16.4212], [-61.429, 16.4216], [-61.43, 16.4214], [-61.4309, 16.4207], [-61.4319, 16.4211], [-61.4323, 16.4222], [-61.4324, 16.4233], [-61.4325, 16.4243], [-61.4326, 16.4254], [-61.4326, 16.429], [-61.4326, 16.4316], [-61.4328, 16.4328], [-61.4311, 16.434], [-61.4314, 16.4357], [-61.4316, 16.4366], [-61.4317, 16.4374], [-61.4318, 16.4384], [-61.433, 16.4391], [-61.4339, 16.4389], [-61.4346, 16.4401], [-61.4347, 16.441], [-61.4364, 16.4411], [-61.4409, 16.4403], [-61.4418, 16.4403], [-61.4434, 16.4401], [-61.4441, 16.4425], [-61.4443, 16.4438], [-61.4445, 16.4453], [-61.4447, 16.4467], [-61.445, 16.4485], [-61.4451, 16.4494], [-61.4454, 16.4513], [-61.4473, 16.451], [-61.4488, 16.4508], [-61.45, 16.4507], [-61.4515, 16.4505], [-61.4527, 16.4504], [-61.4538, 16.4502], [-61.4536, 16.4488], [-61.4533, 16.4467], [-61.4546, 16.4457], [-61.4569, 16.4454], [-61.4582, 16.4453], [-61.4613, 16.4448], [-61.4623, 16.4447], [-61.4626, 16.4479], [-61.4667, 16.4473], [-61.4665, 16.4461], [-61.4665, 16.4453], [-61.4676, 16.4444], [-61.4691, 16.4441], [-61.47, 16.444], [-61.4722, 16.4436], [-61.4721, 16.4428], [-61.4718, 16.4417], [-61.4737, 16.4415], [-61.4749, 16.4414], [-61.4748, 16.4406], [-61.4747, 16.4395], [-61.4746, 16.4385], [-61.4755, 16.4388], [-61.4763, 16.4391], [-61.4775, 16.4392], [-61.4786, 16.4397], [-61.4795, 16.4399], [-61.4808, 16.4398], [-61.4817, 16.4397], [-61.483, 16.4395], [-61.4838, 16.4395], [-61.4848, 16.4393], [-61.4865, 16.4392], [-61.4876, 16.439], [-61.4885, 16.4389], [-61.4903, 16.4386], [-61.4907, 16.4396], [-61.493, 16.4395], [-61.4934, 16.4414], [-61.494, 16.4446], [-61.4956, 16.4441], [-61.4956, 16.4451], [-61.4965, 16.4451], [-61.4965, 16.4464], [-61.4971, 16.4477], [-61.4987, 16.4479], [-61.4996, 16.4475], [-61.5005, 16.4473], [-61.5019, 16.4463], [-61.5029, 16.4455], [-61.5042, 16.4462], [-61.5047, 16.4471], [-61.5063, 16.4479], [-61.5072, 16.4482], [-61.5084, 16.4479], [-61.5094, 16.4478], [-61.5106, 16.4476], [-61.5104, 16.449], [-61.5105, 16.4508], [-61.5105, 16.4525], [-61.5126, 16.4516], [-61.5139, 16.4514], [-61.515, 16.4513], [-61.5154, 16.4522], [-61.5164, 16.4534], [-61.5166, 16.4544], [-61.5167, 16.4552], [-61.518, 16.455], [-61.5192, 16.455], [-61.5202, 16.4548], [-61.5218, 16.4546], [-61.5228, 16.4544], [-61.5237, 16.4543], [-61.5255, 16.4541], [-61.5265, 16.454], [-61.5279, 16.4539], [-61.5298, 16.4536], [-61.5337, 16.4532], [-61.5356, 16.4529], [-61.5355, 16.4543], [-61.5353, 16.4551], [-61.534, 16.4561], [-61.5329, 16.4571], [-61.5319, 16.4579], [-61.5307, 16.459], [-61.5297, 16.4604], [-61.5287, 16.4613], [-61.5274, 16.4615], [-61.5265, 16.4616], [-61.5255, 16.4618], [-61.5246, 16.4623], [-61.5234, 16.4631], [-61.5227, 16.4623], [-61.5225, 16.4631], [-61.5227, 16.464], [-61.5224, 16.4649], [-61.5221, 16.4658], [-61.5219, 16.4668], [-61.5212, 16.4676], [-61.5203, 16.4684], [-61.5192, 16.4694], [-61.5182, 16.4704], [-61.5173, 16.4711], [-61.5159, 16.4714], [-61.5148, 16.4717], [-61.5138, 16.4717], [-61.5129, 16.4716], [-61.512, 16.4717], [-61.5109, 16.4722], [-61.5098, 16.4725], [-61.509, 16.4736], [-61.5081, 16.4738], [-61.5072, 16.4739], [-61.5073, 16.4752], [-61.507, 16.4762], [-61.5066, 16.477], [-61.5059, 16.4782], [-61.5049, 16.4781], [-61.5054, 16.4772], [-61.5045, 16.4779], [-61.5054, 16.4785], [-61.5055, 16.4795], [-61.5054, 16.4805], [-61.5049, 16.4813], [-61.5043, 16.4824], [-61.5042, 16.4835], [-61.503, 16.484], [-61.5018, 16.484], [-61.5009, 16.484], [-61.5005, 16.4849], [-61.4995, 16.4848], [-61.4984, 16.4852], [-61.4978, 16.4863], [-61.4968, 16.4859], [-61.4959, 16.4864], [-61.495, 16.487], [-61.494, 16.4879], [-61.4933, 16.4888], [-61.4922, 16.4894], [-61.4911, 16.4898], [-61.4903, 16.49], [-61.4894, 16.4903], [-61.4886, 16.49], [-61.4877, 16.4907], [-61.4867, 16.4913], [-61.4858, 16.4918], [-61.4852, 16.4927], [-61.4853, 16.4935], [-61.4847, 16.4945], [-61.4838, 16.495], [-61.483, 16.4959], [-61.482, 16.4956], [-61.4817, 16.4964], [-61.4811, 16.4973], [-61.4801, 16.4975], [-61.4795, 16.4984], [-61.4802, 16.4994], [-61.4797, 16.5003], [-61.4789, 16.5012], [-61.4784, 16.5026], [-61.4783, 16.5036], [-61.4781, 16.5044], [-61.4779, 16.5054], [-61.4767, 16.5047], [-61.4758, 16.5053], [-61.4752, 16.5065], [-61.475, 16.5073], [-61.475, 16.5083], [-61.4741, 16.5092], [-61.4739, 16.5101], [-61.473, 16.5105], [-61.4721, 16.5103], [-61.4712, 16.5103], [-61.4709, 16.5112], [-61.4703, 16.5122], [-61.4698, 16.511], [-61.4696, 16.5101], [-61.4687, 16.5107], [-61.4677, 16.5107], [-61.4667, 16.5107], [-61.4661, 16.5116], [-61.4656, 16.5125], [-61.4653, 16.5133], [-61.4648, 16.5143], [-61.4641, 16.5132], [-61.4644, 16.5123], [-61.4647, 16.5113], [-61.4651, 16.5104], [-61.4654, 16.5092], [-61.4662, 16.5082], [-61.4666, 16.5072], [-61.4667, 16.5064], [-61.4658, 16.5064], [-61.4649, 16.5068], [-61.4645, 16.5059], [-61.4636, 16.5051], [-61.4626, 16.5051], [-61.4618, 16.5052], [-61.462, 16.5042], [-61.4629, 16.5039], [-61.4633, 16.5031], [-61.4637, 16.5021], [-61.4632, 16.501], [-61.4625, 16.5], [-61.4615, 16.4994], [-61.4604, 16.5003], [-61.4603, 16.5011], [-61.4593, 16.5017], [-61.4596, 16.5008], [-61.4588, 16.4999], [-61.4583, 16.4991], [-61.4574, 16.4986], [-61.4568, 16.4994], [-61.4562, 16.4986], [-61.4557, 16.4994], [-61.4548, 16.4997], [-61.4543, 16.5006], [-61.454, 16.4997], [-61.4536, 16.4988], [-61.4529, 16.4978], [-61.4519, 16.4975], [-61.4513, 16.4983], [-61.4504, 16.4985], [-61.4496, 16.499], [-61.4487, 16.4992], [-61.4477, 16.4997], [-61.4467, 16.5009], [-61.4458, 16.5004], [-61.4453, 16.4995], [-61.4445, 16.4996], [-61.4436, 16.5003], [-61.4435, 16.4994], [-61.4436, 16.4985], [-61.4438, 16.4976], [-61.4437, 16.4967], [-61.4434, 16.4959], [-61.4429, 16.495], [-61.4427, 16.4942], [-61.4427, 16.4931], [-61.4429, 16.4922], [-61.4426, 16.4913], [-61.4429, 16.4904], [-61.4425, 16.4896], [-61.4416, 16.4888], [-61.4416, 16.4878], [-61.4418, 16.487], [-61.4412, 16.488], [-61.4411, 16.4888], [-61.441, 16.4898], [-61.4404, 16.4906], [-61.4395, 16.4905], [-61.439, 16.4897], [-61.4384, 16.4888], [-61.4375, 16.4888], [-61.4366, 16.4881], [-61.4355, 16.4878], [-61.4348, 16.487], [-61.4338, 16.4873], [-61.4342, 16.4864], [-61.4345, 16.4854], [-61.4335, 16.4852], [-61.4335, 16.4842], [-61.433, 16.4833], [-61.432, 16.4834], [-61.4312, 16.483], [-61.4301, 16.4826], [-61.4293, 16.4822], [-61.4285, 16.4813], [-61.428, 16.4804], [-61.4282, 16.4794], [-61.4273, 16.4791], [-61.4265, 16.4794], [-61.4268, 16.4784], [-61.4261, 16.4776], [-61.4253, 16.4767], [-61.4244, 16.476], [-61.4235, 16.4762], [-61.4227, 16.475], [-61.4218, 16.4748], [-61.4212, 16.4757], [-61.4206, 16.4766], [-61.4199, 16.4756], [-61.4198, 16.4747], [-61.4188, 16.4749], [-61.4187, 16.4741], [-61.4184, 16.4733], [-61.4181, 16.4724], [-61.4183, 16.4715], [-61.4174, 16.4714], [-61.4164, 16.4719], [-61.4155, 16.472], [-61.4148, 16.4712], [-61.4144, 16.4701], [-61.4135, 16.4693], [-61.4129, 16.4702], [-61.4118, 16.4696], [-61.411, 16.4685], [-61.4104, 16.4676], [-61.41, 16.4665], [-61.4097, 16.4656], [-61.4104, 16.4645], [-61.4102, 16.4637], [-61.4106, 16.4627], [-61.411, 16.4619], [-61.4109, 16.4611], [-61.4101, 16.4601], [-61.4092, 16.4603], [-61.4083, 16.4606], [-61.4083, 16.4596], [-61.4091, 16.4595], [-61.4092, 16.4586], [-61.4091, 16.4578], [-61.4083, 16.4569], [-61.4079, 16.4559], [-61.4076, 16.455], [-61.4078, 16.454], [-61.4075, 16.4531], [-61.4081, 16.4522], [-61.4072, 16.4517], [-61.4063, 16.4513], [-61.4063, 16.4503], [-61.4069, 16.4494], [-61.4071, 16.4486], [-61.4076, 16.4477], [-61.4071, 16.4469], [-61.4062, 16.4462], [-61.4051, 16.4457], [-61.4046, 16.4466], [-61.4039, 16.446]]]}}, {"type": "Feature", "properties": {"nom": "Baie-Mahault", "code": "97103", "codeDepartement": "971", "siren": "219711033", "codeEpci": "200018653", "codeRegion": "01", "codesPostaux": ["97122"], "population": 30924}, "geometry": {"type": "MultiPolygon", "coordinates": [[[[-61.5835, 16.2345], [-61.5846, 16.2349], [-61.5858, 16.2351], [-61.5867, 16.2352], [-61.5876, 16.2358], [-61.5885, 16.2355], [-61.5896, 16.2351], [-61.5904, 16.2355], [-61.5914, 16.2358], [-61.5924, 16.2362], [-61.5933, 16.2361], [-61.5943, 16.2356], [-61.5951, 16.2351], [-61.5961, 16.235], [-61.5971, 16.2349], [-61.5979, 16.2351], [-61.5988, 16.2344], [-61.5998, 16.2337], [-61.6, 16.2328], [-61.6009, 16.2332], [-61.6018, 16.2327], [-61.6026, 16.2328], [-61.6037, 16.2323], [-61.6047, 16.2316], [-61.6056, 16.2309], [-61.6063, 16.2299], [-61.6066, 16.2291], [-61.6076, 16.2284], [-61.6079, 16.2276], [-61.6086, 16.2267], [-61.6095, 16.2263], [-61.6104, 16.2253], [-61.6114, 16.2254], [-61.6124, 16.2255], [-61.6134, 16.2259], [-61.6145, 16.2259], [-61.6151, 16.2248], [-61.6155, 16.2239], [-61.6163, 16.2228], [-61.6174, 16.2228], [-61.6183, 16.2229], [-61.6191, 16.223], [-61.62, 16.2232], [-61.6209, 16.2227], [-61.622, 16.2223], [-61.623, 16.222], [-61.6238, 16.2218], [-61.6248, 16.2215], [-61.626, 16.2215], [-61.6268, 16.2209], [-61.6278, 16.2209], [-61.6291, 16.2207], [-61.6301, 16.2204], [-61.6317, 16.2198], [-61.6335, 16.2192], [-61.6357, 16.2185], [-61.6385, 16.2176], [-61.64, 16.2171], [-61.6416, 16.2166], [-61.6439, 16.2158], [-61.645, 16.2153], [-61.6459, 16.2148], [-61.6468, 16.2143], [-61.6478, 16.2131], [-61.6477, 16.214], [-61.6469, 16.2149], [-61.6473, 16.2158], [-61.6473, 16.2168], [-61.647, 16.2177], [-61.6461, 16.2186], [-61.6452, 16.2194], [-61.6444, 16.2198], [-61.6439, 16.2206], [-61.643, 16.221], [-61.6425, 16.2219], [-61.6415, 16.2227], [-61.6408, 16.2236], [-61.6397, 16.2238], [-61.6394, 16.2247], [-61.6393, 16.2256], [-61.6394, 16.2264], [-61.6404, 16.2276], [-61.6414, 16.2284], [-61.6425, 16.2292], [-61.6408, 16.2317], [-61.641, 16.233], [-61.6407, 16.2342], [-61.6401, 16.2351], [-61.6399, 16.2359], [-61.6388, 16.2368], [-61.6378, 16.2371], [-61.6377, 16.238], [-61.6369, 16.2386], [-61.6359, 16.2391], [-61.6348, 16.24], [-61.634, 16.2408], [-61.6333, 16.2417], [-61.6332, 16.2426], [-61.6333, 16.2437], [-61.6332, 16.2447], [-61.6324, 16.2456], [-61.6318, 16.2464], [-61.6317, 16.2473], [-61.6312, 16.2484], [-61.6303, 16.249], [-61.6307, 16.2498], [-61.6297, 16.2508], [-61.6289, 16.2518], [-61.6283, 16.2529], [-61.629, 16.2538], [-61.6292, 16.2546], [-61.6297, 16.2554], [-61.6303, 16.2564], [-61.6301, 16.2572], [-61.63, 16.2581], [-61.6303, 16.2589], [-61.6304, 16.2598], [-61.6306, 16.2607], [-61.6298, 16.2616], [-61.6291, 16.2625], [-61.6294, 16.2635], [-61.628, 16.2647], [-61.6272, 16.2658], [-61.627, 16.2666], [-61.627, 16.2676], [-61.6267, 16.2685], [-61.6262, 16.2693], [-61.6264, 16.2705], [-61.6264, 16.2722], [-61.6262, 16.2732], [-61.6253, 16.2738], [-61.6247, 16.2747], [-61.6242, 16.2756], [-61.6234, 16.276], [-61.6224, 16.2762], [-61.6215, 16.2765], [-61.6206, 16.2768], [-61.6198, 16.277], [-61.6189, 16.2771], [-61.618, 16.2773], [-61.6172, 16.2779], [-61.6162, 16.2781], [-61.6152, 16.2785], [-61.6143, 16.2787], [-61.6134, 16.2787], [-61.6122, 16.2793], [-61.6117, 16.2783], [-61.6119, 16.2775], [-61.6117, 16.2765], [-61.612, 16.2755], [-61.6123, 16.2743], [-61.6129, 16.2733], [-61.6135, 16.2723], [-61.6141, 16.2714], [-61.6146, 16.2705], [-61.615, 16.2694], [-61.6144, 16.2685], [-61.6135, 16.2676], [-61.6127, 16.2675], [-61.6118, 16.2673], [-61.6109, 16.2681], [-61.6098, 16.2685], [-61.6089, 16.2689], [-61.6079, 16.2682], [-61.6069, 16.2688], [-61.606, 16.2695], [-61.6057, 16.2704], [-61.6053, 16.2712], [-61.6048, 16.2721], [-61.6037, 16.2724], [-61.6028, 16.2728], [-61.6021, 16.2737], [-61.6024, 16.2747], [-61.6017, 16.2756], [-61.6011, 16.2766], [-61.6008, 16.2774], [-61.6002, 16.2784], [-61.5997, 16.2793], [-61.5995, 16.2803], [-61.5992, 16.2813], [-61.598, 16.282], [-61.5984, 16.2809], [-61.5987, 16.28], [-61.599, 16.2791], [-61.5992, 16.2781], [-61.5986, 16.2769], [-61.5978, 16.2761], [-61.5971, 16.2751], [-61.5974, 16.274], [-61.5976, 16.2732], [-61.5985, 16.2726], [-61.5995, 16.272], [-61.6006, 16.2714], [-61.601, 16.2703], [-61.6008, 16.2692], [-61.6003, 16.2684], [-61.5995, 16.2675], [-61.5987, 16.2665], [-61.5975, 16.266], [-61.5966, 16.266], [-61.5958, 16.2662], [-61.5949, 16.2661], [-61.594, 16.2663], [-61.593, 16.2666], [-61.5921, 16.2668], [-61.5913, 16.2668], [-61.5903, 16.2671], [-61.5893, 16.2681], [-61.5883, 16.2687], [-61.5874, 16.2692], [-61.5866, 16.2696], [-61.5855, 16.2698], [-61.5843, 16.2702], [-61.5843, 16.271], [-61.5839, 16.2722], [-61.5842, 16.2731], [-61.5837, 16.2741], [-61.5829, 16.2751], [-61.582, 16.276], [-61.5813, 16.2769], [-61.58, 16.278], [-61.5792, 16.2788], [-61.5792, 16.2799], [-61.5792, 16.2809], [-61.5793, 16.2819], [-61.5803, 16.2821], [-61.5807, 16.2829], [-61.5799, 16.2839], [-61.5791, 16.2838], [-61.578, 16.2839], [-61.5772, 16.2841], [-61.5764, 16.285], [-61.5756, 16.2841], [-61.5747, 16.2833], [-61.5747, 16.2825], [-61.5756, 16.2827], [-61.576, 16.2817], [-61.5761, 16.2809], [-61.5751, 16.2809], [-61.575, 16.2817], [-61.574, 16.2822], [-61.5731, 16.2818], [-61.5717, 16.2823], [-61.5706, 16.2818], [-61.5697, 16.2817], [-61.5701, 16.2827], [-61.5699, 16.2836], [-61.5689, 16.2845], [-61.568, 16.2849], [-61.5669, 16.2849], [-61.5663, 16.2858], [-61.5654, 16.2862], [-61.564, 16.2867], [-61.5633, 16.2856], [-61.5623, 16.2848], [-61.5623, 16.2838], [-61.5613, 16.2837], [-61.5604, 16.2833], [-61.5604, 16.2845], [-61.5602, 16.2855], [-61.5612, 16.2856], [-61.5602, 16.2861], [-61.5593, 16.2866], [-61.5584, 16.2864], [-61.5575, 16.286], [-61.5566, 16.2855], [-61.5556, 16.2851], [-61.5551, 16.2842], [-61.5543, 16.283], [-61.5533, 16.2825], [-61.5533, 16.2816], [-61.5538, 16.2807], [-61.553, 16.2807], [-61.5532, 16.2796], [-61.5533, 16.2786], [-61.5543, 16.278], [-61.5551, 16.2775], [-61.5553, 16.2783], [-61.5562, 16.279], [-61.557, 16.2796], [-61.558, 16.2797], [-61.5589, 16.2802], [-61.5599, 16.2805], [-61.5602, 16.2796], [-61.5602, 16.2786], [-61.5607, 16.2778], [-61.561, 16.2769], [-61.5607, 16.2761], [-61.5596, 16.276], [-61.5594, 16.2768], [-61.5584, 16.2766], [-61.5579, 16.2754], [-61.5575, 16.2743], [-61.5568, 16.2734], [-61.556, 16.273], [-61.5554, 16.2739], [-61.5554, 16.2749], [-61.5548, 16.2757], [-61.5555, 16.2766], [-61.5541, 16.2778], [-61.5532, 16.2784], [-61.5523, 16.2783], [-61.5515, 16.2788], [-61.5506, 16.278], [-61.5498, 16.2777], [-61.5497, 16.2768], [-61.5495, 16.276], [-61.5497, 16.2751], [-61.5496, 16.2741], [-61.5497, 16.2732], [-61.5496, 16.2721], [-61.5487, 16.2712], [-61.5487, 16.2704], [-61.5489, 16.2694], [-61.5491, 16.2685], [-61.5487, 16.2676], [-61.5482, 16.2668], [-61.5485, 16.2657], [-61.5482, 16.2645], [-61.548, 16.2637], [-61.5481, 16.2628], [-61.5483, 16.2618], [-61.5484, 16.2609], [-61.5485, 16.2598], [-61.5476, 16.259], [-61.5475, 16.2578], [-61.5475, 16.2569], [-61.5476, 16.2561], [-61.5481, 16.2552], [-61.5491, 16.2544], [-61.55, 16.2541], [-61.5495, 16.2533], [-61.5506, 16.2524], [-61.5515, 16.2522], [-61.5523, 16.2517], [-61.5532, 16.2508], [-61.5533, 16.2499], [-61.5526, 16.249], [-61.5519, 16.248], [-61.5516, 16.2472], [-61.5511, 16.2462], [-61.5502, 16.2457], [-61.5498, 16.2448], [-61.5496, 16.244], [-61.549, 16.243], [-61.5488, 16.2421], [-61.5493, 16.2413], [-61.55, 16.2404], [-61.5508, 16.2401], [-61.5505, 16.2393], [-61.5504, 16.2384], [-61.5506, 16.2372], [-61.5507, 16.2364], [-61.5507, 16.2354], [-61.5504, 16.2343], [-61.5501, 16.2335], [-61.5497, 16.2326], [-61.5486, 16.2322], [-61.5475, 16.2324], [-61.5458, 16.233], [-61.5442, 16.2332], [-61.543, 16.233], [-61.5423, 16.2321], [-61.5433, 16.2302], [-61.5449, 16.229], [-61.5461, 16.2281], [-61.5464, 16.2272], [-61.5456, 16.2262], [-61.5446, 16.2259], [-61.5438, 16.2244], [-61.5452, 16.2242], [-61.5461, 16.2239], [-61.547, 16.2235], [-61.5478, 16.2233], [-61.5487, 16.2235], [-61.5495, 16.2238], [-61.5504, 16.224], [-61.5513, 16.2242], [-61.5522, 16.2247], [-61.553, 16.2257], [-61.5533, 16.2266], [-61.5535, 16.2275], [-61.5539, 16.2283], [-61.5544, 16.2293], [-61.5544, 16.2303], [-61.5553, 16.2312], [-61.5557, 16.2323], [-61.5565, 16.2331], [-61.5575, 16.2334], [-61.5584, 16.2343], [-61.559, 16.2352], [-61.5598, 16.2351], [-61.5607, 16.2354], [-61.5616, 16.235], [-61.5626, 16.2342], [-61.563, 16.2333], [-61.5627, 16.2323], [-61.5623, 16.2312], [-61.5632, 16.2319], [-61.5641, 16.2322], [-61.5645, 16.2332], [-61.5654, 16.2332], [-61.5664, 16.2335], [-61.5666, 16.2343], [-61.5665, 16.2352], [-61.5672, 16.236], [-61.5684, 16.2363], [-61.5692, 16.236], [-61.5701, 16.2357], [-61.5709, 16.2362], [-61.572, 16.2362], [-61.573, 16.2357], [-61.5737, 16.2349], [-61.5749, 16.2344], [-61.5758, 16.2347], [-61.5767, 16.2348], [-61.5776, 16.235], [-61.5781, 16.236], [-61.5788, 16.237], [-61.5797, 16.2373], [-61.5809, 16.2367], [-61.5823, 16.2356], [-61.5833, 16.2347], [-61.5835, 16.2345]]], [[[-61.5551, 16.2772], [-61.5558, 16.2764], [-61.556, 16.2772], [-61.556, 16.2781], [-61.5551, 16.2773], [-61.5551, 16.2772]]]]}}, {"type": "Feature", "properties": {"nom": "Baillif", "code": "97104", "codeDepartement": "971", "siren": "219711041", "codeEpci": "249710070", "codeRegion": "01", "codesPostaux": ["97123"], "population": 5096}, "geometry": {"type": "Polygon", "coordinates": [[[-61.6841, 16.0895], [-61.684, 16.0884], [-61.6833, 16.087], [-61.683, 16.0859], [-61.682, 16.0856], [-61.6806, 16.0846], [-61.6821, 16.0836], [-61.683, 16.0831], [-61.6835, 16.082], [-61.684, 16.0812], [-61.684, 16.0803], [-61.6839, 16.0795], [-61.6839, 16.0784], [-61.6837, 16.0773], [-61.6837, 16.0764], [-61.6833, 16.0755], [-61.6841, 16.0747], [-61.6847, 16.0739], [-61.6849, 16.073], [-61.6856, 16.0721], [-61.685, 16.0708], [-61.6853, 16.0699], [-61.6851, 16.0691], [-61.685, 16.0681], [-61.6854, 16.0672], [-61.6866, 16.0663], [-61.6876, 16.0659], [-61.6886, 16.0654], [-61.6897, 16.0651], [-61.6909, 16.0643], [-61.6917, 16.0632], [-61.6919, 16.0622], [-61.6929, 16.0622], [-61.6932, 16.0613], [-61.6942, 16.0605], [-61.6951, 16.0597], [-61.6959, 16.0589], [-61.6972, 16.0576], [-61.6975, 16.0566], [-61.6978, 16.0555], [-61.6986, 16.0546], [-61.6984, 16.0536], [-61.699, 16.0527], [-61.6996, 16.0518], [-61.7004, 16.0511], [-61.7007, 16.05], [-61.7007, 16.0492], [-61.702, 16.0491], [-61.7019, 16.0479], [-61.7028, 16.0472], [-61.7037, 16.0467], [-61.7045, 16.0474], [-61.7055, 16.0467], [-61.7066, 16.0464], [-61.7071, 16.0473], [-61.708, 16.0472], [-61.7079, 16.0464], [-61.7079, 16.0455], [-61.7088, 16.0457], [-61.7087, 16.0449], [-61.7097, 16.0446], [-61.7096, 16.0437], [-61.7102, 16.0428], [-61.7102, 16.0419], [-61.7111, 16.0416], [-61.7102, 16.0407], [-61.7103, 16.0398], [-61.7108, 16.0389], [-61.7121, 16.0385], [-61.7127, 16.0376], [-61.7137, 16.0377], [-61.714, 16.0368], [-61.7131, 16.0361], [-61.7139, 16.0355], [-61.7133, 16.0346], [-61.7133, 16.0337], [-61.7131, 16.0328], [-61.713, 16.032], [-61.7141, 16.0319], [-61.7145, 16.0311], [-61.7143, 16.0302], [-61.7147, 16.0294], [-61.7142, 16.0284], [-61.7144, 16.0274], [-61.7133, 16.0267], [-61.7136, 16.0259], [-61.7143, 16.0251], [-61.7152, 16.0246], [-61.7148, 16.0237], [-61.7152, 16.0226], [-61.7154, 16.0217], [-61.7163, 16.0216], [-61.7173, 16.0224], [-61.7178, 16.0213], [-61.7177, 16.0204], [-61.7187, 16.0201], [-61.7196, 16.0196], [-61.7197, 16.0187], [-61.7205, 16.0178], [-61.7203, 16.017], [-61.7212, 16.0174], [-61.7212, 16.0164], [-61.7221, 16.016], [-61.7233, 16.0163], [-61.7239, 16.0154], [-61.7248, 16.0148], [-61.7252, 16.014], [-61.7264, 16.0133], [-61.7278, 16.0125], [-61.7289, 16.0116], [-61.7301, 16.0113], [-61.7311, 16.012], [-61.732, 16.0122], [-61.7329, 16.0116], [-61.7334, 16.0126], [-61.7343, 16.012], [-61.7351, 16.0111], [-61.7361, 16.011], [-61.737, 16.0107], [-61.7381, 16.0101], [-61.739, 16.01], [-61.7398, 16.0108], [-61.7407, 16.0112], [-61.7415, 16.0113], [-61.7424, 16.0111], [-61.7434, 16.0106], [-61.7448, 16.0106], [-61.7461, 16.0108], [-61.7467, 16.0118], [-61.7468, 16.0128], [-61.747, 16.0143], [-61.747, 16.0151], [-61.7471, 16.0165], [-61.7471, 16.0176], [-61.7472, 16.019], [-61.7471, 16.0199], [-61.7471, 16.0208], [-61.747, 16.0217], [-61.7477, 16.0227], [-61.748, 16.0236], [-61.7483, 16.0248], [-61.7487, 16.0257], [-61.7483, 16.0267], [-61.7485, 16.0277], [-61.7489, 16.0294], [-61.7492, 16.0302], [-61.7499, 16.0311], [-61.7503, 16.0319], [-61.7509, 16.0328], [-61.7508, 16.0337], [-61.7501, 16.0345], [-61.7492, 16.0346], [-61.7486, 16.0356], [-61.7482, 16.0365], [-61.7472, 16.0367], [-61.7462, 16.0366], [-61.7454, 16.0366], [-61.745, 16.0374], [-61.744, 16.0375], [-61.7429, 16.038], [-61.7418, 16.038], [-61.7415, 16.0389], [-61.7406, 16.039], [-61.7397, 16.0392], [-61.7386, 16.0396], [-61.7376, 16.04], [-61.7376, 16.041], [-61.7373, 16.042], [-61.7366, 16.0431], [-61.7359, 16.0441], [-61.7353, 16.045], [-61.7345, 16.0459], [-61.7348, 16.0467], [-61.7355, 16.0476], [-61.7347, 16.0482], [-61.7338, 16.048], [-61.7333, 16.0488], [-61.7332, 16.0496], [-61.7328, 16.0506], [-61.7323, 16.0518], [-61.7324, 16.0528], [-61.7318, 16.054], [-61.7313, 16.055], [-61.7311, 16.056], [-61.7301, 16.0564], [-61.7295, 16.0573], [-61.7289, 16.0582], [-61.728, 16.0588], [-61.7269, 16.0596], [-61.7259, 16.06], [-61.7251, 16.0607], [-61.7244, 16.0617], [-61.7241, 16.0626], [-61.7232, 16.0639], [-61.7225, 16.0649], [-61.7226, 16.0658], [-61.7218, 16.0666], [-61.7209, 16.0669], [-61.72, 16.0671], [-61.7189, 16.0673], [-61.7182, 16.0683], [-61.7178, 16.0692], [-61.717, 16.0702], [-61.7159, 16.0707], [-61.7148, 16.0708], [-61.7136, 16.0705], [-61.7125, 16.0708], [-61.7115, 16.0716], [-61.7108, 16.0725], [-61.7099, 16.0728], [-61.7098, 16.0737], [-61.7089, 16.0739], [-61.7077, 16.0739], [-61.7066, 16.0742], [-61.7043, 16.0743], [-61.703, 16.0739], [-61.7017, 16.0738], [-61.7008, 16.0741], [-61.6997, 16.0747], [-61.6987, 16.0749], [-61.6976, 16.0763], [-61.6947, 16.0765], [-61.6943, 16.0775], [-61.6934, 16.0795], [-61.6922, 16.0806], [-61.6923, 16.0816], [-61.6923, 16.0828], [-61.6898, 16.0833], [-61.6879, 16.0848], [-61.6867, 16.0859], [-61.6852, 16.088], [-61.6846, 16.0892], [-61.6841, 16.0895]]]}}, {"type": "Feature", "properties": {"nom": "Basse-Terre", "code": "97105", "codeDepartement": "971", "siren": "219711058", "codeEpci": "249710070", "codeRegion": "01", "codesPostaux": ["97100"], "population": 9417}, "geometry": {"type": "Polygon", "coordinates": [[[-61.7125, 15.9966], [-61.7132, 15.9957], [-61.7142, 15.9955], [-61.714, 15.9945], [-61.7149, 15.9945], [-61.7147, 15.9936], [-61.7156, 15.9933], [-61.7166, 15.9927], [-61.7176, 15.9927], [-61.7176, 15.9916], [-61.7186, 15.9907], [-61.7191, 15.9896], [-61.7199, 15.9894], [-61.7208, 15.9893], [-61.721, 15.9884], [-61.7218, 15.9879], [-61.7222, 15.9866], [-61.7229, 15.9857], [-61.724, 15.9865], [-61.725, 15.9874], [-61.7259, 15.988], [-61.7269, 15.9889], [-61.7281, 15.9901], [-61.7291, 15.991], [-61.7302, 15.9921], [-61.7307, 15.9931], [-61.7314, 15.9942], [-61.7318, 15.9951], [-61.7329, 15.9955], [-61.7342, 15.9972], [-61.7342, 15.9983], [-61.7352, 15.9993], [-61.7363, 16.0002], [-61.7374, 16.0013], [-61.7384, 16.002], [-61.7392, 16.0029], [-61.74, 16.0034], [-61.7413, 16.0043], [-61.7424, 16.0049], [-61.7433, 16.0057], [-61.7442, 16.007], [-61.7449, 16.0081], [-61.7458, 16.0096], [-61.7463, 16.0104], [-61.7451, 16.0105], [-61.7441, 16.0105], [-61.7432, 16.0107], [-61.7422, 16.0112], [-61.7411, 16.0113], [-61.7398, 16.0108], [-61.739, 16.01], [-61.7381, 16.0101], [-61.7371, 16.0106], [-61.7361, 16.011], [-61.7351, 16.0111], [-61.7343, 16.012], [-61.7334, 16.0126], [-61.7331, 16.0116], [-61.7321, 16.0121], [-61.7311, 16.012], [-61.7306, 16.0109], [-61.7298, 16.0096], [-61.7291, 16.0087], [-61.7279, 16.0079], [-61.7267, 16.0067], [-61.7258, 16.0057], [-61.724, 16.0036], [-61.7229, 16.0036], [-61.7218, 16.0031], [-61.7209, 16.0022], [-61.7198, 16.0025], [-61.7189, 16.0029], [-61.7177, 16.0026], [-61.7186, 16.0015], [-61.716, 15.9996], [-61.7145, 15.9983], [-61.7126, 15.9967], [-61.7125, 15.9966]]]}}, {"type": "Feature", "properties": {"nom": "Bouillante", "code": "97106", "codeDepartement": "971", "siren": "219711066", "codeEpci": "249710070", "codeRegion": "01", "codesPostaux": ["97125"], "population": 6127}, "geometry": {"type": "MultiPolygon", "coordinates": [[[[-61.7365, 16.1807], [-61.7362, 16.1799], [-61.7355, 16.1786], [-61.7355, 16.1771], [-61.7347, 16.1756], [-61.7337, 16.1745], [-61.7332, 16.1732], [-61.7326, 16.1721], [-61.7323, 16.1712], [-61.7313, 16.1707], [-61.7309, 16.1698], [-61.7313, 16.1689], [-61.7313, 16.1681], [-61.731, 16.1672], [-61.7303, 16.1664], [-61.7302, 16.1655], [-61.7298, 16.1647], [-61.7299, 16.1635], [-61.7299, 16.1626], [-61.7303, 16.1617], [-61.7305, 16.1608], [-61.7299, 16.1599], [-61.7296, 16.1588], [-61.7293, 16.1579], [-61.7293, 16.1571], [-61.7299, 16.1561], [-61.7297, 16.1552], [-61.7301, 16.1543], [-61.7298, 16.1534], [-61.7295, 16.1525], [-61.7288, 16.1512], [-61.7279, 16.1507], [-61.7276, 16.1498], [-61.7267, 16.1495], [-61.7256, 16.149], [-61.7247, 16.1486], [-61.725, 16.1476], [-61.725, 16.1466], [-61.7249, 16.1456], [-61.7248, 16.1446], [-61.7246, 16.1437], [-61.724, 16.1427], [-61.7243, 16.1418], [-61.724, 16.1409], [-61.7238, 16.1399], [-61.7235, 16.1391], [-61.7238, 16.1378], [-61.724, 16.1369], [-61.7241, 16.136], [-61.7249, 16.1349], [-61.7256, 16.1339], [-61.7262, 16.1329], [-61.7274, 16.1323], [-61.7283, 16.1319], [-61.7288, 16.131], [-61.7297, 16.1302], [-61.7305, 16.1293], [-61.731, 16.1285], [-61.7316, 16.125], [-61.7317, 16.1242], [-61.7322, 16.1231], [-61.7329, 16.1222], [-61.733, 16.121], [-61.7334, 16.1193], [-61.7334, 16.1175], [-61.7332, 16.1165], [-61.733, 16.1156], [-61.7333, 16.1137], [-61.7342, 16.113], [-61.7356, 16.1125], [-61.7367, 16.1121], [-61.7375, 16.1113], [-61.7379, 16.1104], [-61.7403, 16.1103], [-61.7405, 16.1111], [-61.7413, 16.1111], [-61.7425, 16.1106], [-61.7424, 16.1098], [-61.743, 16.1087], [-61.7445, 16.1091], [-61.7454, 16.1093], [-61.7461, 16.1081], [-61.7476, 16.1084], [-61.7482, 16.1073], [-61.7493, 16.107], [-61.7515, 16.1062], [-61.7517, 16.1049], [-61.752, 16.1039], [-61.7529, 16.1027], [-61.754, 16.1016], [-61.7553, 16.1008], [-61.7568, 16.1002], [-61.7577, 16.0997], [-61.7589, 16.0989], [-61.7598, 16.0983], [-61.761, 16.0979], [-61.7621, 16.0971], [-61.7631, 16.0961], [-61.7637, 16.0952], [-61.7639, 16.0943], [-61.7646, 16.0928], [-61.7648, 16.0919], [-61.7661, 16.0908], [-61.7677, 16.0907], [-61.7687, 16.0905], [-61.7696, 16.0899], [-61.7706, 16.0898], [-61.7717, 16.0898], [-61.7718, 16.0907], [-61.7727, 16.0911], [-61.7727, 16.092], [-61.7731, 16.0928], [-61.7726, 16.0937], [-61.7717, 16.094], [-61.7709, 16.0949], [-61.7706, 16.0959], [-61.7716, 16.0969], [-61.7727, 16.0969], [-61.7737, 16.0977], [-61.7728, 16.0989], [-61.7719, 16.0997], [-61.772, 16.1005], [-61.7721, 16.1014], [-61.7732, 16.1021], [-61.7744, 16.1019], [-61.7747, 16.1029], [-61.7748, 16.1038], [-61.7747, 16.1046], [-61.7739, 16.105], [-61.773, 16.1054], [-61.7732, 16.1062], [-61.7731, 16.1076], [-61.7734, 16.1086], [-61.7737, 16.1096], [-61.7745, 16.1104], [-61.7747, 16.1112], [-61.7739, 16.112], [-61.7737, 16.1128], [-61.7742, 16.1137], [-61.7744, 16.1147], [-61.7744, 16.1157], [-61.7744, 16.1167], [-61.7741, 16.1176], [-61.7739, 16.1185], [-61.7735, 16.1202], [-61.7735, 16.1215], [-61.7744, 16.1224], [-61.7745, 16.1232], [-61.7737, 16.1236], [-61.7737, 16.1244], [-61.7738, 16.1254], [-61.7738, 16.1262], [-61.7728, 16.1267], [-61.7719, 16.1273], [-61.7708, 16.1276], [-61.7699, 16.1288], [-61.7699, 16.1298], [-61.7699, 16.1308], [-61.7704, 16.1317], [-61.7709, 16.1325], [-61.7707, 16.1334], [-61.7712, 16.1348], [-61.7718, 16.1359], [-61.7728, 16.1361], [-61.7736, 16.1367], [-61.7743, 16.1376], [-61.7746, 16.1384], [-61.7755, 16.1388], [-61.7765, 16.1391], [-61.7775, 16.1394], [-61.7786, 16.1396], [-61.7794, 16.1395], [-61.7797, 16.1405], [-61.779, 16.1414], [-61.7791, 16.1425], [-61.7791, 16.1433], [-61.7782, 16.1435], [-61.7772, 16.1443], [-61.7777, 16.1453], [-61.7766, 16.1461], [-61.776, 16.1472], [-61.7753, 16.1484], [-61.7755, 16.1493], [-61.776, 16.1502], [-61.7757, 16.1512], [-61.7756, 16.1522], [-61.7757, 16.1533], [-61.7761, 16.1544], [-61.7763, 16.1555], [-61.7764, 16.1564], [-61.7765, 16.1573], [-61.7763, 16.1591], [-61.7764, 16.1604], [-61.776, 16.1614], [-61.7763, 16.1623], [-61.7759, 16.1634], [-61.7758, 16.1644], [-61.7758, 16.1654], [-61.776, 16.1667], [-61.7764, 16.1678], [-61.7765, 16.1686], [-61.7769, 16.1696], [-61.7766, 16.1705], [-61.7763, 16.1716], [-61.7769, 16.1725], [-61.7778, 16.1733], [-61.7788, 16.1741], [-61.7796, 16.1744], [-61.7806, 16.1744], [-61.7815, 16.1744], [-61.7824, 16.174], [-61.7833, 16.175], [-61.7838, 16.1759], [-61.7842, 16.1767], [-61.7835, 16.1776], [-61.7835, 16.1786], [-61.7834, 16.1794], [-61.7841, 16.1804], [-61.7839, 16.1813], [-61.784, 16.1822], [-61.7841, 16.1831], [-61.7837, 16.184], [-61.7835, 16.1854], [-61.7833, 16.1863], [-61.7825, 16.1871], [-61.7816, 16.1878], [-61.7804, 16.1874], [-61.7794, 16.1865], [-61.7786, 16.1855], [-61.7775, 16.1846], [-61.7767, 16.1842], [-61.7758, 16.1836], [-61.7749, 16.1835], [-61.7739, 16.1832], [-61.7727, 16.1824], [-61.7712, 16.1814], [-61.7698, 16.1811], [-61.7687, 16.181], [-61.7674, 16.1807], [-61.7665, 16.1807], [-61.7646, 16.1803], [-61.7636, 16.1803], [-61.7623, 16.1804], [-61.7615, 16.1806], [-61.7603, 16.181], [-61.7591, 16.1812], [-61.7582, 16.1816], [-61.7571, 16.1822], [-61.7553, 16.1834], [-61.7543, 16.1838], [-61.7526, 16.1845], [-61.7513, 16.185], [-61.7503, 16.1859], [-61.7495, 16.1852], [-61.7478, 16.1842], [-61.7461, 16.1839], [-61.7437, 16.1838], [-61.7414, 16.1828], [-61.7398, 16.1831], [-61.7386, 16.1831], [-61.7376, 16.182], [-61.7366, 16.1807], [-61.7365, 16.1807]]], [[[-61.7893, 16.1668], [-61.7891, 16.1669], [-61.7889, 16.1669], [-61.7893, 16.1668]]], [[[-61.7891, 16.1673], [-61.79, 16.1674], [-61.7909, 16.167], [-61.7919, 16.1673], [-61.7917, 16.1682], [-61.7907, 16.1685], [-61.7905, 16.1694], [-61.7896, 16.1695], [-61.7887, 16.1691], [-61.7882, 16.1682], [-61.789, 16.1673], [-61.7891, 16.1673]]]]}}, {"type": "Feature", "properties": {"nom": "Capesterre-Belle-Eau", "code": "97107", "codeDepartement": "971", "siren": "219711074", "codeEpci": "249710070", "codeRegion": "01", "codesPostaux": ["97130"], "population": 17684}, "geometry": {"type": "Polygon", "coordinates": [[[-61.6841, 16.0895], [-61.6827, 16.0903], [-61.6804, 16.092], [-61.6782, 16.0919], [-61.6773, 16.0921], [-61.6756, 16.0911], [-61.6748, 16.0911], [-61.6739, 16.0912], [-61.6729, 16.091], [-61.672, 16.0908], [-61.6708, 16.0907], [-61.6699, 16.0906], [-61.669, 16.0905], [-61.6679, 16.0903], [-61.667, 16.0915], [-61.6664, 16.0925], [-61.6635, 16.0946], [-61.6618, 16.0941], [-61.6586, 16.0939], [-61.6572, 16.0934], [-61.6554, 16.0929], [-61.6544, 16.0921], [-61.6524, 16.0918], [-61.6506, 16.092], [-61.6495, 16.0917], [-61.6483, 16.0909], [-61.6472, 16.0909], [-61.6433, 16.0917], [-61.6409, 16.092], [-61.6398, 16.0911], [-61.6386, 16.0903], [-61.6374, 16.0898], [-61.6366, 16.089], [-61.6354, 16.0881], [-61.6342, 16.0869], [-61.6333, 16.0865], [-61.6317, 16.086], [-61.6307, 16.086], [-61.6279, 16.0867], [-61.627, 16.0868], [-61.6252, 16.0853], [-61.6237, 16.0849], [-61.6223, 16.0842], [-61.6212, 16.0837], [-61.6202, 16.084], [-61.6193, 16.0851], [-61.6183, 16.0859], [-61.6177, 16.0873], [-61.6166, 16.0878], [-61.6139, 16.0897], [-61.6126, 16.0904], [-61.6117, 16.0908], [-61.6099, 16.0912], [-61.6082, 16.0915], [-61.6073, 16.0915], [-61.6064, 16.0924], [-61.6054, 16.0929], [-61.6046, 16.0931], [-61.6036, 16.0938], [-61.6027, 16.095], [-61.6016, 16.0951], [-61.6003, 16.0952], [-61.5992, 16.0954], [-61.5982, 16.0957], [-61.5973, 16.0958], [-61.5962, 16.0955], [-61.5952, 16.0961], [-61.5943, 16.096], [-61.5933, 16.0966], [-61.5918, 16.0972], [-61.5908, 16.0977], [-61.5898, 16.0976], [-61.5893, 16.0984], [-61.5883, 16.0986], [-61.5889, 16.0996], [-61.5881, 16.1001], [-61.5872, 16.1001], [-61.5876, 16.1012], [-61.5873, 16.102], [-61.5862, 16.102], [-61.5852, 16.1022], [-61.5842, 16.1029], [-61.5838, 16.1038], [-61.5829, 16.1039], [-61.582, 16.1039], [-61.5818, 16.1048], [-61.5806, 16.1051], [-61.5806, 16.1061], [-61.5796, 16.1056], [-61.5791, 16.1064], [-61.5786, 16.1073], [-61.5777, 16.1076], [-61.5768, 16.108], [-61.5757, 16.1079], [-61.5747, 16.1078], [-61.5742, 16.1087], [-61.573, 16.1091], [-61.5724, 16.11], [-61.5715, 16.11], [-61.5703, 16.1104], [-61.5695, 16.1107], [-61.5686, 16.1103], [-61.5679, 16.1094], [-61.567, 16.1086], [-61.566, 16.1082], [-61.5651, 16.1078], [-61.5637, 16.1076], [-61.5628, 16.1073], [-61.5622, 16.1064], [-61.5628, 16.1055], [-61.563, 16.1044], [-61.5627, 16.1034], [-61.5618, 16.1026], [-61.5608, 16.1018], [-61.5608, 16.1008], [-61.5609, 16.0997], [-61.5612, 16.0983], [-61.5612, 16.0974], [-61.5611, 16.0964], [-61.5605, 16.0954], [-61.5595, 16.0948], [-61.559, 16.0938], [-61.5589, 16.0924], [-61.5592, 16.0915], [-61.5595, 16.0905], [-61.5595, 16.0895], [-61.5596, 16.0887], [-61.5602, 16.0877], [-61.5596, 16.0868], [-61.5604, 16.0859], [-61.5605, 16.0848], [-61.5606, 16.0836], [-61.5607, 16.0828], [-61.5607, 16.0816], [-61.5606, 16.0804], [-61.5602, 16.0796], [-61.5593, 16.0787], [-61.5591, 16.0778], [-61.5596, 16.0767], [-61.5599, 16.0757], [-61.5605, 16.0748], [-61.5607, 16.0738], [-61.5609, 16.0729], [-61.561, 16.0721], [-61.561, 16.0707], [-61.5609, 16.0698], [-61.5607, 16.0687], [-61.5606, 16.067], [-61.5606, 16.0659], [-61.5608, 16.0645], [-61.5607, 16.0629], [-61.5606, 16.0617], [-61.5603, 16.0607], [-61.56, 16.0598], [-61.559, 16.0591], [-61.5581, 16.0586], [-61.5574, 16.0576], [-61.5567, 16.0568], [-61.5558, 16.0561], [-61.5555, 16.0553], [-61.5553, 16.0541], [-61.5559, 16.0532], [-61.5563, 16.0524], [-61.5566, 16.0515], [-61.5568, 16.0506], [-61.5578, 16.05], [-61.559, 16.0496], [-61.5598, 16.049], [-61.5605, 16.0478], [-61.5607, 16.0465], [-61.5608, 16.0457], [-61.5617, 16.0449], [-61.5629, 16.0441], [-61.5637, 16.0433], [-61.5638, 16.0423], [-61.5645, 16.041], [-61.5647, 16.0399], [-61.5647, 16.0387], [-61.5647, 16.0378], [-61.565, 16.0369], [-61.5652, 16.0359], [-61.5651, 16.0348], [-61.5646, 16.0339], [-61.5655, 16.0334], [-61.566, 16.0325], [-61.5666, 16.0316], [-61.5673, 16.0307], [-61.5682, 16.0302], [-61.5691, 16.0292], [-61.5699, 16.0282], [-61.5697, 16.0272], [-61.5693, 16.0264], [-61.5693, 16.0255], [-61.5702, 16.025], [-61.5711, 16.0249], [-61.572, 16.0241], [-61.5719, 16.0233], [-61.5727, 16.0221], [-61.5735, 16.0215], [-61.5745, 16.0212], [-61.5755, 16.0206], [-61.5763, 16.0205], [-61.5772, 16.0201], [-61.5782, 16.0196], [-61.5792, 16.0193], [-61.5801, 16.0186], [-61.581, 16.0176], [-61.5817, 16.0166], [-61.5816, 16.0157], [-61.5824, 16.0148], [-61.5831, 16.014], [-61.584, 16.0139], [-61.5843, 16.0129], [-61.5852, 16.0122], [-61.5866, 16.0118], [-61.5874, 16.0119], [-61.5884, 16.0114], [-61.5888, 16.0102], [-61.5883, 16.0093], [-61.5892, 16.0092], [-61.5901, 16.0095], [-61.5911, 16.0088], [-61.5913, 16.008], [-61.5915, 16.0071], [-61.5924, 16.0071], [-61.5933, 16.0064], [-61.5941, 16.0055], [-61.5954, 16.0048], [-61.5962, 16.0043], [-61.5971, 16.0042], [-61.5981, 16.0035], [-61.598, 16.0026], [-61.599, 16.0032], [-61.5983, 16.0021], [-61.5985, 16.0011], [-61.5994, 16.001], [-61.6004, 16.0011], [-61.6014, 16.0007], [-61.6023, 16.0004], [-61.6029, 15.9993], [-61.6033, 15.9983], [-61.6035, 15.9974], [-61.604, 15.9965], [-61.6043, 15.9955], [-61.6056, 15.9949], [-61.6066, 15.9945], [-61.6073, 15.9936], [-61.608, 15.9927], [-61.6091, 15.9922], [-61.6099, 15.992], [-61.6108, 15.992], [-61.6117, 15.9915], [-61.6127, 15.9909], [-61.6135, 15.9901], [-61.6142, 15.9892], [-61.614, 15.9883], [-61.6144, 15.9874], [-61.6146, 15.9863], [-61.6157, 15.9866], [-61.6166, 15.9874], [-61.6173, 15.9884], [-61.6183, 15.9889], [-61.6191, 15.9892], [-61.6201, 15.9894], [-61.6215, 15.9894], [-61.6222, 15.9904], [-61.6224, 15.9914], [-61.6229, 15.9924], [-61.6238, 15.9933], [-61.6236, 15.9943], [-61.6236, 15.9952], [-61.6238, 15.9961], [-61.6239, 15.997], [-61.6243, 15.9979], [-61.6244, 15.9988], [-61.6242, 15.9997], [-61.6242, 16.0008], [-61.6244, 16.0017], [-61.6246, 16.0026], [-61.6255, 16.0033], [-61.6263, 16.0041], [-61.6264, 16.0052], [-61.627, 16.0061], [-61.6273, 16.007], [-61.6272, 16.0082], [-61.6269, 16.0094], [-61.6271, 16.0105], [-61.6275, 16.0115], [-61.6285, 16.0131], [-61.6294, 16.0141], [-61.6308, 16.015], [-61.6316, 16.0162], [-61.6326, 16.0183], [-61.6339, 16.0198], [-61.6347, 16.0203], [-61.6357, 16.0207], [-61.6368, 16.0212], [-61.6396, 16.024], [-61.6406, 16.0258], [-61.6412, 16.0275], [-61.6428, 16.0267], [-61.6444, 16.0265], [-61.6452, 16.0268], [-61.648, 16.0283], [-61.6496, 16.0292], [-61.6506, 16.0298], [-61.6522, 16.0303], [-61.6531, 16.0307], [-61.6547, 16.0322], [-61.6554, 16.0332], [-61.6559, 16.0345], [-61.6562, 16.0359], [-61.6562, 16.0373], [-61.6564, 16.0383], [-61.6564, 16.0396], [-61.6572, 16.04], [-61.6582, 16.0407], [-61.6597, 16.0423], [-61.663, 16.0439], [-61.6625, 16.045], [-61.6619, 16.046], [-61.6611, 16.0473], [-61.6614, 16.0491], [-61.6618, 16.05], [-61.6623, 16.0509], [-61.663, 16.0518], [-61.6633, 16.0526], [-61.6631, 16.0535], [-61.663, 16.0543], [-61.6633, 16.0552], [-61.6636, 16.0562], [-61.6637, 16.0571], [-61.6646, 16.0576], [-61.6655, 16.0581], [-61.6665, 16.0583], [-61.6674, 16.0587], [-61.67, 16.0596], [-61.671, 16.0594], [-61.6718, 16.0603], [-61.6727, 16.062], [-61.6731, 16.0631], [-61.6737, 16.064], [-61.6737, 16.0648], [-61.6738, 16.0658], [-61.6746, 16.0667], [-61.6748, 16.0676], [-61.6749, 16.0685], [-61.6751, 16.0694], [-61.6751, 16.0705], [-61.675, 16.0713], [-61.6749, 16.0723], [-61.6748, 16.0732], [-61.6746, 16.074], [-61.674, 16.0753], [-61.675, 16.0762], [-61.6758, 16.0771], [-61.6765, 16.078], [-61.6773, 16.0789], [-61.6784, 16.0801], [-61.6792, 16.082], [-61.6806, 16.0835], [-61.6805, 16.0845], [-61.6814, 16.0852], [-61.6822, 16.0857], [-61.6832, 16.0869], [-61.6838, 16.0878], [-61.6841, 16.0895]]]}}, {"type": "Feature", "properties": {"nom": "Capesterre-de-Marie-Galante", "code": "97108", "codeDepartement": "971", "siren": "219711082", "codeEpci": "249710047", "codeRegion": "01", "codesPostaux": ["97140"], "population": 3123}, "geometry": {"type": "Polygon", "coordinates": [[[-61.2246, 15.9645], [-61.2237, 15.9638], [-61.2228, 15.9634], [-61.2219, 15.9631], [-61.221, 15.9632], [-61.2199, 15.9626], [-61.2192, 15.9616], [-61.2184, 15.9607], [-61.218, 15.9597], [-61.218, 15.9587], [-61.218, 15.9578], [-61.2175, 15.9567], [-61.2166, 15.9568], [-61.2156, 15.9566], [-61.2148, 15.9564], [-61.2138, 15.9564], [-61.2129, 15.9559], [-61.212, 15.9552], [-61.2112, 15.955], [-61.2101, 15.9544], [-61.2092, 15.9538], [-61.2083, 15.9531], [-61.2073, 15.9521], [-61.2064, 15.9514], [-61.2056, 15.951], [-61.2052, 15.9501], [-61.2045, 15.9493], [-61.2039, 15.9484], [-61.2029, 15.9474], [-61.2018, 15.9462], [-61.2008, 15.9454], [-61.2003, 15.9442], [-61.1998, 15.9428], [-61.1994, 15.9418], [-61.199, 15.9409], [-61.1985, 15.9399], [-61.1982, 15.9388], [-61.1979, 15.9377], [-61.1977, 15.9367], [-61.1974, 15.9356], [-61.1973, 15.9348], [-61.197, 15.9339], [-61.1964, 15.933], [-61.1963, 15.9319], [-61.1962, 15.9309], [-61.1951, 15.9304], [-61.1952, 15.9295], [-61.1954, 15.9286], [-61.196, 15.9277], [-61.1969, 15.9272], [-61.197, 15.9253], [-61.1964, 15.9242], [-61.1963, 15.9231], [-61.1962, 15.9218], [-61.1966, 15.9209], [-61.1968, 15.9199], [-61.197, 15.919], [-61.1972, 15.9181], [-61.1974, 15.9173], [-61.1979, 15.9163], [-61.198, 15.9151], [-61.1985, 15.9138], [-61.199, 15.9126], [-61.1996, 15.9116], [-61.2, 15.9106], [-61.2005, 15.9097], [-61.2009, 15.9088], [-61.2013, 15.9077], [-61.2018, 15.9068], [-61.202, 15.9058], [-61.2024, 15.9048], [-61.203, 15.9039], [-61.203, 15.903], [-61.2039, 15.902], [-61.2047, 15.901], [-61.2057, 15.9005], [-61.2067, 15.9002], [-61.2079, 15.8997], [-61.2088, 15.8996], [-61.2097, 15.8994], [-61.2106, 15.899], [-61.2115, 15.8981], [-61.2124, 15.8978], [-61.2134, 15.8973], [-61.2138, 15.8964], [-61.2148, 15.896], [-61.2156, 15.8957], [-61.2166, 15.8957], [-61.2178, 15.8952], [-61.2184, 15.8944], [-61.2192, 15.8933], [-61.2205, 15.8922], [-61.221, 15.891], [-61.2207, 15.8898], [-61.2217, 15.8885], [-61.223, 15.8882], [-61.2241, 15.8877], [-61.225, 15.8872], [-61.2261, 15.8863], [-61.2269, 15.8852], [-61.2276, 15.8843], [-61.2287, 15.8837], [-61.2297, 15.8831], [-61.2307, 15.8828], [-61.2317, 15.8824], [-61.2325, 15.8818], [-61.2331, 15.8807], [-61.2339, 15.8798], [-61.2348, 15.8791], [-61.2357, 15.8791], [-61.2367, 15.8783], [-61.2377, 15.8781], [-61.2386, 15.878], [-61.239, 15.8769], [-61.2398, 15.8765], [-61.2407, 15.876], [-61.2415, 15.8753], [-61.2425, 15.8745], [-61.2434, 15.8746], [-61.2443, 15.8746], [-61.2452, 15.8742], [-61.246, 15.8739], [-61.247, 15.8731], [-61.2479, 15.8729], [-61.2488, 15.8727], [-61.2499, 15.8721], [-61.2508, 15.872], [-61.2516, 15.8719], [-61.2526, 15.8719], [-61.2537, 15.8719], [-61.2546, 15.8717], [-61.2557, 15.8716], [-61.2565, 15.8713], [-61.2574, 15.8713], [-61.2582, 15.871], [-61.2591, 15.8712], [-61.2591, 15.8736], [-61.259, 15.8749], [-61.2587, 15.8759], [-61.2578, 15.8768], [-61.2576, 15.8778], [-61.2569, 15.8788], [-61.2578, 15.8792], [-61.2583, 15.8801], [-61.2575, 15.881], [-61.2562, 15.8826], [-61.2553, 15.8834], [-61.2544, 15.8842], [-61.2534, 15.885], [-61.2524, 15.8857], [-61.2519, 15.8869], [-61.2515, 15.8883], [-61.2509, 15.8897], [-61.2492, 15.8943], [-61.2485, 15.8963], [-61.2525, 15.8974], [-61.2563, 15.8988], [-61.2562, 15.8999], [-61.2554, 15.9017], [-61.2549, 15.9031], [-61.2549, 15.9041], [-61.2544, 15.9053], [-61.2534, 15.9074], [-61.2525, 15.9088], [-61.2521, 15.9097], [-61.2522, 15.9109], [-61.2523, 15.9124], [-61.2526, 15.9133], [-61.2517, 15.914], [-61.251, 15.9151], [-61.2506, 15.9164], [-61.2504, 15.9175], [-61.2519, 15.9174], [-61.2531, 15.9172], [-61.2532, 15.9181], [-61.2532, 15.919], [-61.2545, 15.9189], [-61.2554, 15.9192], [-61.2563, 15.9196], [-61.2568, 15.9206], [-61.2565, 15.9217], [-61.2575, 15.9218], [-61.2584, 15.9218], [-61.2595, 15.9225], [-61.2611, 15.9226], [-61.262, 15.9233], [-61.2629, 15.9235], [-61.2638, 15.9236], [-61.2635, 15.9246], [-61.2625, 15.9251], [-61.2617, 15.9254], [-61.2608, 15.9262], [-61.2608, 15.9271], [-61.2601, 15.9282], [-61.2601, 15.9292], [-61.26, 15.9301], [-61.2598, 15.931], [-61.2604, 15.9318], [-61.2602, 15.9327], [-61.2596, 15.9336], [-61.2601, 15.9345], [-61.2605, 15.9356], [-61.2593, 15.9364], [-61.2583, 15.9367], [-61.2575, 15.9376], [-61.257, 15.9386], [-61.2567, 15.9395], [-61.2558, 15.9395], [-61.2554, 15.9405], [-61.2559, 15.9415], [-61.2557, 15.9425], [-61.2565, 15.9428], [-61.2572, 15.9437], [-61.2571, 15.9446], [-61.2571, 15.9455], [-61.2575, 15.9463], [-61.2583, 15.9472], [-61.2552, 15.9472], [-61.2538, 15.9474], [-61.2526, 15.9474], [-61.2507, 15.9476], [-61.2499, 15.9476], [-61.2486, 15.9477], [-61.2462, 15.9478], [-61.2457, 15.9491], [-61.2452, 15.9506], [-61.245, 15.9515], [-61.244, 15.9516], [-61.2431, 15.9516], [-61.2422, 15.9515], [-61.2412, 15.9518], [-61.2389, 15.9521], [-61.2386, 15.9533], [-61.2382, 15.955], [-61.2379, 15.9559], [-61.2371, 15.9579], [-61.2369, 15.9589], [-61.2348, 15.9588], [-61.2324, 15.9583], [-61.2311, 15.9579], [-61.2304, 15.959], [-61.2303, 15.9602], [-61.23, 15.9612], [-61.2287, 15.962], [-61.2275, 15.9627], [-61.2265, 15.963], [-61.2256, 15.964], [-61.2246, 15.9645]]]}}, {"type": "Feature", "properties": {"nom": "Gourbeyre", "code": "97109", "codeDepartement": "971", "siren": "219711090", "codeEpci": "249710070", "codeRegion": "01", "codesPostaux": ["97113"], "population": 7307}, "geometry": {"type": "Polygon", "coordinates": [[[-61.6597, 16.0423], [-61.6584, 16.0409], [-61.6573, 16.0401], [-61.6564, 16.0396], [-61.6564, 16.0383], [-61.6562, 16.0373], [-61.6562, 16.0359], [-61.6561, 16.0351], [-61.6557, 16.0336], [-61.6551, 16.0316], [-61.6554, 16.0304], [-61.6555, 16.0293], [-61.6555, 16.0283], [-61.656, 16.0275], [-61.6561, 16.0258], [-61.6563, 16.0249], [-61.6563, 16.0237], [-61.6571, 16.0228], [-61.6574, 16.0216], [-61.6579, 16.0205], [-61.6585, 16.0194], [-61.6583, 16.0186], [-61.6582, 16.0177], [-61.6583, 16.0168], [-61.6586, 16.0158], [-61.6588, 16.0147], [-61.6596, 16.0134], [-61.6603, 16.0126], [-61.661, 16.0116], [-61.6617, 16.0107], [-61.6623, 16.0099], [-61.663, 16.009], [-61.6635, 16.0082], [-61.6631, 16.0071], [-61.663, 16.0063], [-61.6641, 16.0055], [-61.6641, 16.0046], [-61.6645, 16.0038], [-61.6653, 16.0029], [-61.6662, 16.0024], [-61.6672, 16.0019], [-61.6684, 16.0015], [-61.6689, 16.0005], [-61.6685, 15.9993], [-61.6689, 15.9983], [-61.6695, 15.9974], [-61.6694, 15.9964], [-61.6688, 15.9954], [-61.6677, 15.9947], [-61.6673, 15.9937], [-61.6669, 15.9925], [-61.6667, 15.9915], [-61.6669, 15.9906], [-61.6668, 15.9897], [-61.667, 15.9886], [-61.667, 15.9877], [-61.6661, 15.9869], [-61.6651, 15.9866], [-61.6648, 15.9856], [-61.664, 15.9843], [-61.6641, 15.9834], [-61.6631, 15.9825], [-61.6622, 15.9818], [-61.6622, 15.9809], [-61.6624, 15.9799], [-61.6625, 15.9788], [-61.6624, 15.9779], [-61.6628, 15.9768], [-61.6632, 15.9759], [-61.6629, 15.975], [-61.6627, 15.9739], [-61.6634, 15.973], [-61.6642, 15.9739], [-61.6642, 15.9748], [-61.6648, 15.976], [-61.6654, 15.9769], [-61.6664, 15.9774], [-61.6673, 15.9781], [-61.6681, 15.9781], [-61.669, 15.9785], [-61.67, 15.9785], [-61.6709, 15.9782], [-61.6719, 15.9778], [-61.6728, 15.9776], [-61.6738, 15.9776], [-61.6748, 15.9766], [-61.6757, 15.9761], [-61.6769, 15.9761], [-61.6778, 15.9758], [-61.6788, 15.9744], [-61.679, 15.9733], [-61.68, 15.9727], [-61.6815, 15.9728], [-61.6836, 15.9725], [-61.6845, 15.9735], [-61.6855, 15.9737], [-61.6864, 15.9747], [-61.6875, 15.9749], [-61.6891, 15.9741], [-61.6901, 15.9739], [-61.6903, 15.973], [-61.6905, 15.9721], [-61.6916, 15.9713], [-61.6929, 15.9708], [-61.694, 15.9706], [-61.6953, 15.9704], [-61.6965, 15.9703], [-61.6975, 15.971], [-61.6986, 15.971], [-61.6996, 15.9708], [-61.7004, 15.9703], [-61.7015, 15.9699], [-61.7024, 15.9695], [-61.7041, 15.9693], [-61.7053, 15.9692], [-61.7064, 15.969], [-61.7074, 15.969], [-61.7083, 15.9694], [-61.7098, 15.9705], [-61.7101, 15.9717], [-61.7105, 15.9729], [-61.7109, 15.9738], [-61.7115, 15.9749], [-61.7127, 15.9766], [-61.713, 15.9776], [-61.7137, 15.9785], [-61.7146, 15.9797], [-61.7154, 15.9807], [-61.7164, 15.9813], [-61.7173, 15.9817], [-61.7158, 15.9816], [-61.7152, 15.9825], [-61.7167, 15.9843], [-61.7166, 15.9831], [-61.7167, 15.982], [-61.7174, 15.983], [-61.7182, 15.9838], [-61.7195, 15.9846], [-61.7208, 15.985], [-61.7216, 15.9853], [-61.7227, 15.9856], [-61.7222, 15.9866], [-61.722, 15.9877], [-61.7211, 15.9881], [-61.7211, 15.9892], [-61.7199, 15.9894], [-61.7191, 15.9896], [-61.7186, 15.9907], [-61.7177, 15.9913], [-61.7177, 15.9923], [-61.7166, 15.9927], [-61.7156, 15.9933], [-61.7148, 15.9932], [-61.7149, 15.9941], [-61.714, 15.9945], [-61.7144, 15.9955], [-61.7133, 15.9957], [-61.7125, 15.9966], [-61.7114, 15.9972], [-61.7104, 15.9979], [-61.7094, 15.9973], [-61.7091, 15.9981], [-61.7082, 15.9984], [-61.7074, 15.9994], [-61.706, 16.0001], [-61.705, 16.0007], [-61.7041, 16.0011], [-61.7036, 16.002], [-61.7025, 16.0024], [-61.7015, 16.0028], [-61.7008, 16.0037], [-61.6999, 16.0041], [-61.699, 16.0036], [-61.6984, 16.0046], [-61.6975, 16.0054], [-61.6964, 16.0055], [-61.6953, 16.005], [-61.695, 16.0058], [-61.6941, 16.0054], [-61.6936, 16.0063], [-61.6928, 16.0071], [-61.6922, 16.0081], [-61.6915, 16.0094], [-61.6908, 16.0102], [-61.69, 16.0111], [-61.6888, 16.0115], [-61.6878, 16.012], [-61.6869, 16.0116], [-61.6858, 16.0113], [-61.6848, 16.011], [-61.6841, 16.0096], [-61.6831, 16.009], [-61.6822, 16.009], [-61.6814, 16.0089], [-61.6803, 16.0091], [-61.6795, 16.0097], [-61.6785, 16.0102], [-61.6775, 16.0104], [-61.6764, 16.0104], [-61.6755, 16.0111], [-61.6749, 16.0119], [-61.674, 16.0126], [-61.6734, 16.0134], [-61.6724, 16.0133], [-61.6719, 16.0142], [-61.671, 16.0137], [-61.6701, 16.0144], [-61.6697, 16.0154], [-61.6688, 16.0157], [-61.6677, 16.0165], [-61.6669, 16.017], [-61.666, 16.0182], [-61.6655, 16.0191], [-61.6651, 16.0201], [-61.6643, 16.0204], [-61.6643, 16.0213], [-61.6634, 16.022], [-61.6625, 16.0217], [-61.662, 16.0225], [-61.6618, 16.0234], [-61.6614, 16.0247], [-61.6609, 16.0256], [-61.6614, 16.0266], [-61.6615, 16.0274], [-61.6616, 16.0283], [-61.6618, 16.0292], [-61.6625, 16.0305], [-61.6626, 16.0313], [-61.6631, 16.0323], [-61.6635, 16.0331], [-61.6634, 16.0341], [-61.6635, 16.0351], [-61.6634, 16.0362], [-61.6632, 16.0372], [-61.6628, 16.038], [-61.6621, 16.0389], [-61.6614, 16.04], [-61.6609, 16.0408], [-61.6601, 16.0417], [-61.6597, 16.0423]]]}}, {"type": "Feature", "properties": {"nom": "La D\u00e9sirade", "code": "97110", "codeDepartement": "971", "siren": "219711108", "codeEpci": "200041507", "codeRegion": "01", "codesPostaux": ["97127"], "population": 1306}, "geometry": {"type": "MultiPolygon", "coordinates": [[[[-61.1099, 16.1732], [-61.1093, 16.1722], [-61.1084, 16.1724], [-61.1075, 16.1724], [-61.1069, 16.1715], [-61.107, 16.1707], [-61.1077, 16.1699], [-61.108, 16.169], [-61.1096, 16.1689], [-61.1108, 16.1686], [-61.112, 16.1686], [-61.113, 16.1684], [-61.1139, 16.1684], [-61.1149, 16.1681], [-61.1158, 16.1682], [-61.1167, 16.1679], [-61.1176, 16.1682], [-61.1185, 16.1677], [-61.1194, 16.1673], [-61.1203, 16.1673], [-61.1212, 16.1672], [-61.1222, 16.1676], [-61.1232, 16.1681], [-61.1244, 16.1685], [-61.1253, 16.1687], [-61.1263, 16.1687], [-61.1274, 16.1689], [-61.1285, 16.1694], [-61.1295, 16.1702], [-61.1302, 16.1711], [-61.1312, 16.1718], [-61.1303, 16.1724], [-61.1289, 16.1733], [-61.1276, 16.1731], [-61.1265, 16.1727], [-61.1256, 16.1725], [-61.1243, 16.1727], [-61.1233, 16.1729], [-61.1221, 16.1729], [-61.1211, 16.1728], [-61.1201, 16.1727], [-61.1189, 16.1726], [-61.118, 16.1727], [-61.1168, 16.1726], [-61.1159, 16.1725], [-61.1151, 16.1728], [-61.114, 16.1732], [-61.1131, 16.1735], [-61.1123, 16.1738], [-61.1113, 16.1739], [-61.1104, 16.1743], [-61.1099, 16.1732]]], [[[-61.1132, 16.1765], [-61.1139, 16.1775], [-61.1128, 16.1775], [-61.1118, 16.1782], [-61.1111, 16.1792], [-61.1102, 16.1786], [-61.1092, 16.179], [-61.1083, 16.1789], [-61.1074, 16.1792], [-61.1065, 16.1796], [-61.1059, 16.1806], [-61.1049, 16.1804], [-61.1042, 16.1813], [-61.1032, 16.1805], [-61.1037, 16.1796], [-61.1048, 16.1787], [-61.105, 16.1778], [-61.1052, 16.177], [-61.1059, 16.176], [-61.107, 16.176], [-61.1079, 16.1761], [-61.1092, 16.1761], [-61.1101, 16.1761], [-61.1112, 16.1763], [-61.1121, 16.1766], [-61.1129, 16.1767], [-61.1132, 16.1765]]], [[[-61.0532, 16.3063], [-61.0541, 16.306], [-61.0557, 16.3056], [-61.0567, 16.3054], [-61.0576, 16.3053], [-61.0585, 16.3052], [-61.0595, 16.3049], [-61.0604, 16.305], [-61.0618, 16.3046], [-61.063, 16.3039], [-61.064, 16.3036], [-61.0651, 16.3035], [-61.066, 16.3032], [-61.0671, 16.3032], [-61.0682, 16.3035], [-61.0693, 16.3031], [-61.0702, 16.3027], [-61.0712, 16.3026], [-61.0727, 16.3017], [-61.0717, 16.3021], [-61.0715, 16.3029], [-61.0724, 16.3026], [-61.0735, 16.3028], [-61.0746, 16.3024], [-61.0754, 16.302], [-61.0763, 16.301], [-61.077, 16.2998], [-61.078, 16.2996], [-61.0792, 16.2998], [-61.0804, 16.2991], [-61.0811, 16.2979], [-61.0821, 16.2971], [-61.083, 16.2967], [-61.084, 16.2965], [-61.0851, 16.2962], [-61.0859, 16.2959], [-61.0869, 16.2958], [-61.088, 16.2959], [-61.0889, 16.2961], [-61.0898, 16.2959], [-61.0908, 16.2958], [-61.0918, 16.2952], [-61.0927, 16.2945], [-61.0937, 16.294], [-61.0947, 16.2935], [-61.0951, 16.2927], [-61.0951, 16.2919], [-61.0955, 16.2909], [-61.0964, 16.2903], [-61.0966, 16.2911], [-61.0975, 16.2916], [-61.0977, 16.2924], [-61.0978, 16.2933], [-61.0987, 16.2937], [-61.0981, 16.2946], [-61.0979, 16.2955], [-61.0975, 16.2964], [-61.0966, 16.2973], [-61.0962, 16.2983], [-61.0962, 16.2993], [-61.0964, 16.3001], [-61.0968, 16.3011], [-61.0975, 16.302], [-61.0979, 16.3029], [-61.0974, 16.304], [-61.0968, 16.3048], [-61.096, 16.3048], [-61.095, 16.3051], [-61.094, 16.3054], [-61.0933, 16.3062], [-61.0926, 16.3071], [-61.0922, 16.3079], [-61.0917, 16.3088], [-61.0909, 16.3094], [-61.0904, 16.3103], [-61.0904, 16.3112], [-61.0896, 16.3121], [-61.0887, 16.3118], [-61.0879, 16.3112], [-61.087, 16.3113], [-61.0862, 16.3112], [-61.0852, 16.3117], [-61.0842, 16.3117], [-61.0833, 16.3119], [-61.0824, 16.3118], [-61.0814, 16.3119], [-61.0805, 16.312], [-61.0794, 16.3121], [-61.0783, 16.3125], [-61.0774, 16.3134], [-61.0773, 16.3144], [-61.0773, 16.3154], [-61.0768, 16.3163], [-61.0762, 16.3172], [-61.0757, 16.318], [-61.0748, 16.3186], [-61.0739, 16.3189], [-61.0742, 16.3197], [-61.0733, 16.3198], [-61.0725, 16.32], [-61.0726, 16.3191], [-61.0717, 16.3191], [-61.0707, 16.3188], [-61.0698, 16.3186], [-61.0689, 16.3189], [-61.068, 16.3191], [-61.0671, 16.3194], [-61.0661, 16.3197], [-61.0651, 16.32], [-61.0642, 16.3203], [-61.0637, 16.3211], [-61.0627, 16.3216], [-61.0617, 16.3215], [-61.0607, 16.3219], [-61.0597, 16.3225], [-61.0597, 16.3235], [-61.0588, 16.3239], [-61.0576, 16.3245], [-61.0569, 16.3254], [-61.0562, 16.3263], [-61.0553, 16.3264], [-61.0543, 16.3266], [-61.0544, 16.3274], [-61.0535, 16.3274], [-61.0525, 16.3276], [-61.0517, 16.3276], [-61.0508, 16.3278], [-61.0502, 16.3287], [-61.0494, 16.3296], [-61.0494, 16.3304], [-61.0486, 16.3313], [-61.0483, 16.3322], [-61.0474, 16.3321], [-61.0476, 16.3312], [-61.0468, 16.3309], [-61.0457, 16.3308], [-61.0452, 16.3316], [-61.0445, 16.3325], [-61.0438, 16.3333], [-61.0429, 16.3338], [-61.0421, 16.3343], [-61.0408, 16.3351], [-61.0398, 16.3349], [-61.0389, 16.3345], [-61.0383, 16.3353], [-61.0378, 16.3362], [-61.0367, 16.3366], [-61.0358, 16.337], [-61.0352, 16.3378], [-61.0344, 16.3386], [-61.0334, 16.3378], [-61.0324, 16.3372], [-61.0316, 16.3375], [-61.0313, 16.3383], [-61.0311, 16.3392], [-61.031, 16.3402], [-61.0304, 16.341], [-61.0298, 16.3402], [-61.0289, 16.3401], [-61.0278, 16.3408], [-61.0272, 16.3417], [-61.0263, 16.3422], [-61.0253, 16.3424], [-61.0244, 16.3431], [-61.0243, 16.344], [-61.0234, 16.344], [-61.0226, 16.3443], [-61.0216, 16.3442], [-61.0206, 16.3439], [-61.0197, 16.3443], [-61.0188, 16.3449], [-61.0181, 16.3459], [-61.0177, 16.3469], [-61.0174, 16.3478], [-61.0172, 16.3486], [-61.0164, 16.3488], [-61.0155, 16.3492], [-61.0147, 16.3486], [-61.0138, 16.3494], [-61.013, 16.3491], [-61.012, 16.3491], [-61.011, 16.3494], [-61.0102, 16.3494], [-61.0093, 16.3493], [-61.0085, 16.3497], [-61.0082, 16.3488], [-61.0082, 16.3479], [-61.0083, 16.347], [-61.0073, 16.3465], [-61.0073, 16.3454], [-61.0073, 16.3445], [-61.0064, 16.3447], [-61.0057, 16.3438], [-61.0065, 16.343], [-61.0064, 16.3419], [-61.006, 16.3408], [-61.0056, 16.3397], [-61.0046, 16.3394], [-61.0046, 16.3386], [-61.0043, 16.3377], [-61.0036, 16.3368], [-61.0032, 16.3359], [-61.0027, 16.335], [-61.002, 16.3341], [-61.003, 16.3339], [-61.004, 16.3332], [-61.0049, 16.3323], [-61.006, 16.3318], [-61.0073, 16.3315], [-61.0084, 16.3306], [-61.009, 16.3298], [-61.0104, 16.3295], [-61.0112, 16.329], [-61.0121, 16.3287], [-61.0127, 16.3296], [-61.0136, 16.3296], [-61.0136, 16.3287], [-61.0132, 16.3277], [-61.014, 16.3271], [-61.015, 16.3272], [-61.0159, 16.3281], [-61.0169, 16.3277], [-61.0179, 16.3276], [-61.0187, 16.3276], [-61.0196, 16.3273], [-61.0204, 16.3266], [-61.0213, 16.3261], [-61.0221, 16.3257], [-61.023, 16.3255], [-61.0239, 16.3252], [-61.0247, 16.3247], [-61.0259, 16.324], [-61.0268, 16.3235], [-61.0279, 16.3229], [-61.0288, 16.3223], [-61.0298, 16.3217], [-61.031, 16.3209], [-61.0322, 16.32], [-61.0328, 16.3192], [-61.0338, 16.3189], [-61.0349, 16.3183], [-61.0359, 16.3176], [-61.037, 16.3165], [-61.0379, 16.3155], [-61.0389, 16.3148], [-61.0397, 16.3147], [-61.0406, 16.314], [-61.0414, 16.3132], [-61.0422, 16.3123], [-61.043, 16.3114], [-61.044, 16.3108], [-61.045, 16.3102], [-61.0459, 16.3093], [-61.0471, 16.3086], [-61.0481, 16.308], [-61.0491, 16.3075], [-61.0501, 16.3073], [-61.051, 16.3068], [-61.0519, 16.3066], [-61.0528, 16.3065], [-61.0532, 16.3063]]]]}}, {"type": "Feature", "properties": {"nom": "Deshaies", "code": "97111", "codeDepartement": "971", "siren": "219711116", "codeEpci": "249710062", "codeRegion": "01", "codesPostaux": ["97126"], "population": 3710}, "geometry": {"type": "MultiPolygon", "coordinates": [[[[-61.7565, 16.2728], [-61.7576, 16.2726], [-61.7588, 16.272], [-61.7599, 16.2714], [-61.7609, 16.2716], [-61.762, 16.2721], [-61.7628, 16.273], [-61.764, 16.2733], [-61.7651, 16.2731], [-61.7661, 16.2733], [-61.767, 16.2737], [-61.7684, 16.2736], [-61.7693, 16.2734], [-61.7704, 16.2734], [-61.7716, 16.2735], [-61.773, 16.2737], [-61.7759, 16.273], [-61.7769, 16.2725], [-61.7781, 16.2728], [-61.7791, 16.2727], [-61.7801, 16.2726], [-61.7811, 16.2722], [-61.7829, 16.2722], [-61.7841, 16.272], [-61.7853, 16.2711], [-61.7864, 16.2706], [-61.7877, 16.2711], [-61.7889, 16.271], [-61.7898, 16.2712], [-61.7907, 16.2712], [-61.7916, 16.2715], [-61.7926, 16.2711], [-61.7935, 16.2704], [-61.7946, 16.2704], [-61.7956, 16.27], [-61.7965, 16.27], [-61.7975, 16.2698], [-61.7984, 16.2698], [-61.7996, 16.2695], [-61.8005, 16.2692], [-61.8014, 16.2686], [-61.8026, 16.2687], [-61.8037, 16.2685], [-61.8048, 16.2683], [-61.8058, 16.268], [-61.8066, 16.2686], [-61.8075, 16.2688], [-61.8083, 16.2689], [-61.8091, 16.2697], [-61.8086, 16.2706], [-61.809, 16.2715], [-61.8097, 16.2723], [-61.8092, 16.2732], [-61.8082, 16.2736], [-61.8073, 16.2739], [-61.8063, 16.2745], [-61.8054, 16.2749], [-61.8044, 16.2752], [-61.8039, 16.2761], [-61.8045, 16.277], [-61.8035, 16.2769], [-61.803, 16.2778], [-61.8028, 16.2787], [-61.8028, 16.2796], [-61.8029, 16.2804], [-61.8038, 16.2806], [-61.8043, 16.2815], [-61.8036, 16.2825], [-61.8033, 16.2835], [-61.8033, 16.2843], [-61.8027, 16.2853], [-61.8018, 16.2859], [-61.8018, 16.2869], [-61.8025, 16.2877], [-61.8024, 16.2889], [-61.8026, 16.2901], [-61.8028, 16.291], [-61.8029, 16.2922], [-61.8028, 16.2933], [-61.8032, 16.2941], [-61.8033, 16.295], [-61.8023, 16.2953], [-61.8021, 16.2963], [-61.8023, 16.2974], [-61.8021, 16.2983], [-61.8024, 16.2998], [-61.8024, 16.3007], [-61.8017, 16.3016], [-61.8015, 16.3025], [-61.8008, 16.3033], [-61.8, 16.3038], [-61.7991, 16.3037], [-61.7983, 16.3043], [-61.7974, 16.3043], [-61.7964, 16.3053], [-61.7958, 16.3044], [-61.7959, 16.3053], [-61.7951, 16.3053], [-61.7948, 16.3062], [-61.7947, 16.3072], [-61.7948, 16.3082], [-61.7958, 16.3087], [-61.7973, 16.3094], [-61.7984, 16.3095], [-61.7994, 16.3101], [-61.8003, 16.3106], [-61.8009, 16.3115], [-61.802, 16.3121], [-61.8021, 16.313], [-61.8016, 16.3138], [-61.8013, 16.3147], [-61.801, 16.3156], [-61.8007, 16.3165], [-61.7998, 16.3167], [-61.7986, 16.3172], [-61.7973, 16.3177], [-61.7958, 16.3184], [-61.7947, 16.3186], [-61.7936, 16.3189], [-61.7922, 16.3195], [-61.7906, 16.3206], [-61.7895, 16.3215], [-61.7884, 16.3225], [-61.7877, 16.3237], [-61.7872, 16.3248], [-61.7869, 16.3257], [-61.7871, 16.3267], [-61.787, 16.3275], [-61.7873, 16.3284], [-61.7871, 16.3292], [-61.7877, 16.3301], [-61.7884, 16.3312], [-61.7892, 16.3322], [-61.7885, 16.3339], [-61.788, 16.3349], [-61.7871, 16.3361], [-61.7861, 16.3369], [-61.7852, 16.3378], [-61.7843, 16.3382], [-61.7834, 16.3383], [-61.7825, 16.3388], [-61.7816, 16.3395], [-61.7806, 16.3399], [-61.7797, 16.3405], [-61.7788, 16.3414], [-61.7778, 16.3427], [-61.7782, 16.3438], [-61.7783, 16.3447], [-61.7785, 16.3458], [-61.7775, 16.3465], [-61.7764, 16.3476], [-61.7756, 16.3486], [-61.7762, 16.3499], [-61.7754, 16.3493], [-61.7743, 16.3493], [-61.7732, 16.3495], [-61.7724, 16.3495], [-61.7715, 16.3498], [-61.7706, 16.3505], [-61.7698, 16.3512], [-61.7688, 16.3509], [-61.7676, 16.3512], [-61.7667, 16.352], [-61.7664, 16.3529], [-61.7655, 16.3536], [-61.7647, 16.3525], [-61.7646, 16.3514], [-61.7632, 16.3505], [-61.7623, 16.3496], [-61.7623, 16.3486], [-61.7628, 16.3478], [-61.7643, 16.3455], [-61.7649, 16.3446], [-61.7654, 16.3435], [-61.7656, 16.3422], [-61.7657, 16.341], [-61.7652, 16.34], [-61.7652, 16.3385], [-61.7655, 16.3375], [-61.7658, 16.3362], [-61.7652, 16.3339], [-61.765, 16.3327], [-61.7631, 16.3317], [-61.7617, 16.3313], [-61.7606, 16.3303], [-61.7589, 16.33], [-61.7588, 16.3291], [-61.7591, 16.3282], [-61.7596, 16.3272], [-61.7594, 16.3263], [-61.7598, 16.3252], [-61.7597, 16.3243], [-61.7596, 16.3235], [-61.7598, 16.3225], [-61.7607, 16.322], [-61.7603, 16.3209], [-61.7593, 16.32], [-61.7592, 16.3189], [-61.7583, 16.3182], [-61.7579, 16.3171], [-61.7584, 16.3163], [-61.7591, 16.3154], [-61.7601, 16.3146], [-61.7608, 16.313], [-61.761, 16.3105], [-61.7613, 16.3096], [-61.762, 16.3086], [-61.763, 16.3079], [-61.7629, 16.3071], [-61.7629, 16.3061], [-61.7623, 16.3051], [-61.7616, 16.3042], [-61.7626, 16.3038], [-61.7632, 16.3027], [-61.7626, 16.3019], [-61.762, 16.301], [-61.7617, 16.3], [-61.7619, 16.299], [-61.7615, 16.298], [-61.7615, 16.2971], [-61.7617, 16.2962], [-61.7618, 16.2952], [-61.7629, 16.2948], [-61.7638, 16.2942], [-61.7634, 16.2933], [-61.7641, 16.2923], [-61.7642, 16.2915], [-61.7639, 16.2906], [-61.7643, 16.2897], [-61.7655, 16.2886], [-61.7644, 16.2872], [-61.7633, 16.2868], [-61.7624, 16.2862], [-61.7614, 16.2858], [-61.7606, 16.2854], [-61.7597, 16.2852], [-61.7588, 16.2848], [-61.7581, 16.2838], [-61.7574, 16.2824], [-61.7566, 16.2808], [-61.7568, 16.2799], [-61.7567, 16.2791], [-61.7567, 16.2781], [-61.7568, 16.2771], [-61.7566, 16.2762], [-61.757, 16.2753], [-61.7569, 16.2745], [-61.7564, 16.2733], [-61.7565, 16.2728]]], [[[-61.7817, 16.3706], [-61.7808, 16.37], [-61.7805, 16.3692], [-61.7797, 16.3687], [-61.7787, 16.3682], [-61.7779, 16.3674], [-61.7782, 16.3662], [-61.7785, 16.3652], [-61.7782, 16.3642], [-61.7794, 16.3644], [-61.7805, 16.3649], [-61.781, 16.3658], [-61.7816, 16.3668], [-61.7817, 16.3677], [-61.7816, 16.3686], [-61.7814, 16.3695], [-61.7816, 16.3703], [-61.7817, 16.3706]]]]}}, {"type": "Feature", "properties": {"nom": "Grand-Bourg", "code": "97112", "codeDepartement": "971", "siren": "219711124", "codeEpci": "249710047", "codeRegion": "01", "codesPostaux": ["97112"], "population": 4617}, "geometry": {"type": "Polygon", "coordinates": [[[-61.2642, 15.9242], [-61.2633, 15.9233], [-61.2622, 15.9235], [-61.2611, 15.9226], [-61.2602, 15.9225], [-61.2592, 15.9224], [-61.2582, 15.9217], [-61.2573, 15.922], [-61.2564, 15.9214], [-61.2568, 15.9203], [-61.2559, 15.9195], [-61.2547, 15.9189], [-61.2537, 15.919], [-61.2532, 15.9181], [-61.2535, 15.9172], [-61.2527, 15.9171], [-61.251, 15.918], [-61.2505, 15.917], [-61.2505, 15.9159], [-61.2514, 15.9145], [-61.2523, 15.9136], [-61.2524, 15.9126], [-61.2525, 15.9114], [-61.2521, 15.9101], [-61.2525, 15.9088], [-61.253, 15.9079], [-61.2544, 15.9053], [-61.2549, 15.9041], [-61.2549, 15.9031], [-61.2554, 15.9017], [-61.2562, 15.8999], [-61.2568, 15.899], [-61.2525, 15.8974], [-61.2485, 15.8963], [-61.2492, 15.8943], [-61.2509, 15.8897], [-61.2515, 15.8883], [-61.2519, 15.8869], [-61.2524, 15.8857], [-61.2534, 15.885], [-61.2544, 15.8842], [-61.2553, 15.8834], [-61.2562, 15.8826], [-61.2569, 15.8817], [-61.2576, 15.8807], [-61.2585, 15.8799], [-61.2573, 15.8792], [-61.2571, 15.8783], [-61.2576, 15.8773], [-61.2585, 15.8761], [-61.259, 15.8749], [-61.2591, 15.8736], [-61.2594, 15.8717], [-61.2605, 15.8711], [-61.2614, 15.871], [-61.2623, 15.8711], [-61.2633, 15.871], [-61.2638, 15.8701], [-61.2648, 15.8692], [-61.2659, 15.8686], [-61.2669, 15.8683], [-61.2679, 15.8683], [-61.2689, 15.8674], [-61.2698, 15.8678], [-61.2706, 15.8679], [-61.2716, 15.8674], [-61.2726, 15.8678], [-61.2735, 15.8677], [-61.2744, 15.8676], [-61.2754, 15.8673], [-61.2762, 15.867], [-61.2771, 15.8675], [-61.278, 15.8674], [-61.279, 15.8669], [-61.2799, 15.8666], [-61.2809, 15.8672], [-61.2814, 15.8681], [-61.2821, 15.8692], [-61.283, 15.87], [-61.2839, 15.8702], [-61.2848, 15.8704], [-61.2858, 15.8706], [-61.287, 15.8703], [-61.288, 15.8701], [-61.2888, 15.8708], [-61.2897, 15.8713], [-61.2906, 15.8714], [-61.2914, 15.8725], [-61.2924, 15.8728], [-61.2936, 15.8729], [-61.2946, 15.8732], [-61.2955, 15.8731], [-61.2963, 15.8737], [-61.2978, 15.8741], [-61.299, 15.8744], [-61.3006, 15.8746], [-61.3015, 15.8746], [-61.3023, 15.8747], [-61.3035, 15.8752], [-61.3044, 15.8759], [-61.305, 15.8768], [-61.306, 15.8777], [-61.3068, 15.878], [-61.3077, 15.8784], [-61.3085, 15.8791], [-61.3098, 15.8796], [-61.3107, 15.8796], [-61.3118, 15.8798], [-61.3126, 15.8799], [-61.3139, 15.8803], [-61.3151, 15.8797], [-61.3165, 15.8793], [-61.3179, 15.8798], [-61.317, 15.8796], [-61.3158, 15.8793], [-61.3149, 15.8803], [-61.3158, 15.8809], [-61.3168, 15.8812], [-61.3178, 15.882], [-61.3176, 15.8807], [-61.3183, 15.8816], [-61.3177, 15.8826], [-61.3187, 15.8834], [-61.3196, 15.884], [-61.3205, 15.8847], [-61.3215, 15.8855], [-61.3219, 15.8864], [-61.3228, 15.8872], [-61.3238, 15.8879], [-61.3243, 15.8888], [-61.325, 15.8898], [-61.3257, 15.8907], [-61.3257, 15.8917], [-61.3262, 15.8926], [-61.3267, 15.8936], [-61.3269, 15.8945], [-61.3271, 15.8954], [-61.3281, 15.8959], [-61.329, 15.8964], [-61.3299, 15.897], [-61.3306, 15.8979], [-61.3307, 15.8988], [-61.3313, 15.8998], [-61.3316, 15.9007], [-61.3306, 15.9019], [-61.3299, 15.9028], [-61.3295, 15.9037], [-61.3292, 15.9047], [-61.3296, 15.9056], [-61.3299, 15.9069], [-61.3302, 15.9079], [-61.3304, 15.9089], [-61.3306, 15.9097], [-61.331, 15.9108], [-61.3315, 15.9117], [-61.3318, 15.9127], [-61.3321, 15.9136], [-61.3323, 15.9146], [-61.3324, 15.9156], [-61.3325, 15.9171], [-61.333, 15.918], [-61.3334, 15.9189], [-61.3336, 15.9198], [-61.3336, 15.9211], [-61.3335, 15.9219], [-61.3338, 15.9232], [-61.3341, 15.9243], [-61.3342, 15.9252], [-61.3344, 15.9262], [-61.3345, 15.9273], [-61.3348, 15.9289], [-61.3352, 15.9312], [-61.3356, 15.9332], [-61.3359, 15.9342], [-61.3361, 15.9352], [-61.3364, 15.9367], [-61.3366, 15.9379], [-61.3368, 15.9394], [-61.3369, 15.9404], [-61.3371, 15.9414], [-61.336, 15.9424], [-61.3349, 15.9431], [-61.3336, 15.9439], [-61.3327, 15.9445], [-61.3319, 15.9449], [-61.331, 15.9454], [-61.3301, 15.9459], [-61.3292, 15.9463], [-61.3283, 15.9469], [-61.3272, 15.9474], [-61.3263, 15.9479], [-61.3255, 15.9482], [-61.3246, 15.9487], [-61.3237, 15.9492], [-61.3225, 15.9495], [-61.321, 15.9501], [-61.3201, 15.9506], [-61.3197, 15.9495], [-61.3197, 15.9483], [-61.3191, 15.9471], [-61.3182, 15.9467], [-61.3169, 15.9464], [-61.3165, 15.9453], [-61.3154, 15.9442], [-61.3147, 15.9426], [-61.3143, 15.9411], [-61.3145, 15.9401], [-61.3133, 15.9392], [-61.3122, 15.9393], [-61.311, 15.9388], [-61.3097, 15.9389], [-61.3086, 15.9389], [-61.3076, 15.9385], [-61.3062, 15.9386], [-61.3051, 15.9386], [-61.3038, 15.9386], [-61.3029, 15.9385], [-61.3018, 15.9386], [-61.3008, 15.9386], [-61.3011, 15.9377], [-61.3015, 15.9367], [-61.3012, 15.9356], [-61.3002, 15.9356], [-61.2991, 15.9355], [-61.2979, 15.9347], [-61.2968, 15.9346], [-61.2958, 15.9339], [-61.2947, 15.9331], [-61.2938, 15.9331], [-61.2934, 15.9341], [-61.2924, 15.9348], [-61.2913, 15.9354], [-61.2904, 15.9356], [-61.2894, 15.9347], [-61.2882, 15.9356], [-61.2874, 15.935], [-61.2864, 15.9349], [-61.2854, 15.9355], [-61.2848, 15.9343], [-61.2838, 15.9341], [-61.2828, 15.9346], [-61.282, 15.9344], [-61.2809, 15.9339], [-61.2801, 15.933], [-61.2792, 15.9328], [-61.2784, 15.933], [-61.2774, 15.9327], [-61.2771, 15.9316], [-61.2774, 15.9305], [-61.2777, 15.9294], [-61.2774, 15.9284], [-61.2768, 15.9275], [-61.2759, 15.9277], [-61.275, 15.9273], [-61.2751, 15.9263], [-61.2741, 15.9263], [-61.2731, 15.926], [-61.273, 15.9251], [-61.2722, 15.9244], [-61.2713, 15.9248], [-61.2701, 15.9251], [-61.2691, 15.9254], [-61.2679, 15.9259], [-61.2677, 15.9249], [-61.2677, 15.9239], [-61.2668, 15.9236], [-61.2659, 15.9241], [-61.2651, 15.9245], [-61.2642, 15.9242]]]}}, {"type": "Feature", "properties": {"nom": "Le Gosier", "code": "97113", "codeDepartement": "971", "siren": "219711132", "codeEpci": "200041507", "codeRegion": "01", "codesPostaux": ["97190"], "population": 27757}, "geometry": {"type": "MultiPolygon", "coordinates": [[[[-61.4904, 16.1984], [-61.4916, 16.1982], [-61.4922, 16.199], [-61.4919, 16.2001], [-61.491, 16.1993], [-61.49, 16.199], [-61.4904, 16.1984]]], [[[-61.4551, 16.258], [-61.4545, 16.257], [-61.4537, 16.2566], [-61.4521, 16.2562], [-61.4512, 16.2559], [-61.4493, 16.2548], [-61.4494, 16.2531], [-61.4489, 16.2516], [-61.448, 16.2508], [-61.4471, 16.2507], [-61.4458, 16.2493], [-61.445, 16.2483], [-61.4438, 16.2487], [-61.4428, 16.2488], [-61.4422, 16.2475], [-61.4416, 16.246], [-61.4388, 16.2468], [-61.4381, 16.2455], [-61.4372, 16.2455], [-61.4367, 16.2443], [-61.436, 16.2433], [-61.4341, 16.2415], [-61.4331, 16.2407], [-61.4322, 16.2402], [-61.431, 16.2362], [-61.4297, 16.2326], [-61.4291, 16.2308], [-61.4288, 16.2299], [-61.4284, 16.2288], [-61.4275, 16.2279], [-61.426, 16.2274], [-61.4252, 16.2264], [-61.4241, 16.2254], [-61.4248, 16.2243], [-61.4247, 16.2233], [-61.4218, 16.217], [-61.4214, 16.2159], [-61.4209, 16.2145], [-61.4205, 16.2137], [-61.4204, 16.2128], [-61.4207, 16.2118], [-61.4197, 16.2111], [-61.4194, 16.2101], [-61.4201, 16.2093], [-61.4209, 16.21], [-61.4219, 16.2097], [-61.4216, 16.2089], [-61.4226, 16.2085], [-61.4229, 16.2094], [-61.4238, 16.2095], [-61.4247, 16.2089], [-61.4246, 16.2079], [-61.4256, 16.2079], [-61.4257, 16.2088], [-61.4259, 16.2098], [-61.4272, 16.2106], [-61.4282, 16.2105], [-61.429, 16.2103], [-61.4299, 16.2105], [-61.4309, 16.21], [-61.432, 16.21], [-61.433, 16.2094], [-61.4339, 16.2093], [-61.435, 16.2091], [-61.4361, 16.2092], [-61.4371, 16.209], [-61.4382, 16.209], [-61.4391, 16.2086], [-61.44, 16.2082], [-61.4409, 16.2078], [-61.4419, 16.2076], [-61.4427, 16.2066], [-61.443, 16.2055], [-61.4429, 16.2044], [-61.4434, 16.2035], [-61.4442, 16.2028], [-61.4451, 16.2031], [-61.446, 16.2023], [-61.4469, 16.202], [-61.448, 16.2015], [-61.4489, 16.2012], [-61.4499, 16.2008], [-61.4508, 16.2005], [-61.4519, 16.2008], [-61.4529, 16.2004], [-61.4538, 16.2004], [-61.4548, 16.2002], [-61.4554, 16.2011], [-61.4558, 16.202], [-61.4567, 16.202], [-61.4567, 16.2011], [-61.4576, 16.2008], [-61.4586, 16.2013], [-61.4594, 16.2011], [-61.4603, 16.2006], [-61.461, 16.1997], [-61.4612, 16.1988], [-61.4622, 16.198], [-61.4632, 16.1976], [-61.464, 16.1966], [-61.4649, 16.1968], [-61.4659, 16.1973], [-61.4665, 16.1981], [-61.4674, 16.1988], [-61.4683, 16.1991], [-61.4693, 16.1992], [-61.4704, 16.199], [-61.4712, 16.1986], [-61.4721, 16.1993], [-61.4727, 16.2002], [-61.4736, 16.2], [-61.4744, 16.2006], [-61.4753, 16.2015], [-61.4761, 16.2014], [-61.4773, 16.2017], [-61.4783, 16.2018], [-61.4792, 16.2017], [-61.4801, 16.2017], [-61.481, 16.202], [-61.482, 16.2024], [-61.483, 16.203], [-61.4835, 16.2038], [-61.4844, 16.2036], [-61.4854, 16.2042], [-61.4863, 16.205], [-61.4875, 16.205], [-61.4883, 16.2048], [-61.4894, 16.2047], [-61.4905, 16.205], [-61.4915, 16.2049], [-61.4925, 16.2046], [-61.4934, 16.2044], [-61.4943, 16.2046], [-61.4955, 16.2049], [-61.4966, 16.2051], [-61.4975, 16.2043], [-61.4971, 16.2051], [-61.498, 16.2053], [-61.4989, 16.2053], [-61.5, 16.2055], [-61.501, 16.2053], [-61.5019, 16.2057], [-61.503, 16.2061], [-61.5041, 16.2061], [-61.5046, 16.2052], [-61.5051, 16.2062], [-61.5061, 16.2065], [-61.5061, 16.2056], [-61.5065, 16.2065], [-61.5074, 16.2062], [-61.5082, 16.2068], [-61.5083, 16.2077], [-61.5078, 16.2085], [-61.5087, 16.2091], [-61.5078, 16.2099], [-61.5076, 16.2108], [-61.5074, 16.2116], [-61.5076, 16.2128], [-61.508, 16.2137], [-61.5086, 16.2145], [-61.5094, 16.2155], [-61.5103, 16.2161], [-61.5114, 16.2164], [-61.5124, 16.2162], [-61.5134, 16.2159], [-61.5141, 16.2151], [-61.515, 16.215], [-61.516, 16.215], [-61.5168, 16.2148], [-61.5177, 16.2152], [-61.5186, 16.2151], [-61.5196, 16.2149], [-61.5204, 16.2143], [-61.5206, 16.2134], [-61.5216, 16.2128], [-61.5226, 16.2129], [-61.5234, 16.2134], [-61.5234, 16.2142], [-61.5244, 16.2144], [-61.5254, 16.2149], [-61.5262, 16.2155], [-61.5271, 16.2157], [-61.5278, 16.2166], [-61.5288, 16.2171], [-61.5296, 16.2162], [-61.5303, 16.2171], [-61.5279, 16.2182], [-61.5271, 16.2179], [-61.5261, 16.2174], [-61.5248, 16.2173], [-61.5239, 16.217], [-61.5229, 16.2168], [-61.5234, 16.2177], [-61.5225, 16.2183], [-61.5216, 16.2175], [-61.5209, 16.2167], [-61.5214, 16.2175], [-61.522, 16.2184], [-61.5229, 16.2189], [-61.5232, 16.2199], [-61.5233, 16.2211], [-61.5243, 16.221], [-61.5251, 16.2204], [-61.5255, 16.2195], [-61.5265, 16.2191], [-61.5268, 16.2205], [-61.5267, 16.2215], [-61.5263, 16.2224], [-61.5255, 16.2233], [-61.5243, 16.2233], [-61.5234, 16.2236], [-61.5224, 16.2242], [-61.5214, 16.2245], [-61.5203, 16.2247], [-61.5192, 16.2253], [-61.5189, 16.2262], [-61.5183, 16.2271], [-61.5179, 16.2279], [-61.5171, 16.2288], [-61.5177, 16.2303], [-61.5176, 16.2313], [-61.5167, 16.2316], [-61.5157, 16.2319], [-61.5143, 16.2323], [-61.5133, 16.2327], [-61.5132, 16.2337], [-61.513, 16.2345], [-61.5125, 16.2354], [-61.5125, 16.2366], [-61.511, 16.2374], [-61.5102, 16.2376], [-61.5087, 16.2384], [-61.5078, 16.2379], [-61.5069, 16.2369], [-61.5059, 16.2362], [-61.5047, 16.2355], [-61.5037, 16.2355], [-61.5027, 16.2361], [-61.5016, 16.237], [-61.5018, 16.2383], [-61.5016, 16.2394], [-61.5004, 16.2402], [-61.4987, 16.24], [-61.4978, 16.2399], [-61.4968, 16.2405], [-61.4949, 16.2412], [-61.4938, 16.2415], [-61.4929, 16.2415], [-61.492, 16.2422], [-61.4907, 16.2419], [-61.4888, 16.2445], [-61.4882, 16.2458], [-61.4873, 16.2466], [-61.4861, 16.2469], [-61.4844, 16.2471], [-61.4835, 16.2467], [-61.4826, 16.2463], [-61.4816, 16.2465], [-61.4797, 16.2478], [-61.4782, 16.2486], [-61.4781, 16.2494], [-61.4772, 16.2509], [-61.4758, 16.2508], [-61.4745, 16.251], [-61.4736, 16.2516], [-61.4726, 16.2517], [-61.4713, 16.2511], [-61.4703, 16.2516], [-61.4692, 16.2525], [-61.468, 16.2532], [-61.467, 16.2532], [-61.4661, 16.2533], [-61.4653, 16.2541], [-61.4643, 16.2538], [-61.4632, 16.2536], [-61.462, 16.2542], [-61.4608, 16.2546], [-61.46, 16.2562], [-61.459, 16.2565], [-61.4582, 16.2569], [-61.4574, 16.2578], [-61.4556, 16.2581], [-61.4551, 16.258]]]]}}, {"type": "Feature", "properties": {"nom": "Goyave", "code": "97114", "codeDepartement": "971", "siren": "219711140", "codeEpci": "249710062", "codeRegion": "01", "codesPostaux": ["97128"], "population": 7565}, "geometry": {"type": "MultiPolygon", "coordinates": [[[[-61.5691, 16.1109], [-61.5703, 16.1104], [-61.5712, 16.11], [-61.5721, 16.1102], [-61.5728, 16.1092], [-61.5738, 16.109], [-61.5743, 16.1082], [-61.5752, 16.1079], [-61.5761, 16.1077], [-61.5769, 16.1079], [-61.5779, 16.1076], [-61.5785, 16.1067], [-61.5793, 16.1062], [-61.5802, 16.1059], [-61.581, 16.1051], [-61.5816, 16.1043], [-61.5827, 16.1039], [-61.5836, 16.1037], [-61.584, 16.1028], [-61.585, 16.1023], [-61.5862, 16.102], [-61.587, 16.1022], [-61.5876, 16.1012], [-61.5872, 16.1003], [-61.5881, 16.1001], [-61.5889, 16.0996], [-61.5883, 16.0986], [-61.5891, 16.0988], [-61.5897, 16.098], [-61.5908, 16.0977], [-61.5917, 16.0973], [-61.5929, 16.0968], [-61.5938, 16.0965], [-61.5948, 16.0962], [-61.5961, 16.0955], [-61.597, 16.0958], [-61.598, 16.0958], [-61.5992, 16.0954], [-61.6003, 16.0952], [-61.6016, 16.0951], [-61.6024, 16.0953], [-61.603, 16.0945], [-61.6039, 16.0935], [-61.6054, 16.0929], [-61.6064, 16.0924], [-61.6073, 16.0915], [-61.6082, 16.0915], [-61.6099, 16.0912], [-61.6117, 16.0908], [-61.6126, 16.0904], [-61.6139, 16.0897], [-61.6159, 16.0881], [-61.6177, 16.0873], [-61.6179, 16.0862], [-61.6188, 16.0855], [-61.6195, 16.0844], [-61.6212, 16.0837], [-61.6223, 16.0842], [-61.6237, 16.0849], [-61.6252, 16.0853], [-61.6266, 16.0867], [-61.6279, 16.0867], [-61.6307, 16.086], [-61.6317, 16.086], [-61.6333, 16.0865], [-61.6342, 16.0869], [-61.6354, 16.0881], [-61.6366, 16.089], [-61.6374, 16.0898], [-61.6386, 16.0903], [-61.6398, 16.0911], [-61.6407, 16.0918], [-61.6433, 16.0917], [-61.6472, 16.0909], [-61.648, 16.0909], [-61.6491, 16.0913], [-61.6506, 16.092], [-61.6524, 16.0918], [-61.6537, 16.0918], [-61.6547, 16.0925], [-61.6572, 16.0934], [-61.6586, 16.0939], [-61.661, 16.0938], [-61.6635, 16.0946], [-61.6638, 16.0954], [-61.6645, 16.0964], [-61.6649, 16.0973], [-61.6656, 16.0982], [-61.666, 16.0991], [-61.6663, 16.1], [-61.6673, 16.1008], [-61.6681, 16.1012], [-61.669, 16.1017], [-61.6696, 16.1027], [-61.6688, 16.1028], [-61.6683, 16.1038], [-61.668, 16.1046], [-61.6676, 16.1055], [-61.6673, 16.1063], [-61.6673, 16.1072], [-61.6667, 16.108], [-61.6665, 16.109], [-61.666, 16.1099], [-61.6648, 16.111], [-61.6635, 16.1123], [-61.6629, 16.1136], [-61.6623, 16.1145], [-61.6614, 16.1151], [-61.6608, 16.1163], [-61.6601, 16.1172], [-61.6592, 16.1181], [-61.6584, 16.1189], [-61.6578, 16.1199], [-61.6573, 16.121], [-61.657, 16.1218], [-61.6571, 16.1227], [-61.6573, 16.1242], [-61.6555, 16.1277], [-61.655, 16.129], [-61.6539, 16.1299], [-61.6525, 16.1306], [-61.651, 16.1316], [-61.6504, 16.1324], [-61.6494, 16.1332], [-61.6484, 16.1336], [-61.6474, 16.1338], [-61.6465, 16.1341], [-61.6455, 16.134], [-61.6442, 16.1345], [-61.6432, 16.1348], [-61.642, 16.1348], [-61.6411, 16.1352], [-61.64, 16.136], [-61.6389, 16.1368], [-61.6386, 16.1377], [-61.6384, 16.1386], [-61.6368, 16.1393], [-61.6362, 16.1412], [-61.6363, 16.1423], [-61.6325, 16.1458], [-61.6315, 16.1464], [-61.6306, 16.1468], [-61.6298, 16.1477], [-61.6289, 16.148], [-61.628, 16.1479], [-61.627, 16.1484], [-61.6262, 16.1486], [-61.6262, 16.1494], [-61.625, 16.1497], [-61.6241, 16.15], [-61.6232, 16.15], [-61.6223, 16.1507], [-61.6217, 16.1518], [-61.622, 16.1527], [-61.6209, 16.1522], [-61.6198, 16.1527], [-61.6188, 16.1535], [-61.6178, 16.1534], [-61.617, 16.1536], [-61.6161, 16.1542], [-61.6152, 16.1547], [-61.6146, 16.1556], [-61.6144, 16.1564], [-61.6136, 16.1565], [-61.6124, 16.156], [-61.6113, 16.1562], [-61.6108, 16.1571], [-61.6098, 16.1577], [-61.6088, 16.1578], [-61.608, 16.1573], [-61.607, 16.1574], [-61.6072, 16.1583], [-61.6063, 16.1586], [-61.6057, 16.1595], [-61.6047, 16.1597], [-61.6043, 16.1606], [-61.6035, 16.1603], [-61.6026, 16.1598], [-61.6011, 16.1597], [-61.6003, 16.1595], [-61.6, 16.1604], [-61.5991, 16.1611], [-61.598, 16.1614], [-61.5969, 16.1612], [-61.5971, 16.1603], [-61.5961, 16.16], [-61.5951, 16.1609], [-61.5943, 16.161], [-61.5933, 16.1605], [-61.5932, 16.1615], [-61.5924, 16.162], [-61.5915, 16.1619], [-61.5905, 16.1623], [-61.5895, 16.1617], [-61.5885, 16.1609], [-61.5876, 16.1601], [-61.5872, 16.1609], [-61.586, 16.1613], [-61.5852, 16.1623], [-61.5843, 16.1619], [-61.5833, 16.1619], [-61.5824, 16.1614], [-61.582, 16.1606], [-61.5819, 16.1597], [-61.5819, 16.1585], [-61.5819, 16.1577], [-61.5819, 16.1566], [-61.5819, 16.1558], [-61.581, 16.1548], [-61.5799, 16.1542], [-61.5791, 16.1541], [-61.5779, 16.1537], [-61.577, 16.1538], [-61.5759, 16.1539], [-61.5758, 16.153], [-61.5751, 16.152], [-61.5747, 16.1509], [-61.5756, 16.1503], [-61.5759, 16.1491], [-61.5759, 16.148], [-61.5761, 16.147], [-61.5762, 16.146], [-61.5758, 16.1452], [-61.577, 16.1447], [-61.5779, 16.1449], [-61.5781, 16.144], [-61.5779, 16.143], [-61.5768, 16.1425], [-61.5759, 16.1422], [-61.5756, 16.1411], [-61.5754, 16.1399], [-61.5754, 16.1391], [-61.5764, 16.1389], [-61.575, 16.1381], [-61.5742, 16.1377], [-61.5731, 16.1377], [-61.5724, 16.1368], [-61.5716, 16.1367], [-61.5707, 16.1364], [-61.5698, 16.1359], [-61.5688, 16.1356], [-61.5679, 16.1354], [-61.5666, 16.1346], [-61.5657, 16.1347], [-61.5648, 16.1352], [-61.5637, 16.1352], [-61.5627, 16.1344], [-61.5621, 16.1335], [-61.5617, 16.1327], [-61.5612, 16.1318], [-61.5606, 16.1307], [-61.5604, 16.1298], [-61.5613, 16.1302], [-61.5609, 16.1293], [-61.5607, 16.1285], [-61.5616, 16.1281], [-61.5626, 16.1274], [-61.5633, 16.1266], [-61.5644, 16.1257], [-61.5655, 16.1254], [-61.5676, 16.124], [-61.5686, 16.1231], [-61.5696, 16.1216], [-61.5699, 16.1207], [-61.5701, 16.1195], [-61.5699, 16.1186], [-61.5702, 16.1177], [-61.5705, 16.1165], [-61.5705, 16.1154], [-61.5704, 16.1143], [-61.5699, 16.113], [-61.5696, 16.112], [-61.5692, 16.111], [-61.5691, 16.1109]]], [[[-61.5611, 16.1505], [-61.5617, 16.1495], [-61.5619, 16.1503], [-61.5611, 16.1505]]]]}}, {"type": "Feature", "properties": {"nom": "Lamentin", "code": "97115", "codeDepartement": "971", "siren": "219711157", "codeEpci": "249710062", "codeRegion": "01", "codesPostaux": ["97129"], "population": 18628}, "geometry": {"type": "Polygon", "coordinates": [[[-61.6265, 16.2728], [-61.6265, 16.2712], [-61.6262, 16.2698], [-61.6263, 16.2689], [-61.6269, 16.268], [-61.6269, 16.2672], [-61.6272, 16.2658], [-61.628, 16.2647], [-61.6289, 16.264], [-61.6292, 16.2629], [-61.6295, 16.2619], [-61.6305, 16.2609], [-61.6305, 16.26], [-61.6302, 16.2592], [-61.6299, 16.2583], [-61.6301, 16.2573], [-61.6303, 16.2564], [-61.6297, 16.2554], [-61.6292, 16.2546], [-61.629, 16.2538], [-61.6283, 16.2529], [-61.6288, 16.2521], [-61.6295, 16.2511], [-61.6299, 16.2502], [-61.6303, 16.2493], [-61.6312, 16.2484], [-61.6315, 16.2476], [-61.6319, 16.2467], [-61.6323, 16.2459], [-61.6332, 16.2448], [-61.6333, 16.2438], [-61.6331, 16.243], [-61.6332, 16.2421], [-61.6338, 16.2411], [-61.6344, 16.2401], [-61.6352, 16.2393], [-61.6361, 16.2391], [-61.637, 16.2384], [-61.6377, 16.2372], [-61.6386, 16.2371], [-61.6395, 16.2365], [-61.6401, 16.2355], [-61.6404, 16.2345], [-61.6409, 16.2333], [-61.641, 16.232], [-61.6428, 16.2294], [-61.6414, 16.2284], [-61.6405, 16.2278], [-61.6396, 16.2271], [-61.6393, 16.2262], [-61.6395, 16.225], [-61.6396, 16.2241], [-61.6406, 16.2238], [-61.6413, 16.2228], [-61.6422, 16.2224], [-61.6427, 16.2216], [-61.6436, 16.2207], [-61.6444, 16.2198], [-61.6452, 16.2195], [-61.6461, 16.2189], [-61.6466, 16.218], [-61.6471, 16.2172], [-61.6473, 16.2163], [-61.6472, 16.2154], [-61.6476, 16.2145], [-61.6481, 16.2137], [-61.6484, 16.2128], [-61.6494, 16.212], [-61.6515, 16.2118], [-61.6525, 16.2119], [-61.6536, 16.2118], [-61.6548, 16.2117], [-61.6561, 16.2114], [-61.6571, 16.2115], [-61.6576, 16.2107], [-61.6582, 16.2095], [-61.6597, 16.2085], [-61.6608, 16.2086], [-61.6619, 16.2086], [-61.6636, 16.2081], [-61.6648, 16.2077], [-61.6674, 16.2067], [-61.6676, 16.2057], [-61.6682, 16.2049], [-61.6682, 16.2039], [-61.668, 16.2031], [-61.6687, 16.2022], [-61.6687, 16.2011], [-61.6696, 16.201], [-61.6705, 16.2011], [-61.6715, 16.2011], [-61.6724, 16.201], [-61.6733, 16.2014], [-61.6745, 16.2014], [-61.6755, 16.2011], [-61.6766, 16.2016], [-61.6777, 16.2021], [-61.6786, 16.2025], [-61.6796, 16.2022], [-61.6805, 16.2021], [-61.6815, 16.2022], [-61.6825, 16.2018], [-61.6834, 16.2017], [-61.6846, 16.2017], [-61.6857, 16.2018], [-61.6867, 16.2017], [-61.6876, 16.2021], [-61.6887, 16.2028], [-61.6898, 16.2029], [-61.6906, 16.2028], [-61.6916, 16.2021], [-61.6925, 16.2017], [-61.6937, 16.2011], [-61.6947, 16.2006], [-61.6955, 16.2001], [-61.6968, 16.1998], [-61.6977, 16.1995], [-61.6987, 16.1991], [-61.6993, 16.1976], [-61.7005, 16.1972], [-61.7003, 16.1962], [-61.7011, 16.1953], [-61.7022, 16.1945], [-61.703, 16.194], [-61.704, 16.1933], [-61.7044, 16.1925], [-61.7054, 16.192], [-61.7058, 16.1911], [-61.7071, 16.191], [-61.7092, 16.1909], [-61.7103, 16.1909], [-61.712, 16.1913], [-61.7132, 16.1918], [-61.7143, 16.1923], [-61.7152, 16.1925], [-61.7165, 16.1922], [-61.7177, 16.1922], [-61.7188, 16.192], [-61.7197, 16.1919], [-61.7207, 16.1914], [-61.7216, 16.1905], [-61.7227, 16.19], [-61.7237, 16.1897], [-61.7246, 16.1898], [-61.7255, 16.1895], [-61.7263, 16.1893], [-61.7273, 16.19], [-61.7283, 16.1913], [-61.7286, 16.1921], [-61.7291, 16.193], [-61.73, 16.1935], [-61.7306, 16.1946], [-61.7298, 16.1952], [-61.7296, 16.196], [-61.73, 16.1972], [-61.7306, 16.1981], [-61.731, 16.199], [-61.7313, 16.1999], [-61.732, 16.2007], [-61.7324, 16.2017], [-61.7322, 16.2025], [-61.7323, 16.2035], [-61.7318, 16.2043], [-61.7308, 16.2048], [-61.7305, 16.2056], [-61.7302, 16.2065], [-61.7293, 16.2073], [-61.7292, 16.2081], [-61.7293, 16.2113], [-61.7305, 16.2119], [-61.732, 16.2121], [-61.733, 16.2122], [-61.7325, 16.2133], [-61.7323, 16.2144], [-61.7317, 16.2153], [-61.7305, 16.2158], [-61.7295, 16.2168], [-61.7284, 16.2176], [-61.7275, 16.2178], [-61.7261, 16.218], [-61.7253, 16.2188], [-61.725, 16.2198], [-61.7241, 16.2205], [-61.7242, 16.2218], [-61.7244, 16.2227], [-61.7245, 16.2236], [-61.7247, 16.2245], [-61.7247, 16.2253], [-61.7242, 16.2262], [-61.7238, 16.2271], [-61.7235, 16.2283], [-61.723, 16.2293], [-61.7216, 16.2291], [-61.7198, 16.2292], [-61.7168, 16.2279], [-61.7156, 16.2275], [-61.7148, 16.2272], [-61.7138, 16.2268], [-61.7125, 16.2264], [-61.7115, 16.2261], [-61.7102, 16.226], [-61.709, 16.2265], [-61.708, 16.2261], [-61.7069, 16.2267], [-61.7066, 16.2276], [-61.7052, 16.2276], [-61.705, 16.2284], [-61.7042, 16.2295], [-61.7039, 16.2306], [-61.7038, 16.2314], [-61.7029, 16.2307], [-61.702, 16.2307], [-61.7014, 16.2315], [-61.7004, 16.2314], [-61.6995, 16.2312], [-61.6989, 16.2321], [-61.6981, 16.2322], [-61.6969, 16.2318], [-61.6959, 16.2317], [-61.6951, 16.2322], [-61.6942, 16.2318], [-61.6934, 16.2325], [-61.6925, 16.232], [-61.6922, 16.2329], [-61.6912, 16.2328], [-61.6908, 16.2337], [-61.69, 16.2334], [-61.689, 16.2344], [-61.688, 16.2345], [-61.6872, 16.2346], [-61.6859, 16.2354], [-61.6858, 16.2363], [-61.6847, 16.2371], [-61.6838, 16.238], [-61.6829, 16.239], [-61.6826, 16.2399], [-61.6828, 16.2407], [-61.6818, 16.2406], [-61.6813, 16.2415], [-61.6808, 16.2423], [-61.6799, 16.2434], [-61.6791, 16.244], [-61.6787, 16.2453], [-61.6788, 16.2463], [-61.678, 16.2466], [-61.6771, 16.246], [-61.677, 16.2469], [-61.6758, 16.2474], [-61.6755, 16.2483], [-61.676, 16.2492], [-61.6751, 16.2497], [-61.6742, 16.2499], [-61.6735, 16.251], [-61.6724, 16.2513], [-61.6715, 16.2512], [-61.6703, 16.2512], [-61.6704, 16.2522], [-61.6713, 16.2527], [-61.6724, 16.2531], [-61.6733, 16.2534], [-61.6735, 16.2542], [-61.6725, 16.2546], [-61.6712, 16.2543], [-61.6701, 16.2541], [-61.6698, 16.2551], [-61.6709, 16.2556], [-61.672, 16.2559], [-61.6732, 16.2562], [-61.6743, 16.2565], [-61.6753, 16.2566], [-61.6761, 16.2576], [-61.6762, 16.2586], [-61.6753, 16.2589], [-61.6744, 16.2588], [-61.6739, 16.2597], [-61.6749, 16.2607], [-61.6755, 16.2617], [-61.6745, 16.2625], [-61.6745, 16.2633], [-61.6745, 16.2643], [-61.6733, 16.2643], [-61.6722, 16.264], [-61.6713, 16.2649], [-61.671, 16.2658], [-61.6713, 16.267], [-61.6721, 16.2682], [-61.6716, 16.2694], [-61.6717, 16.2703], [-61.673, 16.2709], [-61.6738, 16.272], [-61.6733, 16.2729], [-61.6724, 16.2731], [-61.6709, 16.2733], [-61.6699, 16.2735], [-61.6692, 16.2743], [-61.6685, 16.2752], [-61.6675, 16.2756], [-61.6668, 16.2766], [-61.668, 16.2774], [-61.6685, 16.2783], [-61.6683, 16.2794], [-61.6677, 16.2805], [-61.667, 16.2813], [-61.6663, 16.2823], [-61.6657, 16.2831], [-61.666, 16.2842], [-61.6663, 16.2853], [-61.6668, 16.2865], [-61.6674, 16.2875], [-61.667, 16.289], [-61.6665, 16.2902], [-61.6653, 16.2902], [-61.6638, 16.2903], [-61.6618, 16.2902], [-61.6602, 16.2899], [-61.6594, 16.2898], [-61.6584, 16.2899], [-61.657, 16.2902], [-61.6559, 16.2905], [-61.655, 16.2908], [-61.6542, 16.2917], [-61.654, 16.2927], [-61.6551, 16.2936], [-61.6563, 16.2938], [-61.6576, 16.2936], [-61.6587, 16.2936], [-61.6589, 16.2949], [-61.6585, 16.2957], [-61.6577, 16.2967], [-61.6568, 16.2974], [-61.6557, 16.2979], [-61.6542, 16.2972], [-61.6529, 16.2964], [-61.6517, 16.2959], [-61.6505, 16.2954], [-61.6493, 16.2952], [-61.6482, 16.2951], [-61.6473, 16.2952], [-61.6461, 16.2954], [-61.6449, 16.2957], [-61.6436, 16.2962], [-61.6422, 16.2966], [-61.6412, 16.2967], [-61.6402, 16.2968], [-61.639, 16.2968], [-61.6382, 16.2968], [-61.6373, 16.2966], [-61.6359, 16.2963], [-61.6345, 16.2962], [-61.6342, 16.2971], [-61.6347, 16.2982], [-61.6342, 16.2991], [-61.6331, 16.2993], [-61.6314, 16.2993], [-61.6303, 16.2992], [-61.6293, 16.299], [-61.6284, 16.2987], [-61.6275, 16.2981], [-61.6262, 16.2973], [-61.6246, 16.2964], [-61.6232, 16.2957], [-61.6219, 16.2953], [-61.6208, 16.2952], [-61.6197, 16.2953], [-61.6174, 16.2954], [-61.6163, 16.2954], [-61.6151, 16.2956], [-61.6141, 16.296], [-61.613, 16.2967], [-61.612, 16.2975], [-61.6107, 16.2984], [-61.6097, 16.2988], [-61.6085, 16.2991], [-61.6074, 16.2992], [-61.6065, 16.299], [-61.6058, 16.298], [-61.6061, 16.2971], [-61.6069, 16.2965], [-61.6079, 16.296], [-61.609, 16.2956], [-61.6099, 16.2949], [-61.6108, 16.2938], [-61.6111, 16.2928], [-61.6113, 16.2916], [-61.6114, 16.2904], [-61.6116, 16.2894], [-61.6119, 16.2886], [-61.6123, 16.2874], [-61.6125, 16.2866], [-61.6127, 16.2857], [-61.613, 16.2848], [-61.6139, 16.2841], [-61.6148, 16.2831], [-61.6161, 16.2824], [-61.6172, 16.2823], [-61.6184, 16.2823], [-61.6195, 16.2824], [-61.6205, 16.2827], [-61.6212, 16.2836], [-61.6204, 16.2839], [-61.6195, 16.2845], [-61.6187, 16.2848], [-61.6181, 16.2857], [-61.6174, 16.2866], [-61.6171, 16.2874], [-61.6162, 16.288], [-61.6172, 16.2886], [-61.6179, 16.2896], [-61.6181, 16.2904], [-61.6187, 16.2913], [-61.6195, 16.2918], [-61.6204, 16.2921], [-61.6209, 16.2913], [-61.6202, 16.2903], [-61.6193, 16.2894], [-61.619, 16.2885], [-61.6189, 16.2876], [-61.6192, 16.2868], [-61.6198, 16.2859], [-61.6208, 16.285], [-61.6217, 16.2843], [-61.6226, 16.2841], [-61.6235, 16.2836], [-61.6249, 16.2829], [-61.6259, 16.2826], [-61.6265, 16.2816], [-61.6267, 16.2806], [-61.6268, 16.2797], [-61.626, 16.2783], [-61.626, 16.2774], [-61.6255, 16.2765], [-61.6246, 16.2758], [-61.6249, 16.2747], [-61.6257, 16.2738], [-61.6265, 16.273], [-61.6274, 16.2729], [-61.6265, 16.2728]]]}}, {"type": "Feature", "properties": {"nom": "Morne-\u00e0-l'Eau", "code": "97116", "codeDepartement": "971", "siren": "219711165", "codeEpci": "200044691", "codeRegion": "01", "codesPostaux": ["97111"], "population": 16228}, "geometry": {"type": "MultiPolygon", "coordinates": [[[[-61.5931, 16.3452], [-61.5941, 16.3442], [-61.5944, 16.3433], [-61.5941, 16.3424], [-61.595, 16.3421], [-61.5959, 16.3416], [-61.5968, 16.3412], [-61.5967, 16.3421], [-61.5967, 16.343], [-61.596, 16.3439], [-61.595, 16.3448], [-61.5944, 16.3456], [-61.5938, 16.3466], [-61.5928, 16.3475], [-61.5922, 16.3484], [-61.5913, 16.3496], [-61.5913, 16.3504], [-61.5904, 16.3507], [-61.5905, 16.3515], [-61.5914, 16.3521], [-61.5907, 16.3529], [-61.59, 16.3538], [-61.5891, 16.3538], [-61.5883, 16.3535], [-61.5873, 16.3533], [-61.5863, 16.3529], [-61.5853, 16.3525], [-61.5842, 16.3523], [-61.5834, 16.3521], [-61.5825, 16.3518], [-61.5816, 16.3511], [-61.5805, 16.3504], [-61.58, 16.3495], [-61.5793, 16.3485], [-61.5802, 16.3482], [-61.58, 16.3473], [-61.5798, 16.3464], [-61.5807, 16.3457], [-61.5817, 16.3451], [-61.5825, 16.345], [-61.5834, 16.3447], [-61.5842, 16.3447], [-61.5851, 16.3449], [-61.5859, 16.3451], [-61.5869, 16.3451], [-61.5881, 16.3452], [-61.5889, 16.3451], [-61.59, 16.3455], [-61.5909, 16.3464], [-61.5917, 16.3465], [-61.5926, 16.3456], [-61.5931, 16.3452]]], [[[-61.5346, 16.3126], [-61.535, 16.3134], [-61.5351, 16.3144], [-61.5346, 16.3152], [-61.5337, 16.3162], [-61.5347, 16.3168], [-61.5356, 16.3172], [-61.5358, 16.3181], [-61.5358, 16.319], [-61.5353, 16.3198], [-61.5344, 16.3207], [-61.5344, 16.3215], [-61.5342, 16.3226], [-61.533, 16.323], [-61.5339, 16.3234], [-61.5343, 16.3242], [-61.5344, 16.3251], [-61.5336, 16.326], [-61.5327, 16.3267], [-61.5337, 16.327], [-61.5348, 16.3279], [-61.535, 16.3287], [-61.5348, 16.3297], [-61.535, 16.3305], [-61.5356, 16.3314], [-61.5351, 16.3323], [-61.5344, 16.3332], [-61.5338, 16.3341], [-61.5329, 16.3343], [-61.5318, 16.3348], [-61.5309, 16.3352], [-61.53, 16.335], [-61.5309, 16.3356], [-61.5304, 16.3365], [-61.5295, 16.3365], [-61.5295, 16.3374], [-61.5286, 16.3373], [-61.5281, 16.3381], [-61.5285, 16.339], [-61.5294, 16.3388], [-61.5303, 16.3393], [-61.5293, 16.3397], [-61.5283, 16.34], [-61.5274, 16.3404], [-61.5263, 16.3409], [-61.5252, 16.3419], [-61.5247, 16.3427], [-61.5244, 16.3436], [-61.5233, 16.3438], [-61.5229, 16.3448], [-61.5232, 16.3456], [-61.5223, 16.3452], [-61.5214, 16.3441], [-61.5204, 16.3436], [-61.5196, 16.3432], [-61.5186, 16.343], [-61.5177, 16.3431], [-61.5166, 16.3433], [-61.5157, 16.3432], [-61.5149, 16.3427], [-61.5139, 16.3429], [-61.5129, 16.3431], [-61.5121, 16.343], [-61.5112, 16.3428], [-61.5104, 16.3426], [-61.509, 16.3423], [-61.5088, 16.3415], [-61.5085, 16.3407], [-61.508, 16.3395], [-61.5074, 16.3385], [-61.5067, 16.3371], [-61.507, 16.3379], [-61.5075, 16.3389], [-61.5079, 16.3397], [-61.5084, 16.3408], [-61.5088, 16.3418], [-61.5079, 16.3421], [-61.5077, 16.3429], [-61.507, 16.3439], [-61.5072, 16.345], [-61.5068, 16.3458], [-61.5059, 16.3455], [-61.5049, 16.3454], [-61.504, 16.3458], [-61.5048, 16.3461], [-61.5057, 16.3464], [-61.5063, 16.3472], [-61.5069, 16.3483], [-61.5066, 16.3493], [-61.5064, 16.3502], [-61.5053, 16.3498], [-61.5055, 16.3489], [-61.5046, 16.3487], [-61.5038, 16.3495], [-61.5046, 16.3501], [-61.5043, 16.351], [-61.5034, 16.351], [-61.5025, 16.3515], [-61.5016, 16.3518], [-61.5006, 16.3519], [-61.4997, 16.3518], [-61.4988, 16.3524], [-61.498, 16.3525], [-61.497, 16.3525], [-61.4961, 16.3528], [-61.4952, 16.3525], [-61.4949, 16.3533], [-61.4936, 16.3536], [-61.4925, 16.3533], [-61.4915, 16.3536], [-61.486, 16.3533], [-61.4833, 16.3533], [-61.4819, 16.352], [-61.4778, 16.3513], [-61.4692, 16.3544], [-61.4658, 16.3555], [-61.4649, 16.3558], [-61.4629, 16.3568], [-61.4619, 16.3572], [-61.4609, 16.3566], [-61.4582, 16.3563], [-61.4569, 16.3565], [-61.456, 16.3566], [-61.4551, 16.3568], [-61.454, 16.3569], [-61.4524, 16.3571], [-61.4511, 16.3572], [-61.45, 16.3573], [-61.4485, 16.3575], [-61.4477, 16.3577], [-61.4465, 16.3578], [-61.4457, 16.3496], [-61.4438, 16.3499], [-61.4416, 16.3502], [-61.4406, 16.3496], [-61.4401, 16.3459], [-61.4384, 16.3415], [-61.4374, 16.3384], [-61.4341, 16.3394], [-61.4311, 16.3402], [-61.4317, 16.3426], [-61.4297, 16.3428], [-61.4292, 16.3417], [-61.4278, 16.3407], [-61.4266, 16.3389], [-61.4256, 16.3391], [-61.4247, 16.3393], [-61.4244, 16.3384], [-61.424, 16.3372], [-61.4237, 16.3363], [-61.4224, 16.3322], [-61.4221, 16.3312], [-61.4208, 16.3306], [-61.4199, 16.3302], [-61.4197, 16.3293], [-61.4165, 16.3292], [-61.4156, 16.3291], [-61.4149, 16.33], [-61.414, 16.3303], [-61.4128, 16.3305], [-61.4117, 16.3305], [-61.4109, 16.3308], [-61.4096, 16.3314], [-61.4086, 16.3317], [-61.4075, 16.3321], [-61.4067, 16.331], [-61.4062, 16.3298], [-61.4053, 16.3295], [-61.4041, 16.33], [-61.4041, 16.3288], [-61.4044, 16.3277], [-61.4044, 16.3267], [-61.4055, 16.326], [-61.4055, 16.3251], [-61.4052, 16.3242], [-61.405, 16.3231], [-61.4046, 16.3214], [-61.4043, 16.3201], [-61.4042, 16.3192], [-61.4019, 16.3186], [-61.4013, 16.3165], [-61.4012, 16.3152], [-61.4012, 16.3136], [-61.4011, 16.3128], [-61.4011, 16.3118], [-61.4007, 16.3105], [-61.4005, 16.3095], [-61.4018, 16.3088], [-61.403, 16.3085], [-61.4044, 16.308], [-61.4055, 16.3077], [-61.4066, 16.3073], [-61.4092, 16.3064], [-61.4116, 16.3056], [-61.4135, 16.305], [-61.4144, 16.3048], [-61.4155, 16.3043], [-61.4172, 16.3038], [-61.4182, 16.3037], [-61.4216, 16.3025], [-61.4221, 16.3035], [-61.4221, 16.3043], [-61.4234, 16.3047], [-61.4247, 16.3051], [-61.4253, 16.304], [-61.426, 16.3048], [-61.4254, 16.3066], [-61.426, 16.3077], [-61.4268, 16.3092], [-61.4279, 16.3104], [-61.4289, 16.3104], [-61.4298, 16.3099], [-61.4297, 16.309], [-61.4307, 16.3066], [-61.432, 16.3059], [-61.4319, 16.3045], [-61.4331, 16.3034], [-61.4327, 16.3023], [-61.4339, 16.3018], [-61.4335, 16.3005], [-61.4344, 16.2999], [-61.436, 16.2991], [-61.4356, 16.2982], [-61.4354, 16.2967], [-61.4382, 16.2959], [-61.4378, 16.2946], [-61.4402, 16.2943], [-61.4398, 16.2933], [-61.4391, 16.2924], [-61.4404, 16.2916], [-61.4415, 16.2918], [-61.4421, 16.2901], [-61.442, 16.2883], [-61.4429, 16.2873], [-61.443, 16.2862], [-61.4452, 16.2847], [-61.4463, 16.2845], [-61.4462, 16.2858], [-61.4473, 16.2859], [-61.4478, 16.2871], [-61.449, 16.2875], [-61.4501, 16.2874], [-61.4511, 16.2877], [-61.4522, 16.2879], [-61.4529, 16.2889], [-61.4539, 16.2896], [-61.4548, 16.2897], [-61.4559, 16.2899], [-61.4566, 16.2909], [-61.4572, 16.2919], [-61.4572, 16.2927], [-61.4567, 16.2936], [-61.4571, 16.2945], [-61.4582, 16.2951], [-61.459, 16.2954], [-61.4602, 16.2963], [-61.4605, 16.2974], [-61.4611, 16.2989], [-61.4615, 16.2998], [-61.463, 16.2998], [-61.4638, 16.3009], [-61.4652, 16.3003], [-61.4657, 16.3023], [-61.4665, 16.3017], [-61.4678, 16.3006], [-61.4719, 16.3001], [-61.4741, 16.3015], [-61.475, 16.3023], [-61.476, 16.3016], [-61.4764, 16.3003], [-61.4779, 16.3025], [-61.4768, 16.3029], [-61.4761, 16.3039], [-61.4774, 16.3053], [-61.4789, 16.3049], [-61.4799, 16.3045], [-61.4808, 16.3041], [-61.4824, 16.3037], [-61.4836, 16.3031], [-61.4836, 16.3023], [-61.4849, 16.3017], [-61.486, 16.3014], [-61.4868, 16.3015], [-61.4876, 16.3028], [-61.4886, 16.3021], [-61.4896, 16.3027], [-61.4904, 16.3039], [-61.4915, 16.3038], [-61.493, 16.3039], [-61.4942, 16.304], [-61.4964, 16.3041], [-61.4986, 16.3057], [-61.4996, 16.3059], [-61.5011, 16.3059], [-61.502, 16.3059], [-61.503, 16.306], [-61.5031, 16.3051], [-61.5033, 16.3041], [-61.5035, 16.3027], [-61.5042, 16.3004], [-61.5054, 16.3005], [-61.5066, 16.3006], [-61.5085, 16.3007], [-61.5101, 16.3007], [-61.5113, 16.3008], [-61.5115, 16.3018], [-61.5117, 16.3035], [-61.5128, 16.3039], [-61.5139, 16.3039], [-61.5162, 16.3036], [-61.5172, 16.3034], [-61.5175, 16.3043], [-61.5184, 16.3051], [-61.5197, 16.3058], [-61.5209, 16.3064], [-61.522, 16.3069], [-61.5236, 16.3076], [-61.5246, 16.3084], [-61.5253, 16.3095], [-61.5261, 16.3104], [-61.5273, 16.3104], [-61.5283, 16.3104], [-61.5295, 16.3108], [-61.5308, 16.3113], [-61.5317, 16.3115], [-61.5326, 16.3116], [-61.5335, 16.3115], [-61.5343, 16.3122], [-61.5346, 16.3126]]], [[[-61.5091, 16.349], [-61.51, 16.3493], [-61.5088, 16.3498], [-61.5077, 16.3496], [-61.5074, 16.3485], [-61.5082, 16.3484], [-61.5091, 16.349]]], [[[-61.5266, 16.3487], [-61.5276, 16.3492], [-61.5285, 16.3493], [-61.5294, 16.3497], [-61.5299, 16.3507], [-61.5289, 16.3504], [-61.528, 16.3505], [-61.527, 16.3502], [-61.5261, 16.3505], [-61.5256, 16.3496], [-61.5252, 16.3487], [-61.5261, 16.3485], [-61.5266, 16.3487]]]]}}, {"type": "Feature", "properties": {"nom": "Le Moule", "code": "97117", "codeDepartement": "971", "siren": "219711173", "codeEpci": "200044691", "codeRegion": "01", "codesPostaux": ["97160"], "population": 23014}, "geometry": {"type": "MultiPolygon", "coordinates": [[[[-61.4374, 16.2804], [-61.4369, 16.2814], [-61.4368, 16.2823], [-61.438, 16.2833], [-61.4379, 16.2863], [-61.4385, 16.2873], [-61.4394, 16.2869], [-61.441, 16.2875], [-61.442, 16.2883], [-61.4421, 16.2901], [-61.4421, 16.2913], [-61.441, 16.2913], [-61.4394, 16.2919], [-61.4394, 16.2927], [-61.44, 16.2936], [-61.4386, 16.2947], [-61.4382, 16.2959], [-61.4362, 16.2964], [-61.4355, 16.2979], [-61.4359, 16.2988], [-61.4349, 16.2993], [-61.4345, 16.3001], [-61.4335, 16.3002], [-61.4339, 16.3018], [-61.4327, 16.3022], [-61.4334, 16.303], [-61.4322, 16.3042], [-61.4319, 16.3053], [-61.4307, 16.3066], [-61.4297, 16.309], [-61.4298, 16.3099], [-61.4289, 16.3104], [-61.428, 16.3103], [-61.4268, 16.3092], [-61.4267, 16.3083], [-61.4259, 16.3072], [-61.4257, 16.3051], [-61.4256, 16.3041], [-61.4242, 16.3043], [-61.4238, 16.3054], [-61.4227, 16.3042], [-61.4218, 16.3025], [-61.4188, 16.3035], [-61.4178, 16.3038], [-61.4155, 16.3043], [-61.4144, 16.3048], [-61.4135, 16.305], [-61.4116, 16.3056], [-61.4092, 16.3064], [-61.4068, 16.3072], [-61.4059, 16.3075], [-61.405, 16.3078], [-61.4035, 16.3083], [-61.4025, 16.3086], [-61.401, 16.3091], [-61.4006, 16.31], [-61.4007, 16.3112], [-61.4011, 16.3128], [-61.4012, 16.3136], [-61.4012, 16.3145], [-61.4012, 16.316], [-61.4018, 16.3184], [-61.4035, 16.3188], [-61.4043, 16.3201], [-61.4046, 16.3214], [-61.4048, 16.3225], [-61.4051, 16.3237], [-61.4053, 16.3245], [-61.4058, 16.3259], [-61.4045, 16.3263], [-61.4047, 16.3272], [-61.4042, 16.3281], [-61.4038, 16.3296], [-61.4048, 16.3297], [-61.4061, 16.3294], [-61.4065, 16.3306], [-61.407, 16.3315], [-61.4082, 16.3319], [-61.4096, 16.3314], [-61.4107, 16.331], [-61.4117, 16.3305], [-61.4128, 16.3305], [-61.4136, 16.3304], [-61.4146, 16.3302], [-61.4155, 16.3293], [-61.4165, 16.3292], [-61.4196, 16.3292], [-61.4199, 16.3302], [-61.4208, 16.3306], [-61.422, 16.3309], [-61.4224, 16.3322], [-61.4236, 16.3358], [-61.424, 16.3372], [-61.4244, 16.3384], [-61.4247, 16.3393], [-61.4256, 16.3391], [-61.4266, 16.3389], [-61.427, 16.3403], [-61.4286, 16.3417], [-61.4294, 16.3426], [-61.4276, 16.344], [-61.4261, 16.3446], [-61.4252, 16.3449], [-61.4242, 16.3452], [-61.4235, 16.3461], [-61.4235, 16.3482], [-61.4238, 16.3508], [-61.4241, 16.3539], [-61.4215, 16.3552], [-61.4202, 16.3558], [-61.4186, 16.3561], [-61.4176, 16.3564], [-61.418, 16.3578], [-61.4183, 16.3589], [-61.4187, 16.3601], [-61.4191, 16.3613], [-61.4199, 16.3634], [-61.4187, 16.3638], [-61.4173, 16.3642], [-61.4163, 16.3645], [-61.417, 16.3659], [-61.4179, 16.3658], [-61.4187, 16.3672], [-61.4197, 16.367], [-61.4207, 16.3694], [-61.4209, 16.3704], [-61.4211, 16.3712], [-61.42, 16.3718], [-61.4177, 16.3727], [-61.4167, 16.373], [-61.4148, 16.3736], [-61.413, 16.3743], [-61.413, 16.3752], [-61.4134, 16.3766], [-61.4138, 16.3779], [-61.4142, 16.3791], [-61.4146, 16.3801], [-61.4152, 16.3817], [-61.4155, 16.3826], [-61.4159, 16.3839], [-61.4165, 16.3856], [-61.4169, 16.3867], [-61.4173, 16.388], [-61.4177, 16.3893], [-61.4164, 16.39], [-61.4145, 16.3911], [-61.4126, 16.3917], [-61.4099, 16.3926], [-61.4089, 16.3929], [-61.4078, 16.3929], [-61.407, 16.3931], [-61.4053, 16.3933], [-61.4046, 16.3925], [-61.4045, 16.3915], [-61.4053, 16.3907], [-61.4055, 16.3898], [-61.4058, 16.3886], [-61.4059, 16.3877], [-61.4058, 16.3867], [-61.4058, 16.3859], [-61.4058, 16.3847], [-61.4051, 16.3838], [-61.4044, 16.383], [-61.4036, 16.3825], [-61.4031, 16.3817], [-61.4029, 16.3808], [-61.4027, 16.3799], [-61.4031, 16.379], [-61.4029, 16.3782], [-61.4023, 16.3772], [-61.4022, 16.3763], [-61.402, 16.3752], [-61.4016, 16.3742], [-61.4009, 16.3733], [-61.4003, 16.3725], [-61.3998, 16.3716], [-61.3994, 16.3707], [-61.3986, 16.3698], [-61.3982, 16.3689], [-61.3977, 16.3681], [-61.3968, 16.3672], [-61.3961, 16.3664], [-61.3951, 16.3655], [-61.3941, 16.3649], [-61.3938, 16.364], [-61.3933, 16.3628], [-61.3931, 16.362], [-61.393, 16.361], [-61.3927, 16.3602], [-61.3917, 16.3603], [-61.3916, 16.3592], [-61.3907, 16.3591], [-61.3902, 16.3583], [-61.3898, 16.3573], [-61.3893, 16.3563], [-61.3884, 16.3554], [-61.3881, 16.3545], [-61.3872, 16.3537], [-61.3863, 16.3528], [-61.3861, 16.3519], [-61.386, 16.3511], [-61.3852, 16.3509], [-61.3843, 16.3503], [-61.3837, 16.3495], [-61.3828, 16.3489], [-61.382, 16.3486], [-61.3819, 16.3478], [-61.3816, 16.3467], [-61.3812, 16.3458], [-61.3806, 16.3448], [-61.3796, 16.3439], [-61.3788, 16.3436], [-61.3778, 16.3427], [-61.3768, 16.3422], [-61.376, 16.3413], [-61.3751, 16.3409], [-61.3741, 16.3404], [-61.3731, 16.3403], [-61.3722, 16.3399], [-61.3713, 16.3394], [-61.3704, 16.3393], [-61.3693, 16.3396], [-61.3685, 16.339], [-61.368, 16.3379], [-61.3685, 16.3371], [-61.3686, 16.3361], [-61.3695, 16.3356], [-61.3686, 16.335], [-61.3677, 16.3348], [-61.3666, 16.3351], [-61.3656, 16.3352], [-61.3646, 16.3349], [-61.3638, 16.3357], [-61.3638, 16.3366], [-61.3629, 16.3369], [-61.3621, 16.3364], [-61.3612, 16.336], [-61.3601, 16.3359], [-61.3593, 16.3357], [-61.3584, 16.3355], [-61.3576, 16.3354], [-61.3566, 16.335], [-61.3553, 16.3345], [-61.3543, 16.334], [-61.3534, 16.3336], [-61.3524, 16.3334], [-61.3516, 16.3335], [-61.3504, 16.3342], [-61.3495, 16.3347], [-61.3485, 16.3356], [-61.3475, 16.336], [-61.3465, 16.3358], [-61.3455, 16.3351], [-61.3453, 16.3343], [-61.345, 16.3333], [-61.3448, 16.3325], [-61.3437, 16.3325], [-61.343, 16.3314], [-61.3424, 16.3304], [-61.3426, 16.3294], [-61.3416, 16.3294], [-61.3407, 16.3299], [-61.3409, 16.3307], [-61.3407, 16.3316], [-61.3405, 16.3325], [-61.3395, 16.3331], [-61.3385, 16.3333], [-61.3375, 16.3336], [-61.3363, 16.3335], [-61.3351, 16.3336], [-61.3342, 16.3337], [-61.3334, 16.3334], [-61.332, 16.3335], [-61.331, 16.3333], [-61.3302, 16.3331], [-61.3292, 16.3331], [-61.3282, 16.3329], [-61.3272, 16.3326], [-61.3262, 16.3326], [-61.325, 16.3321], [-61.324, 16.3315], [-61.3229, 16.3312], [-61.3219, 16.3304], [-61.3209, 16.3301], [-61.32, 16.33], [-61.319, 16.3301], [-61.318, 16.3301], [-61.3168, 16.3298], [-61.3159, 16.3301], [-61.315, 16.3304], [-61.314, 16.331], [-61.313, 16.3317], [-61.3121, 16.3315], [-61.3111, 16.3309], [-61.3101, 16.3308], [-61.3099, 16.3299], [-61.3096, 16.329], [-61.309, 16.3282], [-61.3081, 16.3277], [-61.3073, 16.3274], [-61.3064, 16.3267], [-61.3057, 16.3258], [-61.3048, 16.3252], [-61.3039, 16.3252], [-61.3028, 16.3252], [-61.3016, 16.3259], [-61.301, 16.3268], [-61.3002, 16.3275], [-61.2993, 16.3278], [-61.2984, 16.3278], [-61.2975, 16.3276], [-61.2971, 16.3266], [-61.2971, 16.3257], [-61.2973, 16.3248], [-61.298, 16.3237], [-61.2973, 16.3228], [-61.2964, 16.3227], [-61.2961, 16.3237], [-61.2952, 16.3234], [-61.2943, 16.3224], [-61.2934, 16.3221], [-61.2924, 16.3219], [-61.2915, 16.3218], [-61.2906, 16.321], [-61.2895, 16.3207], [-61.2885, 16.321], [-61.2878, 16.3219], [-61.2869, 16.3221], [-61.2859, 16.3216], [-61.2858, 16.3206], [-61.285, 16.3206], [-61.2844, 16.3197], [-61.2835, 16.3195], [-61.2825, 16.3192], [-61.2823, 16.3183], [-61.2824, 16.3175], [-61.2821, 16.3166], [-61.2812, 16.3169], [-61.2805, 16.3178], [-61.2797, 16.3171], [-61.2788, 16.3172], [-61.2784, 16.3155], [-61.2787, 16.3146], [-61.2792, 16.3133], [-61.2799, 16.3116], [-61.2806, 16.3087], [-61.2807, 16.3069], [-61.2809, 16.3047], [-61.2812, 16.3018], [-61.2822, 16.3017], [-61.2853, 16.3024], [-61.2862, 16.3025], [-61.2887, 16.3029], [-61.2899, 16.3031], [-61.2911, 16.3039], [-61.2922, 16.3043], [-61.2936, 16.3047], [-61.2938, 16.3038], [-61.2941, 16.3028], [-61.2944, 16.3018], [-61.2953, 16.3021], [-61.2964, 16.3028], [-61.2973, 16.3033], [-61.2988, 16.304], [-61.3005, 16.3046], [-61.3016, 16.305], [-61.3031, 16.3054], [-61.3044, 16.3058], [-61.3058, 16.3063], [-61.3068, 16.3066], [-61.3075, 16.3057], [-61.3078, 16.3047], [-61.3081, 16.3035], [-61.3082, 16.3018], [-61.3107, 16.3027], [-61.3116, 16.3007], [-61.3114, 16.2995], [-61.3118, 16.2985], [-61.3143, 16.2992], [-61.3155, 16.2995], [-61.3169, 16.2999], [-61.3179, 16.3002], [-61.319, 16.3003], [-61.3211, 16.3001], [-61.3211, 16.299], [-61.3207, 16.2981], [-61.3196, 16.2975], [-61.3201, 16.2965], [-61.3202, 16.2957], [-61.3212, 16.2952], [-61.3207, 16.2937], [-61.3203, 16.2928], [-61.3194, 16.293], [-61.3191, 16.2919], [-61.32, 16.2917], [-61.3211, 16.2913], [-61.3226, 16.2907], [-61.3239, 16.2902], [-61.3248, 16.2899], [-61.326, 16.2893], [-61.3271, 16.2887], [-61.3291, 16.2882], [-61.33, 16.288], [-61.3319, 16.2878], [-61.3327, 16.2877], [-61.3342, 16.2863], [-61.3361, 16.2861], [-61.336, 16.287], [-61.3369, 16.2882], [-61.3377, 16.2903], [-61.3432, 16.2883], [-61.3454, 16.2875], [-61.3464, 16.2874], [-61.3483, 16.2875], [-61.3494, 16.2874], [-61.3513, 16.2874], [-61.3529, 16.2874], [-61.3537, 16.2875], [-61.358, 16.2874], [-61.3591, 16.2874], [-61.361, 16.2875], [-61.3619, 16.2899], [-61.3622, 16.2907], [-61.3626, 16.2918], [-61.3627, 16.2927], [-61.3634, 16.2947], [-61.3636, 16.296], [-61.3578, 16.2962], [-61.3564, 16.2963], [-61.3571, 16.2976], [-61.3574, 16.2986], [-61.358, 16.3002], [-61.3588, 16.3017], [-61.3592, 16.3028], [-61.3607, 16.3028], [-61.362, 16.3028], [-61.3637, 16.3028], [-61.3647, 16.3028], [-61.3647, 16.3019], [-61.3658, 16.301], [-61.3662, 16.3018], [-61.3672, 16.3007], [-61.3682, 16.3003], [-61.3692, 16.3001], [-61.3703, 16.3001], [-61.3715, 16.2993], [-61.3721, 16.2981], [-61.3717, 16.2973], [-61.3713, 16.2963], [-61.371, 16.2954], [-61.3713, 16.2946], [-61.3721, 16.294], [-61.3731, 16.294], [-61.3759, 16.2937], [-61.3776, 16.2931], [-61.3819, 16.2917], [-61.3832, 16.2918], [-61.3841, 16.291], [-61.3852, 16.2905], [-61.386, 16.2908], [-61.3862, 16.2923], [-61.3874, 16.2918], [-61.3891, 16.2914], [-61.3901, 16.2911], [-61.3909, 16.291], [-61.3908, 16.2897], [-61.3907, 16.2883], [-61.392, 16.2878], [-61.393, 16.2873], [-61.394, 16.2871], [-61.395, 16.287], [-61.3956, 16.288], [-61.3991, 16.2881], [-61.4018, 16.2872], [-61.4033, 16.2867], [-61.4052, 16.2854], [-61.4062, 16.2847], [-61.4081, 16.2841], [-61.4089, 16.2839], [-61.411, 16.284], [-61.4131, 16.2834], [-61.4141, 16.2833], [-61.4149, 16.2833], [-61.4159, 16.2823], [-61.4168, 16.2822], [-61.4205, 16.281], [-61.4218, 16.2805], [-61.423, 16.2809], [-61.4224, 16.2794], [-61.4274, 16.2788], [-61.4272, 16.2801], [-61.4287, 16.2802], [-61.429, 16.2791], [-61.4306, 16.2781], [-61.4316, 16.2795], [-61.4329, 16.2806], [-61.434, 16.2809], [-61.4348, 16.2808], [-61.4363, 16.2805], [-61.4374, 16.2804]]], [[[-61.367, 16.3368], [-61.366, 16.3374], [-61.3649, 16.3375], [-61.364, 16.3373], [-61.3641, 16.3363], [-61.3644, 16.3353], [-61.3654, 16.3351], [-61.3663, 16.3352], [-61.3672, 16.3355], [-61.3667, 16.3363], [-61.367, 16.3368]]]]}}, {"type": "Feature", "properties": {"nom": "Petit-Bourg", "code": "97118", "codeDepartement": "971", "siren": "219711181", "codeEpci": "249710062", "codeRegion": "01", "codesPostaux": ["97170"], "population": 24665}, "geometry": {"type": "Polygon", "coordinates": [[[-61.7365, 16.1807], [-61.7356, 16.1817], [-61.7345, 16.1827], [-61.7335, 16.1833], [-61.7328, 16.1841], [-61.7328, 16.185], [-61.7317, 16.1857], [-61.7306, 16.1859], [-61.7296, 16.1862], [-61.7286, 16.1865], [-61.7279, 16.1875], [-61.7265, 16.1891], [-61.7255, 16.1895], [-61.7246, 16.1898], [-61.7237, 16.1897], [-61.7227, 16.19], [-61.7216, 16.1905], [-61.7207, 16.1914], [-61.7197, 16.1919], [-61.7188, 16.192], [-61.7177, 16.1922], [-61.7165, 16.1922], [-61.7152, 16.1925], [-61.7143, 16.1923], [-61.7132, 16.1918], [-61.712, 16.1913], [-61.7103, 16.1909], [-61.7092, 16.1909], [-61.7071, 16.191], [-61.7058, 16.1911], [-61.7054, 16.192], [-61.7044, 16.1925], [-61.704, 16.1933], [-61.703, 16.194], [-61.7022, 16.1945], [-61.7013, 16.1948], [-61.7004, 16.1959], [-61.7006, 16.1968], [-61.6997, 16.1974], [-61.6991, 16.1984], [-61.6983, 16.1993], [-61.697, 16.1998], [-61.6959, 16.2001], [-61.6947, 16.2006], [-61.6937, 16.2011], [-61.6926, 16.2017], [-61.6916, 16.2021], [-61.6906, 16.2028], [-61.6898, 16.2029], [-61.6887, 16.2028], [-61.6878, 16.2025], [-61.6871, 16.2017], [-61.6862, 16.2017], [-61.6852, 16.2016], [-61.6842, 16.2017], [-61.6826, 16.2017], [-61.6815, 16.2022], [-61.6805, 16.2021], [-61.6796, 16.2022], [-61.6786, 16.2025], [-61.6777, 16.2021], [-61.6766, 16.2016], [-61.6755, 16.2011], [-61.6745, 16.2014], [-61.6733, 16.2014], [-61.6724, 16.201], [-61.6715, 16.2011], [-61.6705, 16.2011], [-61.6696, 16.201], [-61.6687, 16.2011], [-61.6689, 16.202], [-61.668, 16.2028], [-61.6682, 16.2039], [-61.6682, 16.2049], [-61.6676, 16.2057], [-61.6674, 16.2066], [-61.6648, 16.2077], [-61.6636, 16.2081], [-61.6619, 16.2086], [-61.6611, 16.2086], [-61.6599, 16.2086], [-61.6583, 16.2087], [-61.658, 16.21], [-61.6576, 16.2109], [-61.6561, 16.2114], [-61.655, 16.2114], [-61.6536, 16.2118], [-61.6527, 16.2118], [-61.6517, 16.2118], [-61.6501, 16.212], [-61.6492, 16.2122], [-61.6482, 16.2129], [-61.6471, 16.2138], [-61.6463, 16.2143], [-61.645, 16.2153], [-61.6441, 16.2158], [-61.6423, 16.2163], [-61.6405, 16.217], [-61.6385, 16.2176], [-61.6357, 16.2185], [-61.6335, 16.2192], [-61.6319, 16.2198], [-61.6308, 16.2201], [-61.6291, 16.2207], [-61.6278, 16.2209], [-61.6269, 16.2209], [-61.626, 16.2215], [-61.625, 16.2216], [-61.6241, 16.2218], [-61.6232, 16.2221], [-61.622, 16.2223], [-61.6211, 16.2227], [-61.6201, 16.223], [-61.6191, 16.223], [-61.6183, 16.2229], [-61.6174, 16.2228], [-61.6166, 16.2228], [-61.6157, 16.2234], [-61.6154, 16.2243], [-61.615, 16.2251], [-61.6142, 16.2258], [-61.613, 16.2259], [-61.6121, 16.2254], [-61.6111, 16.2253], [-61.6101, 16.2255], [-61.6092, 16.2263], [-61.6083, 16.2271], [-61.608, 16.2279], [-61.6072, 16.2289], [-61.6063, 16.2293], [-61.6064, 16.2301], [-61.6054, 16.2309], [-61.6045, 16.2316], [-61.6034, 16.2323], [-61.6023, 16.2328], [-61.6014, 16.2329], [-61.6004, 16.2332], [-61.5994, 16.2337], [-61.5987, 16.2346], [-61.5976, 16.2352], [-61.5967, 16.2351], [-61.5955, 16.2351], [-61.5946, 16.2355], [-61.5936, 16.2362], [-61.5928, 16.2363], [-61.5918, 16.236], [-61.5907, 16.2355], [-61.5898, 16.2351], [-61.5888, 16.2354], [-61.5876, 16.2358], [-61.5868, 16.2352], [-61.5858, 16.2351], [-61.5846, 16.2349], [-61.5837, 16.2347], [-61.5842, 16.2337], [-61.5848, 16.2327], [-61.5846, 16.2319], [-61.585, 16.2304], [-61.5851, 16.2295], [-61.5853, 16.2287], [-61.5856, 16.2276], [-61.5859, 16.2267], [-61.5862, 16.2259], [-61.5866, 16.225], [-61.5871, 16.2237], [-61.5874, 16.2228], [-61.5878, 16.2219], [-61.5879, 16.2211], [-61.5883, 16.22], [-61.5886, 16.2185], [-61.5884, 16.2176], [-61.5873, 16.2166], [-61.5863, 16.2157], [-61.5857, 16.2145], [-61.5862, 16.2137], [-61.587, 16.2127], [-61.5874, 16.2117], [-61.5876, 16.2107], [-61.5875, 16.2096], [-61.5873, 16.2087], [-61.5869, 16.2078], [-61.5857, 16.2072], [-61.5848, 16.2066], [-61.584, 16.2058], [-61.5832, 16.2049], [-61.5834, 16.204], [-61.584, 16.2032], [-61.5848, 16.2022], [-61.5852, 16.2014], [-61.5861, 16.2005], [-61.5869, 16.1996], [-61.5878, 16.1993], [-61.5886, 16.1984], [-61.5892, 16.1971], [-61.5896, 16.1961], [-61.5899, 16.1952], [-61.5901, 16.1943], [-61.5903, 16.1933], [-61.5903, 16.1924], [-61.5899, 16.1913], [-61.59, 16.1904], [-61.5898, 16.1894], [-61.5895, 16.1882], [-61.5892, 16.1891], [-61.589, 16.188], [-61.5889, 16.1871], [-61.5891, 16.1862], [-61.5887, 16.1852], [-61.5878, 16.1843], [-61.5869, 16.1836], [-61.5862, 16.1827], [-61.5863, 16.1819], [-61.5861, 16.181], [-61.5856, 16.1801], [-61.5846, 16.18], [-61.5831, 16.1796], [-61.5823, 16.1796], [-61.5814, 16.1795], [-61.5805, 16.1791], [-61.5802, 16.1782], [-61.5802, 16.1774], [-61.5805, 16.1764], [-61.5803, 16.1756], [-61.5797, 16.1747], [-61.5799, 16.1739], [-61.5809, 16.1729], [-61.582, 16.172], [-61.5829, 16.1713], [-61.5838, 16.1708], [-61.5846, 16.1704], [-61.585, 16.1713], [-61.5846, 16.1701], [-61.5849, 16.1693], [-61.5852, 16.1684], [-61.5851, 16.1667], [-61.5849, 16.1656], [-61.5846, 16.1643], [-61.5842, 16.1634], [-61.5836, 16.1623], [-61.5844, 16.1618], [-61.5855, 16.1619], [-61.5865, 16.1615], [-61.5871, 16.1606], [-61.5881, 16.1604], [-61.5889, 16.161], [-61.5899, 16.1619], [-61.5908, 16.1625], [-61.5916, 16.1617], [-61.5927, 16.162], [-61.5932, 16.1609], [-61.5942, 16.161], [-61.5951, 16.1609], [-61.5959, 16.1601], [-61.5968, 16.1599], [-61.5967, 16.1608], [-61.5978, 16.1614], [-61.5988, 16.1611], [-61.5996, 16.1608], [-61.6001, 16.1598], [-61.6011, 16.1597], [-61.6021, 16.1597], [-61.603, 16.16], [-61.6039, 16.1603], [-61.6049, 16.1597], [-61.6059, 16.1591], [-61.6071, 16.1585], [-61.607, 16.1576], [-61.608, 16.1573], [-61.6088, 16.1578], [-61.6097, 16.1578], [-61.6106, 16.1577], [-61.6107, 16.1568], [-61.6116, 16.1561], [-61.6129, 16.1564], [-61.6138, 16.1564], [-61.6146, 16.1561], [-61.6149, 16.1551], [-61.6158, 16.1544], [-61.6165, 16.1535], [-61.6174, 16.1535], [-61.6183, 16.1537], [-61.6195, 16.1534], [-61.6205, 16.1523], [-61.6216, 16.1528], [-61.6217, 16.1518], [-61.6222, 16.1509], [-61.6232, 16.15], [-61.624, 16.15], [-61.625, 16.1497], [-61.626, 16.1495], [-61.6262, 16.1486], [-61.627, 16.1484], [-61.628, 16.1479], [-61.6289, 16.148], [-61.6298, 16.1477], [-61.6303, 16.1469], [-61.6313, 16.1465], [-61.6323, 16.1459], [-61.6361, 16.1427], [-61.6362, 16.1412], [-61.636, 16.14], [-61.6377, 16.1392], [-61.6386, 16.1382], [-61.6385, 16.1374], [-61.6392, 16.1364], [-61.6406, 16.1355], [-61.6417, 16.1349], [-61.6428, 16.1349], [-61.6438, 16.1347], [-61.6449, 16.1342], [-61.6458, 16.134], [-61.6467, 16.134], [-61.6478, 16.1337], [-61.6486, 16.1335], [-61.65, 16.1332], [-61.651, 16.1316], [-61.6525, 16.1306], [-61.6539, 16.1299], [-61.655, 16.129], [-61.6555, 16.1277], [-61.6572, 16.1248], [-61.6573, 16.1231], [-61.6564, 16.1224], [-61.6572, 16.1214], [-61.6577, 16.1203], [-61.6578, 16.1194], [-61.6587, 16.1187], [-61.6596, 16.1179], [-61.6603, 16.117], [-61.6609, 16.1159], [-61.6616, 16.115], [-61.6629, 16.1136], [-61.6633, 16.1127], [-61.6641, 16.1117], [-61.6654, 16.1104], [-61.6662, 16.1097], [-61.6665, 16.1088], [-61.6666, 16.1079], [-61.6673, 16.107], [-61.6674, 16.1061], [-61.6678, 16.1051], [-61.6683, 16.1043], [-61.6683, 16.1033], [-61.6693, 16.1028], [-61.6702, 16.1039], [-61.6706, 16.1048], [-61.6712, 16.1058], [-61.6715, 16.1066], [-61.6718, 16.1075], [-61.6717, 16.1084], [-61.6729, 16.1097], [-61.6739, 16.1105], [-61.6748, 16.1105], [-61.6756, 16.1111], [-61.6765, 16.1115], [-61.6774, 16.1118], [-61.6779, 16.1126], [-61.6785, 16.1136], [-61.6794, 16.1144], [-61.6807, 16.1148], [-61.6825, 16.1155], [-61.6844, 16.1157], [-61.6859, 16.1161], [-61.6867, 16.116], [-61.6876, 16.1157], [-61.6887, 16.1149], [-61.6895, 16.1149], [-61.6902, 16.1157], [-61.691, 16.116], [-61.6921, 16.1161], [-61.693, 16.1159], [-61.694, 16.1162], [-61.695, 16.1157], [-61.6959, 16.1165], [-61.6965, 16.1174], [-61.6974, 16.1179], [-61.6982, 16.1187], [-61.6994, 16.1199], [-61.7003, 16.1203], [-61.7019, 16.1198], [-61.7029, 16.1195], [-61.7038, 16.1191], [-61.7047, 16.1192], [-61.7058, 16.1188], [-61.7069, 16.1184], [-61.7079, 16.1176], [-61.709, 16.1173], [-61.71, 16.1171], [-61.7109, 16.117], [-61.7118, 16.1181], [-61.7127, 16.1191], [-61.7136, 16.1198], [-61.7145, 16.1207], [-61.7148, 16.1215], [-61.7149, 16.1225], [-61.7151, 16.1233], [-61.7151, 16.1243], [-61.7157, 16.1252], [-61.7162, 16.1261], [-61.7167, 16.127], [-61.7159, 16.1276], [-61.7158, 16.1286], [-61.7152, 16.1296], [-61.7156, 16.1304], [-61.716, 16.1313], [-61.7163, 16.1321], [-61.7163, 16.133], [-61.7174, 16.1334], [-61.7183, 16.1338], [-61.7194, 16.1342], [-61.7203, 16.1344], [-61.7212, 16.1348], [-61.7223, 16.1346], [-61.7231, 16.1349], [-61.7241, 16.1353], [-61.724, 16.1362], [-61.7238, 16.1372], [-61.7237, 16.1386], [-61.7236, 16.1396], [-61.724, 16.1405], [-61.7242, 16.1415], [-61.7241, 16.1426], [-61.7245, 16.1436], [-61.7248, 16.1444], [-61.7248, 16.1453], [-61.725, 16.1464], [-61.725, 16.1476], [-61.7247, 16.1485], [-61.7256, 16.149], [-61.7267, 16.1495], [-61.7276, 16.1498], [-61.7278, 16.1506], [-61.7288, 16.1512], [-61.7294, 16.1522], [-61.7298, 16.1534], [-61.7301, 16.1543], [-61.7297, 16.1552], [-61.7299, 16.1561], [-61.7294, 16.157], [-61.7293, 16.1578], [-61.7296, 16.1588], [-61.7299, 16.1597], [-61.7305, 16.1606], [-61.7303, 16.1616], [-61.7299, 16.1626], [-61.7299, 16.1635], [-61.7297, 16.1644], [-61.7302, 16.1655], [-61.7303, 16.1664], [-61.731, 16.1672], [-61.7313, 16.1681], [-61.7313, 16.1689], [-61.7309, 16.1698], [-61.7313, 16.1707], [-61.7323, 16.1712], [-61.7326, 16.1721], [-61.7332, 16.1732], [-61.7337, 16.1745], [-61.7347, 16.1756], [-61.7355, 16.1771], [-61.7355, 16.1786], [-61.7362, 16.1799], [-61.7365, 16.1807]]]}}, {"type": "Feature", "properties": {"nom": "Petit-Canal", "code": "97119", "codeDepartement": "971", "siren": "219711199", "codeEpci": "200044691", "codeRegion": "01", "codesPostaux": ["97131"], "population": 8212}, "geometry": {"type": "Polygon", "coordinates": [[[-61.4039, 16.446], [-61.4033, 16.4452], [-61.4033, 16.4441], [-61.4031, 16.4431], [-61.4023, 16.4427], [-61.4017, 16.4418], [-61.4015, 16.4409], [-61.4014, 16.4399], [-61.401, 16.4386], [-61.4007, 16.4378], [-61.4008, 16.4369], [-61.4006, 16.4359], [-61.4004, 16.4351], [-61.4004, 16.4341], [-61.4009, 16.4333], [-61.3999, 16.433], [-61.3992, 16.4321], [-61.3989, 16.4311], [-61.3986, 16.4303], [-61.3985, 16.4293], [-61.3984, 16.4284], [-61.3989, 16.4274], [-61.3994, 16.4265], [-61.399, 16.4255], [-61.3988, 16.4244], [-61.3983, 16.4235], [-61.3983, 16.4226], [-61.3985, 16.4217], [-61.3986, 16.4209], [-61.3985, 16.4199], [-61.3984, 16.419], [-61.3987, 16.4181], [-61.3995, 16.4182], [-61.4004, 16.418], [-61.4005, 16.4169], [-61.4016, 16.4163], [-61.4026, 16.4163], [-61.4023, 16.4171], [-61.4029, 16.4162], [-61.4024, 16.4152], [-61.4014, 16.4143], [-61.4005, 16.4142], [-61.4009, 16.4134], [-61.4008, 16.4125], [-61.4007, 16.4115], [-61.4013, 16.4107], [-61.4015, 16.4098], [-61.4018, 16.409], [-61.4016, 16.4081], [-61.4026, 16.4077], [-61.4035, 16.4076], [-61.4044, 16.4076], [-61.4054, 16.4072], [-61.4057, 16.4062], [-61.4057, 16.4053], [-61.4051, 16.4043], [-61.4044, 16.4034], [-61.4038, 16.4026], [-61.4046, 16.4021], [-61.4045, 16.4013], [-61.4048, 16.4004], [-61.4044, 16.3996], [-61.4041, 16.3985], [-61.4039, 16.3976], [-61.4046, 16.3967], [-61.4055, 16.3957], [-61.4055, 16.3949], [-61.4055, 16.3937], [-61.4067, 16.3932], [-61.4078, 16.3929], [-61.4089, 16.3929], [-61.4099, 16.3926], [-61.4119, 16.3919], [-61.4145, 16.3911], [-61.4163, 16.3906], [-61.4172, 16.3898], [-61.4174, 16.3883], [-61.417, 16.3873], [-61.4167, 16.3862], [-61.4162, 16.3847], [-61.4157, 16.3833], [-61.4152, 16.3817], [-61.4146, 16.3801], [-61.4142, 16.3791], [-61.4138, 16.3779], [-61.4134, 16.3766], [-61.413, 16.3752], [-61.413, 16.3743], [-61.4142, 16.3739], [-61.4159, 16.3733], [-61.4176, 16.3727], [-61.42, 16.3718], [-61.4212, 16.3715], [-61.4209, 16.3706], [-61.4206, 16.3697], [-61.4197, 16.367], [-61.4187, 16.3672], [-61.4179, 16.3658], [-61.417, 16.3659], [-61.4163, 16.3645], [-61.4173, 16.3642], [-61.4187, 16.3638], [-61.4197, 16.3635], [-61.4192, 16.3615], [-61.4187, 16.3601], [-61.4184, 16.3589], [-61.418, 16.3578], [-61.4177, 16.357], [-61.4186, 16.3561], [-61.4202, 16.3558], [-61.4215, 16.3552], [-61.4242, 16.3544], [-61.4238, 16.3508], [-61.4235, 16.3482], [-61.4235, 16.3461], [-61.4242, 16.3452], [-61.4252, 16.3449], [-61.4261, 16.3446], [-61.427, 16.3444], [-61.4297, 16.3428], [-61.4317, 16.3426], [-61.4311, 16.3402], [-61.4341, 16.3394], [-61.4367, 16.3384], [-61.4384, 16.3415], [-61.4401, 16.3459], [-61.4406, 16.3496], [-61.4416, 16.3502], [-61.4436, 16.3499], [-61.4455, 16.3496], [-61.4465, 16.3578], [-61.4477, 16.3577], [-61.4485, 16.3576], [-61.45, 16.3573], [-61.4511, 16.3572], [-61.4524, 16.3571], [-61.454, 16.3569], [-61.4551, 16.3568], [-61.456, 16.3566], [-61.4569, 16.3565], [-61.4582, 16.3563], [-61.4606, 16.3566], [-61.4615, 16.3574], [-61.4629, 16.3568], [-61.4641, 16.3562], [-61.4658, 16.3555], [-61.4692, 16.3544], [-61.4778, 16.3513], [-61.4819, 16.352], [-61.4833, 16.3533], [-61.486, 16.3533], [-61.4909, 16.3536], [-61.4918, 16.3537], [-61.4927, 16.3539], [-61.4936, 16.3542], [-61.4947, 16.3544], [-61.4956, 16.3545], [-61.4968, 16.3548], [-61.4979, 16.3552], [-61.4989, 16.3552], [-61.5, 16.356], [-61.4991, 16.3566], [-61.4982, 16.357], [-61.4974, 16.358], [-61.4971, 16.359], [-61.4976, 16.3599], [-61.4973, 16.3607], [-61.4965, 16.3603], [-61.496, 16.3612], [-61.4969, 16.3615], [-61.4978, 16.362], [-61.4987, 16.3623], [-61.4997, 16.3631], [-61.5006, 16.3636], [-61.5015, 16.3644], [-61.5006, 16.3651], [-61.4997, 16.3652], [-61.4988, 16.3652], [-61.4983, 16.3662], [-61.4974, 16.3666], [-61.4968, 16.3674], [-61.4968, 16.3682], [-61.4964, 16.3691], [-61.496, 16.3699], [-61.4962, 16.3708], [-61.4969, 16.3717], [-61.4967, 16.3727], [-61.4956, 16.373], [-61.4962, 16.374], [-61.4962, 16.3748], [-61.496, 16.3758], [-61.4952, 16.3762], [-61.4954, 16.3771], [-61.4962, 16.3775], [-61.4954, 16.3781], [-61.4943, 16.3785], [-61.4952, 16.3784], [-61.4965, 16.378], [-61.4969, 16.379], [-61.4973, 16.3799], [-61.4976, 16.3808], [-61.4983, 16.3818], [-61.4986, 16.3827], [-61.4996, 16.3833], [-61.5002, 16.3842], [-61.5011, 16.3844], [-61.5021, 16.3846], [-61.503, 16.3851], [-61.5036, 16.386], [-61.5042, 16.3871], [-61.505, 16.3876], [-61.5056, 16.3884], [-61.5064, 16.3893], [-61.5074, 16.3899], [-61.5084, 16.3892], [-61.5097, 16.3892], [-61.5107, 16.3896], [-61.5112, 16.3905], [-61.5112, 16.3914], [-61.5103, 16.3921], [-61.5097, 16.393], [-61.5094, 16.3939], [-61.5087, 16.3948], [-61.5078, 16.3951], [-61.507, 16.3951], [-61.5061, 16.3944], [-61.5051, 16.3941], [-61.504, 16.3945], [-61.5027, 16.3952], [-61.5018, 16.396], [-61.5014, 16.3974], [-61.5017, 16.3985], [-61.5026, 16.3996], [-61.5028, 16.4008], [-61.5024, 16.4018], [-61.5017, 16.4028], [-61.5005, 16.4035], [-61.4991, 16.404], [-61.498, 16.4043], [-61.4975, 16.4051], [-61.4971, 16.406], [-61.4971, 16.4068], [-61.4961, 16.4077], [-61.4947, 16.4085], [-61.4951, 16.4093], [-61.4955, 16.4102], [-61.4951, 16.411], [-61.4941, 16.412], [-61.4933, 16.4124], [-61.4914, 16.4125], [-61.4881, 16.4126], [-61.4861, 16.4124], [-61.4845, 16.4123], [-61.482, 16.4124], [-61.4815, 16.4112], [-61.4817, 16.4103], [-61.4806, 16.41], [-61.4796, 16.4105], [-61.4785, 16.4105], [-61.4774, 16.4097], [-61.4766, 16.4095], [-61.4755, 16.4096], [-61.4742, 16.4095], [-61.4733, 16.4094], [-61.4719, 16.4095], [-61.4715, 16.4074], [-61.4691, 16.4072], [-61.4678, 16.4073], [-61.4654, 16.4077], [-61.4639, 16.4079], [-61.4631, 16.4079], [-61.4607, 16.4082], [-61.4597, 16.4082], [-61.4589, 16.4091], [-61.4587, 16.4102], [-61.4586, 16.4111], [-61.4582, 16.4125], [-61.4579, 16.4135], [-61.4576, 16.4146], [-61.4571, 16.4164], [-61.4566, 16.418], [-61.4563, 16.4192], [-61.456, 16.4202], [-61.4556, 16.4214], [-61.4553, 16.4225], [-61.455, 16.4233], [-61.4547, 16.4245], [-61.4545, 16.4254], [-61.4535, 16.4257], [-61.4523, 16.4256], [-61.4513, 16.4257], [-61.4514, 16.4271], [-61.4515, 16.4279], [-61.4516, 16.429], [-61.4497, 16.4288], [-61.4488, 16.4288], [-61.4479, 16.4287], [-61.4469, 16.4287], [-61.4459, 16.4288], [-61.4461, 16.4302], [-61.4439, 16.4306], [-61.4428, 16.4308], [-61.4416, 16.431], [-61.4414, 16.4301], [-61.4401, 16.431], [-61.4371, 16.4319], [-61.4373, 16.4333], [-61.4374, 16.4344], [-61.4378, 16.4361], [-61.4382, 16.4383], [-61.4373, 16.4387], [-61.4363, 16.4388], [-61.4355, 16.4388], [-61.4345, 16.439], [-61.4336, 16.439], [-61.4326, 16.4392], [-61.4317, 16.438], [-61.4316, 16.4371], [-61.4315, 16.436], [-61.4313, 16.4348], [-61.4323, 16.4333], [-61.4327, 16.432], [-61.4326, 16.429], [-61.4327, 16.426], [-61.4325, 16.4243], [-61.4324, 16.4233], [-61.4323, 16.4222], [-61.4323, 16.4212], [-61.4314, 16.4209], [-61.4304, 16.421], [-61.4293, 16.4217], [-61.4284, 16.4214], [-61.4271, 16.421], [-61.4263, 16.4197], [-61.4254, 16.4192], [-61.4239, 16.4199], [-61.4216, 16.4199], [-61.4214, 16.4229], [-61.4214, 16.4244], [-61.4212, 16.4257], [-61.4212, 16.4275], [-61.4191, 16.4275], [-61.4172, 16.4274], [-61.4162, 16.4275], [-61.4139, 16.4273], [-61.4133, 16.4292], [-61.4118, 16.4293], [-61.4118, 16.4306], [-61.4121, 16.4314], [-61.4119, 16.4325], [-61.4115, 16.4358], [-61.4113, 16.437], [-61.4112, 16.4392], [-61.4119, 16.4405], [-61.4131, 16.4407], [-61.4132, 16.4423], [-61.4122, 16.4424], [-61.4099, 16.4429], [-61.409, 16.4435], [-61.4078, 16.4439], [-61.4062, 16.4447], [-61.4051, 16.4453], [-61.4039, 16.446]]]}}, {"type": "Feature", "properties": {"nom": "Pointe-\u00e0-Pitre", "code": "97120", "codeDepartement": "971", "siren": "219711207", "codeEpci": "200018653", "codeRegion": "01", "codesPostaux": ["97110"], "population": 15040}, "geometry": {"type": "MultiPolygon", "coordinates": [[[[-61.5426, 16.2138], [-61.5435, 16.2144], [-61.5436, 16.2154], [-61.5439, 16.2162], [-61.5434, 16.2171], [-61.5433, 16.2179], [-61.5431, 16.2189], [-61.5423, 16.2184], [-61.5415, 16.2172], [-61.5414, 16.2163], [-61.5407, 16.2155], [-61.5397, 16.2153], [-61.5388, 16.2154], [-61.538, 16.2155], [-61.5369, 16.2153], [-61.536, 16.2149], [-61.5357, 16.2141], [-61.5348, 16.2137], [-61.5358, 16.2132], [-61.5367, 16.2132], [-61.5376, 16.2132], [-61.5384, 16.2132], [-61.5393, 16.2132], [-61.5408, 16.2134], [-61.5416, 16.2135], [-61.5426, 16.2138]]], [[[-61.5279, 16.2182], [-61.5305, 16.2178], [-61.5309, 16.2187], [-61.5315, 16.2195], [-61.532, 16.2203], [-61.533, 16.2212], [-61.5322, 16.2223], [-61.5323, 16.2215], [-61.5314, 16.2205], [-61.5306, 16.2194], [-61.53, 16.2186], [-61.5286, 16.2182], [-61.5279, 16.2182]]], [[[-61.5503, 16.2231], [-61.551, 16.2221], [-61.5509, 16.223], [-61.5499, 16.2232], [-61.5489, 16.2224], [-61.5481, 16.2221], [-61.5473, 16.2212], [-61.5483, 16.2218], [-61.5491, 16.2221], [-61.5498, 16.2231], [-61.5503, 16.2231]]], [[[-61.5515, 16.2221], [-61.5523, 16.2221], [-61.5532, 16.2225], [-61.5541, 16.2231], [-61.5548, 16.224], [-61.5539, 16.2238], [-61.5529, 16.2229], [-61.5518, 16.2225], [-61.5515, 16.2221]]], [[[-61.5573, 16.224], [-61.5575, 16.2232], [-61.5578, 16.224], [-61.5573, 16.224]]], [[[-61.5566, 16.229], [-61.5564, 16.2299], [-61.5556, 16.229], [-61.5565, 16.2289], [-61.5566, 16.229]]], [[[-61.549, 16.2531], [-61.5469, 16.2522], [-61.5452, 16.2515], [-61.5435, 16.2508], [-61.542, 16.2501], [-61.5385, 16.2487], [-61.5376, 16.2482], [-61.5365, 16.2479], [-61.5347, 16.2471], [-61.5336, 16.2467], [-61.5328, 16.2452], [-61.5317, 16.2432], [-61.5307, 16.2414], [-61.5294, 16.239], [-61.53, 16.2352], [-61.5303, 16.2342], [-61.5308, 16.2322], [-61.5313, 16.2303], [-61.5315, 16.2289], [-61.5315, 16.2279], [-61.5305, 16.2276], [-61.5294, 16.2269], [-61.5285, 16.2265], [-61.5275, 16.2257], [-61.5271, 16.2246], [-61.5262, 16.2237], [-61.5259, 16.2228], [-61.5267, 16.2215], [-61.5268, 16.2205], [-61.5272, 16.2196], [-61.5274, 16.2187], [-61.5283, 16.2189], [-61.5284, 16.2199], [-61.5298, 16.22], [-61.53, 16.2208], [-61.5283, 16.2208], [-61.5274, 16.2214], [-61.5273, 16.2227], [-61.5286, 16.2229], [-61.5295, 16.2228], [-61.5304, 16.2234], [-61.5313, 16.2244], [-61.5323, 16.2248], [-61.5329, 16.2257], [-61.5319, 16.2263], [-61.5309, 16.2263], [-61.53, 16.227], [-61.531, 16.2272], [-61.5319, 16.2278], [-61.5318, 16.2286], [-61.5331, 16.2291], [-61.5339, 16.2297], [-61.5344, 16.2308], [-61.5349, 16.2324], [-61.534, 16.2329], [-61.5335, 16.2338], [-61.5344, 16.2344], [-61.5343, 16.236], [-61.5352, 16.236], [-61.5356, 16.2352], [-61.5365, 16.2342], [-61.5379, 16.2351], [-61.5396, 16.2371], [-61.539, 16.2399], [-61.5416, 16.2405], [-61.5415, 16.2417], [-61.5414, 16.2429], [-61.5416, 16.2438], [-61.5422, 16.2447], [-61.5438, 16.246], [-61.5458, 16.2478], [-61.5477, 16.2495], [-61.5477, 16.2504], [-61.5482, 16.2512], [-61.5481, 16.2504], [-61.5489, 16.251], [-61.55, 16.2516], [-61.5493, 16.2525], [-61.549, 16.2531]]]]}}, {"type": "Feature", "properties": {"nom": "Pointe-Noire", "code": "97121", "codeDepartement": "971", "siren": "219711215", "codeEpci": "249710062", "codeRegion": "01", "codesPostaux": ["97116"], "population": 5762}, "geometry": {"type": "Polygon", "coordinates": [[[-61.7263, 16.1893], [-61.7274, 16.1881], [-61.7282, 16.1871], [-61.7291, 16.1863], [-61.73, 16.1862], [-61.7317, 16.1857], [-61.7325, 16.1856], [-61.7331, 16.1847], [-61.7328, 16.1838], [-61.7337, 16.1833], [-61.735, 16.1823], [-61.736, 16.1815], [-61.7372, 16.1812], [-61.7379, 16.1824], [-61.7398, 16.1831], [-61.7407, 16.1829], [-61.7429, 16.1837], [-61.7453, 16.1838], [-61.7478, 16.1842], [-61.749, 16.1845], [-61.7497, 16.1857], [-61.7509, 16.1852], [-61.7526, 16.1845], [-61.7536, 16.1841], [-61.7549, 16.1836], [-61.7565, 16.1827], [-61.7578, 16.1818], [-61.7588, 16.1813], [-61.7603, 16.181], [-61.7615, 16.1806], [-61.7623, 16.1804], [-61.7633, 16.1804], [-61.7644, 16.1803], [-61.7665, 16.1807], [-61.7674, 16.1807], [-61.7687, 16.181], [-61.7698, 16.1811], [-61.7707, 16.1812], [-61.7722, 16.1821], [-61.7734, 16.1829], [-61.7746, 16.1834], [-61.7758, 16.1836], [-61.7767, 16.1842], [-61.7775, 16.1846], [-61.7785, 16.1853], [-61.7791, 16.1862], [-61.7798, 16.1871], [-61.7809, 16.1875], [-61.7823, 16.1877], [-61.7827, 16.1885], [-61.7836, 16.189], [-61.7845, 16.1897], [-61.7843, 16.1905], [-61.7849, 16.1914], [-61.7856, 16.1924], [-61.786, 16.1932], [-61.7871, 16.1942], [-61.7875, 16.195], [-61.7869, 16.1959], [-61.7866, 16.1969], [-61.7868, 16.1978], [-61.7869, 16.199], [-61.7861, 16.1997], [-61.7858, 16.2006], [-61.7859, 16.2015], [-61.7859, 16.2023], [-61.7855, 16.2037], [-61.785, 16.2047], [-61.7843, 16.2055], [-61.7832, 16.2066], [-61.7829, 16.2076], [-61.7828, 16.2085], [-61.7829, 16.2094], [-61.7832, 16.2102], [-61.7831, 16.2112], [-61.7828, 16.2123], [-61.7826, 16.2132], [-61.7826, 16.2144], [-61.7832, 16.2153], [-61.7836, 16.2161], [-61.7842, 16.2171], [-61.785, 16.218], [-61.7844, 16.2188], [-61.7845, 16.2201], [-61.7847, 16.2209], [-61.7849, 16.2223], [-61.785, 16.2235], [-61.7852, 16.2245], [-61.7855, 16.2254], [-61.7861, 16.2267], [-61.7867, 16.2276], [-61.7872, 16.2284], [-61.7881, 16.2294], [-61.7891, 16.2299], [-61.7896, 16.2308], [-61.7902, 16.2317], [-61.7911, 16.2323], [-61.7911, 16.2332], [-61.7916, 16.234], [-61.7918, 16.235], [-61.7927, 16.2357], [-61.7936, 16.2356], [-61.7945, 16.2359], [-61.7954, 16.2362], [-61.7961, 16.2373], [-61.7967, 16.2382], [-61.7971, 16.2391], [-61.7972, 16.24], [-61.7981, 16.2401], [-61.7989, 16.241], [-61.7999, 16.2416], [-61.8011, 16.2422], [-61.8018, 16.2431], [-61.8016, 16.2439], [-61.8018, 16.245], [-61.8021, 16.246], [-61.8024, 16.247], [-61.8028, 16.2478], [-61.8032, 16.2487], [-61.8026, 16.2495], [-61.8028, 16.2504], [-61.8027, 16.2513], [-61.8037, 16.2519], [-61.8035, 16.253], [-61.8046, 16.2539], [-61.8052, 16.2551], [-61.8052, 16.2563], [-61.8059, 16.2571], [-61.8063, 16.2581], [-61.8062, 16.259], [-61.8052, 16.2589], [-61.8061, 16.2595], [-61.806, 16.2603], [-61.8053, 16.2612], [-61.8054, 16.2627], [-61.8056, 16.2635], [-61.8059, 16.2646], [-61.8068, 16.2656], [-61.8072, 16.2665], [-61.8064, 16.2673], [-61.8053, 16.2683], [-61.8045, 16.2685], [-61.8031, 16.2686], [-61.8021, 16.2686], [-61.8011, 16.2687], [-61.8, 16.2694], [-61.7987, 16.2697], [-61.7976, 16.2698], [-61.7965, 16.27], [-61.7956, 16.27], [-61.7946, 16.2704], [-61.7938, 16.2704], [-61.7929, 16.2709], [-61.7921, 16.2713], [-61.7911, 16.2713], [-61.79, 16.2712], [-61.7889, 16.271], [-61.7877, 16.2711], [-61.7867, 16.2706], [-61.7853, 16.2711], [-61.7841, 16.272], [-61.7829, 16.2722], [-61.7811, 16.2722], [-61.7801, 16.2726], [-61.7791, 16.2727], [-61.7781, 16.2728], [-61.7769, 16.2725], [-61.7759, 16.273], [-61.773, 16.2737], [-61.7721, 16.2736], [-61.7704, 16.2734], [-61.7693, 16.2734], [-61.7684, 16.2736], [-61.7673, 16.2738], [-61.7664, 16.2734], [-61.7654, 16.2731], [-61.7643, 16.2732], [-61.763, 16.2731], [-61.7621, 16.2724], [-61.7609, 16.2716], [-61.7599, 16.2714], [-61.7588, 16.272], [-61.7576, 16.2726], [-61.7565, 16.2728], [-61.7561, 16.2718], [-61.7561, 16.2708], [-61.7559, 16.2699], [-61.7555, 16.2684], [-61.7557, 16.2675], [-61.7564, 16.2665], [-61.7566, 16.2656], [-61.7575, 16.2647], [-61.7582, 16.2639], [-61.7578, 16.2629], [-61.7568, 16.2623], [-61.7559, 16.2617], [-61.7553, 16.2606], [-61.755, 16.2598], [-61.7551, 16.2588], [-61.7552, 16.2579], [-61.7553, 16.2569], [-61.7552, 16.2561], [-61.7544, 16.2553], [-61.7533, 16.2543], [-61.7526, 16.2533], [-61.7517, 16.2528], [-61.7508, 16.2527], [-61.7497, 16.2531], [-61.7485, 16.2533], [-61.7476, 16.2531], [-61.7471, 16.2522], [-61.7463, 16.2516], [-61.7452, 16.251], [-61.7443, 16.2504], [-61.7433, 16.2494], [-61.7418, 16.2496], [-61.7402, 16.2494], [-61.7386, 16.2494], [-61.7377, 16.2486], [-61.7365, 16.2478], [-61.7367, 16.2468], [-61.7371, 16.2456], [-61.7366, 16.2447], [-61.7358, 16.2439], [-61.7349, 16.2429], [-61.734, 16.2425], [-61.733, 16.2421], [-61.732, 16.2417], [-61.7309, 16.2413], [-61.7303, 16.24], [-61.7304, 16.2391], [-61.7297, 16.2382], [-61.7289, 16.2373], [-61.7287, 16.2362], [-61.7285, 16.2354], [-61.7273, 16.2347], [-61.7266, 16.2339], [-61.7262, 16.233], [-61.7256, 16.2316], [-61.7253, 16.2308], [-61.7243, 16.2301], [-61.7233, 16.2295], [-61.7235, 16.2286], [-61.7238, 16.2276], [-61.7242, 16.2262], [-61.7247, 16.2253], [-61.7247, 16.2245], [-61.7245, 16.2236], [-61.7244, 16.2228], [-61.7241, 16.2219], [-61.7242, 16.2208], [-61.725, 16.2198], [-61.7253, 16.2188], [-61.7261, 16.218], [-61.7272, 16.2179], [-61.7284, 16.2176], [-61.7294, 16.2169], [-61.7303, 16.2159], [-61.7313, 16.2159], [-61.732, 16.2149], [-61.7323, 16.2139], [-61.7328, 16.2129], [-61.7323, 16.2121], [-61.7308, 16.212], [-61.73, 16.2117], [-61.7292, 16.2081], [-61.7293, 16.2073], [-61.7302, 16.2065], [-61.7305, 16.2056], [-61.7308, 16.2048], [-61.7317, 16.2044], [-61.7323, 16.2035], [-61.7322, 16.2025], [-61.7324, 16.2017], [-61.7322, 16.2008], [-61.7313, 16.1999], [-61.731, 16.199], [-61.7306, 16.1981], [-61.73, 16.1972], [-61.7296, 16.196], [-61.7298, 16.1952], [-61.7306, 16.1946], [-61.7303, 16.1938], [-61.7292, 16.1931], [-61.7286, 16.1921], [-61.7283, 16.1913], [-61.7275, 16.1903], [-61.7264, 16.1894], [-61.7263, 16.1893]]]}}, {"type": "Feature", "properties": {"nom": "Port-Louis", "code": "97122", "codeDepartement": "971", "siren": "219711223", "codeEpci": "200044691", "codeRegion": "01", "codesPostaux": ["97117"], "population": 5607}, "geometry": {"type": "Polygon", "coordinates": [[[-61.5356, 16.4529], [-61.5337, 16.4532], [-61.5298, 16.4536], [-61.5285, 16.4538], [-61.5273, 16.4539], [-61.526, 16.4541], [-61.5237, 16.4543], [-61.5228, 16.4544], [-61.5219, 16.4545], [-61.5202, 16.4548], [-61.5194, 16.455], [-61.5185, 16.455], [-61.5167, 16.4552], [-61.5166, 16.4544], [-61.5164, 16.4534], [-61.5154, 16.4526], [-61.5153, 16.4517], [-61.5145, 16.4512], [-61.5132, 16.4515], [-61.5112, 16.452], [-61.5105, 16.4508], [-61.5105, 16.4497], [-61.5103, 16.4484], [-61.5108, 16.4475], [-61.5099, 16.4477], [-61.5084, 16.4479], [-61.5074, 16.4481], [-61.5064, 16.4479], [-61.5047, 16.4471], [-61.5042, 16.4462], [-61.5029, 16.4455], [-61.5019, 16.4463], [-61.5005, 16.4473], [-61.4996, 16.4475], [-61.4987, 16.4479], [-61.4972, 16.4482], [-61.4968, 16.4468], [-61.4965, 16.4452], [-61.4956, 16.4451], [-61.4956, 16.4441], [-61.494, 16.4446], [-61.4935, 16.4419], [-61.4931, 16.44], [-61.4912, 16.4397], [-61.4906, 16.4386], [-61.4885, 16.4389], [-61.4876, 16.439], [-61.4865, 16.4392], [-61.4855, 16.4392], [-61.4838, 16.4395], [-61.483, 16.4395], [-61.4817, 16.4397], [-61.4808, 16.4398], [-61.4799, 16.4399], [-61.4786, 16.4397], [-61.4776, 16.4393], [-61.4766, 16.4391], [-61.4757, 16.4388], [-61.4746, 16.4385], [-61.4747, 16.4394], [-61.4748, 16.4404], [-61.4749, 16.4414], [-61.4737, 16.4415], [-61.472, 16.4416], [-61.4721, 16.4428], [-61.4722, 16.4436], [-61.4706, 16.4438], [-61.4691, 16.4441], [-61.4681, 16.4442], [-61.467, 16.4448], [-61.4665, 16.4458], [-61.4666, 16.4468], [-61.4626, 16.4479], [-61.4625, 16.4454], [-61.4613, 16.4448], [-61.4585, 16.4452], [-61.4569, 16.4454], [-61.4553, 16.4456], [-61.4531, 16.4459], [-61.4535, 16.4484], [-61.4538, 16.4502], [-61.4527, 16.4504], [-61.4518, 16.4504], [-61.4503, 16.4506], [-61.4492, 16.4508], [-61.4473, 16.451], [-61.4459, 16.4512], [-61.4451, 16.4494], [-61.445, 16.4485], [-61.4447, 16.4467], [-61.4445, 16.4453], [-61.4444, 16.4444], [-61.4441, 16.4428], [-61.4437, 16.4401], [-61.442, 16.4403], [-61.4409, 16.4403], [-61.4364, 16.4411], [-61.4353, 16.4411], [-61.4346, 16.4401], [-61.4345, 16.4392], [-61.4355, 16.4388], [-61.4363, 16.4388], [-61.4373, 16.4387], [-61.4382, 16.4385], [-61.4379, 16.4367], [-61.4375, 16.4345], [-61.4373, 16.4336], [-61.4372, 16.4326], [-61.4402, 16.4315], [-61.4409, 16.4304], [-61.4428, 16.4308], [-61.4438, 16.4306], [-61.4461, 16.4302], [-61.4459, 16.4288], [-61.4469, 16.4287], [-61.4479, 16.4287], [-61.4488, 16.4288], [-61.4497, 16.4288], [-61.451, 16.429], [-61.4515, 16.4279], [-61.4514, 16.4271], [-61.4512, 16.4262], [-61.4523, 16.4256], [-61.4535, 16.4257], [-61.4543, 16.4257], [-61.4547, 16.4245], [-61.4547, 16.4234], [-61.4553, 16.4225], [-61.4556, 16.4214], [-61.4559, 16.4203], [-61.4563, 16.4192], [-61.4565, 16.4183], [-61.4569, 16.4169], [-61.4574, 16.4153], [-61.4578, 16.4142], [-61.4582, 16.4125], [-61.4585, 16.4115], [-61.4585, 16.4107], [-61.4588, 16.4097], [-61.4589, 16.4084], [-61.4607, 16.4082], [-61.4623, 16.408], [-61.4639, 16.4079], [-61.4654, 16.4077], [-61.4675, 16.4074], [-61.4684, 16.4072], [-61.471, 16.4069], [-61.4719, 16.4095], [-61.4732, 16.4094], [-61.4741, 16.4094], [-61.4755, 16.4096], [-61.4766, 16.4095], [-61.4774, 16.4097], [-61.4784, 16.4104], [-61.4793, 16.4107], [-61.4806, 16.41], [-61.4817, 16.41], [-61.4815, 16.4112], [-61.4812, 16.4121], [-61.4845, 16.4123], [-61.4861, 16.4124], [-61.4881, 16.4126], [-61.4914, 16.4125], [-61.4933, 16.4124], [-61.4941, 16.412], [-61.4951, 16.411], [-61.4955, 16.4102], [-61.4951, 16.4093], [-61.4947, 16.4085], [-61.4961, 16.4077], [-61.497, 16.4071], [-61.4971, 16.4062], [-61.4975, 16.4051], [-61.4978, 16.4043], [-61.4991, 16.404], [-61.5003, 16.4036], [-61.5013, 16.4032], [-61.5024, 16.4018], [-61.5028, 16.4008], [-61.5028, 16.4], [-61.5023, 16.3991], [-61.5015, 16.3982], [-61.5016, 16.3965], [-61.5024, 16.3955], [-61.5033, 16.3951], [-61.5044, 16.3943], [-61.5056, 16.3941], [-61.5069, 16.3951], [-61.5078, 16.3951], [-61.5087, 16.3948], [-61.5094, 16.3939], [-61.5097, 16.393], [-61.5103, 16.3921], [-61.5112, 16.3914], [-61.5112, 16.3905], [-61.5107, 16.3896], [-61.5097, 16.3892], [-61.5088, 16.3891], [-61.5077, 16.3894], [-61.5068, 16.389], [-61.5072, 16.3881], [-61.5075, 16.3873], [-61.5079, 16.3864], [-61.5084, 16.3855], [-61.5096, 16.386], [-61.5101, 16.3869], [-61.5113, 16.3878], [-61.5116, 16.3886], [-61.5127, 16.3894], [-61.5138, 16.3893], [-61.5154, 16.3904], [-61.5163, 16.3908], [-61.5173, 16.3912], [-61.5183, 16.3914], [-61.5192, 16.392], [-61.5201, 16.3926], [-61.5212, 16.3929], [-61.5221, 16.393], [-61.523, 16.3935], [-61.5239, 16.3934], [-61.5246, 16.3942], [-61.5256, 16.3949], [-61.526, 16.3958], [-61.5267, 16.3969], [-61.5268, 16.3981], [-61.5271, 16.399], [-61.5281, 16.3997], [-61.5287, 16.4005], [-61.5286, 16.4014], [-61.5285, 16.4025], [-61.5285, 16.4034], [-61.5286, 16.4044], [-61.5292, 16.4052], [-61.5293, 16.4064], [-61.5296, 16.4074], [-61.5295, 16.4086], [-61.5297, 16.4095], [-61.5306, 16.41], [-61.5315, 16.4099], [-61.5324, 16.4102], [-61.5314, 16.4102], [-61.5309, 16.411], [-61.5318, 16.4112], [-61.5312, 16.4121], [-61.5324, 16.4121], [-61.5329, 16.41], [-61.5331, 16.411], [-61.5331, 16.412], [-61.533, 16.4128], [-61.5325, 16.4139], [-61.5334, 16.4146], [-61.5334, 16.4155], [-61.5335, 16.4165], [-61.5335, 16.4173], [-61.5337, 16.4183], [-61.5342, 16.4193], [-61.5345, 16.4203], [-61.5342, 16.4213], [-61.5336, 16.4224], [-61.5333, 16.4232], [-61.5332, 16.4242], [-61.5336, 16.4251], [-61.5342, 16.4261], [-61.5348, 16.4272], [-61.5354, 16.428], [-61.5361, 16.429], [-61.5366, 16.43], [-61.5368, 16.4308], [-61.5371, 16.4317], [-61.5372, 16.4327], [-61.537, 16.4337], [-61.537, 16.4346], [-61.537, 16.4354], [-61.5371, 16.4363], [-61.5375, 16.4371], [-61.5385, 16.4378], [-61.5396, 16.4376], [-61.5405, 16.4375], [-61.5415, 16.4377], [-61.5414, 16.4386], [-61.5405, 16.4395], [-61.5398, 16.4403], [-61.5393, 16.4412], [-61.5386, 16.442], [-61.5379, 16.4431], [-61.5375, 16.4443], [-61.5372, 16.4451], [-61.5369, 16.4459], [-61.5365, 16.4469], [-61.5362, 16.4478], [-61.5361, 16.449], [-61.5356, 16.4505], [-61.5355, 16.4514], [-61.5356, 16.4528], [-61.5356, 16.4529]]]}}, {"type": "Feature", "properties": {"nom": "Saint-Claude", "code": "97124", "codeDepartement": "971", "siren": "219711249", "codeEpci": "249710070", "codeRegion": "01", "codesPostaux": ["97120"], "population": 10177}, "geometry": {"type": "Polygon", "coordinates": [[[-61.7125, 15.9966], [-61.7143, 15.9982], [-61.716, 15.9996], [-61.7179, 16.0011], [-61.7179, 16.0021], [-61.7188, 16.0028], [-61.7198, 16.0025], [-61.7208, 16.0022], [-61.7218, 16.0031], [-61.7229, 16.0036], [-61.7239, 16.0036], [-61.7252, 16.005], [-61.7259, 16.0059], [-61.7275, 16.0074], [-61.7288, 16.0086], [-61.7298, 16.0096], [-61.7306, 16.0109], [-61.7306, 16.0117], [-61.7296, 16.0114], [-61.7282, 16.0122], [-61.7267, 16.0132], [-61.7257, 16.0138], [-61.7249, 16.0145], [-61.7239, 16.015], [-61.7239, 16.016], [-61.7228, 16.0163], [-61.7218, 16.0159], [-61.721, 16.0159], [-61.7217, 16.0168], [-61.7206, 16.0165], [-61.7205, 16.0175], [-61.7198, 16.0183], [-61.7199, 16.0192], [-61.7191, 16.0194], [-61.7181, 16.02], [-61.7177, 16.0209], [-61.7178, 16.0219], [-61.7169, 16.0222], [-61.7159, 16.0214], [-61.7153, 16.0222], [-61.7148, 16.0231], [-61.7153, 16.024], [-61.7148, 16.025], [-61.7139, 16.0254], [-61.7131, 16.0264], [-61.7139, 16.0268], [-61.7144, 16.0277], [-61.7144, 16.0287], [-61.7148, 16.0296], [-61.7139, 16.0303], [-61.7146, 16.0313], [-61.7135, 16.0316], [-61.7131, 16.0328], [-61.7133, 16.0337], [-61.7127, 16.0345], [-61.7138, 16.035], [-61.7129, 16.0355], [-61.7134, 16.0363], [-61.7139, 16.0375], [-61.7131, 16.0376], [-61.7125, 16.0385], [-61.7116, 16.0383], [-61.7107, 16.0386], [-61.711, 16.0395], [-61.7101, 16.0402], [-61.7109, 16.041], [-61.7102, 16.0419], [-61.7105, 16.0427], [-61.7097, 16.0432], [-61.7099, 16.0441], [-61.7088, 16.0443], [-61.7091, 16.0452], [-61.7081, 16.0456], [-61.7081, 16.0466], [-61.7076, 16.0475], [-61.7067, 16.0465], [-61.7057, 16.0464], [-61.705, 16.0472], [-61.7041, 16.0469], [-61.7028, 16.0472], [-61.702, 16.0477], [-61.7021, 16.0487], [-61.701, 16.0491], [-61.7007, 16.05], [-61.7006, 16.051], [-61.6996, 16.0518], [-61.699, 16.0527], [-61.6984, 16.0536], [-61.6986, 16.0546], [-61.6978, 16.0555], [-61.6975, 16.0566], [-61.6974, 16.0574], [-61.6965, 16.0582], [-61.6958, 16.0591], [-61.6949, 16.0598], [-61.6938, 16.0608], [-61.693, 16.0619], [-61.692, 16.0622], [-61.6917, 16.0631], [-61.6912, 16.0641], [-61.6903, 16.0646], [-61.6894, 16.0652], [-61.6883, 16.0655], [-61.6874, 16.066], [-61.6861, 16.0666], [-61.6851, 16.0675], [-61.6853, 16.0685], [-61.685, 16.0695], [-61.685, 16.0704], [-61.685, 16.0713], [-61.6855, 16.0723], [-61.685, 16.0733], [-61.6849, 16.0741], [-61.6835, 16.0749], [-61.6835, 16.0758], [-61.6838, 16.0768], [-61.6836, 16.0776], [-61.6837, 16.0788], [-61.684, 16.0797], [-61.6841, 16.0807], [-61.6837, 16.0817], [-61.6834, 16.0826], [-61.6825, 16.0834], [-61.6814, 16.084], [-61.6805, 16.0845], [-61.6806, 16.0835], [-61.6792, 16.0821], [-61.6792, 16.0808], [-61.678, 16.0796], [-61.677, 16.0786], [-61.6763, 16.0777], [-61.6756, 16.0767], [-61.6748, 16.0759], [-61.6741, 16.0748], [-61.6746, 16.0738], [-61.6749, 16.0727], [-61.6749, 16.0719], [-61.6751, 16.0709], [-61.6751, 16.07], [-61.675, 16.0691], [-61.6749, 16.0681], [-61.6746, 16.0671], [-61.6742, 16.0663], [-61.6737, 16.0654], [-61.6737, 16.0644], [-61.6734, 16.0635], [-61.6731, 16.0627], [-61.6721, 16.061], [-61.6717, 16.0601], [-61.6716, 16.0592], [-61.6707, 16.0594], [-61.6674, 16.0587], [-61.6665, 16.0583], [-61.6655, 16.0581], [-61.6646, 16.0576], [-61.6637, 16.0571], [-61.6636, 16.0562], [-61.6633, 16.0552], [-61.663, 16.0543], [-61.663, 16.0535], [-61.6633, 16.0526], [-61.663, 16.0518], [-61.6624, 16.051], [-61.6618, 16.05], [-61.6614, 16.0491], [-61.6609, 16.0478], [-61.6619, 16.046], [-61.6625, 16.045], [-61.663, 16.044], [-61.6597, 16.0423], [-61.6602, 16.0415], [-61.6611, 16.0407], [-61.6615, 16.0397], [-61.6622, 16.0387], [-61.6629, 16.0378], [-61.6633, 16.0367], [-61.6635, 16.0355], [-61.6635, 16.0344], [-61.6635, 16.0335], [-61.6633, 16.0326], [-61.6629, 16.0317], [-61.6625, 16.0308], [-61.6623, 16.0299], [-61.6617, 16.029], [-61.6615, 16.0279], [-61.6614, 16.0266], [-61.6609, 16.0256], [-61.6614, 16.0247], [-61.6619, 16.0237], [-61.6621, 16.0229], [-61.6621, 16.022], [-61.6631, 16.0219], [-61.664, 16.0217], [-61.6643, 16.0206], [-61.6651, 16.0201], [-61.6655, 16.0191], [-61.666, 16.0182], [-61.6665, 16.0174], [-61.6675, 16.0167], [-61.6686, 16.0159], [-61.6695, 16.0156], [-61.6699, 16.0146], [-61.6707, 16.0138], [-61.6716, 16.0141], [-61.6724, 16.0133], [-61.6734, 16.0134], [-61.674, 16.0126], [-61.6749, 16.0119], [-61.6752, 16.0111], [-61.676, 16.0111], [-61.6772, 16.0103], [-61.6781, 16.0107], [-61.6793, 16.0098], [-61.6801, 16.0095], [-61.6811, 16.0089], [-61.6822, 16.009], [-61.6831, 16.009], [-61.6841, 16.0096], [-61.6846, 16.0104], [-61.6856, 16.0112], [-61.6867, 16.0115], [-61.6876, 16.012], [-61.6885, 16.0118], [-61.6894, 16.0116], [-61.6903, 16.0109], [-61.6909, 16.0099], [-61.6918, 16.0088], [-61.6922, 16.0078], [-61.693, 16.0068], [-61.6938, 16.0059], [-61.6948, 16.0062], [-61.6949, 16.0052], [-61.6958, 16.0053], [-61.6967, 16.0056], [-61.6976, 16.0053], [-61.6984, 16.0042], [-61.6994, 16.0038], [-61.7003, 16.004], [-61.7003, 16.0032], [-61.7012, 16.0029], [-61.7022, 16.003], [-61.703, 16.0022], [-61.7037, 16.0012], [-61.7045, 16.0011], [-61.7057, 16.0004], [-61.7073, 16.0001], [-61.7076, 15.9992], [-61.7087, 15.9984], [-61.7093, 15.9974], [-61.7103, 15.9978], [-61.7114, 15.9972], [-61.7123, 15.9967], [-61.7125, 15.9966]]]}}, {"type": "Feature", "properties": {"nom": "Saint-Fran\u00e7ois", "code": "97125", "codeDepartement": "971", "siren": "219711256", "codeEpci": "200041507", "codeRegion": "01", "codesPostaux": ["97118"], "population": 13942}, "geometry": {"type": "Polygon", "coordinates": [[[-61.3361, 16.2861], [-61.3347, 16.2859], [-61.3332, 16.2872], [-61.3323, 16.2878], [-61.3307, 16.2879], [-61.3294, 16.2881], [-61.3274, 16.2886], [-61.3263, 16.289], [-61.3254, 16.2896], [-61.3239, 16.2902], [-61.3228, 16.2906], [-61.3215, 16.291], [-61.32, 16.2917], [-61.3191, 16.2919], [-61.3194, 16.293], [-61.3203, 16.2928], [-61.3206, 16.2936], [-61.3211, 16.2949], [-61.3202, 16.2957], [-61.3201, 16.2965], [-61.3196, 16.2975], [-61.3207, 16.2981], [-61.3211, 16.299], [-61.3211, 16.3001], [-61.3194, 16.3002], [-61.3185, 16.3003], [-61.3173, 16.3], [-61.3161, 16.2997], [-61.315, 16.2994], [-61.3124, 16.2987], [-61.3114, 16.2995], [-61.3111, 16.3004], [-61.3111, 16.3021], [-61.309, 16.3021], [-61.3081, 16.3035], [-61.3078, 16.3045], [-61.3075, 16.3055], [-61.3073, 16.3067], [-61.3058, 16.3063], [-61.3044, 16.3058], [-61.3031, 16.3054], [-61.3016, 16.305], [-61.3005, 16.3046], [-61.2993, 16.3042], [-61.298, 16.3036], [-61.2964, 16.3028], [-61.2953, 16.3021], [-61.2944, 16.3018], [-61.2941, 16.3028], [-61.2938, 16.3038], [-61.2936, 16.3047], [-61.2927, 16.3045], [-61.2916, 16.3042], [-61.2907, 16.3038], [-61.2898, 16.3036], [-61.2887, 16.3029], [-61.2864, 16.3026], [-61.2855, 16.3024], [-61.2822, 16.3017], [-61.2812, 16.3018], [-61.2806, 16.304], [-61.2807, 16.3069], [-61.2804, 16.3084], [-61.28, 16.3111], [-61.2792, 16.3133], [-61.2787, 16.3146], [-61.2784, 16.3155], [-61.278, 16.3165], [-61.277, 16.3163], [-61.2764, 16.3154], [-61.2756, 16.3146], [-61.2757, 16.3134], [-61.2748, 16.3128], [-61.2739, 16.3131], [-61.273, 16.3136], [-61.2723, 16.3128], [-61.2723, 16.3119], [-61.2714, 16.312], [-61.2705, 16.3115], [-61.2695, 16.3112], [-61.2686, 16.3104], [-61.2676, 16.3098], [-61.2667, 16.3093], [-61.2664, 16.3084], [-61.267, 16.3075], [-61.2674, 16.3066], [-61.267, 16.3057], [-61.2665, 16.3049], [-61.2656, 16.3052], [-61.2647, 16.3056], [-61.2637, 16.3058], [-61.2628, 16.3058], [-61.2616, 16.3053], [-61.2605, 16.3048], [-61.2596, 16.3043], [-61.2589, 16.3034], [-61.2583, 16.3025], [-61.2582, 16.3016], [-61.2575, 16.3006], [-61.2568, 16.2995], [-61.2564, 16.2985], [-61.2563, 16.2974], [-61.2563, 16.2964], [-61.2565, 16.2955], [-61.2559, 16.2947], [-61.255, 16.294], [-61.2549, 16.2931], [-61.2538, 16.2919], [-61.2529, 16.2912], [-61.2523, 16.2899], [-61.2517, 16.2889], [-61.2511, 16.288], [-61.2503, 16.2872], [-61.2498, 16.2863], [-61.2493, 16.2854], [-61.249, 16.2845], [-61.2484, 16.2834], [-61.2478, 16.2824], [-61.2476, 16.2814], [-61.2476, 16.2806], [-61.247, 16.2797], [-61.2479, 16.2789], [-61.2469, 16.2783], [-61.2459, 16.2786], [-61.2457, 16.2777], [-61.2456, 16.2766], [-61.2447, 16.2759], [-61.2438, 16.2757], [-61.2429, 16.275], [-61.2429, 16.2741], [-61.243, 16.2733], [-61.2422, 16.2733], [-61.2412, 16.2728], [-61.2402, 16.2722], [-61.2393, 16.2712], [-61.2384, 16.2704], [-61.2374, 16.2698], [-61.2366, 16.269], [-61.2352, 16.2682], [-61.2343, 16.2678], [-61.2332, 16.2673], [-61.2323, 16.2668], [-61.2313, 16.2667], [-61.2304, 16.2666], [-61.2296, 16.2664], [-61.2287, 16.266], [-61.2278, 16.2659], [-61.2269, 16.2656], [-61.226, 16.2653], [-61.2249, 16.2651], [-61.224, 16.2644], [-61.2228, 16.2643], [-61.2219, 16.2639], [-61.2207, 16.264], [-61.2198, 16.2635], [-61.2189, 16.263], [-61.2182, 16.2621], [-61.2176, 16.2613], [-61.217, 16.2604], [-61.2159, 16.26], [-61.2149, 16.2593], [-61.2133, 16.2589], [-61.2124, 16.259], [-61.2116, 16.2584], [-61.2106, 16.258], [-61.2096, 16.258], [-61.2091, 16.2571], [-61.2077, 16.2561], [-61.2069, 16.2556], [-61.206, 16.2554], [-61.2052, 16.255], [-61.2042, 16.2549], [-61.2032, 16.2546], [-61.2021, 16.2542], [-61.2011, 16.2542], [-61.2002, 16.2545], [-61.1994, 16.2548], [-61.1987, 16.2557], [-61.1986, 16.2566], [-61.1992, 16.2574], [-61.1981, 16.2578], [-61.1977, 16.2569], [-61.197, 16.2561], [-61.1962, 16.2553], [-61.1953, 16.2548], [-61.1945, 16.2542], [-61.1936, 16.2542], [-61.1925, 16.2535], [-61.1912, 16.2544], [-61.1904, 16.2548], [-61.1894, 16.2549], [-61.1883, 16.2547], [-61.1873, 16.2543], [-61.1864, 16.2539], [-61.1855, 16.2529], [-61.1846, 16.252], [-61.1835, 16.2513], [-61.1826, 16.2505], [-61.1814, 16.2495], [-61.1803, 16.2489], [-61.1805, 16.248], [-61.1797, 16.2477], [-61.1786, 16.2477], [-61.1793, 16.2485], [-61.1785, 16.2477], [-61.1776, 16.248], [-61.1766, 16.2489], [-61.1764, 16.248], [-61.1766, 16.2471], [-61.176, 16.2462], [-61.1748, 16.2459], [-61.1738, 16.2458], [-61.1729, 16.2458], [-61.172, 16.2462], [-61.1728, 16.2455], [-61.1737, 16.2457], [-61.1736, 16.2448], [-61.1745, 16.2446], [-61.175, 16.2435], [-61.1741, 16.2433], [-61.175, 16.2428], [-61.1761, 16.242], [-61.177, 16.2415], [-61.177, 16.2423], [-61.1777, 16.2433], [-61.1783, 16.2442], [-61.1791, 16.245], [-61.1801, 16.2454], [-61.181, 16.2453], [-61.1821, 16.2455], [-61.183, 16.2453], [-61.1835, 16.2463], [-61.1844, 16.2466], [-61.1852, 16.2473], [-61.1865, 16.2477], [-61.1876, 16.2483], [-61.1885, 16.2488], [-61.1893, 16.2489], [-61.1902, 16.2492], [-61.191, 16.2498], [-61.1919, 16.2502], [-61.1927, 16.2498], [-61.1936, 16.2504], [-61.1945, 16.2498], [-61.1955, 16.2498], [-61.1965, 16.2496], [-61.1974, 16.2495], [-61.1983, 16.2497], [-61.1992, 16.2497], [-61.2002, 16.25], [-61.2011, 16.2495], [-61.2019, 16.2498], [-61.2028, 16.2498], [-61.2037, 16.2495], [-61.2046, 16.2497], [-61.2055, 16.2499], [-61.2064, 16.2503], [-61.2073, 16.2503], [-61.2082, 16.2507], [-61.2092, 16.2509], [-61.2102, 16.2511], [-61.2111, 16.2513], [-61.212, 16.2511], [-61.2133, 16.251], [-61.2146, 16.2514], [-61.2158, 16.2517], [-61.2167, 16.2522], [-61.2179, 16.2527], [-61.2191, 16.2531], [-61.2201, 16.2531], [-61.221, 16.2533], [-61.2219, 16.2535], [-61.2227, 16.2535], [-61.2237, 16.2536], [-61.2247, 16.2534], [-61.2256, 16.2532], [-61.2266, 16.2531], [-61.2275, 16.253], [-61.2287, 16.2532], [-61.2296, 16.2527], [-61.2305, 16.2532], [-61.2315, 16.2529], [-61.2324, 16.2534], [-61.2335, 16.2535], [-61.2344, 16.2537], [-61.2353, 16.254], [-61.2365, 16.254], [-61.2374, 16.254], [-61.2384, 16.2543], [-61.2394, 16.2545], [-61.2403, 16.2548], [-61.2418, 16.255], [-61.2426, 16.2551], [-61.2437, 16.2554], [-61.2449, 16.2553], [-61.2461, 16.2552], [-61.247, 16.2552], [-61.2481, 16.2554], [-61.2495, 16.2554], [-61.2503, 16.2556], [-61.2513, 16.2556], [-61.2523, 16.256], [-61.2532, 16.2558], [-61.2541, 16.2564], [-61.2551, 16.2564], [-61.2566, 16.2559], [-61.2576, 16.2555], [-61.2588, 16.255], [-61.2597, 16.2544], [-61.2606, 16.2537], [-61.2614, 16.2534], [-61.2626, 16.2526], [-61.2636, 16.2523], [-61.2644, 16.2516], [-61.2642, 16.2507], [-61.2648, 16.2517], [-61.2657, 16.2524], [-61.2666, 16.2524], [-61.2681, 16.2532], [-61.2685, 16.2521], [-61.2671, 16.2516], [-61.2657, 16.2516], [-61.2657, 16.2506], [-61.2667, 16.2505], [-61.2677, 16.2505], [-61.2688, 16.2504], [-61.2697, 16.2497], [-61.2706, 16.2499], [-61.2724, 16.2503], [-61.2737, 16.2502], [-61.2745, 16.2508], [-61.2757, 16.2509], [-61.2766, 16.2507], [-61.2777, 16.2506], [-61.2786, 16.2503], [-61.2788, 16.2512], [-61.2794, 16.2504], [-61.2804, 16.2502], [-61.2815, 16.2495], [-61.2824, 16.2488], [-61.2837, 16.2488], [-61.2846, 16.2482], [-61.2852, 16.2472], [-61.286, 16.2461], [-61.2884, 16.245], [-61.2897, 16.2447], [-61.2909, 16.2445], [-61.292, 16.2443], [-61.2929, 16.2443], [-61.2938, 16.244], [-61.2947, 16.2433], [-61.2956, 16.2433], [-61.2967, 16.2437], [-61.2976, 16.2435], [-61.2989, 16.2435], [-61.2998, 16.2434], [-61.3006, 16.2435], [-61.3015, 16.2434], [-61.3024, 16.2429], [-61.3033, 16.2424], [-61.3044, 16.2421], [-61.3054, 16.2417], [-61.3063, 16.2423], [-61.3072, 16.2421], [-61.3081, 16.2423], [-61.3095, 16.2418], [-61.3104, 16.2418], [-61.3113, 16.2419], [-61.3128, 16.2417], [-61.3137, 16.2414], [-61.3147, 16.2414], [-61.3158, 16.2407], [-61.3167, 16.241], [-61.3171, 16.2401], [-61.318, 16.2402], [-61.3189, 16.2404], [-61.3198, 16.2407], [-61.3207, 16.2414], [-61.3216, 16.2422], [-61.3224, 16.2428], [-61.3229, 16.2436], [-61.3237, 16.2441], [-61.3247, 16.2441], [-61.3256, 16.2434], [-61.3265, 16.2441], [-61.3272, 16.2451], [-61.3264, 16.2466], [-61.3256, 16.2476], [-61.3254, 16.2488], [-61.3252, 16.2498], [-61.3253, 16.2511], [-61.3247, 16.2522], [-61.3252, 16.253], [-61.3256, 16.254], [-61.3258, 16.255], [-61.326, 16.2562], [-61.3263, 16.257], [-61.3269, 16.2587], [-61.3276, 16.2609], [-61.3283, 16.2629], [-61.3288, 16.2645], [-61.3295, 16.2664], [-61.3305, 16.2693], [-61.3308, 16.2703], [-61.3312, 16.2711], [-61.3314, 16.2723], [-61.3318, 16.2734], [-61.3322, 16.2744], [-61.3325, 16.2753], [-61.3331, 16.2769], [-61.3334, 16.2778], [-61.3337, 16.2787], [-61.3343, 16.2808], [-61.3346, 16.2818], [-61.3358, 16.2847], [-61.3361, 16.2857], [-61.3361, 16.2861]]]}}, {"type": "Feature", "properties": {"nom": "Saint-Louis", "code": "97126", "codeDepartement": "971", "siren": "219711264", "codeEpci": "249710047", "codeRegion": "01", "codesPostaux": ["97134"], "population": 2610}, "geometry": {"type": "Polygon", "coordinates": [[[-61.2246, 15.9645], [-61.2256, 15.964], [-61.2265, 15.963], [-61.2275, 15.9627], [-61.2287, 15.962], [-61.23, 15.9614], [-61.2303, 15.9602], [-61.2304, 15.959], [-61.2307, 15.958], [-61.2324, 15.9583], [-61.2348, 15.9588], [-61.2362, 15.9589], [-61.2371, 15.9579], [-61.2374, 15.956], [-61.2382, 15.955], [-61.2384, 15.9539], [-61.2388, 15.9525], [-61.2404, 15.9518], [-61.2414, 15.9518], [-61.2424, 15.9515], [-61.244, 15.9516], [-61.245, 15.9515], [-61.2452, 15.9506], [-61.2454, 15.9496], [-61.2459, 15.9483], [-61.2486, 15.9477], [-61.2495, 15.9478], [-61.2507, 15.9476], [-61.2518, 15.9475], [-61.2538, 15.9474], [-61.2552, 15.9472], [-61.2583, 15.9472], [-61.2576, 15.9463], [-61.2571, 15.9455], [-61.2571, 15.9446], [-61.2572, 15.9437], [-61.2569, 15.9428], [-61.2559, 15.9427], [-61.2559, 15.9417], [-61.2555, 15.9406], [-61.2558, 15.9395], [-61.2567, 15.9395], [-61.257, 15.9386], [-61.2574, 15.9377], [-61.2581, 15.9368], [-61.2591, 15.9365], [-61.26, 15.9359], [-61.2602, 15.935], [-61.26, 15.934], [-61.2599, 15.9331], [-61.2602, 15.9321], [-61.2599, 15.9312], [-61.2598, 15.9303], [-61.26, 15.9294], [-61.2599, 15.9285], [-61.2605, 15.9276], [-61.2606, 15.9266], [-61.261, 15.9257], [-61.262, 15.9253], [-61.263, 15.9249], [-61.2638, 15.9244], [-61.2649, 15.9248], [-61.2657, 15.9242], [-61.2668, 15.9236], [-61.2677, 15.9239], [-61.2677, 15.9249], [-61.2676, 15.9258], [-61.2687, 15.9257], [-61.2697, 15.9252], [-61.2707, 15.925], [-61.2715, 15.9247], [-61.2726, 15.9244], [-61.2727, 15.9254], [-61.2735, 15.9263], [-61.2744, 15.9262], [-61.2749, 15.9271], [-61.2759, 15.9277], [-61.2768, 15.9275], [-61.2774, 15.9284], [-61.2777, 15.9294], [-61.2774, 15.9303], [-61.2772, 15.9313], [-61.2772, 15.9325], [-61.2781, 15.933], [-61.279, 15.9329], [-61.2799, 15.933], [-61.2807, 15.9335], [-61.2816, 15.9341], [-61.2826, 15.9346], [-61.2835, 15.9343], [-61.2844, 15.9339], [-61.2849, 15.9351], [-61.2858, 15.9356], [-61.2868, 15.9349], [-61.2877, 15.9357], [-61.2886, 15.935], [-61.2897, 15.935], [-61.2906, 15.9356], [-61.2916, 15.9352], [-61.2929, 15.9346], [-61.2937, 15.9335], [-61.2947, 15.9331], [-61.2958, 15.9339], [-61.2968, 15.9346], [-61.2979, 15.9347], [-61.2991, 15.9355], [-61.3002, 15.9356], [-61.3012, 15.9356], [-61.3015, 15.9367], [-61.3011, 15.9377], [-61.3008, 15.9386], [-61.3018, 15.9386], [-61.3027, 15.9385], [-61.3038, 15.9386], [-61.3047, 15.9385], [-61.3057, 15.9386], [-61.3069, 15.9385], [-61.3078, 15.9387], [-61.3089, 15.939], [-61.3103, 15.9388], [-61.3117, 15.9391], [-61.3128, 15.9391], [-61.3139, 15.9396], [-61.3144, 15.9406], [-61.3147, 15.9426], [-61.3154, 15.9442], [-61.3165, 15.9453], [-61.3168, 15.9463], [-61.3178, 15.9467], [-61.3187, 15.9466], [-61.3194, 15.9476], [-61.3198, 15.9487], [-61.3197, 15.95], [-61.321, 15.9501], [-61.3222, 15.9494], [-61.3232, 15.9495], [-61.3222, 15.9504], [-61.3211, 15.9512], [-61.3202, 15.9523], [-61.3196, 15.9532], [-61.3194, 15.9541], [-61.3192, 15.955], [-61.3189, 15.9559], [-61.319, 15.9568], [-61.3189, 15.9577], [-61.3187, 15.9588], [-61.3186, 15.9601], [-61.3184, 15.961], [-61.3185, 15.9619], [-61.3184, 15.9629], [-61.3183, 15.9641], [-61.3181, 15.9652], [-61.318, 15.9661], [-61.318, 15.967], [-61.3187, 15.968], [-61.3185, 15.9689], [-61.3182, 15.97], [-61.3184, 15.9709], [-61.3183, 15.9718], [-61.318, 15.973], [-61.3181, 15.9739], [-61.3183, 15.9749], [-61.3189, 15.9759], [-61.3179, 15.9762], [-61.3169, 15.9763], [-61.3156, 15.9763], [-61.3141, 15.9764], [-61.3129, 15.9767], [-61.3119, 15.9768], [-61.3108, 15.977], [-61.3098, 15.9772], [-61.3087, 15.9776], [-61.3078, 15.978], [-61.3067, 15.9786], [-61.3061, 15.9795], [-61.3068, 15.9805], [-61.3059, 15.9815], [-61.3053, 15.9825], [-61.3053, 15.9834], [-61.3057, 15.9845], [-61.3058, 15.9854], [-61.3061, 15.9863], [-61.3052, 15.987], [-61.3042, 15.987], [-61.3023, 15.9874], [-61.3012, 15.9879], [-61.3003, 15.9888], [-61.3003, 15.9897], [-61.3004, 15.9905], [-61.2998, 15.9914], [-61.2988, 15.9921], [-61.2989, 15.9931], [-61.2982, 15.994], [-61.2976, 15.995], [-61.2973, 15.996], [-61.2969, 15.9969], [-61.2963, 15.9978], [-61.2954, 15.9986], [-61.2945, 15.9994], [-61.2936, 16.0002], [-61.293, 16.0011], [-61.2921, 16.002], [-61.2911, 16.0026], [-61.2905, 16.0035], [-61.2896, 16.0039], [-61.2885, 16.0036], [-61.2875, 16.0039], [-61.2866, 16.0037], [-61.2855, 16.0041], [-61.2846, 16.0039], [-61.2837, 16.0041], [-61.2828, 16.0037], [-61.2819, 16.0031], [-61.281, 16.004], [-61.28, 16.0045], [-61.279, 16.0046], [-61.2782, 16.0047], [-61.2773, 16.0056], [-61.2769, 16.0065], [-61.2762, 16.0073], [-61.2755, 16.0065], [-61.2757, 16.0056], [-61.2756, 16.0048], [-61.2747, 16.0053], [-61.2739, 16.005], [-61.2738, 16.0041], [-61.2728, 16.0041], [-61.2719, 16.0043], [-61.2711, 16.0036], [-61.271, 16.0027], [-61.27, 16.0032], [-61.2691, 16.0031], [-61.2681, 16.0032], [-61.2671, 16.0028], [-61.2664, 16.0018], [-61.2655, 16.0017], [-61.2645, 16.0017], [-61.2636, 16.0013], [-61.2633, 16.0004], [-61.2621, 16.0003], [-61.2612, 15.9999], [-61.2608, 15.999], [-61.26, 15.9984], [-61.2591, 15.9984], [-61.2586, 15.9973], [-61.2587, 15.9964], [-61.2577, 15.9965], [-61.2569, 15.9955], [-61.256, 15.9955], [-61.2558, 15.9945], [-61.2549, 15.9946], [-61.254, 15.9943], [-61.2531, 15.994], [-61.2527, 15.9931], [-61.2518, 15.9925], [-61.2509, 15.9927], [-61.2499, 15.9919], [-61.249, 15.9918], [-61.2482, 15.9926], [-61.2473, 15.9933], [-61.2474, 15.9924], [-61.2478, 15.9915], [-61.2469, 15.991], [-61.2458, 15.9913], [-61.2449, 15.9914], [-61.244, 15.9917], [-61.2431, 15.9911], [-61.2422, 15.9913], [-61.2425, 15.9903], [-61.2428, 15.9894], [-61.2435, 15.9885], [-61.2433, 15.9875], [-61.2424, 15.9877], [-61.2414, 15.9885], [-61.2402, 15.9886], [-61.2393, 15.9884], [-61.2395, 15.9875], [-61.2396, 15.9866], [-61.2397, 15.9857], [-61.2388, 15.9857], [-61.2379, 15.9864], [-61.2369, 15.9863], [-61.236, 15.986], [-61.2353, 15.9851], [-61.2343, 15.9855], [-61.2333, 15.9857], [-61.2325, 15.9848], [-61.2322, 15.9839], [-61.233, 15.983], [-61.2326, 15.982], [-61.2316, 15.9816], [-61.2307, 15.9811], [-61.2304, 15.9801], [-61.2314, 15.9792], [-61.2319, 15.9781], [-61.2317, 15.9771], [-61.2308, 15.9766], [-61.23, 15.9767], [-61.2291, 15.9771], [-61.2301, 15.9761], [-61.2304, 15.975], [-61.2308, 15.974], [-61.231, 15.9731], [-61.2305, 15.9722], [-61.2299, 15.9711], [-61.229, 15.9701], [-61.228, 15.97], [-61.2277, 15.9691], [-61.2273, 15.9682], [-61.2263, 15.9677], [-61.2255, 15.9682], [-61.2246, 15.9683], [-61.2238, 15.9684], [-61.2233, 15.9674], [-61.2237, 15.9664], [-61.2246, 15.9658], [-61.2246, 15.9646], [-61.2246, 15.9645]]]}}, {"type": "Feature", "properties": {"nom": "Sainte-Anne", "code": "97128", "codeDepartement": "971", "siren": "219711280", "codeEpci": "200041507", "codeRegion": "01", "codesPostaux": ["97180"], "population": 23973}, "geometry": {"type": "Polygon", "coordinates": [[[-61.3361, 16.2861], [-61.336, 16.2853], [-61.3346, 16.2818], [-61.3343, 16.2808], [-61.3337, 16.2787], [-61.3334, 16.2778], [-61.3331, 16.2769], [-61.3328, 16.276], [-61.3324, 16.275], [-61.3318, 16.2734], [-61.3314, 16.2723], [-61.3311, 16.2713], [-61.3308, 16.2703], [-61.3305, 16.2693], [-61.3297, 16.267], [-61.3288, 16.2645], [-61.3283, 16.2629], [-61.3276, 16.2609], [-61.3271, 16.2595], [-61.3263, 16.2571], [-61.326, 16.2562], [-61.326, 16.2551], [-61.3255, 16.2541], [-61.3253, 16.2533], [-61.3247, 16.2522], [-61.3253, 16.2511], [-61.3252, 16.2498], [-61.3254, 16.2488], [-61.3256, 16.2478], [-61.3264, 16.2466], [-61.3271, 16.2458], [-61.3269, 16.2446], [-61.326, 16.2436], [-61.3249, 16.2431], [-61.3245, 16.2422], [-61.3243, 16.2414], [-61.3254, 16.2411], [-61.3264, 16.2412], [-61.3275, 16.2418], [-61.3284, 16.2417], [-61.3294, 16.2413], [-61.3303, 16.2413], [-61.3313, 16.2415], [-61.3323, 16.2416], [-61.3331, 16.2419], [-61.3342, 16.2418], [-61.3351, 16.2419], [-61.3359, 16.2418], [-61.3368, 16.2417], [-61.3377, 16.242], [-61.3385, 16.2419], [-61.3395, 16.2412], [-61.3393, 16.2402], [-61.3402, 16.24], [-61.3411, 16.2397], [-61.342, 16.2399], [-61.343, 16.2398], [-61.3439, 16.2388], [-61.3447, 16.2385], [-61.3457, 16.2379], [-61.3466, 16.2375], [-61.3475, 16.2368], [-61.3483, 16.2366], [-61.3492, 16.2362], [-61.3501, 16.2361], [-61.3514, 16.2358], [-61.3522, 16.2358], [-61.3532, 16.2357], [-61.3542, 16.2351], [-61.3551, 16.2351], [-61.356, 16.2349], [-61.3572, 16.235], [-61.3582, 16.235], [-61.3591, 16.2353], [-61.36, 16.235], [-61.3609, 16.2348], [-61.3618, 16.2348], [-61.363, 16.2344], [-61.364, 16.2347], [-61.3646, 16.2338], [-61.3657, 16.2334], [-61.3667, 16.2331], [-61.3676, 16.2329], [-61.3686, 16.2325], [-61.3696, 16.2323], [-61.3706, 16.2317], [-61.3714, 16.2307], [-61.3716, 16.2297], [-61.3719, 16.2289], [-61.3725, 16.228], [-61.3736, 16.2276], [-61.3745, 16.227], [-61.3755, 16.2266], [-61.3764, 16.2257], [-61.3772, 16.2251], [-61.3781, 16.2244], [-61.3786, 16.2232], [-61.3796, 16.2226], [-61.3807, 16.2224], [-61.3815, 16.2224], [-61.3818, 16.2215], [-61.3825, 16.2224], [-61.3835, 16.2228], [-61.3844, 16.2232], [-61.3855, 16.2237], [-61.3865, 16.2237], [-61.3879, 16.2236], [-61.3888, 16.2234], [-61.3897, 16.2237], [-61.3906, 16.2236], [-61.3904, 16.2228], [-61.3907, 16.2218], [-61.3907, 16.2229], [-61.3917, 16.223], [-61.3926, 16.2223], [-61.3937, 16.2214], [-61.3938, 16.2205], [-61.3942, 16.2197], [-61.3943, 16.2186], [-61.3943, 16.2177], [-61.3945, 16.2166], [-61.3953, 16.2174], [-61.3962, 16.2176], [-61.3969, 16.2187], [-61.3981, 16.2195], [-61.399, 16.2194], [-61.4002, 16.2191], [-61.401, 16.2183], [-61.4019, 16.2181], [-61.4029, 16.2182], [-61.4038, 16.2179], [-61.4043, 16.2169], [-61.4052, 16.217], [-61.4061, 16.2165], [-61.4053, 16.2156], [-61.4051, 16.2147], [-61.4059, 16.2149], [-61.4068, 16.2143], [-61.407, 16.2133], [-61.4078, 16.2133], [-61.4087, 16.2132], [-61.4086, 16.2124], [-61.4097, 16.212], [-61.4108, 16.2118], [-61.4117, 16.2122], [-61.4127, 16.2118], [-61.4137, 16.2116], [-61.4146, 16.2114], [-61.4155, 16.211], [-61.4166, 16.2114], [-61.4177, 16.2116], [-61.4186, 16.2109], [-61.4194, 16.2101], [-61.4194, 16.2111], [-61.4205, 16.2117], [-61.4207, 16.2126], [-61.4205, 16.2137], [-61.4209, 16.2145], [-61.4214, 16.2159], [-61.4218, 16.217], [-61.4241, 16.2234], [-61.4248, 16.2243], [-61.4235, 16.2251], [-61.4245, 16.2257], [-61.426, 16.2274], [-61.427, 16.2275], [-61.428, 16.2282], [-61.4285, 16.2292], [-61.4289, 16.2302], [-61.4297, 16.2326], [-61.431, 16.2362], [-61.4321, 16.2399], [-61.4331, 16.2407], [-61.4341, 16.2415], [-61.4357, 16.2431], [-61.4367, 16.244], [-61.437, 16.2449], [-61.4379, 16.2453], [-61.4387, 16.2465], [-61.4413, 16.2461], [-61.442, 16.2469], [-61.4428, 16.2488], [-61.4438, 16.2487], [-61.445, 16.2483], [-61.4458, 16.2493], [-61.4468, 16.2504], [-61.448, 16.2508], [-61.4489, 16.2516], [-61.4491, 16.2525], [-61.4493, 16.2548], [-61.4504, 16.2553], [-61.4517, 16.256], [-61.4537, 16.2566], [-61.4545, 16.257], [-61.455, 16.2579], [-61.454, 16.2578], [-61.4529, 16.2589], [-61.4524, 16.2599], [-61.4525, 16.2608], [-61.4522, 16.2616], [-61.4511, 16.2615], [-61.4502, 16.2621], [-61.4493, 16.2622], [-61.4484, 16.2629], [-61.4474, 16.2625], [-61.4461, 16.2619], [-61.4452, 16.2615], [-61.4449, 16.2625], [-61.4452, 16.2636], [-61.4447, 16.2648], [-61.4448, 16.2658], [-61.4452, 16.2672], [-61.4456, 16.2681], [-61.4442, 16.2689], [-61.4444, 16.2701], [-61.444, 16.2709], [-61.445, 16.2731], [-61.4463, 16.2724], [-61.4463, 16.2753], [-61.4462, 16.2766], [-61.4456, 16.2781], [-61.4451, 16.2793], [-61.4435, 16.2798], [-61.4424, 16.2801], [-61.441, 16.2788], [-61.4394, 16.2787], [-61.4387, 16.2796], [-61.4375, 16.2799], [-61.4363, 16.2805], [-61.4348, 16.2808], [-61.434, 16.2809], [-61.4329, 16.2806], [-61.4316, 16.2795], [-61.4311, 16.2781], [-61.4295, 16.2789], [-61.4287, 16.2802], [-61.4272, 16.2801], [-61.4274, 16.2788], [-61.4223, 16.2787], [-61.4229, 16.2804], [-61.4218, 16.2805], [-61.4205, 16.281], [-61.4172, 16.2821], [-61.4161, 16.2822], [-61.4149, 16.2833], [-61.4141, 16.2833], [-61.4131, 16.2834], [-61.4118, 16.2839], [-61.4092, 16.2845], [-61.4081, 16.2841], [-61.4068, 16.2845], [-61.4052, 16.2854], [-61.4033, 16.2867], [-61.4018, 16.2872], [-61.3991, 16.2881], [-61.396, 16.2887], [-61.3952, 16.287], [-61.394, 16.2871], [-61.393, 16.2873], [-61.392, 16.2878], [-61.3907, 16.2881], [-61.3908, 16.2897], [-61.391, 16.2908], [-61.3901, 16.2911], [-61.3891, 16.2914], [-61.3882, 16.2916], [-61.387, 16.2921], [-61.386, 16.2908], [-61.3852, 16.2905], [-61.3842, 16.2908], [-61.3832, 16.2918], [-61.3823, 16.2917], [-61.3776, 16.2931], [-61.3759, 16.2937], [-61.3733, 16.2944], [-61.3724, 16.2939], [-61.3713, 16.2946], [-61.371, 16.2954], [-61.3713, 16.2963], [-61.3716, 16.2971], [-61.3721, 16.2981], [-61.3715, 16.2993], [-61.3705, 16.2999], [-61.3692, 16.3001], [-61.3683, 16.3003], [-61.3672, 16.3007], [-61.3662, 16.3015], [-61.3645, 16.3011], [-61.3647, 16.3028], [-61.3637, 16.3028], [-61.3625, 16.3028], [-61.3614, 16.3028], [-61.3595, 16.3028], [-61.3588, 16.3017], [-61.358, 16.3002], [-61.3577, 16.2992], [-61.3573, 16.2983], [-61.3564, 16.2963], [-61.3577, 16.2962], [-61.3636, 16.296], [-61.3634, 16.2947], [-61.3627, 16.2927], [-61.3626, 16.2918], [-61.3622, 16.2907], [-61.3619, 16.2899], [-61.3613, 16.2878], [-61.3593, 16.2874], [-61.358, 16.2874], [-61.3537, 16.2875], [-61.3529, 16.2874], [-61.3513, 16.2874], [-61.3494, 16.2874], [-61.3483, 16.2875], [-61.3472, 16.2875], [-61.3454, 16.2875], [-61.3432, 16.2883], [-61.3381, 16.2902], [-61.3371, 16.2888], [-61.3367, 16.2874], [-61.3359, 16.2865], [-61.3361, 16.2861]]]}}, {"type": "Feature", "properties": {"nom": "Sainte-Rose", "code": "97129", "codeDepartement": "971", "siren": "219711298", "codeEpci": "249710062", "codeRegion": "01", "codesPostaux": ["97115"], "population": 17700}, "geometry": {"type": "Polygon", "coordinates": [[[-61.6055, 16.2973], [-61.606, 16.2984], [-61.6071, 16.2992], [-61.608, 16.2992], [-61.6091, 16.299], [-61.6102, 16.2987], [-61.6113, 16.298], [-61.613, 16.2967], [-61.6141, 16.296], [-61.6151, 16.2956], [-61.6163, 16.2954], [-61.6174, 16.2954], [-61.619, 16.2953], [-61.6205, 16.2952], [-61.6219, 16.2953], [-61.6228, 16.2955], [-61.6246, 16.2964], [-61.6262, 16.2973], [-61.6275, 16.2981], [-61.6284, 16.2987], [-61.6293, 16.299], [-61.6303, 16.2992], [-61.6314, 16.2993], [-61.6327, 16.2993], [-61.6338, 16.2993], [-61.6347, 16.2984], [-61.6345, 16.2975], [-61.6342, 16.2965], [-61.6351, 16.2962], [-61.6367, 16.2964], [-61.6378, 16.2967], [-61.639, 16.2968], [-61.6402, 16.2968], [-61.6412, 16.2967], [-61.6422, 16.2966], [-61.6431, 16.2964], [-61.6443, 16.296], [-61.6455, 16.2955], [-61.6468, 16.2953], [-61.6478, 16.2951], [-61.6488, 16.2952], [-61.6497, 16.2952], [-61.6509, 16.2955], [-61.6527, 16.2963], [-61.6536, 16.2968], [-61.655, 16.2976], [-61.6561, 16.2978], [-61.6575, 16.2969], [-61.6585, 16.2957], [-61.6589, 16.2949], [-61.6589, 16.2938], [-61.6581, 16.2935], [-61.6569, 16.2937], [-61.6557, 16.2937], [-61.6545, 16.2933], [-61.6542, 16.292], [-61.6545, 16.2912], [-61.6559, 16.2905], [-61.657, 16.2902], [-61.6584, 16.2899], [-61.6594, 16.2898], [-61.6602, 16.2899], [-61.6618, 16.2902], [-61.6632, 16.2904], [-61.6648, 16.2903], [-61.6659, 16.2902], [-61.667, 16.289], [-61.6673, 16.2882], [-61.6674, 16.2873], [-61.6666, 16.286], [-61.6661, 16.2848], [-61.6658, 16.2837], [-61.666, 16.2826], [-61.6668, 16.2816], [-61.6677, 16.2805], [-61.6682, 16.2796], [-61.6686, 16.2785], [-61.6685, 16.2777], [-61.6673, 16.277], [-61.6667, 16.2762], [-61.6678, 16.2755], [-61.6689, 16.2751], [-61.6692, 16.2742], [-61.6702, 16.2734], [-61.6724, 16.2731], [-61.6733, 16.2729], [-61.6738, 16.272], [-61.6732, 16.2711], [-61.672, 16.2704], [-61.6716, 16.2694], [-61.6719, 16.2685], [-61.6717, 16.2676], [-61.6712, 16.2664], [-61.6712, 16.2655], [-61.6716, 16.2642], [-61.6728, 16.2642], [-61.6739, 16.2646], [-61.6746, 16.2634], [-61.6745, 16.2625], [-61.6754, 16.2619], [-61.6754, 16.2611], [-61.6744, 16.2602], [-61.6738, 16.2593], [-61.6747, 16.2588], [-61.6756, 16.259], [-61.6762, 16.2578], [-61.6757, 16.2569], [-61.6743, 16.2565], [-61.6732, 16.2562], [-61.6723, 16.256], [-61.6712, 16.2557], [-61.6703, 16.2555], [-61.6699, 16.2545], [-61.6709, 16.2541], [-61.6721, 16.2546], [-61.6731, 16.2547], [-61.6734, 16.2536], [-61.6724, 16.2531], [-61.6713, 16.2527], [-61.6704, 16.2522], [-61.6701, 16.2513], [-61.6711, 16.2512], [-61.672, 16.2513], [-61.673, 16.2513], [-61.6735, 16.2505], [-61.6746, 16.2498], [-61.6755, 16.2494], [-61.6755, 16.2483], [-61.6753, 16.2475], [-61.6762, 16.247], [-61.6772, 16.2472], [-61.6767, 16.2463], [-61.6776, 16.2459], [-61.6777, 16.2467], [-61.6786, 16.2469], [-61.6788, 16.2461], [-61.6785, 16.2446], [-61.6798, 16.2435], [-61.6807, 16.2425], [-61.6812, 16.2416], [-61.6815, 16.2407], [-61.6824, 16.2408], [-61.6826, 16.2399], [-61.6829, 16.239], [-61.6837, 16.2381], [-61.6846, 16.2372], [-61.6856, 16.2367], [-61.6857, 16.2356], [-61.6865, 16.2354], [-61.6876, 16.2345], [-61.6885, 16.2346], [-61.6893, 16.2336], [-61.6902, 16.2334], [-61.6904, 16.2342], [-61.6909, 16.2334], [-61.6918, 16.233], [-61.6924, 16.2321], [-61.6934, 16.2325], [-61.6942, 16.2318], [-61.6951, 16.2322], [-61.6959, 16.2317], [-61.6969, 16.2318], [-61.6979, 16.232], [-61.6987, 16.2324], [-61.6987, 16.2315], [-61.6997, 16.2313], [-61.7008, 16.2315], [-61.7019, 16.2307], [-61.7029, 16.2307], [-61.7038, 16.2314], [-61.7039, 16.2306], [-61.7042, 16.2296], [-61.7043, 16.2288], [-61.7049, 16.2278], [-61.7058, 16.2277], [-61.7067, 16.2275], [-61.7072, 16.2264], [-61.7084, 16.2261], [-61.7094, 16.226], [-61.7107, 16.2258], [-61.7118, 16.2262], [-61.7132, 16.2266], [-61.7142, 16.2269], [-61.7156, 16.2275], [-61.7168, 16.2279], [-61.7192, 16.2289], [-61.7209, 16.2293], [-61.7222, 16.2291], [-61.7231, 16.2294], [-61.7243, 16.2301], [-61.7252, 16.2306], [-61.7256, 16.2316], [-61.7259, 16.2325], [-61.7262, 16.2334], [-61.7269, 16.2343], [-61.7281, 16.2352], [-61.7287, 16.236], [-61.7286, 16.2369], [-61.729, 16.2377], [-61.7299, 16.2384], [-61.7303, 16.24], [-61.7305, 16.241], [-61.7314, 16.2415], [-61.7327, 16.242], [-61.7338, 16.2423], [-61.7349, 16.2429], [-61.7358, 16.2439], [-61.7366, 16.2447], [-61.7371, 16.2456], [-61.737, 16.2464], [-61.7363, 16.2474], [-61.737, 16.2482], [-61.738, 16.2488], [-61.7402, 16.2494], [-61.7418, 16.2496], [-61.7427, 16.2494], [-61.7437, 16.2498], [-61.7446, 16.2505], [-61.7455, 16.2512], [-61.7465, 16.2518], [-61.7472, 16.2526], [-61.7482, 16.2533], [-61.749, 16.2532], [-61.75, 16.253], [-61.7513, 16.2527], [-61.7524, 16.2532], [-61.7529, 16.254], [-61.7537, 16.2545], [-61.7546, 16.2557], [-61.7552, 16.2566], [-61.7553, 16.2574], [-61.7551, 16.2585], [-61.7551, 16.2596], [-61.7553, 16.2606], [-61.7556, 16.2615], [-61.7565, 16.2621], [-61.7575, 16.2627], [-61.7582, 16.2635], [-61.7577, 16.2645], [-61.7566, 16.2656], [-61.7564, 16.2665], [-61.7557, 16.2675], [-61.7555, 16.2684], [-61.7559, 16.2694], [-61.7561, 16.2704], [-61.7561, 16.2712], [-61.7564, 16.2722], [-61.7564, 16.2733], [-61.7567, 16.2741], [-61.757, 16.2751], [-61.7567, 16.276], [-61.7564, 16.2769], [-61.7569, 16.2779], [-61.7567, 16.2787], [-61.7567, 16.2797], [-61.7565, 16.2806], [-61.7569, 16.2816], [-61.7579, 16.2834], [-61.7588, 16.2848], [-61.7597, 16.2852], [-61.7606, 16.2854], [-61.7614, 16.2858], [-61.7624, 16.2862], [-61.7633, 16.2868], [-61.7643, 16.2871], [-61.7651, 16.288], [-61.765, 16.289], [-61.764, 16.2902], [-61.7639, 16.291], [-61.7641, 16.292], [-61.7634, 16.2933], [-61.7638, 16.2942], [-61.7629, 16.2948], [-61.7618, 16.2952], [-61.7617, 16.2962], [-61.7615, 16.2971], [-61.7615, 16.298], [-61.7619, 16.2988], [-61.7618, 16.2997], [-61.7618, 16.3007], [-61.7626, 16.3019], [-61.7632, 16.3027], [-61.763, 16.3037], [-61.762, 16.3039], [-61.7621, 16.3048], [-61.7626, 16.3058], [-61.7629, 16.3069], [-61.763, 16.3079], [-61.7621, 16.3085], [-61.7613, 16.3096], [-61.761, 16.3105], [-61.7608, 16.313], [-61.7604, 16.3139], [-61.7598, 16.3149], [-61.7586, 16.3157], [-61.7581, 16.3167], [-61.7579, 16.3177], [-61.7589, 16.3186], [-61.7592, 16.3194], [-61.7597, 16.3204], [-61.7604, 16.3213], [-61.7605, 16.3222], [-61.7596, 16.3229], [-61.7595, 16.324], [-61.7599, 16.3249], [-61.7594, 16.3257], [-61.7597, 16.3268], [-61.7593, 16.3279], [-61.7583, 16.3286], [-61.7591, 16.3295], [-61.7606, 16.3303], [-61.7617, 16.3313], [-61.7631, 16.3317], [-61.7643, 16.3321], [-61.7652, 16.3339], [-61.7652, 16.3355], [-61.7657, 16.3371], [-61.7652, 16.3385], [-61.7652, 16.34], [-61.7657, 16.341], [-61.7656, 16.3422], [-61.7654, 16.3435], [-61.7649, 16.3446], [-61.7643, 16.3455], [-61.7636, 16.347], [-61.7623, 16.3486], [-61.7623, 16.3496], [-61.7632, 16.3505], [-61.764, 16.3508], [-61.7646, 16.3521], [-61.7649, 16.3537], [-61.764, 16.3539], [-61.7626, 16.3539], [-61.7615, 16.3543], [-61.7605, 16.355], [-61.7595, 16.3553], [-61.7587, 16.355], [-61.7576, 16.355], [-61.7567, 16.3542], [-61.7557, 16.3541], [-61.7548, 16.3539], [-61.754, 16.3538], [-61.7529, 16.3538], [-61.7518, 16.3539], [-61.7507, 16.3541], [-61.7498, 16.3545], [-61.7489, 16.3549], [-61.7482, 16.3559], [-61.7473, 16.3566], [-61.7465, 16.3572], [-61.746, 16.3581], [-61.7462, 16.3591], [-61.7461, 16.3603], [-61.7452, 16.3606], [-61.7443, 16.3616], [-61.7435, 16.3618], [-61.7427, 16.3609], [-61.7417, 16.3603], [-61.7408, 16.3601], [-61.7399, 16.36], [-61.739, 16.3599], [-61.7384, 16.3589], [-61.7374, 16.3582], [-61.7365, 16.3575], [-61.7355, 16.3571], [-61.7347, 16.3568], [-61.7337, 16.3565], [-61.7328, 16.3562], [-61.7316, 16.356], [-61.7307, 16.357], [-61.7298, 16.3575], [-61.7292, 16.3567], [-61.7285, 16.3557], [-61.7281, 16.3547], [-61.727, 16.3543], [-61.7261, 16.3538], [-61.7252, 16.3541], [-61.7248, 16.3532], [-61.7248, 16.3522], [-61.7239, 16.3516], [-61.7224, 16.3509], [-61.7215, 16.3505], [-61.7217, 16.3497], [-61.7221, 16.3488], [-61.7223, 16.348], [-61.7214, 16.3472], [-61.7205, 16.3474], [-61.7196, 16.3466], [-61.7187, 16.3461], [-61.7178, 16.3455], [-61.7171, 16.3447], [-61.7163, 16.3451], [-61.7164, 16.3442], [-61.7173, 16.3433], [-61.7174, 16.3424], [-61.717, 16.3416], [-61.7159, 16.3408], [-61.7163, 16.34], [-61.7157, 16.339], [-61.7146, 16.3384], [-61.7138, 16.3375], [-61.7128, 16.3373], [-61.7119, 16.3369], [-61.711, 16.3369], [-61.7095, 16.3364], [-61.7086, 16.3361], [-61.7075, 16.3361], [-61.7066, 16.3367], [-61.7055, 16.3366], [-61.7045, 16.3365], [-61.7037, 16.3363], [-61.7027, 16.3358], [-61.7017, 16.3348], [-61.7009, 16.3347], [-61.6999, 16.3355], [-61.6988, 16.336], [-61.6986, 16.3351], [-61.6972, 16.3345], [-61.6957, 16.3352], [-61.6963, 16.3361], [-61.6972, 16.3361], [-61.6962, 16.3362], [-61.6955, 16.3352], [-61.6947, 16.335], [-61.6936, 16.3348], [-61.6929, 16.334], [-61.6921, 16.3331], [-61.6916, 16.3323], [-61.6911, 16.3315], [-61.69, 16.3314], [-61.6891, 16.3312], [-61.6886, 16.3303], [-61.6877, 16.3299], [-61.6868, 16.3299], [-61.6858, 16.3285], [-61.6862, 16.3276], [-61.6859, 16.3268], [-61.6864, 16.3259], [-61.6855, 16.3251], [-61.6846, 16.3248], [-61.6838, 16.3252], [-61.6828, 16.3251], [-61.6819, 16.3249], [-61.6815, 16.3257], [-61.681, 16.3267], [-61.6812, 16.3276], [-61.6807, 16.3285], [-61.6798, 16.3283], [-61.6788, 16.3285], [-61.6783, 16.3276], [-61.6774, 16.3271], [-61.677, 16.3263], [-61.676, 16.3261], [-61.6752, 16.326], [-61.6743, 16.3253], [-61.6734, 16.3252], [-61.6727, 16.3243], [-61.6731, 16.3233], [-61.6725, 16.3223], [-61.6732, 16.3213], [-61.673, 16.3202], [-61.6729, 16.3193], [-61.6727, 16.3201], [-61.6728, 16.3209], [-61.6724, 16.3218], [-61.6714, 16.3214], [-61.671, 16.3204], [-61.6701, 16.3197], [-61.6701, 16.3189], [-61.6709, 16.3189], [-61.6713, 16.318], [-61.6704, 16.3177], [-61.6708, 16.3185], [-61.6699, 16.3187], [-61.6698, 16.3178], [-61.669, 16.3172], [-61.6685, 16.318], [-61.6676, 16.3187], [-61.6671, 16.3197], [-61.6659, 16.3204], [-61.6649, 16.3209], [-61.6653, 16.3201], [-61.666, 16.3193], [-61.666, 16.3184], [-61.665, 16.3176], [-61.6641, 16.3183], [-61.6632, 16.3188], [-61.6622, 16.3196], [-61.6631, 16.3199], [-61.6621, 16.3201], [-61.6611, 16.3202], [-61.6602, 16.3207], [-61.6598, 16.3197], [-61.6588, 16.3198], [-61.6579, 16.3199], [-61.6569, 16.3196], [-61.656, 16.3197], [-61.6549, 16.3201], [-61.6539, 16.3208], [-61.6529, 16.321], [-61.6517, 16.3214], [-61.6506, 16.3209], [-61.6497, 16.3204], [-61.6489, 16.3193], [-61.6479, 16.3191], [-61.647, 16.3188], [-61.646, 16.3184], [-61.645, 16.3183], [-61.6442, 16.3181], [-61.6432, 16.3178], [-61.6423, 16.3173], [-61.6413, 16.3166], [-61.6409, 16.3157], [-61.6419, 16.3152], [-61.6421, 16.3143], [-61.643, 16.3137], [-61.6442, 16.3131], [-61.6448, 16.3122], [-61.6448, 16.3114], [-61.6445, 16.3104], [-61.644, 16.3096], [-61.6431, 16.3087], [-61.6418, 16.3089], [-61.641, 16.3088], [-61.64, 16.309], [-61.6391, 16.3093], [-61.6381, 16.3096], [-61.6371, 16.3092], [-61.6365, 16.3084], [-61.6355, 16.308], [-61.6346, 16.3079], [-61.6339, 16.3071], [-61.6338, 16.3062], [-61.6335, 16.3053], [-61.6326, 16.3049], [-61.6316, 16.3047], [-61.6306, 16.3048], [-61.6296, 16.3048], [-61.6287, 16.3048], [-61.6277, 16.3044], [-61.6274, 16.3035], [-61.627, 16.3026], [-61.6262, 16.3018], [-61.6251, 16.3014], [-61.6243, 16.3013], [-61.6233, 16.3013], [-61.6223, 16.3014], [-61.6214, 16.3015], [-61.6205, 16.3017], [-61.6194, 16.302], [-61.6182, 16.3023], [-61.6173, 16.3026], [-61.6164, 16.3028], [-61.6155, 16.3031], [-61.6145, 16.3033], [-61.6136, 16.3032], [-61.6126, 16.3033], [-61.6115, 16.3038], [-61.6105, 16.304], [-61.6096, 16.3043], [-61.6086, 16.3046], [-61.6077, 16.3047], [-61.6068, 16.3046], [-61.6057, 16.3045], [-61.6046, 16.3042], [-61.6036, 16.3041], [-61.6026, 16.3037], [-61.6018, 16.3031], [-61.6016, 16.3022], [-61.6026, 16.302], [-61.6035, 16.3015], [-61.6026, 16.3015], [-61.6017, 16.3015], [-61.6019, 16.3005], [-61.6026, 16.2994], [-61.6035, 16.2985], [-61.6046, 16.298], [-61.6055, 16.2973]]]}}, {"type": "Feature", "properties": {"nom": "Terre-de-Bas", "code": "97130", "codeDepartement": "971", "siren": "219711306", "codeEpci": "249710070", "codeRegion": "01", "codesPostaux": ["97136"], "population": 873}, "geometry": {"type": "Polygon", "coordinates": [[[-61.6223, 15.8526], [-61.6221, 15.8515], [-61.6227, 15.8506], [-61.6233, 15.8497], [-61.6245, 15.8487], [-61.6254, 15.8482], [-61.6262, 15.8469], [-61.6264, 15.8458], [-61.627, 15.8446], [-61.6278, 15.8435], [-61.6283, 15.8425], [-61.6292, 15.8418], [-61.6301, 15.8416], [-61.6314, 15.8414], [-61.6324, 15.841], [-61.6332, 15.8405], [-61.6336, 15.8396], [-61.6345, 15.8403], [-61.6354, 15.841], [-61.6364, 15.8414], [-61.6374, 15.8415], [-61.6384, 15.8422], [-61.6392, 15.8427], [-61.6404, 15.8433], [-61.6413, 15.8436], [-61.6422, 15.8442], [-61.6433, 15.8446], [-61.6443, 15.8453], [-61.6453, 15.8459], [-61.6462, 15.8463], [-61.6472, 15.8466], [-61.648, 15.8469], [-61.6489, 15.8473], [-61.6497, 15.8473], [-61.6506, 15.8476], [-61.6505, 15.8485], [-61.65, 15.8494], [-61.649, 15.8499], [-61.6484, 15.8508], [-61.6489, 15.8519], [-61.6486, 15.8528], [-61.6476, 15.8531], [-61.6469, 15.8544], [-61.6471, 15.8553], [-61.6469, 15.8568], [-61.6468, 15.8578], [-61.6466, 15.8592], [-61.6467, 15.8601], [-61.6467, 15.8609], [-61.6455, 15.8606], [-61.6446, 15.8602], [-61.6437, 15.8606], [-61.6429, 15.8614], [-61.6419, 15.8618], [-61.6409, 15.8624], [-61.6399, 15.8633], [-61.6392, 15.8643], [-61.6384, 15.8655], [-61.6379, 15.8664], [-61.6375, 15.8673], [-61.6371, 15.8684], [-61.6367, 15.8697], [-61.6365, 15.8706], [-61.6356, 15.8712], [-61.6351, 15.8701], [-61.635, 15.8691], [-61.635, 15.8681], [-61.6341, 15.8679], [-61.6331, 15.8679], [-61.6319, 15.868], [-61.6309, 15.8675], [-61.63, 15.8671], [-61.6289, 15.8669], [-61.6279, 15.8668], [-61.627, 15.8668], [-61.6262, 15.8665], [-61.6253, 15.8663], [-61.6241, 15.8661], [-61.6231, 15.8655], [-61.623, 15.8647], [-61.6237, 15.8635], [-61.6246, 15.8626], [-61.625, 15.8617], [-61.6248, 15.8608], [-61.6248, 15.8595], [-61.6239, 15.8588], [-61.6229, 15.8589], [-61.6219, 15.8591], [-61.6206, 15.8591], [-61.6194, 15.8584], [-61.6183, 15.8584], [-61.6174, 15.8583], [-61.6165, 15.8582], [-61.6156, 15.8574], [-61.6154, 15.8565], [-61.6145, 15.8555], [-61.6147, 15.8543], [-61.6154, 15.8534], [-61.6159, 15.8546], [-61.6168, 15.8544], [-61.6169, 15.8535], [-61.6171, 15.8525], [-61.618, 15.8518], [-61.6189, 15.8521], [-61.6197, 15.853], [-61.6195, 15.8539], [-61.6196, 15.8548], [-61.6207, 15.8555], [-61.6214, 15.8546], [-61.6224, 15.854], [-61.6227, 15.8531], [-61.6223, 15.8526]]]}}, {"type": "Feature", "properties": {"nom": "Terre-de-Haut", "code": "97131", "codeDepartement": "971", "siren": "219711314", "codeEpci": "249710070", "codeRegion": "01", "codesPostaux": ["97137"], "population": 1463}, "geometry": {"type": "MultiPolygon", "coordinates": [[[[-61.6108, 15.8394], [-61.6101, 15.838], [-61.6097, 15.8371], [-61.609, 15.8362], [-61.6079, 15.8357], [-61.6065, 15.8354], [-61.6055, 15.8355], [-61.6066, 15.835], [-61.6075, 15.8345], [-61.6085, 15.8352], [-61.6098, 15.8359], [-61.6105, 15.8368], [-61.6114, 15.8379], [-61.6118, 15.8388], [-61.6108, 15.8394]]], [[[-61.5863, 15.838], [-61.5855, 15.8371], [-61.5852, 15.8362], [-61.5843, 15.8358], [-61.5847, 15.8348], [-61.5852, 15.8339], [-61.5847, 15.833], [-61.5851, 15.8321], [-61.5859, 15.8321], [-61.5865, 15.833], [-61.5874, 15.833], [-61.5883, 15.833], [-61.5892, 15.8334], [-61.59, 15.8337], [-61.5911, 15.8346], [-61.5923, 15.8352], [-61.5935, 15.8351], [-61.5945, 15.8347], [-61.5953, 15.835], [-61.5963, 15.8352], [-61.5974, 15.8356], [-61.5983, 15.8359], [-61.5974, 15.8362], [-61.5964, 15.8364], [-61.5956, 15.8371], [-61.5953, 15.838], [-61.5955, 15.8389], [-61.5946, 15.8394], [-61.5937, 15.8397], [-61.5927, 15.8406], [-61.5925, 15.8415], [-61.5921, 15.8424], [-61.5913, 15.8427], [-61.5904, 15.8418], [-61.5895, 15.841], [-61.5881, 15.8399], [-61.5872, 15.8394], [-61.5865, 15.8385], [-61.5863, 15.838]]], [[[-61.5713, 15.8693], [-61.571, 15.8685], [-61.5719, 15.868], [-61.5731, 15.8677], [-61.5739, 15.8675], [-61.5748, 15.8676], [-61.5758, 15.8674], [-61.5769, 15.8661], [-61.5774, 15.8647], [-61.5778, 15.8638], [-61.5783, 15.8628], [-61.5787, 15.8618], [-61.5789, 15.8608], [-61.5787, 15.8595], [-61.5778, 15.859], [-61.5767, 15.8584], [-61.5758, 15.8578], [-61.5768, 15.8574], [-61.5774, 15.8565], [-61.5783, 15.8556], [-61.5792, 15.8555], [-61.5795, 15.8564], [-61.5793, 15.8573], [-61.5804, 15.8577], [-61.5814, 15.8568], [-61.5823, 15.8569], [-61.5832, 15.8575], [-61.584, 15.857], [-61.5849, 15.8575], [-61.5857, 15.857], [-61.5867, 15.8572], [-61.5872, 15.8581], [-61.5879, 15.8591], [-61.5887, 15.8591], [-61.5891, 15.8582], [-61.5895, 15.8573], [-61.5896, 15.8564], [-61.5901, 15.8555], [-61.5906, 15.8546], [-61.5912, 15.8536], [-61.5922, 15.8534], [-61.5931, 15.853], [-61.5941, 15.8532], [-61.5951, 15.8534], [-61.596, 15.8533], [-61.5968, 15.8533], [-61.5977, 15.8535], [-61.5986, 15.8543], [-61.5995, 15.8545], [-61.6005, 15.8551], [-61.6015, 15.8559], [-61.6018, 15.8568], [-61.6023, 15.8577], [-61.6033, 15.8579], [-61.6042, 15.8574], [-61.6053, 15.8569], [-61.6062, 15.8569], [-61.6064, 15.8578], [-61.6058, 15.8588], [-61.6049, 15.8596], [-61.604, 15.8598], [-61.6031, 15.8597], [-61.6021, 15.8597], [-61.6012, 15.8596], [-61.6003, 15.8602], [-61.6001, 15.8612], [-61.5996, 15.8622], [-61.599, 15.8632], [-61.5997, 15.8641], [-61.5994, 15.865], [-61.5986, 15.8648], [-61.5984, 15.8639], [-61.5973, 15.8636], [-61.5963, 15.8639], [-61.5954, 15.864], [-61.5945, 15.8641], [-61.5935, 15.864], [-61.5925, 15.864], [-61.5915, 15.8639], [-61.5904, 15.8642], [-61.5901, 15.8651], [-61.5892, 15.8645], [-61.5883, 15.8642], [-61.5874, 15.8644], [-61.5866, 15.8638], [-61.5855, 15.8638], [-61.5846, 15.8643], [-61.5839, 15.8653], [-61.5845, 15.8662], [-61.5834, 15.8666], [-61.583, 15.8675], [-61.5825, 15.8684], [-61.5822, 15.8697], [-61.5829, 15.8706], [-61.5833, 15.8716], [-61.5833, 15.8726], [-61.584, 15.8735], [-61.585, 15.874], [-61.5851, 15.8752], [-61.5849, 15.8762], [-61.5837, 15.8768], [-61.5828, 15.8771], [-61.5823, 15.878], [-61.5821, 15.8789], [-61.5821, 15.8798], [-61.5817, 15.8808], [-61.5807, 15.8807], [-61.5806, 15.8798], [-61.5796, 15.8789], [-61.5794, 15.878], [-61.58, 15.877], [-61.5797, 15.8761], [-61.5789, 15.8759], [-61.5785, 15.875], [-61.5793, 15.874], [-61.5785, 15.8731], [-61.5776, 15.8739], [-61.5764, 15.8743], [-61.5758, 15.8753], [-61.5755, 15.8763], [-61.5751, 15.8772], [-61.5752, 15.8781], [-61.5749, 15.879], [-61.5745, 15.8799], [-61.5743, 15.8809], [-61.5742, 15.8818], [-61.5739, 15.8827], [-61.5738, 15.8836], [-61.5728, 15.8828], [-61.5719, 15.8824], [-61.571, 15.8831], [-61.5712, 15.8822], [-61.5717, 15.8812], [-61.5709, 15.8803], [-61.5706, 15.8793], [-61.5697, 15.8792], [-61.5688, 15.8798], [-61.5697, 15.8789], [-61.5687, 15.8791], [-61.5688, 15.8782], [-61.5698, 15.8774], [-61.57, 15.8764], [-61.5693, 15.8755], [-61.5704, 15.8743], [-61.5717, 15.8733], [-61.5714, 15.8722], [-61.5705, 15.8716], [-61.5693, 15.8714], [-61.5682, 15.8722], [-61.5673, 15.8722], [-61.5665, 15.8718], [-61.5673, 15.871], [-61.5682, 15.8703], [-61.569, 15.8699], [-61.57, 15.8697], [-61.5709, 15.8695], [-61.5713, 15.8693]]], [[[-61.5679, 15.8731], [-61.5669, 15.8741], [-61.5664, 15.875], [-61.5664, 15.874], [-61.5666, 15.8731], [-61.5675, 15.8725], [-61.5679, 15.8731]]], [[[-61.5939, 15.8718], [-61.595, 15.8722], [-61.5958, 15.8731], [-61.5961, 15.8741], [-61.5968, 15.875], [-61.5984, 15.8754], [-61.5993, 15.8759], [-61.6004, 15.876], [-61.6013, 15.8766], [-61.6017, 15.8775], [-61.6006, 15.878], [-61.5997, 15.8784], [-61.5989, 15.8774], [-61.598, 15.877], [-61.597, 15.8773], [-61.596, 15.8776], [-61.5951, 15.8771], [-61.5943, 15.877], [-61.5937, 15.8781], [-61.5928, 15.8779], [-61.5917, 15.8779], [-61.5917, 15.877], [-61.5909, 15.8765], [-61.5913, 15.8756], [-61.5922, 15.8749], [-61.5926, 15.8739], [-61.5927, 15.873], [-61.5934, 15.8721], [-61.5939, 15.8718]]]]}}, {"type": "Feature", "properties": {"nom": "Trois-Rivi\u00e8res", "code": "97132", "codeDepartement": "971", "siren": "219711322", "codeEpci": "249710070", "codeRegion": "01", "codesPostaux": ["97114"], "population": 7415}, "geometry": {"type": "Polygon", "coordinates": [[[-61.6757, 15.9529], [-61.677, 15.9529], [-61.678, 15.9541], [-61.6786, 15.9552], [-61.6789, 15.9563], [-61.6798, 15.9572], [-61.6807, 15.9582], [-61.6814, 15.9592], [-61.6817, 15.9602], [-61.6819, 15.9611], [-61.6823, 15.9622], [-61.6826, 15.9631], [-61.6833, 15.9642], [-61.6834, 15.9652], [-61.6843, 15.966], [-61.6839, 15.9671], [-61.6838, 15.9681], [-61.6832, 15.9693], [-61.6833, 15.9705], [-61.6829, 15.9714], [-61.6835, 15.9723], [-61.6822, 15.9726], [-61.6808, 15.9728], [-61.679, 15.9733], [-61.6788, 15.9744], [-61.6784, 15.9753], [-61.6772, 15.9761], [-61.6757, 15.9761], [-61.6748, 15.9766], [-61.674, 15.9776], [-61.6731, 15.9776], [-61.6719, 15.9778], [-61.6709, 15.9782], [-61.67, 15.9785], [-61.669, 15.9785], [-61.6681, 15.9781], [-61.6673, 15.9781], [-61.6664, 15.9774], [-61.6655, 15.977], [-61.665, 15.9761], [-61.6643, 15.975], [-61.6642, 15.9739], [-61.6635, 15.9729], [-61.6627, 15.9739], [-61.6627, 15.9748], [-61.6633, 15.9757], [-61.6628, 15.9768], [-61.6625, 15.9777], [-61.6624, 15.9786], [-61.6624, 15.9797], [-61.6625, 15.9806], [-61.6619, 15.9817], [-61.6629, 15.9821], [-61.664, 15.9831], [-61.664, 15.9843], [-61.6642, 15.9852], [-61.665, 15.9862], [-61.6661, 15.9869], [-61.667, 15.9877], [-61.667, 15.9886], [-61.6668, 15.9895], [-61.6669, 15.9906], [-61.6667, 15.9915], [-61.6669, 15.9925], [-61.6671, 15.9934], [-61.6674, 15.9944], [-61.6683, 15.9947], [-61.6688, 15.9956], [-61.6695, 15.9966], [-61.6693, 15.9978], [-61.6686, 15.9987], [-61.6687, 15.9999], [-61.6689, 16.0008], [-61.6678, 16.0016], [-61.6669, 16.0019], [-61.666, 16.0026], [-61.665, 16.0032], [-61.6644, 16.004], [-61.6644, 16.005], [-61.6636, 16.0058], [-61.663, 16.0068], [-61.6633, 16.0076], [-61.6634, 16.0084], [-61.6631, 16.0093], [-61.6621, 16.01], [-61.6614, 16.0111], [-61.6607, 16.012], [-61.66, 16.0129], [-61.6591, 16.0142], [-61.6586, 16.0152], [-61.6584, 16.0163], [-61.6584, 16.0172], [-61.6579, 16.0181], [-61.6585, 16.0193], [-61.6579, 16.0205], [-61.6574, 16.0214], [-61.6573, 16.0223], [-61.6565, 16.0233], [-61.6565, 16.0242], [-61.6562, 16.0255], [-61.6561, 16.0268], [-61.6555, 16.0281], [-61.6555, 16.0289], [-61.6554, 16.0298], [-61.6552, 16.0309], [-61.6556, 16.0334], [-61.6547, 16.0322], [-61.6531, 16.0307], [-61.6522, 16.0303], [-61.6506, 16.0298], [-61.6496, 16.0292], [-61.648, 16.0283], [-61.6452, 16.0268], [-61.6444, 16.0265], [-61.6435, 16.0266], [-61.6414, 16.0275], [-61.6406, 16.0258], [-61.64, 16.0246], [-61.6369, 16.0214], [-61.6357, 16.0207], [-61.6347, 16.0203], [-61.6339, 16.0198], [-61.633, 16.019], [-61.6316, 16.0162], [-61.6311, 16.0153], [-61.6299, 16.0145], [-61.6285, 16.0131], [-61.6275, 16.0115], [-61.6271, 16.0105], [-61.6269, 16.0094], [-61.6272, 16.0082], [-61.6273, 16.007], [-61.6271, 16.0062], [-61.6264, 16.0052], [-61.6263, 16.0043], [-61.6259, 16.0035], [-61.625, 16.0031], [-61.6246, 16.0022], [-61.6244, 16.0012], [-61.6243, 16.0002], [-61.6245, 15.9993], [-61.6246, 15.9983], [-61.6239, 15.9974], [-61.6242, 15.9965], [-61.6237, 15.9955], [-61.6236, 15.9945], [-61.6238, 15.9936], [-61.6229, 15.9926], [-61.6226, 15.9917], [-61.6223, 15.9907], [-61.6219, 15.9898], [-61.6209, 15.9894], [-61.6195, 15.9894], [-61.6185, 15.989], [-61.6176, 15.9888], [-61.6171, 15.9879], [-61.6159, 15.9867], [-61.6151, 15.9863], [-61.6145, 15.9854], [-61.6146, 15.9845], [-61.6144, 15.9834], [-61.6144, 15.9824], [-61.6151, 15.9812], [-61.6159, 15.9808], [-61.6165, 15.9799], [-61.6174, 15.9795], [-61.6183, 15.979], [-61.6195, 15.9785], [-61.6199, 15.9776], [-61.6208, 15.9767], [-61.6198, 15.976], [-61.6191, 15.975], [-61.6188, 15.974], [-61.6186, 15.973], [-61.619, 15.9719], [-61.62, 15.9719], [-61.6208, 15.9724], [-61.6217, 15.9722], [-61.6227, 15.9726], [-61.6222, 15.9717], [-61.6231, 15.9712], [-61.624, 15.9713], [-61.625, 15.9712], [-61.6256, 15.9722], [-61.6267, 15.972], [-61.6277, 15.9716], [-61.628, 15.9707], [-61.629, 15.9706], [-61.6299, 15.9704], [-61.6295, 15.9693], [-61.6299, 15.9683], [-61.63, 15.9674], [-61.6311, 15.9671], [-61.6322, 15.968], [-61.633, 15.9675], [-61.6335, 15.9665], [-61.6343, 15.9664], [-61.6353, 15.9668], [-61.6362, 15.9672], [-61.6372, 15.968], [-61.6383, 15.9679], [-61.6393, 15.9681], [-61.6404, 15.9681], [-61.6416, 15.9682], [-61.6426, 15.9677], [-61.6437, 15.9676], [-61.6447, 15.9669], [-61.6459, 15.9673], [-61.6447, 15.9674], [-61.6445, 15.9683], [-61.6462, 15.9685], [-61.6471, 15.9688], [-61.6482, 15.9698], [-61.6493, 15.9696], [-61.6501, 15.969], [-61.651, 15.9683], [-61.6518, 15.9673], [-61.6527, 15.9669], [-61.6536, 15.9668], [-61.6545, 15.9661], [-61.6554, 15.9652], [-61.6561, 15.9643], [-61.657, 15.9635], [-61.6578, 15.9626], [-61.6579, 15.9617], [-61.6586, 15.9608], [-61.6595, 15.9605], [-61.6605, 15.9614], [-61.661, 15.9624], [-61.6614, 15.9633], [-61.6619, 15.9642], [-61.6628, 15.9645], [-61.6637, 15.9644], [-61.6649, 15.9641], [-61.6658, 15.9638], [-61.6666, 15.9635], [-61.6677, 15.9629], [-61.6686, 15.9624], [-61.6695, 15.9618], [-61.6709, 15.9604], [-61.672, 15.9591], [-61.6729, 15.9579], [-61.6735, 15.9568], [-61.6734, 15.9559], [-61.6742, 15.9549], [-61.6752, 15.9541], [-61.6757, 15.953], [-61.6757, 15.9529]]]}}, {"type": "Feature", "properties": {"nom": "Vieux-Fort", "code": "97133", "codeDepartement": "971", "siren": "219711330", "codeEpci": "249710070", "codeRegion": "01", "codesPostaux": ["97141"], "population": 1674}, "geometry": {"type": "Polygon", "coordinates": [[[-61.684, 15.9727], [-61.6829, 15.9714], [-61.6833, 15.9705], [-61.6832, 15.9693], [-61.6838, 15.9681], [-61.6839, 15.9671], [-61.6844, 15.9662], [-61.6834, 15.9652], [-61.6833, 15.9642], [-61.6827, 15.9633], [-61.6823, 15.9622], [-61.6819, 15.9611], [-61.6817, 15.9602], [-61.6814, 15.9592], [-61.6807, 15.9582], [-61.6798, 15.9572], [-61.6789, 15.9563], [-61.6786, 15.9552], [-61.678, 15.9541], [-61.6771, 15.9534], [-61.6757, 15.9529], [-61.6767, 15.9522], [-61.6777, 15.9523], [-61.6789, 15.9519], [-61.6799, 15.9513], [-61.6802, 15.9504], [-61.6812, 15.9505], [-61.682, 15.9505], [-61.6832, 15.9502], [-61.6844, 15.9499], [-61.6854, 15.9496], [-61.6863, 15.9495], [-61.6873, 15.9495], [-61.6883, 15.9493], [-61.6891, 15.9492], [-61.6902, 15.9493], [-61.6911, 15.9492], [-61.6922, 15.9487], [-61.6931, 15.9483], [-61.694, 15.9484], [-61.6955, 15.9481], [-61.6962, 15.9472], [-61.697, 15.9468], [-61.6979, 15.9467], [-61.6988, 15.9468], [-61.6997, 15.9465], [-61.7006, 15.9468], [-61.7016, 15.9474], [-61.7025, 15.9482], [-61.7036, 15.949], [-61.7047, 15.9489], [-61.7056, 15.9493], [-61.7065, 15.9486], [-61.7075, 15.9483], [-61.7076, 15.9493], [-61.7078, 15.9502], [-61.7076, 15.9511], [-61.7078, 15.952], [-61.7078, 15.9529], [-61.7087, 15.9538], [-61.7096, 15.9544], [-61.7097, 15.9553], [-61.7091, 15.9565], [-61.7089, 15.9576], [-61.709, 15.9586], [-61.7089, 15.9596], [-61.7084, 15.9605], [-61.708, 15.9615], [-61.7081, 15.9624], [-61.7082, 15.9634], [-61.7084, 15.9647], [-61.7089, 15.9662], [-61.7093, 15.9675], [-61.7097, 15.9691], [-61.7099, 15.9699], [-61.7083, 15.9694], [-61.7074, 15.969], [-61.7064, 15.969], [-61.7053, 15.9692], [-61.7041, 15.9693], [-61.703, 15.9692], [-61.7021, 15.9696], [-61.7012, 15.97], [-61.7002, 15.9703], [-61.699, 15.9709], [-61.698, 15.9712], [-61.6968, 15.9707], [-61.6958, 15.9703], [-61.6946, 15.9705], [-61.6932, 15.9707], [-61.6923, 15.9711], [-61.6911, 15.9713], [-61.6904, 15.9725], [-61.6903, 15.9735], [-61.6893, 15.974], [-61.6883, 15.9745], [-61.6869, 15.975], [-61.6861, 15.9741], [-61.6853, 15.9737], [-61.6843, 15.9732], [-61.684, 15.9727]]]}}, {"type": "Feature", "properties": {"nom": "Vieux-Habitants", "code": "97134", "codeDepartement": "971", "siren": "219711348", "codeEpci": "249710070", "codeRegion": "01", "codesPostaux": ["97119"], "population": 7077}, "geometry": {"type": "Polygon", "coordinates": [[[-61.6635, 16.0946], [-61.6664, 16.0925], [-61.667, 16.0915], [-61.6679, 16.0903], [-61.669, 16.0905], [-61.6699, 16.0906], [-61.6708, 16.0907], [-61.6717, 16.0908], [-61.6729, 16.091], [-61.6739, 16.0912], [-61.6748, 16.0911], [-61.6756, 16.0911], [-61.6771, 16.0921], [-61.6782, 16.0919], [-61.6799, 16.092], [-61.6819, 16.0908], [-61.6841, 16.0895], [-61.6852, 16.088], [-61.6867, 16.0859], [-61.6879, 16.0848], [-61.6898, 16.0833], [-61.692, 16.083], [-61.6923, 16.0816], [-61.6922, 16.0806], [-61.6934, 16.0795], [-61.694, 16.0783], [-61.6947, 16.0765], [-61.6973, 16.0764], [-61.6987, 16.0749], [-61.6997, 16.0747], [-61.7008, 16.0741], [-61.7017, 16.0738], [-61.703, 16.0739], [-61.7043, 16.0743], [-61.7059, 16.0743], [-61.7071, 16.074], [-61.7081, 16.0739], [-61.7091, 16.0739], [-61.7099, 16.0728], [-61.7108, 16.0725], [-61.7115, 16.0716], [-61.7121, 16.0708], [-61.7132, 16.0706], [-61.7143, 16.0706], [-61.7153, 16.071], [-61.7162, 16.0706], [-61.7171, 16.0697], [-61.718, 16.0689], [-61.7184, 16.0678], [-61.7193, 16.0672], [-61.7202, 16.067], [-61.7212, 16.0667], [-61.7221, 16.0662], [-61.7224, 16.0653], [-61.7229, 16.0643], [-61.7238, 16.0631], [-61.7242, 16.0621], [-61.7249, 16.0612], [-61.7253, 16.0603], [-61.7261, 16.06], [-61.7273, 16.0595], [-61.7283, 16.0588], [-61.7291, 16.0581], [-61.7296, 16.0571], [-61.7307, 16.0563], [-61.7313, 16.055], [-61.7318, 16.054], [-61.7324, 16.0531], [-61.7323, 16.0518], [-61.7324, 16.0509], [-61.7328, 16.05], [-61.7333, 16.0492], [-61.7337, 16.048], [-61.7347, 16.0482], [-61.7355, 16.0476], [-61.7351, 16.0467], [-61.7345, 16.0459], [-61.7353, 16.045], [-61.7359, 16.0441], [-61.7362, 16.0433], [-61.737, 16.0423], [-61.7379, 16.0415], [-61.7374, 16.0401], [-61.7386, 16.0396], [-61.7394, 16.0393], [-61.7404, 16.0389], [-61.7413, 16.0392], [-61.7416, 16.0382], [-61.7425, 16.0381], [-61.7435, 16.0376], [-61.7446, 16.0375], [-61.7452, 16.0367], [-61.746, 16.0366], [-61.7472, 16.0367], [-61.7481, 16.0367], [-61.7485, 16.0357], [-61.7491, 16.0347], [-61.7501, 16.0345], [-61.751, 16.0342], [-61.7518, 16.0347], [-61.7527, 16.0354], [-61.7533, 16.0362], [-61.7541, 16.0371], [-61.7542, 16.038], [-61.7542, 16.0389], [-61.7545, 16.0399], [-61.7554, 16.0402], [-61.7552, 16.041], [-61.756, 16.0401], [-61.7561, 16.0409], [-61.7568, 16.0418], [-61.7578, 16.0428], [-61.7585, 16.0436], [-61.7593, 16.0443], [-61.7604, 16.045], [-61.7612, 16.0458], [-61.761, 16.0466], [-61.7621, 16.0476], [-61.7629, 16.0482], [-61.7638, 16.0489], [-61.7648, 16.049], [-61.7651, 16.05], [-61.7652, 16.0511], [-61.7658, 16.0524], [-61.7664, 16.0533], [-61.7673, 16.0538], [-61.7678, 16.0546], [-61.7682, 16.0557], [-61.7683, 16.0566], [-61.7686, 16.0575], [-61.7694, 16.0584], [-61.7698, 16.0593], [-61.77, 16.0602], [-61.7703, 16.061], [-61.7704, 16.0618], [-61.7702, 16.063], [-61.77, 16.0638], [-61.7701, 16.0649], [-61.7699, 16.0658], [-61.7701, 16.0668], [-61.7699, 16.0677], [-61.7699, 16.0666], [-61.7694, 16.0658], [-61.7688, 16.0666], [-61.7695, 16.0675], [-61.769, 16.0684], [-61.7691, 16.0693], [-61.7692, 16.0701], [-61.7688, 16.071], [-61.7685, 16.0722], [-61.7683, 16.0731], [-61.7682, 16.074], [-61.7684, 16.0751], [-61.7686, 16.0762], [-61.7686, 16.0772], [-61.769, 16.0782], [-61.7693, 16.0793], [-61.769, 16.0802], [-61.7681, 16.081], [-61.7676, 16.082], [-61.7675, 16.0829], [-61.7675, 16.0837], [-61.7677, 16.0846], [-61.7685, 16.0849], [-61.7692, 16.0863], [-61.769, 16.0872], [-61.7681, 16.0878], [-61.7672, 16.0886], [-61.7665, 16.0895], [-61.7665, 16.0905], [-61.7656, 16.0912], [-61.7646, 16.0928], [-61.7641, 16.094], [-61.7637, 16.0952], [-61.7631, 16.0961], [-61.7621, 16.0971], [-61.761, 16.0979], [-61.7601, 16.0981], [-61.7589, 16.0989], [-61.7577, 16.0997], [-61.7568, 16.1002], [-61.7559, 16.1005], [-61.7546, 16.1012], [-61.7533, 16.1023], [-61.7524, 16.1033], [-61.7518, 16.1044], [-61.7516, 16.1056], [-61.75, 16.1068], [-61.7484, 16.1071], [-61.748, 16.108], [-61.7469, 16.1084], [-61.7454, 16.1093], [-61.7445, 16.1091], [-61.7437, 16.1091], [-61.7424, 16.1098], [-61.7425, 16.1106], [-61.7413, 16.1111], [-61.7405, 16.1113], [-61.7404, 16.1105], [-61.7387, 16.1103], [-61.7375, 16.1113], [-61.7367, 16.1121], [-61.7356, 16.1125], [-61.7342, 16.113], [-61.7333, 16.1137], [-61.7329, 16.1152], [-61.7332, 16.1165], [-61.7334, 16.1175], [-61.7335, 16.1185], [-61.7335, 16.1204], [-61.7329, 16.1222], [-61.7322, 16.1231], [-61.7317, 16.1242], [-61.7316, 16.125], [-61.7315, 16.1283], [-61.7305, 16.1293], [-61.7297, 16.1302], [-61.7288, 16.131], [-61.7283, 16.1319], [-61.7274, 16.1323], [-61.7264, 16.1328], [-61.7255, 16.1337], [-61.7251, 16.1346], [-61.7241, 16.1353], [-61.7231, 16.1349], [-61.7223, 16.1346], [-61.7212, 16.1348], [-61.7203, 16.1344], [-61.7194, 16.1342], [-61.7183, 16.1338], [-61.7174, 16.1334], [-61.7164, 16.1332], [-61.7163, 16.1321], [-61.716, 16.1313], [-61.7156, 16.1304], [-61.7152, 16.1296], [-61.7158, 16.1287], [-61.7158, 16.1278], [-61.7167, 16.127], [-61.7162, 16.1261], [-61.7159, 16.1253], [-61.7151, 16.1243], [-61.7151, 16.1233], [-61.7149, 16.1225], [-61.7148, 16.1216], [-61.7145, 16.1207], [-61.7136, 16.1198], [-61.7127, 16.1191], [-61.7118, 16.1181], [-61.7112, 16.1171], [-61.71, 16.1171], [-61.709, 16.1173], [-61.7081, 16.1176], [-61.7072, 16.1181], [-61.7058, 16.1188], [-61.7049, 16.119], [-61.7038, 16.1191], [-61.7029, 16.1195], [-61.7019, 16.1198], [-61.7011, 16.1199], [-61.7001, 16.1202], [-61.6989, 16.1195], [-61.698, 16.1185], [-61.6971, 16.1177], [-61.696, 16.1171], [-61.6955, 16.1161], [-61.6945, 16.1157], [-61.6935, 16.1159], [-61.6926, 16.1159], [-61.6914, 16.1162], [-61.6905, 16.1158], [-61.6895, 16.1149], [-61.6887, 16.1149], [-61.6876, 16.1157], [-61.6867, 16.116], [-61.6859, 16.1161], [-61.6844, 16.1157], [-61.6825, 16.1155], [-61.6812, 16.115], [-61.6796, 16.1148], [-61.6788, 16.1138], [-61.678, 16.113], [-61.6777, 16.112], [-61.6768, 16.1117], [-61.6756, 16.1111], [-61.6748, 16.1105], [-61.6739, 16.1105], [-61.6729, 16.1099], [-61.6722, 16.109], [-61.6715, 16.1081], [-61.6718, 16.1073], [-61.6714, 16.1064], [-61.6712, 16.1056], [-61.6706, 16.1046], [-61.6698, 16.1032], [-61.6694, 16.1023], [-61.6684, 16.1014], [-61.6673, 16.1008], [-61.6663, 16.1], [-61.666, 16.0991], [-61.6656, 16.0982], [-61.6649, 16.0973], [-61.6645, 16.0964], [-61.6638, 16.0954], [-61.6635, 16.0946]]]}}]}