{"type": "FeatureCollection", "features": [{"type": "Feature", "properties": {"nom": "R\u00e9gina", "code": "97301", "codeDepartement": "973", "siren": "219733011", "codeEpci": "249730052", "codeRegion": "03", "codesPostaux": ["97353", "97390"], "population": 1658}, "geometry": {"type": "MultiPolygon", "coordinates": [[[[-51.7367, 4.4542], [-51.7355, 4.4546], [-51.7346, 4.4547], [-51.7336, 4.4553], [-51.7328, 4.4562], [-51.7312, 4.4565], [-51.7315, 4.455], [-51.7326, 4.4545], [-51.7337, 4.4539], [-51.735, 4.4532], [-51.7362, 4.4528], [-51.7368, 4.4515], [-51.7374, 4.4506], [-51.7378, 4.4495], [-51.7383, 4.4482], [-51.7393, 4.448], [-51.7402, 4.4479], [-51.7411, 4.4479], [-51.7407, 4.4494], [-51.7406, 4.4508], [-51.7406, 4.4518], [-51.74, 4.4528], [-51.7388, 4.4535], [-51.7375, 4.4541], [-51.7367, 4.4542]]], [[[-51.9679, 4.8169], [-51.9681, 4.8168], [-51.9682, 4.8168], [-51.9679, 4.8169]]], [[[-51.9374, 4.8264], [-51.9365, 4.8259], [-51.9357, 4.8253], [-51.9357, 4.8245], [-51.9366, 4.8241], [-51.9374, 4.825], [-51.9377, 4.8259], [-51.9374, 4.8264]]], [[[-51.7506, 4.4468], [-51.7517, 4.4467], [-51.7529, 4.4466], [-51.7545, 4.4463], [-51.7555, 4.4462], [-51.7594, 4.4457], [-51.7622, 4.4454], [-51.7633, 4.4452], [-51.7652, 4.445], [-51.7663, 4.4449], [-51.7674, 4.4448], [-51.7684, 4.4447], [-51.7693, 4.4445], [-51.7728, 4.4441], [-51.7758, 4.4437], [-51.7777, 4.4435], [-51.7786, 4.4434], [-51.7805, 4.4431], [-51.7821, 4.4429], [-51.7832, 4.4428], [-51.7841, 4.4427], [-51.7855, 4.4425], [-51.7869, 4.4424], [-51.7881, 4.4422], [-51.7906, 4.4419], [-51.7915, 4.4418], [-51.7927, 4.4417], [-51.7941, 4.4415], [-51.795, 4.4414], [-51.7973, 4.4411], [-51.7985, 4.4409], [-51.7999, 4.4408], [-51.8014, 4.4406], [-51.8035, 4.4405], [-51.8044, 4.4405], [-51.8058, 4.4405], [-51.8071, 4.4406], [-51.8083, 4.4408], [-51.8101, 4.4402], [-51.811, 4.4399], [-51.8124, 4.4388], [-51.8141, 4.4378], [-51.815, 4.4373], [-51.8158, 4.437], [-51.8181, 4.4368], [-51.819, 4.4366], [-51.8199, 4.4365], [-51.8243, 4.436], [-51.8257, 4.4358], [-51.8275, 4.4356], [-51.8294, 4.4353], [-51.8308, 4.4352], [-51.8323, 4.435], [-51.8335, 4.4348], [-51.8346, 4.4347], [-51.8361, 4.4345], [-51.8374, 4.4344], [-51.8386, 4.4342], [-51.8395, 4.4341], [-51.8405, 4.4339], [-51.8435, 4.4334], [-51.8503, 4.4313], [-51.8516, 4.4307], [-51.8538, 4.4299], [-51.8547, 4.4294], [-51.8574, 4.4276], [-51.858, 4.4263], [-51.8588, 4.4254], [-51.8602, 4.4245], [-51.8612, 4.423], [-51.8625, 4.422], [-51.8628, 4.421], [-51.8622, 4.4198], [-51.8613, 4.4191], [-51.8611, 4.4179], [-51.8608, 4.4161], [-51.8605, 4.4152], [-51.8599, 4.414], [-51.8601, 4.4131], [-51.8606, 4.4121], [-51.8612, 4.4111], [-51.8619, 4.4101], [-51.8624, 4.4091], [-51.863, 4.4082], [-51.8629, 4.4068], [-51.8629, 4.4057], [-51.8628, 4.4047], [-51.8627, 4.4034], [-51.8627, 4.4023], [-51.8626, 4.4005], [-51.8625, 4.3989], [-51.8624, 4.3975], [-51.8622, 4.3963], [-51.8622, 4.3948], [-51.8621, 4.3939], [-51.8621, 4.3927], [-51.862, 4.3912], [-51.8619, 4.39], [-51.8618, 4.3891], [-51.8617, 4.3879], [-51.8616, 4.3864], [-51.8616, 4.3852], [-51.8614, 4.3836], [-51.8613, 4.3818], [-51.8613, 4.3809], [-51.8612, 4.3797], [-51.8611, 4.3784], [-51.861, 4.3774], [-51.861, 4.3765], [-51.8609, 4.3756], [-51.8609, 4.3748], [-51.8608, 4.3736], [-51.8607, 4.3723], [-51.8606, 4.3707], [-51.8606, 4.3698], [-51.8605, 4.3682], [-51.8604, 4.3673], [-51.8603, 4.3664], [-51.8603, 4.3655], [-51.8603, 4.3612], [-51.8611, 4.3596], [-51.8618, 4.3588], [-51.8628, 4.358], [-51.8639, 4.3564], [-51.8654, 4.3551], [-51.8662, 4.3542], [-51.8668, 4.3533], [-51.8685, 4.3514], [-51.8701, 4.3495], [-51.8701, 4.3474], [-51.8699, 4.3456], [-51.8696, 4.3446], [-51.8689, 4.3436], [-51.8676, 4.3429], [-51.8663, 4.3423], [-51.8653, 4.3419], [-51.8628, 4.3411], [-51.8613, 4.3403], [-51.8608, 4.3382], [-51.8603, 4.3371], [-51.8596, 4.3363], [-51.8594, 4.3353], [-51.8594, 4.334], [-51.8586, 4.3329], [-51.8583, 4.3318], [-51.8585, 4.3305], [-51.8591, 4.3289], [-51.8611, 4.3219], [-51.8627, 4.316], [-51.8646, 4.3097], [-51.8644, 4.3085], [-51.864, 4.3065], [-51.8638, 4.3051], [-51.8632, 4.302], [-51.8629, 4.3008], [-51.8626, 4.2992], [-51.8623, 4.2974], [-51.8621, 4.2965], [-51.8619, 4.2953], [-51.8615, 4.2932], [-51.8613, 4.2921], [-51.8608, 4.2896], [-51.8606, 4.2886], [-51.8605, 4.2877], [-51.8602, 4.2865], [-51.8593, 4.2814], [-51.8585, 4.2776], [-51.8584, 4.2767], [-51.8576, 4.273], [-51.8569, 4.2688], [-51.8567, 4.2679], [-51.8565, 4.2669], [-51.8563, 4.2655], [-51.8558, 4.2636], [-51.854, 4.2541], [-51.8535, 4.2515], [-51.8535, 4.2506], [-51.8533, 4.2497], [-51.853, 4.2483], [-51.8524, 4.2474], [-51.8512, 4.2448], [-51.8508, 4.2438], [-51.8508, 4.2425], [-51.8502, 4.2413], [-51.85, 4.2402], [-51.8505, 4.2393], [-51.8512, 4.2382], [-51.8516, 4.2369], [-51.8513, 4.2353], [-51.851, 4.2343], [-51.8507, 4.2333], [-51.8506, 4.2322], [-51.8513, 4.2313], [-51.8517, 4.2297], [-51.8512, 4.228], [-51.8511, 4.2271], [-51.8511, 4.226], [-51.8511, 4.2251], [-51.8511, 4.2233], [-51.851, 4.2223], [-51.851, 4.2214], [-51.8509, 4.2205], [-51.8509, 4.2194], [-51.8509, 4.2171], [-51.8512, 4.2151], [-51.8517, 4.2138], [-51.8522, 4.2129], [-51.8528, 4.212], [-51.8528, 4.2111], [-51.8523, 4.2102], [-51.8514, 4.2096], [-51.8505, 4.2094], [-51.848, 4.2085], [-51.8468, 4.2078], [-51.8457, 4.2075], [-51.8437, 4.206], [-51.8428, 4.2052], [-51.8416, 4.205], [-51.8406, 4.2052], [-51.839, 4.2063], [-51.8381, 4.207], [-51.8359, 4.2067], [-51.8349, 4.2066], [-51.8336, 4.2072], [-51.8327, 4.2078], [-51.8316, 4.2078], [-51.8302, 4.2063], [-51.8297, 4.2054], [-51.8285, 4.205], [-51.8275, 4.205], [-51.8265, 4.2045], [-51.8256, 4.2045], [-51.8242, 4.2052], [-51.8233, 4.2054], [-51.8225, 4.2051], [-51.8214, 4.2045], [-51.8204, 4.2035], [-51.8194, 4.2018], [-51.8191, 4.2009], [-51.8182, 4.1994], [-51.8177, 4.1981], [-51.8172, 4.1971], [-51.816, 4.1968], [-51.8145, 4.1963], [-51.8135, 4.1966], [-51.8125, 4.1973], [-51.8115, 4.1977], [-51.8105, 4.1972], [-51.8101, 4.1955], [-51.8098, 4.1941], [-51.8095, 4.1929], [-51.8094, 4.1909], [-51.8088, 4.1896], [-51.8085, 4.1888], [-51.8077, 4.1872], [-51.8073, 4.1858], [-51.8067, 4.183], [-51.8067, 4.1821], [-51.8067, 4.1807], [-51.807, 4.1797], [-51.8078, 4.1787], [-51.8088, 4.1777], [-51.8102, 4.1766], [-51.8112, 4.1762], [-51.8122, 4.1761], [-51.8136, 4.1759], [-51.8142, 4.1747], [-51.8144, 4.1737], [-51.8151, 4.1728], [-51.8167, 4.1722], [-51.818, 4.1716], [-51.8203, 4.1707], [-51.8215, 4.1706], [-51.8226, 4.1712], [-51.8249, 4.1717], [-51.8258, 4.1718], [-51.827, 4.1719], [-51.828, 4.1724], [-51.8289, 4.173], [-51.8305, 4.1732], [-51.8318, 4.173], [-51.8332, 4.1724], [-51.8343, 4.1711], [-51.8347, 4.1701], [-51.8364, 4.1693], [-51.8375, 4.1681], [-51.8377, 4.1667], [-51.8369, 4.1653], [-51.8367, 4.1644], [-51.8374, 4.163], [-51.8373, 4.1612], [-51.8372, 4.1603], [-51.8375, 4.1593], [-51.8385, 4.1583], [-51.8396, 4.1576], [-51.8405, 4.1568], [-51.8414, 4.1563], [-51.8431, 4.1558], [-51.8447, 4.1557], [-51.8456, 4.1559], [-51.8468, 4.1562], [-51.8478, 4.1574], [-51.848, 4.1588], [-51.8479, 4.1599], [-51.8475, 4.1613], [-51.8475, 4.1629], [-51.8484, 4.1636], [-51.8492, 4.1633], [-51.8502, 4.1623], [-51.8516, 4.1615], [-51.8529, 4.1616], [-51.8539, 4.162], [-51.8551, 4.1626], [-51.8569, 4.163], [-51.8579, 4.1629], [-51.8588, 4.1631], [-51.8599, 4.1645], [-51.8608, 4.1647], [-51.8624, 4.1636], [-51.8634, 4.1627], [-51.8658, 4.1604], [-51.8671, 4.1595], [-51.868, 4.1591], [-51.8694, 4.1588], [-51.8703, 4.1586], [-51.872, 4.1586], [-51.8733, 4.1591], [-51.8741, 4.1605], [-51.8746, 4.1616], [-51.8752, 4.1625], [-51.8757, 4.1634], [-51.8778, 4.1629], [-51.879, 4.1622], [-51.8798, 4.1618], [-51.8809, 4.1612], [-51.8825, 4.1615], [-51.8841, 4.1621], [-51.8852, 4.1621], [-51.8863, 4.1616], [-51.888, 4.1612], [-51.8889, 4.1609], [-51.8901, 4.1602], [-51.8914, 4.1586], [-51.8922, 4.1581], [-51.8943, 4.1577], [-51.8954, 4.1572], [-51.8963, 4.1561], [-51.8967, 4.1547], [-51.8969, 4.1535], [-51.8968, 4.1524], [-51.8965, 4.1514], [-51.8963, 4.1505], [-51.8959, 4.1493], [-51.8956, 4.1481], [-51.8955, 4.1469], [-51.8956, 4.1455], [-51.8957, 4.144], [-51.8959, 4.1429], [-51.896, 4.142], [-51.8965, 4.1405], [-51.8973, 4.1392], [-51.8983, 4.1381], [-51.8994, 4.1376], [-51.9006, 4.1378], [-51.9016, 4.1383], [-51.9025, 4.1388], [-51.9037, 4.1388], [-51.9049, 4.1377], [-51.9053, 4.1363], [-51.9061, 4.1354], [-51.9069, 4.1342], [-51.9072, 4.1333], [-51.9075, 4.1321], [-51.9087, 4.1323], [-51.9099, 4.1322], [-51.9112, 4.1311], [-51.9115, 4.1302], [-51.9121, 4.1291], [-51.9134, 4.1282], [-51.9166, 4.127], [-51.9183, 4.1265], [-51.9195, 4.1266], [-51.9204, 4.1267], [-51.9215, 4.1269], [-51.9227, 4.1269], [-51.9239, 4.1273], [-51.9251, 4.1277], [-51.9265, 4.1284], [-51.9268, 4.1306], [-51.9266, 4.1318], [-51.9266, 4.1336], [-51.9269, 4.1345], [-51.928, 4.1353], [-51.9289, 4.1354], [-51.9298, 4.1353], [-51.9312, 4.1345], [-51.9326, 4.1345], [-51.9335, 4.1351], [-51.9344, 4.1362], [-51.9361, 4.1383], [-51.9365, 4.1392], [-51.9368, 4.1402], [-51.9369, 4.1413], [-51.9371, 4.1422], [-51.9375, 4.1432], [-51.9382, 4.1442], [-51.9392, 4.1446], [-51.9404, 4.1449], [-51.9416, 4.1453], [-51.9425, 4.146], [-51.943, 4.1472], [-51.9432, 4.1483], [-51.9443, 4.1496], [-51.9454, 4.1508], [-51.9464, 4.1521], [-51.947, 4.153], [-51.9477, 4.1538], [-51.949, 4.1555], [-51.9501, 4.1568], [-51.9511, 4.1573], [-51.9523, 4.1575], [-51.9532, 4.1572], [-51.9543, 4.1567], [-51.9552, 4.1564], [-51.9563, 4.1555], [-51.9575, 4.1542], [-51.9585, 4.1525], [-51.9592, 4.1515], [-51.9598, 4.1501], [-51.9604, 4.149], [-51.9618, 4.1474], [-51.9626, 4.1462], [-51.9636, 4.1452], [-51.965, 4.1435], [-51.9662, 4.143], [-51.9672, 4.1432], [-51.9681, 4.1446], [-51.9685, 4.1457], [-51.9691, 4.1471], [-51.97, 4.1479], [-51.971, 4.1478], [-51.9719, 4.1469], [-51.9728, 4.1456], [-51.974, 4.1445], [-51.9748, 4.1438], [-51.9758, 4.1431], [-51.9768, 4.1427], [-51.9784, 4.1424], [-51.9793, 4.1425], [-51.9807, 4.1427], [-51.9822, 4.1431], [-51.9834, 4.1434], [-51.9843, 4.1434], [-51.9857, 4.1429], [-51.9869, 4.1415], [-51.9885, 4.1385], [-51.989, 4.1368], [-51.9895, 4.1355], [-51.99, 4.1345], [-51.9906, 4.1336], [-51.9917, 4.1332], [-51.9928, 4.1332], [-51.9937, 4.1331], [-51.9946, 4.133], [-51.9961, 4.1333], [-51.997, 4.1331], [-51.998, 4.132], [-51.9983, 4.1308], [-51.9985, 4.1297], [-51.9984, 4.1283], [-51.9986, 4.1274], [-51.999, 4.1264], [-52.0001, 4.1248], [-52.001, 4.1234], [-52.0, 4.1222], [-51.9995, 4.1209], [-51.9994, 4.1187], [-51.9997, 4.1172], [-52.0009, 4.1144], [-52.0021, 4.1133], [-52.0033, 4.1126], [-52.0058, 4.1118], [-52.007, 4.1107], [-52.0076, 4.1096], [-52.0086, 4.1082], [-52.0099, 4.1056], [-52.0105, 4.103], [-52.0107, 4.1017], [-52.0105, 4.1006], [-52.0099, 4.0992], [-52.0095, 4.0979], [-52.0101, 4.0963], [-52.0112, 4.0947], [-52.0115, 4.0938], [-52.0104, 4.0934], [-52.009, 4.0938], [-52.0074, 4.0945], [-52.0057, 4.0948], [-52.0038, 4.095], [-52.0024, 4.0949], [-52.0011, 4.0948], [-51.9999, 4.094], [-51.9989, 4.093], [-51.9982, 4.0918], [-51.9972, 4.0909], [-51.9952, 4.0898], [-51.9941, 4.0891], [-51.9923, 4.088], [-51.9912, 4.087], [-51.9908, 4.085], [-51.9908, 4.0841], [-51.9908, 4.0827], [-51.9913, 4.0814], [-51.9922, 4.0802], [-51.9933, 4.0784], [-51.9943, 4.0773], [-51.9955, 4.0766], [-51.9953, 4.0756], [-51.9948, 4.0747], [-51.9951, 4.0731], [-51.9954, 4.0719], [-51.9952, 4.0708], [-51.9941, 4.07], [-51.9931, 4.0696], [-51.9921, 4.0695], [-51.9911, 4.0691], [-51.9906, 4.068], [-51.9906, 4.0659], [-51.9905, 4.065], [-51.9901, 4.0636], [-51.989, 4.0625], [-51.988, 4.062], [-51.987, 4.062], [-51.9862, 4.0624], [-51.985, 4.0637], [-51.9836, 4.0646], [-51.9826, 4.0646], [-51.9822, 4.0633], [-51.9816, 4.0619], [-51.9804, 4.06], [-51.9794, 4.0591], [-51.9784, 4.059], [-51.9775, 4.0586], [-51.9774, 4.0577], [-51.9778, 4.0552], [-51.9779, 4.0543], [-51.9778, 4.0532], [-51.9777, 4.0522], [-51.9775, 4.0509], [-51.9773, 4.0499], [-51.9769, 4.0483], [-51.9766, 4.0469], [-51.9762, 4.0455], [-51.976, 4.0445], [-51.9757, 4.0436], [-51.9753, 4.0427], [-51.975, 4.0416], [-51.9744, 4.0399], [-51.9738, 4.0385], [-51.9735, 4.0375], [-51.9728, 4.0362], [-51.9723, 4.0353], [-51.9718, 4.0343], [-51.9711, 4.0319], [-51.9709, 4.0307], [-51.9706, 4.0296], [-51.9713, 4.0282], [-51.9715, 4.0269], [-51.971, 4.0259], [-51.9702, 4.0249], [-51.9691, 4.024], [-51.9678, 4.0228], [-51.967, 4.0216], [-51.9665, 4.0206], [-51.9663, 4.0194], [-51.9662, 4.0182], [-51.9662, 4.0162], [-51.9662, 4.0151], [-51.9661, 4.014], [-51.9662, 4.0131], [-51.9658, 4.0119], [-51.9648, 4.0112], [-51.9638, 4.0104], [-51.9631, 4.0092], [-51.9629, 4.0083], [-51.9629, 4.0069], [-51.9629, 4.0055], [-51.963, 4.004], [-51.9635, 4.003], [-51.9647, 4.0026], [-51.9661, 4.0029], [-51.9671, 4.0025], [-51.968, 4.0024], [-51.969, 4.0022], [-51.9699, 4.0016], [-51.9703, 4.0006], [-51.9705, 3.9998], [-51.9712, 3.9989], [-51.9722, 3.9983], [-51.9731, 3.998], [-51.9741, 3.9977], [-51.9754, 3.9976], [-51.9763, 3.9973], [-51.9769, 3.9964], [-51.9781, 3.9953], [-51.9797, 3.9951], [-51.9809, 3.9948], [-51.9835, 3.9956], [-51.9847, 3.9958], [-51.9859, 3.9955], [-51.9868, 3.9949], [-51.988, 3.9948], [-51.9892, 3.9949], [-51.9903, 3.995], [-51.9913, 3.9951], [-51.9922, 3.9953], [-51.9936, 3.996], [-51.9945, 3.9962], [-51.9957, 3.9952], [-51.996, 3.9931], [-51.9963, 3.9917], [-51.9966, 3.9905], [-51.9982, 3.9877], [-51.9988, 3.9868], [-52.0, 3.9859], [-52.0014, 3.9874], [-52.0022, 3.9884], [-52.0036, 3.9886], [-52.0047, 3.9877], [-52.0056, 3.9868], [-52.0065, 3.9862], [-52.008, 3.9856], [-52.0091, 3.9847], [-52.0101, 3.9835], [-52.0121, 3.9818], [-52.0126, 3.9808], [-52.0129, 3.9796], [-52.0127, 3.9786], [-52.0123, 3.9776], [-52.0115, 3.976], [-52.0102, 3.9739], [-52.0097, 3.9729], [-52.0092, 3.9719], [-52.009, 3.9707], [-52.0091, 3.9695], [-52.0085, 3.9678], [-52.0087, 3.9668], [-52.0095, 3.9667], [-52.0106, 3.9676], [-52.0119, 3.9686], [-52.0127, 3.9692], [-52.0132, 3.97], [-52.0135, 3.971], [-52.0137, 3.9719], [-52.0144, 3.9729], [-52.0154, 3.9733], [-52.0172, 3.9727], [-52.0186, 3.9716], [-52.0195, 3.9705], [-52.0204, 3.9696], [-52.0215, 3.9694], [-52.0224, 3.9698], [-52.0236, 3.9708], [-52.024, 3.9722], [-52.0246, 3.9733], [-52.0258, 3.9744], [-52.0269, 3.9756], [-52.0277, 3.9768], [-52.028, 3.9777], [-52.0295, 3.9788], [-52.0302, 3.9798], [-52.0304, 3.981], [-52.0303, 3.9819], [-52.0302, 3.983], [-52.0307, 3.9842], [-52.031, 3.9855], [-52.0313, 3.9866], [-52.0322, 3.9879], [-52.0336, 3.9887], [-52.0348, 3.989], [-52.0356, 3.9887], [-52.0366, 3.9883], [-52.0377, 3.9874], [-52.0382, 3.9863], [-52.0398, 3.9853], [-52.0408, 3.9843], [-52.0415, 3.9833], [-52.0417, 3.9824], [-52.0418, 3.9815], [-52.0428, 3.9805], [-52.0437, 3.9805], [-52.0449, 3.9813], [-52.0467, 3.9811], [-52.0476, 3.9813], [-52.0491, 3.9819], [-52.0501, 3.9818], [-52.0514, 3.9816], [-52.0523, 3.9816], [-52.0533, 3.9817], [-52.0542, 3.9814], [-52.055, 3.9805], [-52.0554, 3.9797], [-52.0554, 3.9784], [-52.0553, 3.9776], [-52.0551, 3.9767], [-52.055, 3.9758], [-52.0549, 3.9746], [-52.0549, 3.9735], [-52.0556, 3.9722], [-52.0567, 3.9718], [-52.0577, 3.9716], [-52.0586, 3.9705], [-52.0586, 3.9696], [-52.0581, 3.9687], [-52.0582, 3.9678], [-52.0586, 3.9669], [-52.059, 3.9654], [-52.0595, 3.9629], [-52.0602, 3.9619], [-52.0612, 3.9622], [-52.0619, 3.9632], [-52.0624, 3.9642], [-52.0635, 3.966], [-52.0643, 3.967], [-52.0656, 3.9685], [-52.0666, 3.9689], [-52.0676, 3.9684], [-52.0679, 3.9672], [-52.068, 3.966], [-52.068, 3.9651], [-52.0681, 3.964], [-52.0687, 3.9631], [-52.0696, 3.9626], [-52.0707, 3.9626], [-52.0717, 3.9629], [-52.0727, 3.9616], [-52.0731, 3.9603], [-52.0739, 3.96], [-52.0753, 3.9602], [-52.0764, 3.9606], [-52.0774, 3.9612], [-52.0782, 3.9616], [-52.0796, 3.9607], [-52.0801, 3.9592], [-52.0802, 3.9583], [-52.0803, 3.9574], [-52.0803, 3.9564], [-52.0801, 3.9551], [-52.08, 3.9539], [-52.0797, 3.9529], [-52.0791, 3.9512], [-52.0786, 3.95], [-52.0783, 3.9492], [-52.0781, 3.948], [-52.078, 3.9471], [-52.0789, 3.9451], [-52.0796, 3.9441], [-52.0801, 3.9433], [-52.0811, 3.9424], [-52.0826, 3.9419], [-52.0835, 3.9413], [-52.0837, 3.9403], [-52.0834, 3.9391], [-52.0831, 3.9381], [-52.0835, 3.9372], [-52.0847, 3.9377], [-52.0855, 3.9391], [-52.0861, 3.94], [-52.0868, 3.941], [-52.0878, 3.9423], [-52.0887, 3.943], [-52.0894, 3.944], [-52.0898, 3.945], [-52.0899, 3.9459], [-52.0899, 3.947], [-52.0896, 3.9482], [-52.089, 3.9497], [-52.0885, 3.9508], [-52.0873, 3.9521], [-52.0857, 3.9536], [-52.0853, 3.9545], [-52.0857, 3.9558], [-52.0866, 3.9569], [-52.0874, 3.9579], [-52.0882, 3.9588], [-52.0885, 3.9597], [-52.0885, 3.9611], [-52.0884, 3.9622], [-52.0884, 3.9635], [-52.0884, 3.9645], [-52.0885, 3.9654], [-52.0887, 3.9665], [-52.0891, 3.9675], [-52.0897, 3.9684], [-52.0912, 3.9693], [-52.0923, 3.9699], [-52.0935, 3.9707], [-52.0946, 3.9712], [-52.0961, 3.9722], [-52.0969, 3.9732], [-52.0976, 3.974], [-52.0985, 3.9748], [-52.0995, 3.9753], [-52.1009, 3.9755], [-52.1018, 3.9751], [-52.1028, 3.9738], [-52.1037, 3.9729], [-52.1052, 3.973], [-52.1069, 3.9746], [-52.108, 3.9761], [-52.1087, 3.9775], [-52.1093, 3.9795], [-52.1096, 3.9805], [-52.1099, 3.9814], [-52.1103, 3.9824], [-52.111, 3.9844], [-52.1115, 3.9853], [-52.1127, 3.9861], [-52.1135, 3.986], [-52.1147, 3.9855], [-52.1158, 3.9858], [-52.116, 3.9867], [-52.1162, 3.9885], [-52.1164, 3.9897], [-52.1166, 3.9907], [-52.1169, 3.992], [-52.1173, 3.9933], [-52.1176, 3.9942], [-52.118, 3.9953], [-52.1186, 3.9962], [-52.1193, 3.9973], [-52.1206, 3.9976], [-52.1216, 3.997], [-52.1223, 3.9961], [-52.1228, 3.9948], [-52.1239, 3.9923], [-52.1253, 3.9909], [-52.1258, 3.99], [-52.1258, 3.9889], [-52.1254, 3.9879], [-52.1256, 3.9867], [-52.1266, 3.9853], [-52.1271, 3.9843], [-52.127, 3.9832], [-52.1265, 3.9821], [-52.1255, 3.9808], [-52.1245, 3.9796], [-52.1248, 3.978], [-52.1263, 3.9768], [-52.1283, 3.9763], [-52.1295, 3.9759], [-52.1305, 3.9751], [-52.1304, 3.9739], [-52.1304, 3.9723], [-52.1316, 3.9716], [-52.1327, 3.9712], [-52.1336, 3.9707], [-52.1348, 3.9691], [-52.1351, 3.9682], [-52.1352, 3.9668], [-52.135, 3.9656], [-52.1341, 3.9643], [-52.1336, 3.9631], [-52.1344, 3.9615], [-52.1351, 3.9606], [-52.1352, 3.9594], [-52.1349, 3.9579], [-52.1341, 3.9565], [-52.1333, 3.9553], [-52.1329, 3.9541], [-52.1332, 3.9523], [-52.1333, 3.9512], [-52.1331, 3.9501], [-52.1324, 3.9492], [-52.1317, 3.9482], [-52.1311, 3.9471], [-52.1309, 3.946], [-52.1307, 3.9452], [-52.1308, 3.9441], [-52.1313, 3.9431], [-52.1325, 3.9418], [-52.1326, 3.9409], [-52.1328, 3.9394], [-52.1336, 3.9384], [-52.1351, 3.9379], [-52.136, 3.938], [-52.1371, 3.9387], [-52.1382, 3.9395], [-52.1391, 3.9394], [-52.1401, 3.9392], [-52.1416, 3.9387], [-52.1432, 3.9376], [-52.1442, 3.9371], [-52.1454, 3.9369], [-52.1463, 3.9367], [-52.1475, 3.9366], [-52.1486, 3.9366], [-52.1495, 3.9365], [-52.1506, 3.9357], [-52.1511, 3.9347], [-52.1513, 3.9324], [-52.1514, 3.9314], [-52.1517, 3.9302], [-52.1519, 3.929], [-52.1517, 3.9281], [-52.1514, 3.9267], [-52.1509, 3.9254], [-52.1506, 3.9245], [-52.1501, 3.9236], [-52.1503, 3.9226], [-52.1513, 3.9227], [-52.1526, 3.9235], [-52.1538, 3.9233], [-52.1546, 3.9219], [-52.155, 3.9204], [-52.1551, 3.9195], [-52.1553, 3.9187], [-52.1554, 3.917], [-52.1555, 3.9154], [-52.1554, 3.9139], [-52.155, 3.9119], [-52.1552, 3.9108], [-52.1557, 3.9099], [-52.1571, 3.9096], [-52.1581, 3.9094], [-52.1592, 3.9086], [-52.1604, 3.9086], [-52.161, 3.9094], [-52.1619, 3.91], [-52.1629, 3.9088], [-52.1633, 3.9078], [-52.1634, 3.9067], [-52.1632, 3.9055], [-52.1633, 3.9046], [-52.1635, 3.9036], [-52.1637, 3.9027], [-52.1638, 3.9018], [-52.1635, 3.9006], [-52.1636, 3.8995], [-52.1646, 3.8986], [-52.1655, 3.8985], [-52.1665, 3.8985], [-52.1676, 3.8987], [-52.1686, 3.8987], [-52.1699, 3.8987], [-52.1708, 3.8985], [-52.1726, 3.8977], [-52.1735, 3.8967], [-52.1743, 3.896], [-52.1752, 3.8957], [-52.176, 3.8957], [-52.1771, 3.8957], [-52.1785, 3.8956], [-52.1795, 3.8951], [-52.1805, 3.8944], [-52.1814, 3.8938], [-52.184, 3.8927], [-52.1849, 3.8925], [-52.1864, 3.893], [-52.1876, 3.8933], [-52.1892, 3.8928], [-52.1901, 3.8927], [-52.1913, 3.8931], [-52.1921, 3.8936], [-52.1932, 3.8942], [-52.1941, 3.8947], [-52.195, 3.8953], [-52.1961, 3.8967], [-52.1964, 3.8977], [-52.197, 3.8992], [-52.198, 3.8998], [-52.1989, 3.8996], [-52.1999, 3.8986], [-52.2005, 3.8967], [-52.2002, 3.8956], [-52.2003, 3.8943], [-52.2014, 3.8938], [-52.2024, 3.8937], [-52.2033, 3.8937], [-52.2042, 3.8942], [-52.2046, 3.8956], [-52.2046, 3.8969], [-52.2047, 3.8979], [-52.2048, 3.8988], [-52.2054, 3.8997], [-52.2065, 3.9006], [-52.2082, 3.9013], [-52.2092, 3.9017], [-52.2101, 3.9021], [-52.2129, 3.9034], [-52.2145, 3.9035], [-52.2156, 3.903], [-52.2165, 3.9026], [-52.2175, 3.902], [-52.2178, 3.9012], [-52.2171, 3.8998], [-52.2164, 3.8985], [-52.2159, 3.8976], [-52.2154, 3.8967], [-52.2151, 3.8955], [-52.2154, 3.8945], [-52.2161, 3.8932], [-52.2167, 3.8921], [-52.2168, 3.8911], [-52.2154, 3.8904], [-52.2145, 3.8905], [-52.2133, 3.8899], [-52.2134, 3.8883], [-52.2144, 3.8869], [-52.2156, 3.8857], [-52.2162, 3.8846], [-52.216, 3.8836], [-52.2159, 3.8823], [-52.2166, 3.8811], [-52.2174, 3.8802], [-52.2197, 3.8782], [-52.2207, 3.8771], [-52.2216, 3.8771], [-52.222, 3.8781], [-52.2231, 3.8785], [-52.2246, 3.8775], [-52.2256, 3.8769], [-52.227, 3.876], [-52.2281, 3.8751], [-52.229, 3.8743], [-52.2297, 3.8734], [-52.2301, 3.8726], [-52.2307, 3.8717], [-52.2313, 3.8709], [-52.2317, 3.8693], [-52.2313, 3.868], [-52.2311, 3.8669], [-52.2311, 3.8657], [-52.2313, 3.8646], [-52.2319, 3.8637], [-52.233, 3.8635], [-52.2338, 3.8633], [-52.2341, 3.8625], [-52.2341, 3.8612], [-52.2339, 3.8601], [-52.234, 3.8587], [-52.2345, 3.8577], [-52.2359, 3.8568], [-52.2368, 3.8561], [-52.2374, 3.8551], [-52.2375, 3.8535], [-52.2378, 3.8525], [-52.2389, 3.8519], [-52.2401, 3.853], [-52.2409, 3.8537], [-52.2421, 3.854], [-52.2431, 3.8534], [-52.2436, 3.8524], [-52.2438, 3.8515], [-52.2445, 3.8493], [-52.2454, 3.8485], [-52.2462, 3.8483], [-52.2472, 3.8485], [-52.2486, 3.8493], [-52.2497, 3.8502], [-52.2516, 3.8522], [-52.2539, 3.8541], [-52.2593, 3.8432], [-52.2648, 3.8323], [-52.2703, 3.8214], [-52.2818, 3.8151], [-52.2859, 3.8185], [-52.3111, 3.8083], [-52.3161, 3.8135], [-52.3319, 3.8035], [-52.3478, 3.8108], [-52.351, 3.8034], [-52.3753, 3.8084], [-52.3792, 3.7948], [-52.3833, 3.7891], [-52.3868, 3.7673], [-52.3804, 3.7598], [-52.383, 3.7423], [-52.3855, 3.7248], [-52.3881, 3.7073], [-52.3857, 3.6898], [-52.3884, 3.6831], [-52.3951, 3.6725], [-52.4057, 3.6673], [-52.4103, 3.6552], [-52.4326, 3.6493], [-52.4467, 3.6516], [-52.4534, 3.6492], [-52.4624, 3.6404], [-52.4679, 3.6439], [-52.4788, 3.6659], [-52.4844, 3.6402], [-52.4882, 3.631], [-52.4931, 3.618], [-52.4923, 3.6047], [-52.4915, 3.5913], [-52.4907, 3.578], [-52.495, 3.5661], [-52.4993, 3.5543], [-52.5035, 3.5425], [-52.5183, 3.524], [-52.5309, 3.5101], [-52.5284, 3.5027], [-52.5207, 3.5013], [-52.5076, 3.5051], [-52.5013, 3.5043], [-52.4988, 3.5003], [-52.5011, 3.4947], [-52.5136, 3.4873], [-52.5348, 3.4827], [-52.5507, 3.4782], [-52.5542, 3.4735], [-52.5534, 3.4626], [-52.5463, 3.4556], [-52.5434, 3.4476], [-52.5449, 3.4361], [-52.5526, 3.4147], [-52.554, 3.3964], [-52.5523, 3.3781], [-52.5518, 3.3636], [-52.5579, 3.3541], [-52.5754, 3.349], [-52.593, 3.344], [-52.6106, 3.3389], [-52.6209, 3.3389], [-52.6318, 3.3412], [-52.6391, 3.3358], [-52.6405, 3.3227], [-52.634, 3.3], [-52.6205, 3.2788], [-52.616, 3.2755], [-52.6086, 3.277], [-52.6057, 3.2706], [-52.6116, 3.2623], [-52.6256, 3.2525], [-52.6338, 3.2398], [-52.6502, 3.2332], [-52.6621, 3.2222], [-52.6724, 3.2108], [-52.6763, 3.1999], [-52.6813, 3.1899], [-52.6933, 3.1925], [-52.7001, 3.1985], [-52.7108, 3.1992], [-52.7231, 3.1934], [-52.7296, 3.1951], [-52.7384, 3.2025], [-52.7464, 3.2066], [-52.758, 3.2068], [-52.7639, 3.2096], [-52.7736, 3.2274], [-52.7723, 3.2319], [-52.7615, 3.2439], [-52.758, 3.2557], [-52.767, 3.2674], [-52.7881, 3.2862], [-52.8054, 3.2953], [-52.82, 3.2986], [-52.8285, 3.2929], [-52.8478, 3.2732], [-52.8578, 3.2707], [-52.8813, 3.275], [-52.8926, 3.2729], [-52.9025, 3.273], [-52.9333, 3.294], [-52.9554, 3.2958], [-52.9779, 3.304], [-52.9888, 3.3043], [-53.0008, 3.3035], [-53.0106, 3.2998], [-53.0178, 3.2993], [-53.03, 3.3052], [-53.0365, 3.305], [-53.0464, 3.3], [-53.0589, 3.2998], [-53.0648, 3.298], [-53.07, 3.2893], [-53.073, 3.2784], [-53.0656, 3.2597], [-53.0711, 3.2426], [-53.0757, 3.2281], [-53.0803, 3.2136], [-53.0878, 3.204], [-53.0978, 3.2053], [-53.1014, 3.2116], [-53.1009, 3.2299], [-53.1039, 3.2368], [-53.1123, 3.2502], [-53.111, 3.2636], [-53.1182, 3.2635], [-53.1372, 3.2702], [-53.1457, 3.2759], [-53.1541, 3.2895], [-53.1626, 3.3031], [-53.1711, 3.3167], [-53.1591, 3.3341], [-53.1533, 3.3503], [-53.1548, 3.3616], [-53.1615, 3.3823], [-53.162, 3.3944], [-53.1575, 3.4069], [-53.1471, 3.4144], [-53.1343, 3.423], [-53.1251, 3.4271], [-53.1214, 3.4342], [-53.1275, 3.4435], [-53.1252, 3.4501], [-53.1265, 3.4608], [-53.1392, 3.4717], [-53.1429, 3.4782], [-53.1381, 3.4874], [-53.1296, 3.5018], [-53.1285, 3.5143], [-53.1234, 3.521], [-53.1067, 3.5332], [-53.0984, 3.5468], [-53.0974, 3.5641], [-53.1027, 3.5793], [-53.1017, 3.587], [-53.0941, 3.5937], [-53.0862, 3.6014], [-53.089, 3.6095], [-53.1001, 3.6156], [-53.109, 3.6135], [-53.1159, 3.6053], [-53.122, 3.601], [-53.1341, 3.6065], [-53.1372, 3.6135], [-53.1298, 3.6253], [-53.1274, 3.6352], [-53.1295, 3.6531], [-53.1316, 3.671], [-53.1337, 3.6889], [-53.1395, 3.7019], [-53.1633, 3.7261], [-53.1753, 3.7427], [-53.1786, 3.7554], [-53.1835, 3.7619], [-53.1978, 3.7644], [-53.2049, 3.7694], [-53.2112, 3.7791], [-53.2213, 3.7915], [-53.2284, 3.8016], [-53.2276, 3.8099], [-53.2155, 3.813], [-53.2052, 3.8113], [-53.1964, 3.8164], [-53.1941, 3.8256], [-53.1699, 3.8497], [-53.1608, 3.8582], [-53.1511, 3.8607], [-53.1404, 3.8623], [-53.1333, 3.8718], [-53.1321, 3.888], [-53.1377, 3.8962], [-53.1472, 3.8987], [-53.1549, 3.9045], [-53.1524, 3.9139], [-53.1431, 3.9195], [-53.1331, 3.9244], [-53.1232, 3.9292], [-53.1132, 3.934], [-53.1051, 3.943], [-53.1006, 3.9505], [-53.0872, 3.9529], [-53.0787, 3.9541], [-53.0704, 3.9655], [-53.0619, 3.9733], [-53.0538, 3.9727], [-53.0483, 3.966], [-53.0413, 3.9672], [-53.0382, 3.9793], [-53.0345, 3.9849], [-53.0209, 3.9899], [-53.0073, 3.995], [-52.9933, 3.9997], [-52.9902, 4.0015], [-52.9896, 4.0024], [-52.9895, 4.0034], [-52.9886, 4.0051], [-52.9875, 4.0064], [-52.9866, 4.0077], [-52.987, 4.0095], [-52.9872, 4.0104], [-52.9871, 4.0114], [-52.9865, 4.0123], [-52.9849, 4.0127], [-52.9841, 4.013], [-52.9826, 4.0142], [-52.9808, 4.0168], [-52.98, 4.0181], [-52.9799, 4.0199], [-52.9803, 4.021], [-52.9804, 4.0221], [-52.9805, 4.023], [-52.9817, 4.0246], [-52.9827, 4.0251], [-52.9839, 4.0259], [-52.9839, 4.0274], [-52.9829, 4.0278], [-52.9816, 4.0282], [-52.9806, 4.0285], [-52.979, 4.0297], [-52.9789, 4.0308], [-52.9796, 4.0323], [-52.9798, 4.0332], [-52.9777, 4.0355], [-52.9757, 4.037], [-52.974, 4.0374], [-52.9729, 4.0374], [-52.9715, 4.0371], [-52.9694, 4.036], [-52.9683, 4.0349], [-52.9668, 4.0334], [-52.9653, 4.0325], [-52.9642, 4.0327], [-52.9625, 4.0348], [-52.9604, 4.0374], [-52.9592, 4.0385], [-52.9584, 4.0388], [-52.9571, 4.0387], [-52.9565, 4.0371], [-52.956, 4.0361], [-52.9547, 4.0357], [-52.9538, 4.0358], [-52.9521, 4.0365], [-52.9503, 4.0378], [-52.949, 4.0386], [-52.9487, 4.041], [-52.9482, 4.042], [-52.9479, 4.0439], [-52.9472, 4.0449], [-52.9462, 4.0455], [-52.9457, 4.0464], [-52.9448, 4.0487], [-52.944, 4.0504], [-52.9429, 4.0523], [-52.9415, 4.0541], [-52.9402, 4.0552], [-52.9393, 4.056], [-52.9378, 4.057], [-52.9366, 4.0581], [-52.9365, 4.0593], [-52.9372, 4.0607], [-52.939, 4.0619], [-52.9406, 4.0631], [-52.9407, 4.0646], [-52.9405, 4.0655], [-52.9405, 4.068], [-52.9402, 4.069], [-52.9379, 4.0703], [-52.937, 4.0713], [-52.937, 4.0727], [-52.9379, 4.0734], [-52.939, 4.0744], [-52.9398, 4.0772], [-52.9405, 4.0783], [-52.9415, 4.0785], [-52.9435, 4.0778], [-52.9446, 4.0775], [-52.9453, 4.0797], [-52.9451, 4.0813], [-52.9449, 4.0822], [-52.9434, 4.0833], [-52.942, 4.084], [-52.9409, 4.0843], [-52.9398, 4.0845], [-52.9389, 4.0849], [-52.938, 4.0865], [-52.937, 4.0871], [-52.936, 4.0871], [-52.935, 4.087], [-52.9342, 4.0864], [-52.934, 4.0853], [-52.9326, 4.0847], [-52.9307, 4.085], [-52.9293, 4.0856], [-52.9278, 4.0866], [-52.9272, 4.0876], [-52.9264, 4.0896], [-52.9258, 4.0907], [-52.9248, 4.0912], [-52.9234, 4.0921], [-52.9218, 4.0928], [-52.9207, 4.0932], [-52.9197, 4.0934], [-52.9186, 4.0931], [-52.9178, 4.0914], [-52.9165, 4.0899], [-52.9156, 4.0897], [-52.9145, 4.0906], [-52.9139, 4.0922], [-52.9142, 4.0939], [-52.9153, 4.0961], [-52.9156, 4.0972], [-52.9157, 4.0984], [-52.9155, 4.0994], [-52.9145, 4.1008], [-52.9143, 4.1017], [-52.9154, 4.102], [-52.9164, 4.102], [-52.9176, 4.1017], [-52.9186, 4.1015], [-52.9199, 4.102], [-52.9206, 4.1031], [-52.9209, 4.1043], [-52.9218, 4.1065], [-52.922, 4.1073], [-52.9217, 4.1083], [-52.9205, 4.109], [-52.9188, 4.1089], [-52.9178, 4.109], [-52.9164, 4.1105], [-52.9155, 4.1112], [-52.915, 4.1122], [-52.916, 4.1131], [-52.9169, 4.1138], [-52.9161, 4.1156], [-52.9164, 4.117], [-52.9169, 4.1182], [-52.9163, 4.1193], [-52.9144, 4.1208], [-52.9129, 4.1223], [-52.9125, 4.1237], [-52.9134, 4.1251], [-52.914, 4.1263], [-52.9136, 4.1273], [-52.9127, 4.1279], [-52.9112, 4.1286], [-52.9103, 4.1288], [-52.9087, 4.1287], [-52.9077, 4.1286], [-52.9065, 4.1303], [-52.9061, 4.1312], [-52.9046, 4.1331], [-52.9035, 4.1344], [-52.9019, 4.1363], [-52.9007, 4.1374], [-52.8998, 4.1376], [-52.8986, 4.1373], [-52.8976, 4.1356], [-52.8972, 4.1347], [-52.8957, 4.1341], [-52.8947, 4.1345], [-52.8938, 4.1351], [-52.8926, 4.1349], [-52.8913, 4.1341], [-52.8901, 4.1342], [-52.8889, 4.1347], [-52.8886, 4.136], [-52.8892, 4.1378], [-52.8893, 4.1389], [-52.8892, 4.1397], [-52.8888, 4.1406], [-52.8883, 4.1415], [-52.8884, 4.1429], [-52.8885, 4.1443], [-52.8868, 4.1463], [-52.8857, 4.1467], [-52.8846, 4.146], [-52.884, 4.1449], [-52.8825, 4.1443], [-52.8815, 4.1446], [-52.8806, 4.1458], [-52.8807, 4.1467], [-52.8812, 4.1476], [-52.8805, 4.1488], [-52.8802, 4.1497], [-52.8802, 4.1507], [-52.8807, 4.1517], [-52.8798, 4.1525], [-52.8777, 4.1527], [-52.8762, 4.1517], [-52.8749, 4.1506], [-52.8739, 4.1504], [-52.8711, 4.1519], [-52.8695, 4.153], [-52.8682, 4.1537], [-52.8668, 4.1545], [-52.8657, 4.1548], [-52.8636, 4.1538], [-52.8626, 4.1535], [-52.8608, 4.1537], [-52.8599, 4.1541], [-52.8593, 4.155], [-52.8601, 4.1558], [-52.8613, 4.1565], [-52.8618, 4.1576], [-52.862, 4.1589], [-52.8625, 4.1599], [-52.8626, 4.1618], [-52.8621, 4.163], [-52.8614, 4.1642], [-52.8606, 4.1649], [-52.8597, 4.1655], [-52.8592, 4.1667], [-52.8608, 4.1673], [-52.8622, 4.1675], [-52.8624, 4.1686], [-52.8595, 4.1708], [-52.8569, 4.1722], [-52.8551, 4.1731], [-52.8525, 4.1741], [-52.8499, 4.1749], [-52.849, 4.1754], [-52.8476, 4.1768], [-52.8465, 4.1785], [-52.8448, 4.1795], [-52.8437, 4.1799], [-52.839, 4.1792], [-52.8379, 4.179], [-52.8369, 4.1785], [-52.8359, 4.1777], [-52.8351, 4.1764], [-52.8349, 4.1753], [-52.8349, 4.1741], [-52.8345, 4.1728], [-52.8334, 4.1715], [-52.8324, 4.1705], [-52.8311, 4.1701], [-52.8295, 4.1698], [-52.8282, 4.1694], [-52.8272, 4.169], [-52.8259, 4.1679], [-52.8252, 4.167], [-52.8244, 4.1658], [-52.8237, 4.1642], [-52.8231, 4.1631], [-52.8221, 4.1617], [-52.8213, 4.1594], [-52.8208, 4.1571], [-52.8196, 4.1566], [-52.8175, 4.1586], [-52.8165, 4.1599], [-52.8154, 4.1613], [-52.8144, 4.1618], [-52.8124, 4.1619], [-52.8109, 4.1614], [-52.81, 4.1608], [-52.8089, 4.1593], [-52.8075, 4.1574], [-52.806, 4.1551], [-52.8051, 4.1537], [-52.8038, 4.1527], [-52.8029, 4.1524], [-52.8011, 4.1528], [-52.7999, 4.1531], [-52.7984, 4.1532], [-52.7968, 4.1536], [-52.7958, 4.154], [-52.7949, 4.1544], [-52.7942, 4.153], [-52.7942, 4.1516], [-52.7941, 4.1506], [-52.7937, 4.1497], [-52.7927, 4.1489], [-52.7916, 4.1482], [-52.7898, 4.1471], [-52.788, 4.1464], [-52.7863, 4.1459], [-52.7837, 4.1454], [-52.7816, 4.1448], [-52.7798, 4.1439], [-52.778, 4.1428], [-52.7768, 4.142], [-52.7758, 4.1414], [-52.7749, 4.1412], [-52.7739, 4.1409], [-52.7726, 4.141], [-52.7712, 4.1411], [-52.7693, 4.1416], [-52.7679, 4.1422], [-52.7664, 4.1423], [-52.7653, 4.1421], [-52.7645, 4.1419], [-52.7632, 4.1435], [-52.7625, 4.145], [-52.7619, 4.1464], [-52.761, 4.147], [-52.7599, 4.1464], [-52.7592, 4.1447], [-52.7588, 4.1436], [-52.7578, 4.1434], [-52.7569, 4.1436], [-52.7555, 4.1447], [-52.754, 4.1444], [-52.7531, 4.144], [-52.7523, 4.1438], [-52.7513, 4.1437], [-52.7503, 4.1437], [-52.748, 4.144], [-52.7455, 4.1446], [-52.7443, 4.1447], [-52.7427, 4.145], [-52.7406, 4.1456], [-52.739, 4.1461], [-52.7379, 4.1464], [-52.7365, 4.1463], [-52.7355, 4.1458], [-52.7348, 4.1444], [-52.7348, 4.1427], [-52.7349, 4.1414], [-52.7353, 4.1404], [-52.7361, 4.139], [-52.7365, 4.1375], [-52.7356, 4.1365], [-52.7346, 4.1366], [-52.7333, 4.1371], [-52.7319, 4.1375], [-52.7308, 4.1376], [-52.7297, 4.1376], [-52.7286, 4.1374], [-52.7272, 4.1368], [-52.7259, 4.1362], [-52.7244, 4.1353], [-52.7235, 4.1343], [-52.7226, 4.1334], [-52.7217, 4.1324], [-52.7201, 4.1315], [-52.7188, 4.1313], [-52.7177, 4.1315], [-52.7167, 4.1317], [-52.7155, 4.1316], [-52.7134, 4.1314], [-52.7125, 4.1308], [-52.7119, 4.1298], [-52.7114, 4.1277], [-52.711, 4.126], [-52.7106, 4.1241], [-52.7102, 4.1224], [-52.7099, 4.1212], [-52.7082, 4.1201], [-52.7067, 4.1195], [-52.705, 4.1188], [-52.7032, 4.1173], [-52.7025, 4.1162], [-52.7014, 4.1151], [-52.6998, 4.1145], [-52.6985, 4.1146], [-52.6974, 4.1147], [-52.6965, 4.1135], [-52.696, 4.1125], [-52.6957, 4.1116], [-52.6955, 4.1091], [-52.695, 4.1072], [-52.6945, 4.1055], [-52.6943, 4.1041], [-52.6942, 4.1029], [-52.6944, 4.1019], [-52.6956, 4.101], [-52.6968, 4.1007], [-52.6977, 4.0992], [-52.6973, 4.0977], [-52.6964, 4.0967], [-52.6949, 4.096], [-52.6936, 4.0958], [-52.6918, 4.0957], [-52.6905, 4.0957], [-52.6891, 4.0959], [-52.6865, 4.0964], [-52.6849, 4.0968], [-52.684, 4.0968], [-52.6828, 4.0968], [-52.6819, 4.0987], [-52.6819, 4.1002], [-52.6815, 4.1012], [-52.6804, 4.1025], [-52.6795, 4.103], [-52.6775, 4.1032], [-52.6762, 4.1032], [-52.6753, 4.1027], [-52.6741, 4.1025], [-52.6731, 4.1027], [-52.6719, 4.1041], [-52.6711, 4.1057], [-52.6704, 4.1068], [-52.6695, 4.1071], [-52.669, 4.1062], [-52.6684, 4.1051], [-52.6675, 4.104], [-52.6662, 4.1032], [-52.6645, 4.1032], [-52.6632, 4.1031], [-52.6615, 4.1022], [-52.6597, 4.1014], [-52.6584, 4.1008], [-52.6573, 4.1002], [-52.6564, 4.0996], [-52.6554, 4.0992], [-52.6536, 4.0993], [-52.6519, 4.0999], [-52.6492, 4.1013], [-52.6464, 4.1029], [-52.6451, 4.1034], [-52.6433, 4.1038], [-52.6419, 4.1042], [-52.6397, 4.1046], [-52.6381, 4.105], [-52.6364, 4.1061], [-52.6343, 4.1072], [-52.6333, 4.1075], [-52.6316, 4.1077], [-52.6307, 4.1077], [-52.6286, 4.1068], [-52.627, 4.1057], [-52.6248, 4.1044], [-52.6236, 4.1037], [-52.6222, 4.1023], [-52.6203, 4.1008], [-52.6184, 4.0998], [-52.6171, 4.0996], [-52.6162, 4.1], [-52.6149, 4.1017], [-52.6136, 4.103], [-52.6123, 4.1041], [-52.6123, 4.1053], [-52.6125, 4.1063], [-52.6125, 4.1076], [-52.6131, 4.1087], [-52.6141, 4.1092], [-52.6151, 4.1097], [-52.6156, 4.1107], [-52.6149, 4.1122], [-52.6138, 4.1143], [-52.6134, 4.1152], [-52.6133, 4.1166], [-52.6133, 4.1176], [-52.6138, 4.1186], [-52.6141, 4.1195], [-52.6146, 4.1205], [-52.6137, 4.1213], [-52.6126, 4.1209], [-52.6106, 4.1205], [-52.6088, 4.1203], [-52.6076, 4.1204], [-52.6053, 4.1208], [-52.6025, 4.1219], [-52.6002, 4.1226], [-52.5989, 4.1226], [-52.5958, 4.1228], [-52.5948, 4.1235], [-52.5937, 4.1248], [-52.5925, 4.126], [-52.5909, 4.1273], [-52.5902, 4.1286], [-52.5901, 4.1296], [-52.5903, 4.1308], [-52.5911, 4.1331], [-52.5924, 4.1364], [-52.593, 4.1379], [-52.593, 4.14], [-52.5931, 4.1409], [-52.5932, 4.1419], [-52.5918, 4.1424], [-52.5909, 4.1425], [-52.5895, 4.1431], [-52.5884, 4.1435], [-52.5875, 4.1436], [-52.5863, 4.1438], [-52.5849, 4.1443], [-52.583, 4.1457], [-52.5812, 4.1467], [-52.5802, 4.1478], [-52.5799, 4.1493], [-52.5795, 4.1504], [-52.5789, 4.1514], [-52.5776, 4.1524], [-52.5762, 4.1528], [-52.5751, 4.1535], [-52.5756, 4.1547], [-52.5766, 4.1557], [-52.577, 4.1567], [-52.5775, 4.1577], [-52.578, 4.1587], [-52.5769, 4.1605], [-52.575, 4.1625], [-52.5737, 4.1637], [-52.5718, 4.1652], [-52.5705, 4.1663], [-52.5697, 4.1674], [-52.5687, 4.1691], [-52.5675, 4.1714], [-52.566, 4.1741], [-52.5652, 4.1755], [-52.5644, 4.1766], [-52.5631, 4.1776], [-52.5617, 4.1788], [-52.5603, 4.1796], [-52.5591, 4.1804], [-52.5581, 4.1814], [-52.5578, 4.1829], [-52.5578, 4.1842], [-52.557, 4.186], [-52.5553, 4.1869], [-52.5539, 4.1872], [-52.5523, 4.1875], [-52.5502, 4.1879], [-52.5491, 4.1881], [-52.5481, 4.1886], [-52.547, 4.1901], [-52.5468, 4.1913], [-52.5468, 4.1939], [-52.5472, 4.1952], [-52.5485, 4.1961], [-52.55, 4.1964], [-52.5513, 4.197], [-52.5525, 4.1981], [-52.5531, 4.2001], [-52.5531, 4.201], [-52.5529, 4.2019], [-52.5521, 4.2042], [-52.5509, 4.2071], [-52.55, 4.2088], [-52.5491, 4.2101], [-52.5482, 4.2112], [-52.5472, 4.212], [-52.5453, 4.2129], [-52.5427, 4.2142], [-52.5417, 4.2147], [-52.5404, 4.2162], [-52.54, 4.2175], [-52.5392, 4.2185], [-52.5383, 4.219], [-52.5372, 4.2189], [-52.5362, 4.2182], [-52.5351, 4.2171], [-52.5338, 4.2161], [-52.5325, 4.2155], [-52.5307, 4.2139], [-52.5284, 4.2131], [-52.527, 4.213], [-52.5251, 4.2131], [-52.5236, 4.2135], [-52.5224, 4.214], [-52.5208, 4.215], [-52.5197, 4.2158], [-52.5182, 4.2183], [-52.5174, 4.2203], [-52.5169, 4.2223], [-52.5166, 4.2242], [-52.5157, 4.2271], [-52.5147, 4.2295], [-52.5135, 4.2316], [-52.5128, 4.2326], [-52.5115, 4.2334], [-52.5103, 4.2335], [-52.5092, 4.2336], [-52.5078, 4.2345], [-52.5064, 4.2363], [-52.5057, 4.2373], [-52.504, 4.2379], [-52.5026, 4.2377], [-52.5009, 4.237], [-52.4995, 4.2366], [-52.4984, 4.2366], [-52.4975, 4.2365], [-52.4949, 4.2361], [-52.494, 4.236], [-52.4928, 4.2357], [-52.4905, 4.2361], [-52.4893, 4.2362], [-52.4877, 4.2363], [-52.4862, 4.2358], [-52.4851, 4.2353], [-52.4841, 4.2348], [-52.4818, 4.2355], [-52.4796, 4.236], [-52.4787, 4.2363], [-52.4776, 4.2365], [-52.4766, 4.2362], [-52.4757, 4.236], [-52.4738, 4.2364], [-52.4729, 4.2365], [-52.4704, 4.2366], [-52.469, 4.2363], [-52.4676, 4.2359], [-52.4667, 4.2357], [-52.4653, 4.2357], [-52.4614, 4.237], [-52.4598, 4.2371], [-52.4583, 4.2366], [-52.4574, 4.2364], [-52.4564, 4.2364], [-52.4553, 4.2363], [-52.4542, 4.2362], [-52.4525, 4.2361], [-52.4512, 4.2363], [-52.45, 4.2365], [-52.4491, 4.2367], [-52.4479, 4.237], [-52.4467, 4.2377], [-52.4455, 4.2379], [-52.4442, 4.2378], [-52.4423, 4.2375], [-52.4414, 4.2373], [-52.44, 4.2367], [-52.4369, 4.2358], [-52.4353, 4.2372], [-52.4347, 4.2381], [-52.4342, 4.239], [-52.4332, 4.2415], [-52.4327, 4.2429], [-52.4323, 4.244], [-52.4319, 4.2452], [-52.4315, 4.246], [-52.4302, 4.2469], [-52.4293, 4.2469], [-52.4284, 4.2472], [-52.4261, 4.2482], [-52.4251, 4.2486], [-52.4225, 4.2492], [-52.4211, 4.2495], [-52.4199, 4.2499], [-52.4191, 4.251], [-52.4193, 4.2519], [-52.4185, 4.2531], [-52.4174, 4.2535], [-52.4162, 4.2532], [-52.4154, 4.2536], [-52.4142, 4.2537], [-52.4127, 4.2531], [-52.4113, 4.2517], [-52.41, 4.2519], [-52.4093, 4.2529], [-52.4094, 4.2538], [-52.4096, 4.2549], [-52.4097, 4.2565], [-52.4096, 4.2574], [-52.4095, 4.2582], [-52.409, 4.2591], [-52.408, 4.2598], [-52.4069, 4.2598], [-52.4058, 4.2594], [-52.4049, 4.259], [-52.4039, 4.2593], [-52.403, 4.2599], [-52.4018, 4.2619], [-52.4008, 4.2632], [-52.3992, 4.2651], [-52.3986, 4.2663], [-52.3983, 4.2674], [-52.397, 4.2679], [-52.3959, 4.2691], [-52.3958, 4.27], [-52.3957, 4.2708], [-52.3955, 4.2717], [-52.3953, 4.2726], [-52.3952, 4.2738], [-52.3945, 4.2748], [-52.393, 4.2758], [-52.3916, 4.2766], [-52.3899, 4.277], [-52.389, 4.277], [-52.3878, 4.2769], [-52.3866, 4.2774], [-52.385, 4.2785], [-52.3841, 4.2791], [-52.3834, 4.2803], [-52.3826, 4.2831], [-52.3821, 4.284], [-52.3808, 4.2846], [-52.3796, 4.2847], [-52.3774, 4.285], [-52.3764, 4.2852], [-52.3754, 4.2863], [-52.3743, 4.2866], [-52.3731, 4.2863], [-52.3712, 4.2857], [-52.3703, 4.2852], [-52.369, 4.2834], [-52.3676, 4.2809], [-52.3664, 4.2789], [-52.3655, 4.2784], [-52.3644, 4.2784], [-52.363, 4.2788], [-52.3614, 4.2798], [-52.3604, 4.2801], [-52.3593, 4.2804], [-52.357, 4.2826], [-52.3564, 4.2837], [-52.3555, 4.2843], [-52.3546, 4.2844], [-52.3537, 4.2838], [-52.3522, 4.2848], [-52.3513, 4.2856], [-52.3512, 4.2865], [-52.3513, 4.2874], [-52.3507, 4.2886], [-52.3502, 4.2896], [-52.3494, 4.2906], [-52.3479, 4.2916], [-52.347, 4.2929], [-52.3458, 4.2937], [-52.3443, 4.2935], [-52.3432, 4.2936], [-52.3423, 4.2947], [-52.3423, 4.296], [-52.3421, 4.297], [-52.3412, 4.2979], [-52.3402, 4.2982], [-52.3392, 4.2992], [-52.3387, 4.3012], [-52.3387, 4.3023], [-52.3384, 4.3033], [-52.3386, 4.3044], [-52.3374, 4.3058], [-52.3365, 4.3077], [-52.3362, 4.3089], [-52.3363, 4.3102], [-52.3359, 4.3112], [-52.3362, 4.3126], [-52.3356, 4.3136], [-52.3334, 4.3149], [-52.3325, 4.3155], [-52.3317, 4.3164], [-52.3319, 4.3174], [-52.3327, 4.3191], [-52.3332, 4.3202], [-52.3334, 4.3211], [-52.3338, 4.3223], [-52.3335, 4.3237], [-52.3332, 4.3251], [-52.333, 4.3261], [-52.3342, 4.3271], [-52.3348, 4.3282], [-52.3343, 4.3293], [-52.3321, 4.3305], [-52.3309, 4.3307], [-52.3295, 4.3311], [-52.3277, 4.333], [-52.3262, 4.334], [-52.325, 4.3351], [-52.3241, 4.3361], [-52.3232, 4.3362], [-52.3223, 4.3364], [-52.3219, 4.3376], [-52.3221, 4.3388], [-52.3231, 4.3401], [-52.3243, 4.3414], [-52.3249, 4.3423], [-52.3253, 4.3435], [-52.325, 4.3444], [-52.3236, 4.3454], [-52.3222, 4.3464], [-52.3212, 4.3473], [-52.3208, 4.3485], [-52.3207, 4.3494], [-52.3212, 4.3504], [-52.3207, 4.3512], [-52.3193, 4.3515], [-52.3181, 4.3519], [-52.317, 4.3528], [-52.3152, 4.3541], [-52.3142, 4.3552], [-52.313, 4.3556], [-52.3118, 4.3555], [-52.3103, 4.3547], [-52.3093, 4.3547], [-52.3082, 4.3553], [-52.308, 4.3562], [-52.3083, 4.3578], [-52.3081, 4.3588], [-52.3075, 4.3597], [-52.3064, 4.3606], [-52.3054, 4.3609], [-52.3054, 4.3623], [-52.3057, 4.3635], [-52.3062, 4.3652], [-52.3058, 4.3662], [-52.3054, 4.3674], [-52.3052, 4.3686], [-52.304, 4.3706], [-52.3041, 4.3716], [-52.304, 4.373], [-52.3033, 4.3744], [-52.3033, 4.376], [-52.3042, 4.3772], [-52.3051, 4.3776], [-52.3064, 4.3779], [-52.3078, 4.3777], [-52.3095, 4.3768], [-52.3126, 4.377], [-52.3141, 4.3773], [-52.315, 4.3775], [-52.3159, 4.3775], [-52.317, 4.3774], [-52.3181, 4.3783], [-52.3195, 4.3782], [-52.3204, 4.3785], [-52.3208, 4.3794], [-52.3194, 4.3807], [-52.3179, 4.3816], [-52.317, 4.3821], [-52.3156, 4.3825], [-52.3138, 4.3826], [-52.3129, 4.3827], [-52.311, 4.3831], [-52.3099, 4.3832], [-52.3086, 4.3833], [-52.3071, 4.3839], [-52.3058, 4.3848], [-52.3038, 4.384], [-52.302, 4.3831], [-52.3005, 4.3821], [-52.2988, 4.381], [-52.2963, 4.3788], [-52.2949, 4.378], [-52.2937, 4.3776], [-52.2921, 4.3778], [-52.2917, 4.3766], [-52.2899, 4.3743], [-52.2887, 4.3733], [-52.2875, 4.3726], [-52.2864, 4.3711], [-52.2852, 4.3693], [-52.2842, 4.368], [-52.2848, 4.367], [-52.2858, 4.3664], [-52.2874, 4.366], [-52.2876, 4.3649], [-52.2865, 4.3639], [-52.286, 4.363], [-52.2862, 4.362], [-52.2851, 4.3604], [-52.2849, 4.3595], [-52.2845, 4.3585], [-52.2835, 4.3574], [-52.2827, 4.3563], [-52.2818, 4.3554], [-52.2806, 4.3556], [-52.2796, 4.3559], [-52.2787, 4.3565], [-52.2782, 4.3573], [-52.2765, 4.3589], [-52.2766, 4.3601], [-52.2757, 4.3603], [-52.2743, 4.3606], [-52.2735, 4.3617], [-52.2731, 4.3629], [-52.2722, 4.3647], [-52.2719, 4.3657], [-52.2721, 4.3677], [-52.2719, 4.3686], [-52.2711, 4.3694], [-52.2698, 4.3699], [-52.2689, 4.3701], [-52.2677, 4.3699], [-52.2665, 4.369], [-52.2647, 4.3693], [-52.2641, 4.3706], [-52.2635, 4.372], [-52.2621, 4.3729], [-52.2609, 4.3736], [-52.2604, 4.3746], [-52.2606, 4.3755], [-52.2617, 4.3754], [-52.2625, 4.3758], [-52.263, 4.3774], [-52.2628, 4.3787], [-52.2621, 4.3797], [-52.2612, 4.3798], [-52.2601, 4.3803], [-52.2602, 4.3817], [-52.2613, 4.3828], [-52.2635, 4.3832], [-52.2631, 4.3841], [-52.2619, 4.3852], [-52.2604, 4.3861], [-52.2593, 4.3875], [-52.2582, 4.3884], [-52.2572, 4.3886], [-52.2561, 4.3886], [-52.2547, 4.3888], [-52.2543, 4.3902], [-52.254, 4.3914], [-52.2541, 4.3925], [-52.2528, 4.3933], [-52.2519, 4.3931], [-52.2509, 4.3934], [-52.2499, 4.3932], [-52.249, 4.393], [-52.2486, 4.3949], [-52.2484, 4.3958], [-52.2457, 4.3974], [-52.2443, 4.3988], [-52.2439, 4.4002], [-52.2444, 4.4016], [-52.2444, 4.4032], [-52.2436, 4.4041], [-52.2428, 4.4051], [-52.2411, 4.4055], [-52.2394, 4.4062], [-52.238, 4.4077], [-52.2371, 4.4076], [-52.2361, 4.4073], [-52.234, 4.4071], [-52.2331, 4.4065], [-52.2325, 4.4056], [-52.2313, 4.4048], [-52.2299, 4.4046], [-52.229, 4.4055], [-52.2276, 4.4061], [-52.226, 4.4062], [-52.2247, 4.4062], [-52.224, 4.4052], [-52.2238, 4.4035], [-52.2239, 4.4024], [-52.2228, 4.4009], [-52.2217, 4.4003], [-52.2203, 4.3989], [-52.2192, 4.3981], [-52.2182, 4.3983], [-52.2171, 4.3983], [-52.2143, 4.3972], [-52.214, 4.3963], [-52.2139, 4.3953], [-52.2131, 4.395], [-52.2121, 4.3952], [-52.2112, 4.395], [-52.2103, 4.3957], [-52.2092, 4.3962], [-52.2079, 4.3953], [-52.2066, 4.3944], [-52.2061, 4.3953], [-52.2056, 4.3969], [-52.2057, 4.3979], [-52.2063, 4.3991], [-52.2068, 4.4017], [-52.2072, 4.4029], [-52.2075, 4.4038], [-52.2085, 4.4043], [-52.2092, 4.4063], [-52.2088, 4.4073], [-52.2081, 4.4085], [-52.2082, 4.4094], [-52.2087, 4.4106], [-52.2093, 4.4114], [-52.2094, 4.4129], [-52.2093, 4.4137], [-52.2095, 4.4146], [-52.2086, 4.4154], [-52.2075, 4.416], [-52.2064, 4.4171], [-52.2057, 4.418], [-52.2054, 4.4199], [-52.2037, 4.4223], [-52.2031, 4.4234], [-52.2022, 4.4237], [-52.2015, 4.4252], [-52.2005, 4.4256], [-52.1993, 4.4252], [-52.1984, 4.4253], [-52.1965, 4.4277], [-52.1952, 4.4289], [-52.1948, 4.4297], [-52.1951, 4.4316], [-52.1956, 4.4328], [-52.1958, 4.4342], [-52.1956, 4.4357], [-52.1951, 4.4366], [-52.1942, 4.4372], [-52.1933, 4.4377], [-52.1922, 4.4393], [-52.1911, 4.4396], [-52.19, 4.4396], [-52.1882, 4.4403], [-52.1872, 4.4408], [-52.1862, 4.4412], [-52.1854, 4.4421], [-52.1847, 4.4438], [-52.1842, 4.4453], [-52.1842, 4.4475], [-52.1843, 4.4487], [-52.1844, 4.45], [-52.184, 4.4509], [-52.1825, 4.4514], [-52.1817, 4.4522], [-52.1813, 4.4535], [-52.1819, 4.455], [-52.1824, 4.4575], [-52.183, 4.459], [-52.184, 4.4598], [-52.1848, 4.46], [-52.1863, 4.4591], [-52.1871, 4.4581], [-52.1882, 4.4576], [-52.1892, 4.4581], [-52.1897, 4.4592], [-52.1897, 4.461], [-52.1908, 4.4642], [-52.1913, 4.4654], [-52.1908, 4.4665], [-52.1904, 4.4675], [-52.1901, 4.4689], [-52.19, 4.4709], [-52.1902, 4.473], [-52.1905, 4.4741], [-52.1907, 4.476], [-52.1907, 4.4771], [-52.1911, 4.4781], [-52.1915, 4.4795], [-52.193, 4.4812], [-52.1932, 4.4828], [-52.1925, 4.4838], [-52.1913, 4.4849], [-52.1924, 4.4868], [-52.1929, 4.4877], [-52.1931, 4.4893], [-52.1951, 4.4903], [-52.1966, 4.4896], [-52.1974, 4.4892], [-52.1978, 4.4883], [-52.1977, 4.4872], [-52.1982, 4.4863], [-52.1988, 4.4853], [-52.1993, 4.484], [-52.2009, 4.4843], [-52.2019, 4.484], [-52.2027, 4.483], [-52.2038, 4.4825], [-52.2048, 4.482], [-52.2061, 4.4822], [-52.2072, 4.4822], [-52.2082, 4.4829], [-52.209, 4.4837], [-52.2083, 4.4848], [-52.2077, 4.4859], [-52.2071, 4.4874], [-52.2064, 4.4883], [-52.2054, 4.4915], [-52.2048, 4.4932], [-52.2047, 4.4941], [-52.2047, 4.495], [-52.2042, 4.4959], [-52.2049, 4.4977], [-52.206, 4.5004], [-52.2078, 4.5021], [-52.2081, 4.5033], [-52.2079, 4.5045], [-52.2073, 4.5058], [-52.2074, 4.5074], [-52.2077, 4.5082], [-52.208, 4.5091], [-52.2082, 4.511], [-52.2077, 4.5127], [-52.2076, 4.5142], [-52.2074, 4.5152], [-52.2064, 4.5165], [-52.2049, 4.5175], [-52.204, 4.5186], [-52.2032, 4.5198], [-52.2024, 4.5201], [-52.2009, 4.5212], [-52.1998, 4.5218], [-52.198, 4.5221], [-52.1968, 4.522], [-52.1958, 4.5215], [-52.1941, 4.521], [-52.1935, 4.5225], [-52.192, 4.5246], [-52.1915, 4.5259], [-52.1914, 4.5268], [-52.1912, 4.5287], [-52.1909, 4.5296], [-52.1896, 4.5308], [-52.1886, 4.5314], [-52.1875, 4.5311], [-52.1853, 4.5303], [-52.1835, 4.5307], [-52.1827, 4.5311], [-52.1815, 4.5317], [-52.1797, 4.5328], [-52.1791, 4.5339], [-52.1794, 4.5349], [-52.1801, 4.5366], [-52.1806, 4.5376], [-52.1791, 4.5382], [-52.1778, 4.5388], [-52.1758, 4.5403], [-52.1751, 4.5413], [-52.1742, 4.5429], [-52.1733, 4.5443], [-52.1728, 4.5456], [-52.1718, 4.546], [-52.1704, 4.546], [-52.1704, 4.5473], [-52.1712, 4.5482], [-52.1759, 4.551], [-52.1795, 4.5533], [-52.1804, 4.5539], [-52.1808, 4.5552], [-52.1808, 4.5561], [-52.1816, 4.5564], [-52.1827, 4.5562], [-52.1899, 4.5608], [-52.1913, 4.5624], [-52.1935, 4.5626], [-52.1944, 4.5628], [-52.1962, 4.5646], [-52.1976, 4.5647], [-52.2002, 4.5644], [-52.2011, 4.5643], [-52.2025, 4.5635], [-52.2036, 4.5633], [-52.2045, 4.5634], [-52.2063, 4.5637], [-52.2077, 4.564], [-52.2087, 4.565], [-52.209, 4.5671], [-52.2095, 4.5681], [-52.2105, 4.5687], [-52.212, 4.57], [-52.2143, 4.5701], [-52.2153, 4.5703], [-52.2162, 4.5707], [-52.2161, 4.5728], [-52.2163, 4.5739], [-52.2176, 4.5752], [-52.2184, 4.5764], [-52.2187, 4.5772], [-52.2182, 4.5786], [-52.2191, 4.5811], [-52.22, 4.5819], [-52.2207, 4.5831], [-52.2226, 4.5851], [-52.2235, 4.5864], [-52.2236, 4.5876], [-52.2234, 4.5885], [-52.2242, 4.5903], [-52.2246, 4.5914], [-52.2252, 4.5928], [-52.2256, 4.5939], [-52.2265, 4.5938], [-52.2274, 4.594], [-52.228, 4.5952], [-52.2295, 4.5955], [-52.2304, 4.5972], [-52.2309, 4.5981], [-52.2322, 4.5987], [-52.2326, 4.5998], [-52.2321, 4.6012], [-52.232, 4.6022], [-52.2323, 4.604], [-52.2324, 4.6051], [-52.2325, 4.6061], [-52.2328, 4.6074], [-52.2329, 4.6083], [-52.2332, 4.6095], [-52.2337, 4.6105], [-52.2348, 4.6114], [-52.2355, 4.6124], [-52.2354, 4.6139], [-52.2355, 4.6154], [-52.2355, 4.6172], [-52.2357, 4.619], [-52.2347, 4.6195], [-52.2338, 4.62], [-52.2333, 4.621], [-52.2334, 4.622], [-52.2327, 4.6231], [-52.2327, 4.6242], [-52.2322, 4.6253], [-52.2319, 4.6264], [-52.2313, 4.6286], [-52.231, 4.6296], [-52.2309, 4.6305], [-52.2311, 4.6319], [-52.2316, 4.633], [-52.2315, 4.6341], [-52.2318, 4.6353], [-52.2318, 4.6362], [-52.2318, 4.6372], [-52.2316, 4.6381], [-52.2314, 4.639], [-52.2316, 4.6399], [-52.231, 4.641], [-52.2301, 4.6421], [-52.2295, 4.643], [-52.2286, 4.6441], [-52.2286, 4.645], [-52.2287, 4.6459], [-52.2278, 4.6464], [-52.227, 4.6472], [-52.2268, 4.6486], [-52.2264, 4.6503], [-52.2264, 4.6512], [-52.227, 4.6521], [-52.2273, 4.6531], [-52.2272, 4.6541], [-52.2275, 4.6555], [-52.2266, 4.6566], [-52.2258, 4.6578], [-52.225, 4.6587], [-52.2235, 4.6593], [-52.2223, 4.6601], [-52.2208, 4.6609], [-52.2207, 4.6619], [-52.22, 4.6637], [-52.2196, 4.6647], [-52.2181, 4.6664], [-52.2179, 4.6675], [-52.2183, 4.6687], [-52.2187, 4.6703], [-52.2178, 4.6714], [-52.2166, 4.6715], [-52.2154, 4.6715], [-52.2146, 4.6715], [-52.213, 4.6713], [-52.212, 4.6712], [-52.2107, 4.6714], [-52.2095, 4.6714], [-52.2084, 4.6716], [-52.2076, 4.673], [-52.2073, 4.6739], [-52.2068, 4.6748], [-52.2075, 4.6759], [-52.2078, 4.6771], [-52.2069, 4.6781], [-52.2063, 4.6791], [-52.2053, 4.6797], [-52.2042, 4.6807], [-52.2031, 4.6818], [-52.2024, 4.6827], [-52.2017, 4.6837], [-52.2009, 4.6845], [-52.1976, 4.6857], [-52.1964, 4.6861], [-52.1955, 4.6869], [-52.194, 4.6879], [-52.1932, 4.6881], [-52.1919, 4.6871], [-52.1909, 4.6875], [-52.19, 4.6878], [-52.19, 4.6887], [-52.1891, 4.6896], [-52.1884, 4.6908], [-52.1871, 4.6914], [-52.1861, 4.6924], [-52.1851, 4.6931], [-52.1839, 4.6949], [-52.1823, 4.6959], [-52.1817, 4.6973], [-52.1807, 4.6983], [-52.1803, 4.6993], [-52.1795, 4.7005], [-52.1785, 4.7009], [-52.1785, 4.7025], [-52.1791, 4.7034], [-52.1795, 4.7053], [-52.18, 4.7067], [-52.1804, 4.7086], [-52.1811, 4.7105], [-52.1817, 4.7125], [-52.1829, 4.7142], [-52.1835, 4.7156], [-52.1835, 4.7165], [-52.1837, 4.7177], [-52.1843, 4.7188], [-52.1853, 4.7199], [-52.1861, 4.7209], [-52.1864, 4.7219], [-52.1865, 4.723], [-52.1864, 4.7241], [-52.1862, 4.7255], [-52.1856, 4.7272], [-52.1852, 4.7282], [-52.1849, 4.7292], [-52.1845, 4.731], [-52.1837, 4.733], [-52.1834, 4.734], [-52.183, 4.7352], [-52.1828, 4.7372], [-52.1826, 4.7381], [-52.183, 4.7391], [-52.1826, 4.7402], [-52.1821, 4.7415], [-52.1823, 4.7424], [-52.1828, 4.7434], [-52.1829, 4.7443], [-52.1827, 4.7452], [-52.1821, 4.746], [-52.1813, 4.7478], [-52.181, 4.7487], [-52.1813, 4.7501], [-52.1815, 4.751], [-52.1814, 4.7519], [-52.1809, 4.753], [-52.1805, 4.754], [-52.1804, 4.7549], [-52.1797, 4.7564], [-52.1789, 4.7575], [-52.1782, 4.7598], [-52.1777, 4.7608], [-52.1757, 4.7624], [-52.1746, 4.7634], [-52.1735, 4.7637], [-52.1726, 4.7636], [-52.1715, 4.7636], [-52.17, 4.7646], [-52.169, 4.7653], [-52.1681, 4.7662], [-52.1682, 4.7671], [-52.1681, 4.7682], [-52.1684, 4.7691], [-52.1686, 4.7701], [-52.1681, 4.7716], [-52.1679, 4.7732], [-52.1677, 4.7741], [-52.1678, 4.7757], [-52.168, 4.7768], [-52.1668, 4.7774], [-52.1659, 4.7781], [-52.1653, 4.7768], [-52.1644, 4.7767], [-52.1639, 4.778], [-52.1634, 4.7789], [-52.1627, 4.7801], [-52.1615, 4.7798], [-52.16, 4.7791], [-52.1591, 4.7791], [-52.1589, 4.7805], [-52.1581, 4.7812], [-52.1566, 4.7809], [-52.1555, 4.78], [-52.1546, 4.7797], [-52.1536, 4.7801], [-52.1533, 4.7792], [-52.1523, 4.7781], [-52.1508, 4.7781], [-52.1494, 4.7775], [-52.1492, 4.7766], [-52.1491, 4.7756], [-52.1481, 4.7751], [-52.1477, 4.7742], [-52.1476, 4.7733], [-52.1477, 4.7723], [-52.147, 4.7714], [-52.1476, 4.7703], [-52.1484, 4.7691], [-52.1483, 4.7681], [-52.1476, 4.767], [-52.1461, 4.7674], [-52.1447, 4.7673], [-52.1436, 4.7671], [-52.1427, 4.7669], [-52.1418, 4.7666], [-52.1409, 4.7664], [-52.1397, 4.7658], [-52.1386, 4.7658], [-52.1379, 4.7645], [-52.1372, 4.7629], [-52.1359, 4.7619], [-52.1345, 4.7619], [-52.1334, 4.7613], [-52.1321, 4.7616], [-52.1306, 4.7613], [-52.1295, 4.7602], [-52.1287, 4.7593], [-52.1296, 4.7584], [-52.1287, 4.7572], [-52.1277, 4.7568], [-52.1268, 4.7562], [-52.1259, 4.756], [-52.125, 4.7553], [-52.1242, 4.7544], [-52.1233, 4.7535], [-52.1221, 4.7526], [-52.1205, 4.751], [-52.1194, 4.751], [-52.1179, 4.7508], [-52.1174, 4.7489], [-52.1164, 4.7477], [-52.1161, 4.7465], [-52.1152, 4.7451], [-52.1152, 4.7436], [-52.1156, 4.7421], [-52.1152, 4.741], [-52.1142, 4.7407], [-52.1147, 4.7399], [-52.1144, 4.7386], [-52.1144, 4.7374], [-52.1129, 4.7355], [-52.1116, 4.7339], [-52.1105, 4.7334], [-52.1103, 4.7325], [-52.109, 4.7313], [-52.1086, 4.7303], [-52.1072, 4.7292], [-52.1061, 4.7285], [-52.1051, 4.7277], [-52.1053, 4.7266], [-52.1053, 4.7257], [-52.1048, 4.7245], [-52.1036, 4.7232], [-52.104, 4.722], [-52.1041, 4.721], [-52.1055, 4.7203], [-52.1055, 4.7183], [-52.1045, 4.7173], [-52.1035, 4.718], [-52.103, 4.7192], [-52.1019, 4.7192], [-52.1005, 4.7198], [-52.0996, 4.72], [-52.0995, 4.7191], [-52.0988, 4.7177], [-52.0979, 4.7165], [-52.0968, 4.7161], [-52.0969, 4.7152], [-52.0971, 4.7142], [-52.0963, 4.7129], [-52.0962, 4.712], [-52.0971, 4.7109], [-52.098, 4.7099], [-52.097, 4.7085], [-52.0957, 4.7081], [-52.0954, 4.7072], [-52.0952, 4.705], [-52.0947, 4.7038], [-52.094, 4.7026], [-52.0927, 4.7031], [-52.0926, 4.7041], [-52.0913, 4.7042], [-52.0904, 4.7035], [-52.0889, 4.7031], [-52.0874, 4.7026], [-52.0869, 4.7011], [-52.0859, 4.7005], [-52.0847, 4.701], [-52.0838, 4.7], [-52.0836, 4.6988], [-52.0827, 4.6994], [-52.0817, 4.6978], [-52.0822, 4.6967], [-52.0821, 4.6954], [-52.0812, 4.6945], [-52.0806, 4.6919], [-52.0802, 4.6907], [-52.0803, 4.6898], [-52.08, 4.6888], [-52.0791, 4.6877], [-52.0798, 4.6861], [-52.0805, 4.6851], [-52.0793, 4.6857], [-52.0784, 4.686], [-52.0775, 4.686], [-52.0763, 4.686], [-52.0754, 4.6856], [-52.0755, 4.6843], [-52.0744, 4.6845], [-52.0734, 4.6839], [-52.0728, 4.6829], [-52.0722, 4.682], [-52.0712, 4.6814], [-52.0707, 4.6798], [-52.0706, 4.6784], [-52.0702, 4.6764], [-52.0699, 4.6752], [-52.0699, 4.6742], [-52.0701, 4.673], [-52.0704, 4.672], [-52.071, 4.6709], [-52.0716, 4.6698], [-52.0721, 4.6688], [-52.0728, 4.6674], [-52.073, 4.6663], [-52.073, 4.6649], [-52.0728, 4.6626], [-52.0728, 4.6606], [-52.0728, 4.6589], [-52.0725, 4.6571], [-52.072, 4.6554], [-52.0707, 4.6534], [-52.0686, 4.6517], [-52.0673, 4.6503], [-52.0667, 4.6515], [-52.0667, 4.6528], [-52.0664, 4.654], [-52.0666, 4.6552], [-52.0669, 4.6561], [-52.0668, 4.6573], [-52.0677, 4.6584], [-52.0677, 4.6595], [-52.0669, 4.6602], [-52.0677, 4.6608], [-52.0687, 4.661], [-52.0678, 4.6618], [-52.0668, 4.6616], [-52.066, 4.6626], [-52.0673, 4.6632], [-52.0671, 4.6641], [-52.0663, 4.6654], [-52.0649, 4.6662], [-52.0647, 4.6673], [-52.0647, 4.6686], [-52.065, 4.6694], [-52.0653, 4.6703], [-52.0656, 4.672], [-52.0653, 4.6739], [-52.0651, 4.6749], [-52.0641, 4.675], [-52.063, 4.6754], [-52.0626, 4.6765], [-52.0634, 4.6782], [-52.0627, 4.6791], [-52.0606, 4.6793], [-52.0589, 4.681], [-52.058, 4.6813], [-52.0573, 4.6822], [-52.0562, 4.6824], [-52.0555, 4.6838], [-52.0545, 4.6857], [-52.0554, 4.6861], [-52.0559, 4.6851], [-52.0562, 4.6863], [-52.057, 4.6867], [-52.0579, 4.6876], [-52.0579, 4.6887], [-52.0579, 4.6898], [-52.0577, 4.6914], [-52.057, 4.6927], [-52.0562, 4.6934], [-52.0553, 4.6937], [-52.0555, 4.6925], [-52.0561, 4.691], [-52.0549, 4.6907], [-52.054, 4.6917], [-52.0542, 4.6926], [-52.0537, 4.6916], [-52.0537, 4.6898], [-52.0533, 4.6889], [-52.0523, 4.6886], [-52.0523, 4.6895], [-52.0518, 4.6911], [-52.0508, 4.6911], [-52.0502, 4.69], [-52.0508, 4.6891], [-52.0501, 4.688], [-52.0499, 4.6868], [-52.0493, 4.6856], [-52.0478, 4.6851], [-52.0467, 4.6849], [-52.0454, 4.6844], [-52.0443, 4.6849], [-52.0437, 4.6837], [-52.0422, 4.6838], [-52.0409, 4.6833], [-52.0406, 4.6822], [-52.0392, 4.6817], [-52.0382, 4.6815], [-52.0371, 4.6814], [-52.0378, 4.6804], [-52.0376, 4.6794], [-52.0367, 4.6801], [-52.0358, 4.6809], [-52.0352, 4.68], [-52.0342, 4.6792], [-52.0333, 4.6787], [-52.0341, 4.6762], [-52.0344, 4.675], [-52.0345, 4.6741], [-52.0336, 4.6736], [-52.0327, 4.6745], [-52.0318, 4.6753], [-52.0309, 4.6754], [-52.0299, 4.6758], [-52.0285, 4.676], [-52.0276, 4.6755], [-52.0267, 4.6755], [-52.0269, 4.6744], [-52.0267, 4.6734], [-52.0274, 4.6723], [-52.0264, 4.6727], [-52.0254, 4.6735], [-52.0247, 4.6719], [-52.0238, 4.6717], [-52.024, 4.6727], [-52.023, 4.6726], [-52.0228, 4.6711], [-52.0216, 4.6707], [-52.0205, 4.67], [-52.0193, 4.6693], [-52.0181, 4.6686], [-52.0173, 4.6677], [-52.0172, 4.6666], [-52.0174, 4.6654], [-52.0171, 4.6645], [-52.0178, 4.6634], [-52.0183, 4.6624], [-52.0171, 4.6609], [-52.016, 4.6605], [-52.0149, 4.6599], [-52.0149, 4.6591], [-52.014, 4.6592], [-52.0144, 4.658], [-52.0137, 4.6572], [-52.0129, 4.6561], [-52.0125, 4.655], [-52.0116, 4.6541], [-52.0115, 4.6513], [-52.0117, 4.6499], [-52.0108, 4.6477], [-52.0104, 4.6469], [-52.0105, 4.6454], [-52.0103, 4.6446], [-52.0099, 4.6435], [-52.0093, 4.6423], [-52.0082, 4.6415], [-52.0074, 4.6412], [-52.0056, 4.6387], [-52.0047, 4.6379], [-52.0042, 4.6368], [-52.004, 4.6354], [-52.0038, 4.634], [-52.0028, 4.6335], [-52.0025, 4.6324], [-52.0024, 4.6311], [-52.002, 4.63], [-52.0016, 4.629], [-52.0017, 4.6266], [-52.0015, 4.6256], [-52.0016, 4.6248], [-52.0016, 4.6239], [-52.0011, 4.6228], [-52.0005, 4.6218], [-52.0, 4.6209], [-51.9991, 4.6201], [-51.9982, 4.6197], [-51.998, 4.6175], [-51.9973, 4.6163], [-51.9972, 4.6151], [-51.9962, 4.6137], [-51.9956, 4.6121], [-51.9959, 4.611], [-51.9954, 4.6098], [-51.9957, 4.6086], [-51.9946, 4.608], [-51.9937, 4.6064], [-51.9931, 4.6048], [-51.9922, 4.6036], [-51.9917, 4.6024], [-51.991, 4.6008], [-51.9909, 4.5993], [-51.9903, 4.5984], [-51.9901, 4.5969], [-51.9896, 4.5954], [-51.9885, 4.5941], [-51.9886, 4.593], [-51.9877, 4.5928], [-51.9871, 4.5918], [-51.9871, 4.5906], [-51.9862, 4.5894], [-51.9859, 4.5883], [-51.9856, 4.5871], [-51.9849, 4.5863], [-51.9844, 4.585], [-51.9837, 4.5832], [-51.9835, 4.5813], [-51.9828, 4.5798], [-51.982, 4.5785], [-51.981, 4.5776], [-51.9801, 4.5771], [-51.979, 4.5759], [-51.9783, 4.5749], [-51.9775, 4.5738], [-51.977, 4.5727], [-51.9768, 4.5718], [-51.9772, 4.5708], [-51.9772, 4.5695], [-51.9761, 4.5686], [-51.9749, 4.5676], [-51.9737, 4.566], [-51.9736, 4.5651], [-51.9749, 4.5655], [-51.9746, 4.5642], [-51.9741, 4.563], [-51.9727, 4.5624], [-51.972, 4.5612], [-51.9711, 4.5606], [-51.9703, 4.5586], [-51.9694, 4.5573], [-51.9692, 4.5563], [-51.9681, 4.5553], [-51.967, 4.5545], [-51.9661, 4.5537], [-51.9648, 4.552], [-51.964, 4.5507], [-51.9633, 4.5495], [-51.9624, 4.5484], [-51.9614, 4.5473], [-51.9609, 4.5462], [-51.9604, 4.5452], [-51.9595, 4.5438], [-51.9587, 4.5423], [-51.958, 4.5407], [-51.9572, 4.5384], [-51.9565, 4.5369], [-51.9562, 4.5355], [-51.9558, 4.5342], [-51.9557, 4.533], [-51.9556, 4.5314], [-51.9555, 4.5302], [-51.9552, 4.529], [-51.9548, 4.5281], [-51.9549, 4.5271], [-51.9546, 4.5256], [-51.9545, 4.5245], [-51.9547, 4.5234], [-51.954, 4.5218], [-51.9538, 4.5206], [-51.9538, 4.5193], [-51.9538, 4.5178], [-51.9538, 4.5164], [-51.9539, 4.5146], [-51.9542, 4.5127], [-51.9544, 4.5112], [-51.9546, 4.5093], [-51.9549, 4.5071], [-51.9551, 4.505], [-51.9554, 4.503], [-51.9556, 4.5013], [-51.9558, 4.4994], [-51.956, 4.4975], [-51.956, 4.4958], [-51.956, 4.4935], [-51.9559, 4.4917], [-51.9557, 4.4895], [-51.9554, 4.4875], [-51.9551, 4.4858], [-51.9549, 4.4839], [-51.9545, 4.4821], [-51.9541, 4.4807], [-51.9536, 4.479], [-51.9532, 4.4774], [-51.9527, 4.4759], [-51.9522, 4.4742], [-51.952, 4.4731], [-51.9516, 4.4714], [-51.9509, 4.468], [-51.9505, 4.4661], [-51.9502, 4.4644], [-51.95, 4.4632], [-51.9497, 4.4614], [-51.9495, 4.46], [-51.9493, 4.459], [-51.9492, 4.4578], [-51.949, 4.4563], [-51.9489, 4.4551], [-51.9487, 4.4538], [-51.9485, 4.4526], [-51.948, 4.4509], [-51.9479, 4.4496], [-51.9477, 4.4481], [-51.9476, 4.4462], [-51.9474, 4.4443], [-51.9471, 4.4427], [-51.947, 4.4415], [-51.9468, 4.44], [-51.9467, 4.4388], [-51.9464, 4.4372], [-51.9463, 4.4356], [-51.9462, 4.4341], [-51.9463, 4.4326], [-51.9462, 4.4314], [-51.9462, 4.4301], [-51.9463, 4.428], [-51.9463, 4.4266], [-51.9464, 4.4251], [-51.9466, 4.4239], [-51.9466, 4.4227], [-51.9466, 4.4216], [-51.9468, 4.4204], [-51.9472, 4.4183], [-51.9476, 4.417], [-51.9479, 4.4156], [-51.9482, 4.4144], [-51.9485, 4.4135], [-51.9488, 4.4124], [-51.9493, 4.4113], [-51.9333, 4.4066], [-51.9325, 4.4094], [-51.9311, 4.4123], [-51.9293, 4.4177], [-51.9269, 4.4237], [-51.9255, 4.4288], [-51.9241, 4.4351], [-51.9238, 4.4399], [-51.9237, 4.4432], [-51.9231, 4.4516], [-51.9233, 4.4567], [-51.9235, 4.466], [-51.9244, 4.4764], [-51.9268, 4.489], [-51.928, 4.4956], [-51.9281, 4.4989], [-51.9284, 4.5058], [-51.9285, 4.5152], [-51.9285, 4.5179], [-51.9289, 4.5324], [-51.9294, 4.5347], [-51.9295, 4.5363], [-51.9291, 4.5383], [-51.9284, 4.5442], [-51.9281, 4.5478], [-51.9276, 4.5526], [-51.9272, 4.5599], [-51.9272, 4.5627], [-51.9272, 4.5667], [-51.9274, 4.5709], [-51.9271, 4.5769], [-51.9271, 4.5836], [-51.9275, 4.5886], [-51.9278, 4.5935], [-51.9282, 4.6003], [-51.9293, 4.6154], [-51.9294, 4.6166], [-51.9296, 4.6188], [-51.9299, 4.6252], [-51.9308, 4.637], [-51.9315, 4.6437], [-51.9318, 4.6485], [-51.9318, 4.6523], [-51.9316, 4.6571], [-51.9304, 4.6641], [-51.928, 4.6703], [-51.9252, 4.676], [-51.9239, 4.6773], [-51.9231, 4.6789], [-51.9225, 4.6812], [-51.9205, 4.6836], [-51.9195, 4.6839], [-51.9184, 4.6853], [-51.9175, 4.6856], [-51.9159, 4.6845], [-51.913, 4.6814], [-51.9097, 4.6808], [-51.9078, 4.6807], [-51.9062, 4.6799], [-51.9045, 4.6798], [-51.9024, 4.6801], [-51.9003, 4.6804], [-51.896, 4.6807], [-51.8937, 4.6813], [-51.8941, 4.6801], [-51.8926, 4.6785], [-51.8908, 4.6787], [-51.8891, 4.6788], [-51.8865, 4.6789], [-51.8848, 4.6793], [-51.8838, 4.679], [-51.8819, 4.6789], [-51.8827, 4.677], [-51.8804, 4.675], [-51.879, 4.6747], [-51.8772, 4.6742], [-51.8726, 4.6725], [-51.8715, 4.6725], [-51.8694, 4.6719], [-51.8679, 4.6716], [-51.8668, 4.6707], [-51.8654, 4.6702], [-51.8673, 4.6692], [-51.8639, 4.6695], [-51.8628, 4.6683], [-51.8615, 4.6675], [-51.8597, 4.6668], [-51.8583, 4.6663], [-51.8565, 4.6651], [-51.8556, 4.6647], [-51.8543, 4.6643], [-51.8541, 4.663], [-51.853, 4.6619], [-51.852, 4.6614], [-51.8503, 4.6604], [-51.8486, 4.6592], [-51.8471, 4.6589], [-51.8447, 4.6578], [-51.8439, 4.6575], [-51.8427, 4.6564], [-51.8414, 4.656], [-51.84, 4.6557], [-51.8391, 4.6547], [-51.8387, 4.6528], [-51.8374, 4.6521], [-51.8369, 4.6508], [-51.8365, 4.6499], [-51.8354, 4.649], [-51.8337, 4.6482], [-51.8331, 4.6466], [-51.8321, 4.6462], [-51.8311, 4.6459], [-51.83, 4.6459], [-51.8287, 4.6449], [-51.8292, 4.6435], [-51.8282, 4.6425], [-51.8272, 4.6414], [-51.8265, 4.6405], [-51.8255, 4.6404], [-51.8254, 4.6394], [-51.8239, 4.6399], [-51.8226, 4.6387], [-51.8216, 4.638], [-51.8217, 4.637], [-51.8214, 4.6358], [-51.8215, 4.6345], [-51.8202, 4.6339], [-51.818, 4.633], [-51.8164, 4.632], [-51.8153, 4.6316], [-51.8139, 4.6303], [-51.8142, 4.6292], [-51.8133, 4.6277], [-51.8112, 4.6265], [-51.8106, 4.6253], [-51.8102, 4.6238], [-51.8107, 4.6229], [-51.8099, 4.6217], [-51.809, 4.6212], [-51.8079, 4.6207], [-51.807, 4.6197], [-51.806, 4.6191], [-51.8044, 4.6183], [-51.8038, 4.617], [-51.8028, 4.6163], [-51.8011, 4.6157], [-51.8, 4.6149], [-51.7991, 4.6139], [-51.7982, 4.6125], [-51.7976, 4.6113], [-51.7973, 4.6093], [-51.7968, 4.6082], [-51.7963, 4.6072], [-51.7957, 4.6063], [-51.7951, 4.6052], [-51.7951, 4.6041], [-51.7942, 4.6024], [-51.7932, 4.6015], [-51.7931, 4.6005], [-51.7924, 4.5994], [-51.7923, 4.5984], [-51.7922, 4.5973], [-51.7918, 4.5962], [-51.7914, 4.5947], [-51.792, 4.5935], [-51.7926, 4.5919], [-51.7922, 4.5902], [-51.7917, 4.5889], [-51.791, 4.5876], [-51.7907, 4.5867], [-51.7903, 4.5859], [-51.7895, 4.5846], [-51.7892, 4.5832], [-51.7891, 4.5816], [-51.7886, 4.5806], [-51.7881, 4.5794], [-51.7871, 4.5773], [-51.7867, 4.5756], [-51.7866, 4.5729], [-51.7865, 4.5697], [-51.7868, 4.5681], [-51.7867, 4.5661], [-51.7871, 4.5646], [-51.7868, 4.5633], [-51.7861, 4.5613], [-51.7857, 4.5601], [-51.7855, 4.5586], [-51.785, 4.5571], [-51.7848, 4.5562], [-51.7847, 4.5551], [-51.7847, 4.5543], [-51.7845, 4.5534], [-51.7837, 4.5525], [-51.7831, 4.5515], [-51.7835, 4.5506], [-51.7835, 4.5494], [-51.7843, 4.5487], [-51.7852, 4.5479], [-51.785, 4.5455], [-51.7841, 4.5434], [-51.7835, 4.5417], [-51.7824, 4.539], [-51.7817, 4.538], [-51.7815, 4.537], [-51.7816, 4.5361], [-51.7812, 4.5348], [-51.7813, 4.5333], [-51.781, 4.5318], [-51.7814, 4.5302], [-51.7814, 4.5291], [-51.7811, 4.5281], [-51.7814, 4.5271], [-51.7816, 4.5261], [-51.7809, 4.524], [-51.7803, 4.5223], [-51.7797, 4.5212], [-51.7794, 4.5202], [-51.7791, 4.5193], [-51.7794, 4.5181], [-51.7795, 4.517], [-51.7794, 4.5156], [-51.7793, 4.514], [-51.7793, 4.5129], [-51.7799, 4.5117], [-51.7797, 4.5103], [-51.7793, 4.5094], [-51.7787, 4.5077], [-51.7777, 4.506], [-51.7765, 4.5045], [-51.776, 4.5034], [-51.776, 4.5024], [-51.7758, 4.5014], [-51.776, 4.5003], [-51.7761, 4.4994], [-51.7762, 4.4985], [-51.7759, 4.4975], [-51.7765, 4.4963], [-51.7775, 4.4949], [-51.7778, 4.4935], [-51.7782, 4.4925], [-51.778, 4.4912], [-51.778, 4.4902], [-51.7775, 4.4888], [-51.7767, 4.4872], [-51.7763, 4.4861], [-51.7758, 4.4849], [-51.775, 4.4834], [-51.774, 4.4815], [-51.7736, 4.4803], [-51.7731, 4.4794], [-51.7726, 4.4783], [-51.7724, 4.4771], [-51.7719, 4.4762], [-51.7715, 4.4753], [-51.771, 4.4744], [-51.771, 4.4734], [-51.7705, 4.4717], [-51.7701, 4.4705], [-51.7697, 4.4692], [-51.7684, 4.4673], [-51.7677, 4.4663], [-51.7667, 4.4651], [-51.7659, 4.464], [-51.7648, 4.4621], [-51.7642, 4.461], [-51.7633, 4.4598], [-51.7629, 4.4587], [-51.7618, 4.4576], [-51.7601, 4.4557], [-51.759, 4.4545], [-51.7582, 4.4534], [-51.7568, 4.4519], [-51.7558, 4.4509], [-51.7544, 4.4491], [-51.753, 4.4477], [-51.752, 4.4471], [-51.7511, 4.4471], [-51.7506, 4.4468]]], [[[-51.9369, 4.4665], [-51.9367, 4.4649], [-51.9364, 4.4632], [-51.9361, 4.4622], [-51.9359, 4.4606], [-51.9357, 4.4592], [-51.9355, 4.4577], [-51.9355, 4.4565], [-51.9352, 4.455], [-51.9352, 4.4539], [-51.9351, 4.4526], [-51.9351, 4.4513], [-51.935, 4.4501], [-51.935, 4.4491], [-51.935, 4.4481], [-51.9349, 4.4469], [-51.9349, 4.4457], [-51.935, 4.4447], [-51.935, 4.4436], [-51.9351, 4.4422], [-51.9352, 4.441], [-51.9353, 4.4396], [-51.9355, 4.4383], [-51.9357, 4.4369], [-51.9358, 4.4356], [-51.9361, 4.4343], [-51.9361, 4.4331], [-51.9363, 4.4322], [-51.9364, 4.4313], [-51.9364, 4.4304], [-51.9366, 4.4294], [-51.937, 4.428], [-51.937, 4.427], [-51.9374, 4.4258], [-51.9375, 4.4246], [-51.9378, 4.4233], [-51.938, 4.4218], [-51.9382, 4.4207], [-51.9384, 4.4197], [-51.9388, 4.4183], [-51.9389, 4.4173], [-51.9391, 4.4157], [-51.9395, 4.4145], [-51.94, 4.4136], [-51.9402, 4.4126], [-51.9411, 4.4111], [-51.942, 4.4102], [-51.9429, 4.4106], [-51.9428, 4.4115], [-51.9425, 4.4126], [-51.942, 4.4143], [-51.9416, 4.4156], [-51.9413, 4.4165], [-51.9411, 4.4174], [-51.9409, 4.4188], [-51.9405, 4.4198], [-51.9403, 4.4211], [-51.9402, 4.4222], [-51.94, 4.4234], [-51.9398, 4.4251], [-51.9395, 4.4264], [-51.9395, 4.4278], [-51.9395, 4.4291], [-51.9394, 4.4308], [-51.9396, 4.4319], [-51.9397, 4.433], [-51.9398, 4.4347], [-51.9397, 4.4357], [-51.9397, 4.4366], [-51.9399, 4.4376], [-51.9402, 4.4397], [-51.9404, 4.4411], [-51.9408, 4.4433], [-51.9408, 4.4444], [-51.9408, 4.4466], [-51.9409, 4.4483], [-51.9411, 4.4499], [-51.9412, 4.4514], [-51.9416, 4.4528], [-51.9418, 4.4541], [-51.942, 4.455], [-51.9425, 4.4572], [-51.9428, 4.4585], [-51.943, 4.4598], [-51.943, 4.461], [-51.9429, 4.4623], [-51.943, 4.4639], [-51.9433, 4.4662], [-51.9434, 4.4675], [-51.9436, 4.4689], [-51.9439, 4.4705], [-51.9443, 4.4718], [-51.9447, 4.4734], [-51.945, 4.4747], [-51.945, 4.4758], [-51.9449, 4.477], [-51.9446, 4.478], [-51.9441, 4.4792], [-51.9434, 4.4808], [-51.9427, 4.4824], [-51.9421, 4.4836], [-51.9412, 4.4846], [-51.9404, 4.4845], [-51.9402, 4.4835], [-51.94, 4.4819], [-51.9397, 4.4805], [-51.9394, 4.479], [-51.9391, 4.4776], [-51.9389, 4.4764], [-51.9385, 4.4753], [-51.9383, 4.4742], [-51.9377, 4.4713], [-51.9374, 4.4696], [-51.9371, 4.468], [-51.9369, 4.4665]]], [[[-51.9426, 4.5032], [-51.9425, 4.5011], [-51.9423, 4.4995], [-51.9423, 4.4985], [-51.9425, 4.4972], [-51.9425, 4.4959], [-51.9429, 4.4927], [-51.9431, 4.4914], [-51.9434, 4.4893], [-51.9437, 4.4877], [-51.9439, 4.4864], [-51.9444, 4.4837], [-51.9449, 4.4825], [-51.9452, 4.4813], [-51.9456, 4.4802], [-51.9459, 4.4791], [-51.9465, 4.4776], [-51.9469, 4.4767], [-51.9481, 4.4778], [-51.9487, 4.4791], [-51.9492, 4.4803], [-51.9497, 4.4814], [-51.9501, 4.4826], [-51.9504, 4.4837], [-51.9508, 4.4854], [-51.9509, 4.487], [-51.951, 4.4882], [-51.9511, 4.4896], [-51.9511, 4.4909], [-51.9511, 4.4924], [-51.9511, 4.4942], [-51.951, 4.4959], [-51.9508, 4.4977], [-51.9504, 4.5005], [-51.9501, 4.5022], [-51.9498, 4.5038], [-51.9494, 4.5051], [-51.949, 4.5068], [-51.9486, 4.5081], [-51.948, 4.509], [-51.9467, 4.5094], [-51.9456, 4.5085], [-51.9447, 4.5078], [-51.9436, 4.507], [-51.9428, 4.5048], [-51.9426, 4.5032]]]]}}, {"type": "Feature", "properties": {"nom": "Cayenne", "code": "97302", "codeDepartement": "973", "siren": "219733029", "codeEpci": "249730045", "codeRegion": "03", "codesPostaux": ["97300"], "population": 62675}, "geometry": {"type": "MultiPolygon", "coordinates": [[[[-52.1686, 4.8887], [-52.1682, 4.8878], [-52.1691, 4.887], [-52.17, 4.8867], [-52.1707, 4.8877], [-52.1698, 4.8885], [-52.169, 4.8887], [-52.1686, 4.8887]]], [[[-52.1644, 4.8906], [-52.1637, 4.8897], [-52.1647, 4.8891], [-52.1658, 4.8888], [-52.166, 4.8898], [-52.1648, 4.8903], [-52.1644, 4.8906]]], [[[-52.1895, 4.895], [-52.1886, 4.8954], [-52.1876, 4.8949], [-52.1868, 4.8946], [-52.1858, 4.894], [-52.1849, 4.8936], [-52.1839, 4.8939], [-52.1831, 4.8949], [-52.1822, 4.8943], [-52.1814, 4.8944], [-52.1805, 4.8938], [-52.1797, 4.893], [-52.1795, 4.8921], [-52.1796, 4.8911], [-52.1802, 4.8902], [-52.1813, 4.8897], [-52.1817, 4.8885], [-52.1825, 4.8893], [-52.1833, 4.8899], [-52.1842, 4.8894], [-52.185, 4.8895], [-52.1858, 4.8904], [-52.1868, 4.8907], [-52.1877, 4.8914], [-52.1887, 4.8919], [-52.1897, 4.8924], [-52.1902, 4.8933], [-52.1903, 4.8942], [-52.1895, 4.895]]], [[[-52.2011, 4.9261], [-52.202, 4.9256], [-52.2034, 4.9257], [-52.2041, 4.9266], [-52.2048, 4.9275], [-52.2054, 4.9286], [-52.206, 4.9296], [-52.2063, 4.9305], [-52.2069, 4.9315], [-52.2064, 4.9325], [-52.2061, 4.9335], [-52.2052, 4.933], [-52.2049, 4.932], [-52.2041, 4.9316], [-52.2031, 4.9313], [-52.202, 4.9312], [-52.2011, 4.9312], [-52.2009, 4.9301], [-52.2009, 4.9292], [-52.2008, 4.9282], [-52.2009, 4.9271], [-52.2011, 4.9261]]], [[[-52.2833, 4.9357], [-52.2833, 4.9356], [-52.2835, 4.9355], [-52.2833, 4.9357]]], [[[-52.2904, 4.9408], [-52.2904, 4.9407], [-52.2905, 4.9404], [-52.2904, 4.9408]]], [[[-52.2829, 4.9416], [-52.2829, 4.9415], [-52.283, 4.9415], [-52.2829, 4.9416]]], [[[-52.2908, 4.9416], [-52.2908, 4.9415], [-52.2908, 4.9414], [-52.2908, 4.9416]]], [[[-52.2839, 4.9421], [-52.284, 4.9421], [-52.2839, 4.9422], [-52.2839, 4.9421]]], [[[-52.3276, 4.9445], [-52.3278, 4.9445], [-52.3279, 4.9446], [-52.3276, 4.9445]]], [[[-52.3319, 4.9464], [-52.3318, 4.9463], [-52.3319, 4.9462], [-52.3319, 4.9464]]], [[[-52.322, 4.9459], [-52.322, 4.9457], [-52.3223, 4.9456], [-52.322, 4.9459]]], [[[-52.3238, 4.9475], [-52.3238, 4.9474], [-52.3239, 4.9475], [-52.3238, 4.9475]]], [[[-52.3267, 4.9474], [-52.3266, 4.9474], [-52.3267, 4.9471], [-52.3267, 4.9474]]], [[[-52.3145, 4.9485], [-52.3145, 4.9484], [-52.3148, 4.9484], [-52.3145, 4.9485]]], [[[-52.2528, 4.9608], [-52.2517, 4.9612], [-52.2518, 4.9603], [-52.2521, 4.9593], [-52.253, 4.9593], [-52.2534, 4.9602], [-52.2528, 4.9608]]], [[[-52.5788, 5.2817], [-52.5799, 5.2809], [-52.5808, 5.2809], [-52.5818, 5.2798], [-52.5827, 5.2791], [-52.5836, 5.2791], [-52.5844, 5.2798], [-52.5843, 5.2809], [-52.5845, 5.2818], [-52.5845, 5.2827], [-52.5834, 5.2834], [-52.5825, 5.2831], [-52.5817, 5.2824], [-52.5808, 5.2824], [-52.5797, 5.2826], [-52.5788, 5.2825], [-52.5788, 5.2817]]], [[[-52.5854, 5.2872], [-52.585, 5.2862], [-52.5851, 5.2852], [-52.5859, 5.285], [-52.5868, 5.2844], [-52.587, 5.2854], [-52.5875, 5.2863], [-52.5884, 5.2866], [-52.5894, 5.2863], [-52.5902, 5.2857], [-52.5912, 5.2856], [-52.5924, 5.2858], [-52.5933, 5.2861], [-52.5938, 5.2871], [-52.5935, 5.2881], [-52.5928, 5.289], [-52.5919, 5.2895], [-52.5911, 5.2897], [-52.5902, 5.2895], [-52.5894, 5.2887], [-52.5885, 5.2885], [-52.5876, 5.288], [-52.5869, 5.2889], [-52.5859, 5.2883], [-52.5854, 5.2874], [-52.5854, 5.2872]]], [[[-52.58, 5.2957], [-52.5806, 5.2947], [-52.5814, 5.2943], [-52.5823, 5.2936], [-52.5833, 5.293], [-52.5836, 5.2921], [-52.5841, 5.2912], [-52.5851, 5.2905], [-52.5859, 5.2908], [-52.5851, 5.2921], [-52.5841, 5.293], [-52.5839, 5.294], [-52.5837, 5.2948], [-52.5834, 5.2958], [-52.5825, 5.2968], [-52.5817, 5.2972], [-52.5808, 5.2973], [-52.5801, 5.2963], [-52.58, 5.2957]]], [[[-52.3064, 4.9545], [-52.3064, 4.9544], [-52.3065, 4.9543], [-52.3064, 4.9545]]], [[[-52.3059, 4.9547], [-52.3059, 4.9546], [-52.306, 4.9545], [-52.3059, 4.9547]]], [[[-52.2971, 4.9552], [-52.297, 4.9554], [-52.2968, 4.9554], [-52.2971, 4.9552]]], [[[-52.298, 4.9554], [-52.298, 4.9552], [-52.2981, 4.955], [-52.298, 4.9554]]], [[[-52.2999, 4.9555], [-52.2998, 4.9552], [-52.2999, 4.9551], [-52.2999, 4.9555]]], [[[-52.34, 4.9158], [-52.34, 4.9167], [-52.3394, 4.9175], [-52.3385, 4.9184], [-52.3375, 4.9189], [-52.3367, 4.9201], [-52.3365, 4.921], [-52.3362, 4.9221], [-52.3358, 4.923], [-52.3352, 4.9239], [-52.3348, 4.9248], [-52.3347, 4.9259], [-52.3344, 4.9274], [-52.3343, 4.9282], [-52.3344, 4.9291], [-52.3343, 4.93], [-52.3344, 4.9309], [-52.3345, 4.9318], [-52.3348, 4.9327], [-52.3351, 4.9336], [-52.3353, 4.9345], [-52.3361, 4.9343], [-52.3371, 4.9345], [-52.3371, 4.9355], [-52.338, 4.9365], [-52.3393, 4.9372], [-52.3399, 4.9362], [-52.3402, 4.9372], [-52.3394, 4.9373], [-52.3382, 4.9371], [-52.338, 4.938], [-52.3384, 4.9391], [-52.3374, 4.9392], [-52.3365, 4.9398], [-52.3361, 4.9407], [-52.3359, 4.9419], [-52.3364, 4.9428], [-52.3355, 4.9427], [-52.3346, 4.9424], [-52.3337, 4.9422], [-52.3327, 4.9425], [-52.3322, 4.9434], [-52.3324, 4.9442], [-52.3315, 4.9439], [-52.3295, 4.9431], [-52.3286, 4.9431], [-52.3277, 4.9433], [-52.3267, 4.9438], [-52.3262, 4.9447], [-52.3265, 4.9456], [-52.3255, 4.9457], [-52.3254, 4.9448], [-52.3241, 4.9445], [-52.3231, 4.9441], [-52.3221, 4.9447], [-52.3212, 4.9447], [-52.3203, 4.9444], [-52.3192, 4.9439], [-52.3184, 4.9439], [-52.3185, 4.9448], [-52.3176, 4.9448], [-52.3172, 4.9459], [-52.3163, 4.9465], [-52.3154, 4.9473], [-52.3148, 4.9482], [-52.3138, 4.9486], [-52.3129, 4.9495], [-52.312, 4.95], [-52.3111, 4.9501], [-52.3103, 4.9504], [-52.3093, 4.951], [-52.3082, 4.9503], [-52.3073, 4.9503], [-52.3063, 4.9502], [-52.3054, 4.9505], [-52.3044, 4.9507], [-52.3039, 4.9516], [-52.3029, 4.9512], [-52.3018, 4.951], [-52.3008, 4.951], [-52.3012, 4.9499], [-52.301, 4.949], [-52.3007, 4.9481], [-52.2997, 4.9465], [-52.2988, 4.9452], [-52.2974, 4.9439], [-52.2962, 4.943], [-52.2952, 4.9423], [-52.2943, 4.9415], [-52.2932, 4.9407], [-52.2922, 4.9402], [-52.2912, 4.9401], [-52.2903, 4.9403], [-52.2894, 4.9402], [-52.2884, 4.9408], [-52.2875, 4.9412], [-52.2868, 4.9421], [-52.2859, 4.9431], [-52.2859, 4.9422], [-52.2849, 4.9415], [-52.2848, 4.9406], [-52.2839, 4.94], [-52.2831, 4.9396], [-52.283, 4.9388], [-52.2829, 4.9376], [-52.2836, 4.9362], [-52.2837, 4.9353], [-52.2832, 4.9343], [-52.2822, 4.9333], [-52.2802, 4.9314], [-52.2821, 4.9301], [-52.2835, 4.929], [-52.2846, 4.9281], [-52.286, 4.9269], [-52.2871, 4.926], [-52.2882, 4.9265], [-52.2899, 4.9272], [-52.2901, 4.9256], [-52.2903, 4.9233], [-52.2905, 4.9224], [-52.2916, 4.922], [-52.2929, 4.9214], [-52.294, 4.9204], [-52.2944, 4.9195], [-52.2946, 4.9185], [-52.2951, 4.9175], [-52.2961, 4.9161], [-52.2975, 4.916], [-52.2988, 4.9171], [-52.3, 4.9173], [-52.3011, 4.9182], [-52.302, 4.9192], [-52.3029, 4.9201], [-52.3037, 4.9211], [-52.3044, 4.9201], [-52.3049, 4.9192], [-52.3058, 4.9185], [-52.3067, 4.9183], [-52.3085, 4.9171], [-52.3098, 4.9162], [-52.3097, 4.9151], [-52.3092, 4.9141], [-52.3083, 4.9133], [-52.3081, 4.912], [-52.3083, 4.9106], [-52.3079, 4.9097], [-52.3076, 4.9088], [-52.3069, 4.9077], [-52.3058, 4.9067], [-52.3049, 4.906], [-52.3047, 4.9046], [-52.3055, 4.904], [-52.307, 4.9037], [-52.3082, 4.9034], [-52.3092, 4.9026], [-52.31, 4.9021], [-52.3109, 4.9009], [-52.312, 4.9001], [-52.3133, 4.8998], [-52.3143, 4.8994], [-52.3152, 4.8984], [-52.3155, 4.8974], [-52.3164, 4.897], [-52.3173, 4.8963], [-52.3181, 4.8953], [-52.3179, 4.8941], [-52.3173, 4.8932], [-52.316, 4.8921], [-52.3152, 4.8913], [-52.316, 4.8909], [-52.317, 4.8908], [-52.318, 4.8907], [-52.3193, 4.8912], [-52.3208, 4.8921], [-52.3217, 4.893], [-52.3226, 4.8937], [-52.3237, 4.8942], [-52.3248, 4.8945], [-52.3259, 4.8949], [-52.3268, 4.8951], [-52.3278, 4.8955], [-52.3287, 4.8957], [-52.3292, 4.8967], [-52.3298, 4.8981], [-52.3304, 4.8991], [-52.3309, 4.9003], [-52.3313, 4.9014], [-52.3321, 4.9032], [-52.3326, 4.9041], [-52.3329, 4.9051], [-52.3334, 4.9062], [-52.3338, 4.9071], [-52.3344, 4.9082], [-52.3347, 4.9091], [-52.3352, 4.9103], [-52.3357, 4.9112], [-52.3362, 4.9126], [-52.3367, 4.9135], [-52.337, 4.9144], [-52.338, 4.915], [-52.3389, 4.9153], [-52.34, 4.9158]]], [[[-52.2997, 4.9496], [-52.2997, 4.9494], [-52.2998, 4.9495], [-52.2997, 4.9496]]], [[[-52.3088, 4.9512], [-52.3089, 4.951], [-52.309, 4.9511], [-52.3088, 4.9512]]], [[[-52.3004, 4.9511], [-52.3004, 4.951], [-52.3004, 4.9509], [-52.3004, 4.9511]]], [[[-52.301, 4.9514], [-52.3012, 4.9514], [-52.3012, 4.9515], [-52.301, 4.9514]]], [[[-52.3026, 4.9515], [-52.3027, 4.9514], [-52.3028, 4.9515], [-52.3026, 4.9515]]], [[[-52.3014, 4.9515], [-52.3017, 4.9515], [-52.3017, 4.9515], [-52.3014, 4.9515]]]]}}, {"type": "Feature", "properties": {"nom": "Iracoubo", "code": "97303", "codeDepartement": "973", "siren": "219733037", "codeEpci": "200027548", "codeRegion": "03", "codesPostaux": ["97350"], "population": 1662}, "geometry": {"type": "Polygon", "coordinates": [[[-53.0686, 5.4312], [-53.0679, 5.43], [-53.0672, 5.4286], [-53.0662, 5.428], [-53.0657, 5.4271], [-53.0647, 5.4265], [-53.0637, 5.4258], [-53.0629, 5.4244], [-53.0622, 5.4234], [-53.0619, 5.4225], [-53.0616, 5.4216], [-53.0611, 5.4206], [-53.0602, 5.4199], [-53.0594, 5.4199], [-53.0591, 5.4189], [-53.0587, 5.4177], [-53.0583, 5.4168], [-53.0581, 5.4159], [-53.0584, 5.415], [-53.0595, 5.4147], [-53.06, 5.4137], [-53.0605, 5.4129], [-53.0598, 5.412], [-53.0596, 5.4111], [-53.06, 5.4099], [-53.0605, 5.4086], [-53.061, 5.4077], [-53.0619, 5.4068], [-53.0614, 5.4056], [-53.0618, 5.4047], [-53.0626, 5.4037], [-53.0627, 5.4028], [-53.0625, 5.4019], [-53.0626, 5.4011], [-53.064, 5.4009], [-53.065, 5.4013], [-53.0659, 5.4015], [-53.0665, 5.4005], [-53.0659, 5.3996], [-53.0657, 5.3988], [-53.0666, 5.399], [-53.0675, 5.3989], [-53.0673, 5.3979], [-53.0669, 5.397], [-53.0677, 5.3967], [-53.0681, 5.3957], [-53.0692, 5.3951], [-53.0701, 5.3948], [-53.0698, 5.3959], [-53.0708, 5.3963], [-53.0712, 5.3953], [-53.0721, 5.3953], [-53.0722, 5.3944], [-53.0721, 5.3929], [-53.0712, 5.3921], [-53.0703, 5.3917], [-53.0691, 5.392], [-53.0682, 5.392], [-53.0672, 5.3906], [-53.0669, 5.3895], [-53.0663, 5.3886], [-53.0654, 5.3883], [-53.0643, 5.3877], [-53.0633, 5.388], [-53.0621, 5.3879], [-53.0612, 5.3873], [-53.0603, 5.3862], [-53.0602, 5.3851], [-53.06, 5.3842], [-53.0592, 5.3836], [-53.0598, 5.3826], [-53.0608, 5.3823], [-53.0618, 5.3824], [-53.0621, 5.3815], [-53.0613, 5.3805], [-53.06, 5.3792], [-53.059, 5.3787], [-53.0599, 5.378], [-53.0609, 5.3776], [-53.0613, 5.3765], [-53.0621, 5.3756], [-53.0622, 5.3747], [-53.0633, 5.3741], [-53.0642, 5.3738], [-53.0651, 5.374], [-53.0661, 5.3747], [-53.067, 5.374], [-53.0676, 5.373], [-53.0683, 5.3721], [-53.0694, 5.3716], [-53.0698, 5.3704], [-53.0708, 5.3695], [-53.0715, 5.3686], [-53.0727, 5.368], [-53.0734, 5.3666], [-53.0733, 5.3657], [-53.0735, 5.3648], [-53.0729, 5.3636], [-53.0727, 5.3627], [-53.0734, 5.3616], [-53.074, 5.3606], [-53.0746, 5.3592], [-53.0748, 5.3581], [-53.075, 5.3572], [-53.075, 5.3559], [-53.0747, 5.3549], [-53.0742, 5.3539], [-53.0739, 5.3529], [-53.074, 5.352], [-53.0736, 5.351], [-53.0734, 5.3501], [-53.0739, 5.3492], [-53.0739, 5.3483], [-53.0739, 5.3474], [-53.0736, 5.3465], [-53.0739, 5.3455], [-53.0741, 5.3445], [-53.0745, 5.3433], [-53.075, 5.3421], [-53.0757, 5.3412], [-53.0762, 5.3401], [-53.0771, 5.3391], [-53.0777, 5.3381], [-53.0774, 5.337], [-53.0776, 5.3361], [-53.0781, 5.3352], [-53.0783, 5.3343], [-53.0782, 5.3333], [-53.0786, 5.3324], [-53.0795, 5.3318], [-53.0802, 5.3309], [-53.0806, 5.3298], [-53.0803, 5.3284], [-53.0802, 5.3274], [-53.0797, 5.3265], [-53.0791, 5.3256], [-53.0795, 5.3245], [-53.0796, 5.3236], [-53.0803, 5.3227], [-53.0807, 5.3218], [-53.0802, 5.3209], [-53.0801, 5.3195], [-53.0802, 5.3186], [-53.0807, 5.3177], [-53.0809, 5.3167], [-53.0809, 5.3158], [-53.0812, 5.3147], [-53.0814, 5.3136], [-53.0815, 5.3126], [-53.0825, 5.3119], [-53.0835, 5.3113], [-53.0846, 5.3104], [-53.0855, 5.3095], [-53.0856, 5.3084], [-53.0856, 5.3073], [-53.086, 5.3063], [-53.0861, 5.3048], [-53.0867, 5.3039], [-53.0869, 5.3029], [-53.0873, 5.302], [-53.0876, 5.301], [-53.0876, 5.3001], [-53.0886, 5.2986], [-53.0894, 5.297], [-53.0895, 5.2961], [-53.0892, 5.2939], [-53.0898, 5.2924], [-53.09, 5.2913], [-53.0896, 5.2899], [-53.0905, 5.2887], [-53.0909, 5.2879], [-53.0913, 5.2867], [-53.093, 5.2854], [-53.0941, 5.2845], [-53.0954, 5.2835], [-53.095, 5.2823], [-53.0941, 5.2811], [-53.0941, 5.2796], [-53.094, 5.2787], [-53.0943, 5.2775], [-53.0944, 5.2763], [-53.0934, 5.2748], [-53.0925, 5.2728], [-53.0911, 5.2692], [-53.0909, 5.2681], [-53.0908, 5.2665], [-53.0901, 5.265], [-53.0899, 5.264], [-53.09, 5.2631], [-53.0903, 5.262], [-53.0902, 5.2608], [-53.09, 5.2596], [-53.0896, 5.2584], [-53.0897, 5.2573], [-53.0891, 5.2564], [-53.0886, 5.2547], [-53.0881, 5.2534], [-53.0881, 5.252], [-53.0882, 5.251], [-53.0883, 5.2498], [-53.0874, 5.2495], [-53.0872, 5.2484], [-53.0884, 5.248], [-53.0888, 5.2464], [-53.0867, 5.2455], [-53.0854, 5.245], [-53.0851, 5.2436], [-53.0838, 5.2425], [-53.0831, 5.241], [-53.0845, 5.2399], [-53.0853, 5.2384], [-53.0852, 5.2375], [-53.0843, 5.2368], [-53.0839, 5.2353], [-53.0828, 5.2353], [-53.0801, 5.234], [-53.0782, 5.2312], [-53.0768, 5.2291], [-53.0774, 5.2271], [-53.0791, 5.2261], [-53.0798, 5.2249], [-53.0796, 5.2235], [-53.0793, 5.2212], [-53.0807, 5.2205], [-53.0816, 5.2199], [-53.0827, 5.2185], [-53.0833, 5.2176], [-53.0829, 5.2167], [-53.0817, 5.2164], [-53.0805, 5.2169], [-53.0794, 5.2168], [-53.0795, 5.2155], [-53.0795, 5.2145], [-53.0796, 5.2134], [-53.0795, 5.2123], [-53.0791, 5.2113], [-53.0777, 5.2111], [-53.0768, 5.211], [-53.0759, 5.211], [-53.075, 5.2096], [-53.0742, 5.207], [-53.0729, 5.2053], [-53.0721, 5.2044], [-53.0703, 5.2043], [-53.0691, 5.2034], [-53.0679, 5.2033], [-53.0668, 5.2032], [-53.0648, 5.2027], [-53.0649, 5.2007], [-53.0652, 5.1981], [-53.0665, 5.1971], [-53.068, 5.1962], [-53.0686, 5.195], [-53.0695, 5.1955], [-53.0705, 5.1954], [-53.0714, 5.195], [-53.0722, 5.1954], [-53.0733, 5.1962], [-53.0743, 5.197], [-53.0755, 5.1972], [-53.0764, 5.1972], [-53.0791, 5.1977], [-53.08, 5.1978], [-53.0809, 5.1977], [-53.0821, 5.1977], [-53.0837, 5.1978], [-53.0847, 5.1979], [-53.0859, 5.1981], [-53.0868, 5.1981], [-53.0876, 5.1982], [-53.0885, 5.1982], [-53.0895, 5.1984], [-53.0904, 5.1986], [-53.0914, 5.199], [-53.0926, 5.1997], [-53.0939, 5.2001], [-53.0947, 5.2005], [-53.0958, 5.2011], [-53.0976, 5.203], [-53.0984, 5.204], [-53.0993, 5.205], [-53.1003, 5.2064], [-53.1008, 5.2079], [-53.1014, 5.209], [-53.1017, 5.2099], [-53.1015, 5.2108], [-53.1008, 5.2126], [-53.1007, 5.2137], [-53.1019, 5.2167], [-53.1024, 5.2184], [-53.1027, 5.2193], [-53.1032, 5.2202], [-53.1042, 5.2212], [-53.1044, 5.2221], [-53.105, 5.223], [-53.1061, 5.2241], [-53.1065, 5.2251], [-53.1063, 5.2263], [-53.107, 5.2276], [-53.1072, 5.2286], [-53.1079, 5.23], [-53.1078, 5.2314], [-53.1077, 5.2324], [-53.1083, 5.2333], [-53.109, 5.2344], [-53.1085, 5.2353], [-53.1087, 5.2361], [-53.1093, 5.2371], [-53.1102, 5.2376], [-53.1105, 5.2388], [-53.1113, 5.2404], [-53.1116, 5.2414], [-53.1125, 5.2419], [-53.1133, 5.2428], [-53.1136, 5.2437], [-53.1149, 5.2454], [-53.1155, 5.2463], [-53.1158, 5.2472], [-53.116, 5.2482], [-53.1171, 5.2498], [-53.1179, 5.2508], [-53.1185, 5.2522], [-53.1198, 5.2534], [-53.1206, 5.2533], [-53.122, 5.2534], [-53.1246, 5.2543], [-53.1257, 5.2552], [-53.1264, 5.2561], [-53.128, 5.2566], [-53.129, 5.2567], [-53.1298, 5.2569], [-53.1313, 5.2575], [-53.1324, 5.2588], [-53.1333, 5.259], [-53.1343, 5.2598], [-53.1354, 5.2598], [-53.1363, 5.2592], [-53.1377, 5.26], [-53.1386, 5.2601], [-53.14, 5.2609], [-53.1409, 5.261], [-53.1419, 5.2603], [-53.143, 5.2601], [-53.144, 5.2603], [-53.1451, 5.2599], [-53.1444, 5.259], [-53.1438, 5.2577], [-53.1437, 5.2561], [-53.1439, 5.2548], [-53.1439, 5.2533], [-53.1439, 5.2524], [-53.1442, 5.251], [-53.1448, 5.25], [-53.1446, 5.2491], [-53.1455, 5.2489], [-53.1458, 5.2475], [-53.1458, 5.2464], [-53.1448, 5.2458], [-53.1459, 5.2444], [-53.1469, 5.2436], [-53.1468, 5.2427], [-53.1458, 5.2427], [-53.1445, 5.2435], [-53.1446, 5.2422], [-53.1453, 5.2408], [-53.1456, 5.2399], [-53.1459, 5.2386], [-53.1459, 5.2377], [-53.1459, 5.2365], [-53.1461, 5.2355], [-53.1469, 5.234], [-53.1459, 5.2328], [-53.1446, 5.2317], [-53.1439, 5.2305], [-53.1437, 5.2295], [-53.1435, 5.2286], [-53.1433, 5.2273], [-53.1426, 5.2261], [-53.1429, 5.225], [-53.1444, 5.2233], [-53.1453, 5.2229], [-53.1462, 5.2221], [-53.1469, 5.221], [-53.1465, 5.2201], [-53.1463, 5.2193], [-53.146, 5.2183], [-53.1461, 5.2171], [-53.1457, 5.2161], [-53.1454, 5.2151], [-53.1448, 5.2142], [-53.1442, 5.2132], [-53.1441, 5.2116], [-53.1443, 5.2106], [-53.144, 5.2096], [-53.1439, 5.2087], [-53.1437, 5.2077], [-53.1446, 5.2077], [-53.1454, 5.2077], [-53.146, 5.2067], [-53.1453, 5.2057], [-53.1443, 5.2046], [-53.1443, 5.2035], [-53.1442, 5.2021], [-53.1442, 5.2012], [-53.1433, 5.2], [-53.1434, 5.1983], [-53.1441, 5.1969], [-53.1442, 5.1958], [-53.1451, 5.1947], [-53.1465, 5.1943], [-53.147, 5.193], [-53.1482, 5.1925], [-53.1492, 5.192], [-53.1501, 5.1921], [-53.1501, 5.1912], [-53.15, 5.1899], [-53.1493, 5.1887], [-53.1484, 5.1882], [-53.1486, 5.1873], [-53.1477, 5.1868], [-53.1466, 5.1857], [-53.1457, 5.1845], [-53.1446, 5.1836], [-53.1436, 5.1841], [-53.1435, 5.1851], [-53.1425, 5.1843], [-53.1415, 5.1847], [-53.1404, 5.1842], [-53.1402, 5.1831], [-53.1408, 5.1818], [-53.1406, 5.1808], [-53.1397, 5.1802], [-53.1406, 5.1792], [-53.1397, 5.179], [-53.1394, 5.1781], [-53.1386, 5.1779], [-53.138, 5.1766], [-53.1371, 5.1759], [-53.1357, 5.1749], [-53.1354, 5.1739], [-53.1343, 5.173], [-53.1334, 5.1729], [-53.1325, 5.1729], [-53.1319, 5.1719], [-53.1331, 5.171], [-53.1337, 5.1699], [-53.1336, 5.1683], [-53.1334, 5.1673], [-53.1318, 5.1652], [-53.1316, 5.1642], [-53.1326, 5.1628], [-53.1334, 5.1622], [-53.1343, 5.1621], [-53.135, 5.1606], [-53.1363, 5.1605], [-53.1372, 5.1606], [-53.137, 5.1597], [-53.136, 5.1587], [-53.1354, 5.1577], [-53.136, 5.1566], [-53.1355, 5.1554], [-53.1351, 5.1545], [-53.1361, 5.1537], [-53.1356, 5.1524], [-53.1343, 5.1505], [-53.1344, 5.1496], [-53.1353, 5.1494], [-53.1365, 5.1498], [-53.1369, 5.1486], [-53.1374, 5.1473], [-53.1369, 5.146], [-53.1377, 5.1454], [-53.1387, 5.1458], [-53.1396, 5.1464], [-53.1405, 5.1459], [-53.1407, 5.145], [-53.1408, 5.1438], [-53.1407, 5.1427], [-53.1407, 5.1418], [-53.1409, 5.1408], [-53.1415, 5.1399], [-53.1442, 5.14], [-53.1451, 5.1401], [-53.146, 5.1407], [-53.1469, 5.1402], [-53.1468, 5.1393], [-53.1471, 5.1382], [-53.1477, 5.1371], [-53.1474, 5.136], [-53.1463, 5.1349], [-53.1466, 5.1337], [-53.1471, 5.1323], [-53.147, 5.1309], [-53.1469, 5.1299], [-53.1482, 5.1289], [-53.1492, 5.1273], [-53.15, 5.1263], [-53.151, 5.1264], [-53.1519, 5.1267], [-53.1527, 5.127], [-53.1539, 5.1263], [-53.1548, 5.1261], [-53.1558, 5.1257], [-53.1567, 5.1258], [-53.1576, 5.1256], [-53.1586, 5.1254], [-53.1598, 5.1254], [-53.1605, 5.1244], [-53.1609, 5.1234], [-53.1618, 5.1227], [-53.1623, 5.1217], [-53.1626, 5.1207], [-53.1634, 5.1206], [-53.1638, 5.1196], [-53.1647, 5.1194], [-53.1656, 5.1188], [-53.1664, 5.1191], [-53.1672, 5.1183], [-53.1681, 5.118], [-53.1678, 5.1171], [-53.1679, 5.116], [-53.1683, 5.1151], [-53.169, 5.1136], [-53.1692, 5.1127], [-53.17, 5.1131], [-53.171, 5.1139], [-53.1727, 5.1136], [-53.1739, 5.1129], [-53.175, 5.1122], [-53.1754, 5.1113], [-53.1751, 5.1104], [-53.1756, 5.1093], [-53.1767, 5.1077], [-53.1779, 5.1059], [-53.179, 5.1053], [-53.1796, 5.1042], [-53.1801, 5.1032], [-53.1814, 5.1019], [-53.1823, 5.1006], [-53.1831, 5.1002], [-53.1843, 5.1], [-53.1851, 5.0991], [-53.1853, 5.098], [-53.1856, 5.0966], [-53.1864, 5.0955], [-53.1865, 5.0941], [-53.1862, 5.0922], [-53.1859, 5.0906], [-53.1858, 5.0897], [-53.1856, 5.0886], [-53.186, 5.0877], [-53.1865, 5.0867], [-53.1866, 5.0857], [-53.1865, 5.0847], [-53.1862, 5.0836], [-53.1862, 5.0825], [-53.1862, 5.081], [-53.1862, 5.0799], [-53.1859, 5.0789], [-53.1855, 5.0779], [-53.185, 5.0767], [-53.1839, 5.0746], [-53.1835, 5.0732], [-53.1833, 5.0721], [-53.1829, 5.0707], [-53.1826, 5.0693], [-53.182, 5.0678], [-53.1819, 5.0668], [-53.1816, 5.0653], [-53.1815, 5.0643], [-53.1814, 5.0632], [-53.1813, 5.0613], [-53.1814, 5.0604], [-53.1814, 5.0592], [-53.1815, 5.0582], [-53.1816, 5.0571], [-53.1819, 5.0559], [-53.1822, 5.0548], [-53.1829, 5.0532], [-53.1838, 5.0519], [-53.185, 5.0509], [-53.1864, 5.0504], [-53.188, 5.0503], [-53.1905, 5.0503], [-53.1918, 5.0504], [-53.1946, 5.0503], [-53.1959, 5.0502], [-53.1973, 5.0499], [-53.1992, 5.0494], [-53.2011, 5.0488], [-53.2032, 5.0482], [-53.2047, 5.048], [-53.2058, 5.0468], [-53.2069, 5.0455], [-53.2077, 5.0447], [-53.2088, 5.0437], [-53.2096, 5.0427], [-53.2102, 5.0409], [-53.2103, 5.0392], [-53.2097, 5.0379], [-53.2086, 5.0368], [-53.208, 5.0359], [-53.2076, 5.0349], [-53.2084, 5.0336], [-53.2084, 5.0327], [-53.2082, 5.0314], [-53.2086, 5.0304], [-53.209, 5.0291], [-53.2093, 5.0282], [-53.2095, 5.0273], [-53.2088, 5.0262], [-53.2085, 5.0253], [-53.2084, 5.0244], [-53.2086, 5.0235], [-53.2093, 5.0225], [-53.2096, 5.0214], [-53.2097, 5.02], [-53.2092, 5.0191], [-53.2106, 5.0175], [-53.2115, 5.0167], [-53.2118, 5.0156], [-53.2123, 5.0129], [-53.2144, 5.0139], [-53.2149, 5.0148], [-53.2149, 5.0177], [-53.215, 5.0186], [-53.2152, 5.0195], [-53.2158, 5.0204], [-53.2164, 5.0213], [-53.2176, 5.0223], [-53.2185, 5.0229], [-53.2194, 5.0235], [-53.221, 5.0225], [-53.2223, 5.0218], [-53.2232, 5.0213], [-53.2246, 5.0215], [-53.2251, 5.0226], [-53.226, 5.0229], [-53.2269, 5.0234], [-53.2265, 5.0251], [-53.2268, 5.0265], [-53.2263, 5.0278], [-53.2264, 5.0289], [-53.2277, 5.0293], [-53.2291, 5.0285], [-53.23, 5.0288], [-53.2309, 5.0276], [-53.2314, 5.0267], [-53.2328, 5.0285], [-53.2336, 5.0287], [-53.2344, 5.0272], [-53.2353, 5.028], [-53.2364, 5.0281], [-53.2374, 5.0269], [-53.2393, 5.0277], [-53.2402, 5.0277], [-53.2416, 5.0275], [-53.2425, 5.0273], [-53.2453, 5.0267], [-53.2463, 5.0267], [-53.2471, 5.0282], [-53.2468, 5.0294], [-53.2464, 5.0304], [-53.2454, 5.0314], [-53.2443, 5.0328], [-53.2439, 5.0338], [-53.2439, 5.0349], [-53.2447, 5.0356], [-53.2469, 5.0374], [-53.2478, 5.038], [-53.2491, 5.039], [-53.25, 5.0402], [-53.2508, 5.0414], [-53.2521, 5.0427], [-53.2559, 5.0465], [-53.2572, 5.0478], [-53.2583, 5.0475], [-53.2591, 5.0466], [-53.2597, 5.0446], [-53.2597, 5.0408], [-53.2599, 5.039], [-53.2601, 5.037], [-53.2602, 5.036], [-53.2603, 5.0351], [-53.2606, 5.0334], [-53.2606, 5.0325], [-53.2612, 5.0306], [-53.2618, 5.0289], [-53.2623, 5.0278], [-53.2628, 5.0264], [-53.2636, 5.0239], [-53.2639, 5.0225], [-53.2641, 5.0211], [-53.2641, 5.0202], [-53.2636, 5.019], [-53.2627, 5.0182], [-53.2608, 5.0173], [-53.26, 5.0169], [-53.26, 5.016], [-53.2602, 5.0146], [-53.2603, 5.0133], [-53.2606, 5.0112], [-53.2608, 5.0095], [-53.2612, 5.0073], [-53.262, 5.0062], [-53.2631, 5.005], [-53.2641, 5.004], [-53.2649, 5.003], [-53.2669, 5.0012], [-53.2681, 5.0007], [-53.2689, 5.0004], [-53.2699, 4.9996], [-53.2706, 4.9984], [-53.2718, 4.9973], [-53.2726, 4.9959], [-53.2735, 4.9953], [-53.2745, 4.9949], [-53.2757, 4.9947], [-53.2772, 4.9926], [-53.2782, 4.9919], [-53.2796, 4.9918], [-53.2805, 4.9923], [-53.2815, 4.9933], [-53.2825, 4.993], [-53.2826, 4.9921], [-53.2831, 4.9912], [-53.2846, 4.99], [-53.2854, 4.9893], [-53.2855, 4.9877], [-53.2862, 4.9857], [-53.2865, 4.9848], [-53.2871, 4.9837], [-53.2877, 4.9828], [-53.2888, 4.982], [-53.2897, 4.9817], [-53.2909, 4.981], [-53.2916, 4.9798], [-53.292, 4.9788], [-53.2936, 4.9774], [-53.2953, 4.9764], [-53.2969, 4.9761], [-53.2978, 4.9761], [-53.299, 4.9762], [-53.3009, 4.9767], [-53.3019, 4.9771], [-53.3036, 4.9776], [-53.3045, 4.9775], [-53.3058, 4.9778], [-53.3066, 4.9783], [-53.3068, 4.9798], [-53.3058, 4.9818], [-53.3062, 4.9829], [-53.3074, 4.983], [-53.309, 4.983], [-53.31, 4.9833], [-53.3109, 4.984], [-53.3119, 4.9854], [-53.3128, 4.9864], [-53.3138, 4.9876], [-53.315, 4.9876], [-53.3169, 4.9863], [-53.3178, 4.9858], [-53.3188, 4.9854], [-53.3197, 4.9851], [-53.3207, 4.9851], [-53.3219, 4.9852], [-53.3236, 4.9858], [-53.3246, 4.9855], [-53.3255, 4.9849], [-53.3263, 4.9835], [-53.3272, 4.9829], [-53.3281, 4.9826], [-53.3288, 4.9813], [-53.3287, 4.9801], [-53.3288, 4.9792], [-53.3292, 4.978], [-53.3296, 4.977], [-53.3302, 4.9761], [-53.3307, 4.9752], [-53.3317, 4.9737], [-53.3327, 4.9727], [-53.3347, 4.9723], [-53.3357, 4.972], [-53.3369, 4.9714], [-53.3378, 4.9699], [-53.3382, 4.9682], [-53.3381, 4.9673], [-53.3378, 4.9664], [-53.3373, 4.9652], [-53.3368, 4.9637], [-53.3363, 4.9624], [-53.3368, 4.9614], [-53.338, 4.9608], [-53.339, 4.9595], [-53.3393, 4.9585], [-53.3395, 4.9569], [-53.3403, 4.956], [-53.3412, 4.9557], [-53.3424, 4.9549], [-53.3431, 4.9538], [-53.3438, 4.9524], [-53.344, 4.9514], [-53.3439, 4.9499], [-53.3436, 4.9491], [-53.3435, 4.9475], [-53.3441, 4.9466], [-53.3456, 4.9459], [-53.3464, 4.9453], [-53.3478, 4.9445], [-53.3494, 4.9426], [-53.3508, 4.9424], [-53.352, 4.9427], [-53.3518, 4.941], [-53.3518, 4.9399], [-53.3528, 4.9389], [-53.3537, 4.9384], [-53.354, 4.9374], [-53.3548, 4.9364], [-53.3559, 4.9349], [-53.3563, 4.9339], [-53.3556, 4.9331], [-53.3549, 4.9321], [-53.3558, 4.9313], [-53.3563, 4.9302], [-53.3561, 4.9286], [-53.3561, 4.9264], [-53.3563, 4.9254], [-53.3568, 4.9242], [-53.3573, 4.9233], [-53.3582, 4.922], [-53.3587, 4.9207], [-53.3595, 4.9197], [-53.3607, 4.9193], [-53.362, 4.9198], [-53.3629, 4.9206], [-53.3642, 4.9211], [-53.3651, 4.9206], [-53.3652, 4.9194], [-53.3653, 4.9183], [-53.3664, 4.917], [-53.3676, 4.9176], [-53.3688, 4.9185], [-53.3701, 4.9194], [-53.3712, 4.9199], [-53.3722, 4.9203], [-53.3731, 4.9209], [-53.3741, 4.9219], [-53.3752, 4.9233], [-53.3758, 4.9248], [-53.3767, 4.9253], [-53.3779, 4.9247], [-53.3793, 4.9248], [-53.3811, 4.9254], [-53.3827, 4.9248], [-53.3836, 4.925], [-53.3859, 4.9267], [-53.3874, 4.9271], [-53.3883, 4.9273], [-53.3892, 4.9276], [-53.3907, 4.9284], [-53.3918, 4.9289], [-53.3927, 4.9293], [-53.3938, 4.9299], [-53.3951, 4.9305], [-53.3961, 4.9308], [-53.3973, 4.9312], [-53.3994, 4.9321], [-53.401, 4.9329], [-53.4022, 4.9337], [-53.4037, 4.9344], [-53.4049, 4.9344], [-53.4062, 4.935], [-53.4077, 4.936], [-53.4094, 4.9378], [-53.4106, 4.938], [-53.4115, 4.9382], [-53.4134, 4.9384], [-53.4146, 4.9379], [-53.4157, 4.9373], [-53.4173, 4.9361], [-53.4188, 4.9348], [-53.4197, 4.9341], [-53.4208, 4.934], [-53.4221, 4.9339], [-53.4231, 4.9336], [-53.424, 4.933], [-53.425, 4.9327], [-53.4262, 4.9331], [-53.4271, 4.9336], [-53.4282, 4.9338], [-53.43, 4.9339], [-53.431, 4.9337], [-53.4318, 4.9333], [-53.4321, 4.9323], [-53.4318, 4.9313], [-53.4324, 4.9304], [-53.4333, 4.9301], [-53.4347, 4.9299], [-53.4358, 4.9292], [-53.4368, 4.9284], [-53.438, 4.9278], [-53.44, 4.9278], [-53.4412, 4.9276], [-53.4426, 4.9271], [-53.4443, 4.9273], [-53.4455, 4.9273], [-53.4465, 4.9274], [-53.4476, 4.9273], [-53.4486, 4.9268], [-53.4495, 4.9258], [-53.4509, 4.9241], [-53.4517, 4.9237], [-53.4524, 4.9248], [-53.4513, 4.9271], [-53.4516, 4.9288], [-53.4507, 4.9303], [-53.4498, 4.9311], [-53.4488, 4.9326], [-53.4484, 4.9339], [-53.4478, 4.9356], [-53.4476, 4.9365], [-53.446, 4.9381], [-53.4448, 4.9388], [-53.4436, 4.9402], [-53.4429, 4.9414], [-53.4421, 4.9425], [-53.4409, 4.9437], [-53.4394, 4.9446], [-53.438, 4.946], [-53.4374, 4.9473], [-53.4375, 4.9487], [-53.4377, 4.9508], [-53.4378, 4.9517], [-53.4379, 4.9542], [-53.4378, 4.9555], [-53.4364, 4.9557], [-53.4353, 4.9558], [-53.4344, 4.9568], [-53.4342, 4.9578], [-53.4342, 4.9596], [-53.4344, 4.9605], [-53.4352, 4.9606], [-53.4361, 4.9611], [-53.4373, 4.9625], [-53.4368, 4.9643], [-53.4359, 4.9648], [-53.435, 4.9659], [-53.4347, 4.9669], [-53.434, 4.9679], [-53.4337, 4.9689], [-53.4336, 4.9699], [-53.4333, 4.9708], [-53.433, 4.9718], [-53.4321, 4.9726], [-53.4304, 4.9736], [-53.4297, 4.9756], [-53.4296, 4.9765], [-53.4293, 4.9775], [-53.429, 4.9785], [-53.4286, 4.98], [-53.4294, 4.9814], [-53.4303, 4.982], [-53.4302, 4.9839], [-53.4306, 4.9849], [-53.4321, 4.9864], [-53.433, 4.9865], [-53.4339, 4.9861], [-53.4354, 4.9854], [-53.4372, 4.9858], [-53.438, 4.9862], [-53.4389, 4.9864], [-53.4401, 4.9865], [-53.4411, 4.9875], [-53.4398, 4.9887], [-53.4387, 4.9896], [-53.4383, 4.9908], [-53.4385, 4.9918], [-53.4389, 4.9936], [-53.4389, 4.9946], [-53.4386, 4.9955], [-53.4381, 4.9964], [-53.4375, 4.9977], [-53.4379, 4.9988], [-53.4389, 4.9996], [-53.4389, 5.0007], [-53.4376, 5.0021], [-53.4367, 5.003], [-53.4362, 5.0045], [-53.436, 5.0055], [-53.4393, 5.0064], [-53.4417, 5.007], [-53.4452, 5.0077], [-53.4461, 5.0078], [-53.4472, 5.0078], [-53.4481, 5.0078], [-53.4491, 5.0078], [-53.4508, 5.0079], [-53.452, 5.0079], [-53.4536, 5.008], [-53.4545, 5.008], [-53.4559, 5.008], [-53.457, 5.0081], [-53.4581, 5.0081], [-53.46, 5.0082], [-53.4611, 5.0083], [-53.4621, 5.0083], [-53.4633, 5.0084], [-53.4644, 5.0085], [-53.4653, 5.0085], [-53.4664, 5.0085], [-53.4674, 5.0086], [-53.4683, 5.0086], [-53.4732, 5.013], [-53.4748, 5.0147], [-53.4729, 5.023], [-53.4735, 5.024], [-53.4784, 5.0266], [-53.4802, 5.0275], [-53.4824, 5.0287], [-53.4843, 5.0297], [-53.4833, 5.0323], [-53.4837, 5.034], [-53.4839, 5.035], [-53.4841, 5.0359], [-53.4854, 5.0411], [-53.4859, 5.0435], [-53.4871, 5.048], [-53.487, 5.0489], [-53.4855, 5.0513], [-53.4847, 5.0533], [-53.4848, 5.0544], [-53.485, 5.0554], [-53.4886, 5.0579], [-53.4908, 5.0591], [-53.4961, 5.0623], [-53.498, 5.0607], [-53.4989, 5.0602], [-53.4999, 5.0608], [-53.5005, 5.0618], [-53.5014, 5.0629], [-53.5024, 5.0642], [-53.5033, 5.0647], [-53.5042, 5.0646], [-53.5044, 5.0632], [-53.5034, 5.0616], [-53.5029, 5.0606], [-53.5032, 5.0596], [-53.504, 5.0587], [-53.5048, 5.0576], [-53.5044, 5.0551], [-53.5051, 5.054], [-53.5061, 5.0528], [-53.5074, 5.0516], [-53.5084, 5.0508], [-53.5095, 5.0514], [-53.51, 5.0526], [-53.511, 5.0536], [-53.5124, 5.0538], [-53.5134, 5.0536], [-53.5144, 5.0526], [-53.5142, 5.0517], [-53.5141, 5.0504], [-53.5155, 5.049], [-53.5161, 5.0477], [-53.5171, 5.0467], [-53.518, 5.0462], [-53.5186, 5.0474], [-53.5182, 5.0486], [-53.5182, 5.0496], [-53.5193, 5.0502], [-53.5204, 5.049], [-53.5213, 5.0487], [-53.5221, 5.0496], [-53.5225, 5.0506], [-53.5232, 5.0515], [-53.5252, 5.0515], [-53.5262, 5.0511], [-53.5273, 5.0505], [-53.5282, 5.0495], [-53.5296, 5.0495], [-53.5307, 5.0501], [-53.5311, 5.0509], [-53.5311, 5.0521], [-53.5309, 5.053], [-53.5312, 5.0551], [-53.5315, 5.0562], [-53.5316, 5.0572], [-53.5315, 5.0583], [-53.5305, 5.059], [-53.5297, 5.0588], [-53.5289, 5.0575], [-53.5278, 5.0563], [-53.5268, 5.056], [-53.5259, 5.0571], [-53.5254, 5.0582], [-53.5241, 5.0593], [-53.5232, 5.0596], [-53.5222, 5.0603], [-53.5213, 5.0618], [-53.5214, 5.0628], [-53.5217, 5.0642], [-53.5223, 5.0651], [-53.5233, 5.066], [-53.5238, 5.067], [-53.5235, 5.0688], [-53.5236, 5.0698], [-53.5239, 5.0707], [-53.5243, 5.0716], [-53.5248, 5.0728], [-53.5235, 5.0734], [-53.5225, 5.074], [-53.5223, 5.0749], [-53.5231, 5.076], [-53.5223, 5.0769], [-53.521, 5.0775], [-53.5209, 5.0792], [-53.5207, 5.0806], [-53.5203, 5.0814], [-53.5195, 5.0828], [-53.5194, 5.0838], [-53.5194, 5.0847], [-53.5189, 5.0862], [-53.5187, 5.0871], [-53.5179, 5.0876], [-53.5176, 5.0866], [-53.5174, 5.0856], [-53.5164, 5.0855], [-53.5158, 5.0864], [-53.514, 5.0872], [-53.5131, 5.0881], [-53.5124, 5.0893], [-53.5113, 5.0898], [-53.5102, 5.0901], [-53.5093, 5.0909], [-53.5083, 5.0922], [-53.508, 5.0936], [-53.5079, 5.0945], [-53.5078, 5.0957], [-53.5072, 5.0974], [-53.5072, 5.0983], [-53.5074, 5.1002], [-53.5073, 5.1013], [-53.5056, 5.1028], [-53.5047, 5.1039], [-53.5062, 5.1047], [-53.5071, 5.1049], [-53.508, 5.1046], [-53.5089, 5.1041], [-53.5096, 5.1051], [-53.5093, 5.1063], [-53.5093, 5.1074], [-53.5088, 5.1083], [-53.5079, 5.1096], [-53.5074, 5.1108], [-53.5078, 5.1125], [-53.508, 5.1136], [-53.5074, 5.1147], [-53.5066, 5.1157], [-53.5065, 5.1171], [-53.5057, 5.1179], [-53.5046, 5.1191], [-53.504, 5.1206], [-53.5036, 5.1223], [-53.5036, 5.1245], [-53.5039, 5.1255], [-53.5045, 5.1264], [-53.5055, 5.1271], [-53.5061, 5.1289], [-53.5061, 5.1304], [-53.5063, 5.1314], [-53.5067, 5.1324], [-53.5068, 5.1333], [-53.5064, 5.1343], [-53.5067, 5.1353], [-53.5077, 5.136], [-53.5086, 5.1369], [-53.5095, 5.137], [-53.5109, 5.1361], [-53.5119, 5.1364], [-53.5124, 5.1374], [-53.5135, 5.1377], [-53.5145, 5.1363], [-53.515, 5.1353], [-53.5158, 5.134], [-53.5167, 5.1331], [-53.518, 5.1338], [-53.5191, 5.1339], [-53.52, 5.1346], [-53.5201, 5.1358], [-53.5201, 5.1367], [-53.5188, 5.1371], [-53.5187, 5.1384], [-53.519, 5.1394], [-53.5188, 5.1405], [-53.5187, 5.1416], [-53.5187, 5.1426], [-53.52, 5.1431], [-53.5214, 5.1424], [-53.5227, 5.1411], [-53.5239, 5.1401], [-53.5249, 5.1417], [-53.5256, 5.1426], [-53.5266, 5.1426], [-53.5273, 5.1417], [-53.5284, 5.1417], [-53.5294, 5.142], [-53.5303, 5.142], [-53.5311, 5.1423], [-53.5314, 5.1435], [-53.532, 5.1446], [-53.5329, 5.145], [-53.5333, 5.146], [-53.5332, 5.1472], [-53.5332, 5.1484], [-53.5333, 5.1498], [-53.5335, 5.1507], [-53.5344, 5.1518], [-53.5349, 5.1531], [-53.5342, 5.1542], [-53.5329, 5.1548], [-53.532, 5.1559], [-53.5303, 5.1578], [-53.5294, 5.1586], [-53.5281, 5.1592], [-53.5273, 5.1598], [-53.5273, 5.1607], [-53.5272, 5.1621], [-53.5272, 5.1632], [-53.5271, 5.1662], [-53.5273, 5.1673], [-53.5273, 5.1682], [-53.5272, 5.1693], [-53.5267, 5.171], [-53.5263, 5.1724], [-53.526, 5.1736], [-53.5258, 5.1746], [-53.5251, 5.1757], [-53.5235, 5.1766], [-53.5226, 5.1773], [-53.5219, 5.1787], [-53.522, 5.1797], [-53.5231, 5.1809], [-53.5243, 5.1815], [-53.5253, 5.1811], [-53.5263, 5.181], [-53.5272, 5.1813], [-53.5284, 5.1819], [-53.5297, 5.1827], [-53.5307, 5.1836], [-53.5319, 5.1852], [-53.5326, 5.1863], [-53.5337, 5.1868], [-53.5347, 5.1878], [-53.5357, 5.1881], [-53.5365, 5.189], [-53.537, 5.1903], [-53.5378, 5.1913], [-53.5376, 5.1924], [-53.537, 5.1933], [-53.5368, 5.1947], [-53.5363, 5.1958], [-53.5354, 5.1961], [-53.5346, 5.1967], [-53.5339, 5.198], [-53.534, 5.1989], [-53.5347, 5.2001], [-53.535, 5.201], [-53.535, 5.2018], [-53.535, 5.2031], [-53.5346, 5.204], [-53.5336, 5.2046], [-53.5327, 5.2054], [-53.5337, 5.2058], [-53.5346, 5.2063], [-53.5343, 5.2073], [-53.5335, 5.2077], [-53.5325, 5.2087], [-53.5311, 5.2094], [-53.5302, 5.2092], [-53.5289, 5.2083], [-53.5278, 5.2083], [-53.5268, 5.209], [-53.5258, 5.2098], [-53.5248, 5.2106], [-53.5237, 5.2106], [-53.5228, 5.2105], [-53.5219, 5.2106], [-53.5212, 5.2116], [-53.521, 5.213], [-53.5207, 5.214], [-53.5206, 5.2151], [-53.5196, 5.217], [-53.5187, 5.2178], [-53.5176, 5.218], [-53.5167, 5.2185], [-53.5163, 5.2195], [-53.5162, 5.2217], [-53.5166, 5.2232], [-53.5165, 5.2241], [-53.5161, 5.2252], [-53.5158, 5.2267], [-53.5155, 5.2277], [-53.5148, 5.2285], [-53.5137, 5.2287], [-53.5128, 5.2289], [-53.5114, 5.2307], [-53.5105, 5.2315], [-53.5103, 5.2325], [-53.5114, 5.2335], [-53.5122, 5.2344], [-53.5123, 5.2364], [-53.5124, 5.2376], [-53.5122, 5.2385], [-53.5118, 5.2402], [-53.5112, 5.2416], [-53.5102, 5.2431], [-53.51, 5.244], [-53.5101, 5.2449], [-53.5101, 5.2458], [-53.5095, 5.2475], [-53.5091, 5.2483], [-53.5076, 5.2493], [-53.507, 5.2513], [-53.508, 5.2514], [-53.5091, 5.2514], [-53.5099, 5.2514], [-53.5113, 5.2514], [-53.5127, 5.2513], [-53.514, 5.252], [-53.5149, 5.2531], [-53.5161, 5.2545], [-53.5178, 5.255], [-53.5196, 5.2561], [-53.5191, 5.2582], [-53.5184, 5.2594], [-53.5191, 5.2604], [-53.5201, 5.2605], [-53.5201, 5.2616], [-53.52, 5.2627], [-53.5214, 5.2637], [-53.5224, 5.264], [-53.5233, 5.2643], [-53.524, 5.2657], [-53.5236, 5.267], [-53.5247, 5.2666], [-53.5256, 5.2662], [-53.5268, 5.2664], [-53.5282, 5.2661], [-53.5291, 5.266], [-53.5305, 5.2667], [-53.5312, 5.2676], [-53.5301, 5.2687], [-53.5291, 5.271], [-53.5289, 5.2722], [-53.529, 5.2731], [-53.5299, 5.2739], [-53.5308, 5.2739], [-53.5315, 5.275], [-53.5324, 5.2768], [-53.5337, 5.2788], [-53.5349, 5.2807], [-53.5348, 5.282], [-53.534, 5.283], [-53.5335, 5.284], [-53.5335, 5.285], [-53.5324, 5.2863], [-53.5317, 5.2873], [-53.5312, 5.2882], [-53.5308, 5.2892], [-53.5316, 5.2903], [-53.5326, 5.291], [-53.5327, 5.2924], [-53.5334, 5.2936], [-53.5327, 5.2946], [-53.5321, 5.2957], [-53.5322, 5.2966], [-53.5312, 5.2975], [-53.5303, 5.2994], [-53.5309, 5.3005], [-53.5312, 5.3026], [-53.5312, 5.3036], [-53.5313, 5.3049], [-53.5307, 5.3064], [-53.5298, 5.3072], [-53.5291, 5.3082], [-53.5293, 5.3092], [-53.5303, 5.3105], [-53.5305, 5.3115], [-53.531, 5.3127], [-53.5316, 5.3136], [-53.5313, 5.3148], [-53.53, 5.3149], [-53.5286, 5.3141], [-53.5277, 5.3141], [-53.5269, 5.3144], [-53.5267, 5.3156], [-53.5268, 5.3165], [-53.527, 5.3181], [-53.5267, 5.3191], [-53.5256, 5.3195], [-53.5244, 5.3198], [-53.5243, 5.3207], [-53.5244, 5.3216], [-53.5249, 5.3229], [-53.525, 5.3242], [-53.5248, 5.3253], [-53.525, 5.3268], [-53.5258, 5.3284], [-53.5238, 5.3301], [-53.5234, 5.3311], [-53.5245, 5.3326], [-53.5255, 5.334], [-53.5256, 5.3349], [-53.5257, 5.3363], [-53.5257, 5.3372], [-53.5268, 5.3379], [-53.5279, 5.3379], [-53.529, 5.3385], [-53.5299, 5.3414], [-53.5299, 5.3432], [-53.5303, 5.3442], [-53.5312, 5.3455], [-53.5315, 5.3464], [-53.5304, 5.346], [-53.529, 5.3463], [-53.528, 5.3465], [-53.5271, 5.3465], [-53.5263, 5.3481], [-53.5264, 5.3489], [-53.5279, 5.3507], [-53.5286, 5.3518], [-53.5279, 5.353], [-53.5274, 5.3539], [-53.5277, 5.3548], [-53.5288, 5.3558], [-53.5301, 5.3568], [-53.5297, 5.3578], [-53.5293, 5.3592], [-53.5304, 5.36], [-53.5308, 5.3609], [-53.5306, 5.3618], [-53.5304, 5.3628], [-53.5304, 5.3644], [-53.5306, 5.3657], [-53.5311, 5.3666], [-53.5317, 5.3675], [-53.5326, 5.369], [-53.5333, 5.3701], [-53.5334, 5.3711], [-53.5319, 5.3729], [-53.5321, 5.3738], [-53.5321, 5.375], [-53.5322, 5.3766], [-53.532, 5.3777], [-53.5298, 5.3785], [-53.5288, 5.3788], [-53.5279, 5.3795], [-53.5268, 5.3804], [-53.5265, 5.3814], [-53.5267, 5.3823], [-53.5277, 5.3842], [-53.5282, 5.3856], [-53.529, 5.3872], [-53.5288, 5.3882], [-53.5275, 5.389], [-53.528, 5.3903], [-53.5282, 5.3917], [-53.5279, 5.3926], [-53.5273, 5.3935], [-53.5271, 5.3944], [-53.5275, 5.3955], [-53.5277, 5.3966], [-53.5269, 5.3975], [-53.5265, 5.399], [-53.5262, 5.4], [-53.5254, 5.4007], [-53.5239, 5.4013], [-53.5227, 5.4015], [-53.5225, 5.4027], [-53.5226, 5.4039], [-53.5228, 5.4055], [-53.5231, 5.4067], [-53.5236, 5.4081], [-53.5234, 5.4093], [-53.5224, 5.4105], [-53.5215, 5.4116], [-53.5219, 5.4128], [-53.5226, 5.414], [-53.5233, 5.4155], [-53.5237, 5.4169], [-53.5235, 5.4179], [-53.5226, 5.4188], [-53.5205, 5.4189], [-53.5194, 5.4195], [-53.5188, 5.4207], [-53.5187, 5.4218], [-53.5178, 5.422], [-53.5169, 5.4222], [-53.5156, 5.423], [-53.5143, 5.4234], [-53.5134, 5.4242], [-53.5125, 5.4244], [-53.512, 5.4255], [-53.512, 5.4264], [-53.512, 5.4275], [-53.5119, 5.4288], [-53.511, 5.4286], [-53.5102, 5.4289], [-53.5091, 5.4281], [-53.5081, 5.428], [-53.5079, 5.4296], [-53.5076, 5.4315], [-53.5076, 5.4328], [-53.5072, 5.4341], [-53.5063, 5.435], [-53.5056, 5.4359], [-53.5066, 5.4367], [-53.5076, 5.4369], [-53.5078, 5.4377], [-53.5072, 5.4386], [-53.5063, 5.4388], [-53.5056, 5.4396], [-53.5064, 5.4407], [-53.5074, 5.4407], [-53.5083, 5.4407], [-53.5088, 5.4427], [-53.509, 5.444], [-53.5103, 5.4483], [-53.5106, 5.4495], [-53.5104, 5.4504], [-53.5099, 5.4517], [-53.5098, 5.4527], [-53.5098, 5.4541], [-53.5098, 5.4551], [-53.5088, 5.4562], [-53.5061, 5.4593], [-53.5043, 5.4602], [-53.5032, 5.4606], [-53.502, 5.4606], [-53.5011, 5.4608], [-53.5002, 5.4604], [-53.4993, 5.4605], [-53.4982, 5.4616], [-53.4971, 5.4623], [-53.496, 5.4634], [-53.4946, 5.4646], [-53.4937, 5.4649], [-53.4928, 5.4643], [-53.4921, 5.4634], [-53.4925, 5.4624], [-53.4916, 5.4617], [-53.4905, 5.4614], [-53.4893, 5.4615], [-53.4881, 5.4628], [-53.4872, 5.4631], [-53.4862, 5.4622], [-53.4847, 5.4625], [-53.4835, 5.4631], [-53.4822, 5.4633], [-53.4813, 5.4633], [-53.4803, 5.4635], [-53.4794, 5.4634], [-53.4791, 5.4648], [-53.4786, 5.4657], [-53.4768, 5.4659], [-53.4759, 5.4657], [-53.4758, 5.4647], [-53.4756, 5.4638], [-53.4743, 5.4629], [-53.4728, 5.4616], [-53.4718, 5.4609], [-53.471, 5.46], [-53.47, 5.4591], [-53.4688, 5.4586], [-53.4679, 5.4585], [-53.4668, 5.4586], [-53.4657, 5.458], [-53.464, 5.4573], [-53.4626, 5.4571], [-53.4616, 5.4568], [-53.4606, 5.4565], [-53.4595, 5.4564], [-53.4584, 5.4572], [-53.4574, 5.4578], [-53.4563, 5.4576], [-53.4554, 5.4573], [-53.4546, 5.456], [-53.4536, 5.4557], [-53.4526, 5.4558], [-53.4517, 5.456], [-53.4508, 5.4559], [-53.4503, 5.4549], [-53.45, 5.4537], [-53.4496, 5.4525], [-53.4487, 5.4524], [-53.4477, 5.4532], [-53.4462, 5.4542], [-53.4445, 5.455], [-53.4428, 5.4551], [-53.4418, 5.4551], [-53.4409, 5.4551], [-53.4393, 5.4553], [-53.4385, 5.4555], [-53.4373, 5.4563], [-53.4359, 5.4569], [-53.4344, 5.4573], [-53.4333, 5.4578], [-53.4329, 5.4589], [-53.4323, 5.4599], [-53.4317, 5.4611], [-53.4319, 5.4622], [-53.4329, 5.4629], [-53.4336, 5.4639], [-53.4337, 5.4651], [-53.4334, 5.4659], [-53.4331, 5.4669], [-53.433, 5.4679], [-53.4332, 5.4691], [-53.4342, 5.4706], [-53.4347, 5.4716], [-53.4349, 5.4727], [-53.4345, 5.4741], [-53.4344, 5.4755], [-53.4343, 5.4766], [-53.4342, 5.478], [-53.4343, 5.4792], [-53.4345, 5.4801], [-53.4349, 5.4812], [-53.4348, 5.4821], [-53.4345, 5.483], [-53.4342, 5.484], [-53.4335, 5.485], [-53.4329, 5.4862], [-53.4325, 5.4874], [-53.4323, 5.4886], [-53.4324, 5.4895], [-53.4321, 5.4905], [-53.4323, 5.4915], [-53.4323, 5.4924], [-53.4324, 5.4934], [-53.4325, 5.4943], [-53.4329, 5.4952], [-53.4332, 5.4962], [-53.4338, 5.4974], [-53.4337, 5.4983], [-53.4329, 5.4994], [-53.4322, 5.5002], [-53.4316, 5.5011], [-53.4314, 5.5021], [-53.4314, 5.503], [-53.4317, 5.5039], [-53.4323, 5.5049], [-53.4333, 5.5059], [-53.4343, 5.5069], [-53.4343, 5.5078], [-53.4351, 5.5086], [-53.4354, 5.5095], [-53.4364, 5.5104], [-53.4375, 5.5114], [-53.4389, 5.5127], [-53.4397, 5.5133], [-53.44, 5.5143], [-53.4398, 5.5153], [-53.4404, 5.5163], [-53.4399, 5.5173], [-53.4397, 5.5182], [-53.4401, 5.5192], [-53.4404, 5.5204], [-53.4408, 5.5213], [-53.4411, 5.5222], [-53.4414, 5.5233], [-53.4417, 5.5244], [-53.4423, 5.5254], [-53.4428, 5.5265], [-53.4429, 5.5276], [-53.4439, 5.5285], [-53.4444, 5.5297], [-53.4454, 5.5303], [-53.4464, 5.5309], [-53.4472, 5.5314], [-53.4484, 5.5311], [-53.4497, 5.532], [-53.4508, 5.5325], [-53.4518, 5.5325], [-53.4528, 5.5324], [-53.4538, 5.5328], [-53.4544, 5.5337], [-53.4548, 5.5346], [-53.4556, 5.5356], [-53.456, 5.5364], [-53.457, 5.5374], [-53.4579, 5.5384], [-53.4582, 5.5394], [-53.4585, 5.5403], [-53.4588, 5.5412], [-53.4592, 5.5421], [-53.4592, 5.5429], [-53.4605, 5.5433], [-53.4617, 5.5435], [-53.4629, 5.5438], [-53.4638, 5.5446], [-53.4648, 5.5456], [-53.4656, 5.5467], [-53.4662, 5.5478], [-53.4672, 5.5486], [-53.4681, 5.5489], [-53.4689, 5.5499], [-53.468, 5.5508], [-53.4679, 5.552], [-53.4675, 5.553], [-53.4685, 5.553], [-53.4698, 5.5533], [-53.4701, 5.5542], [-53.4693, 5.5548], [-53.4682, 5.5556], [-53.4674, 5.5566], [-53.4667, 5.5575], [-53.4671, 5.5584], [-53.4672, 5.5594], [-53.468, 5.5598], [-53.4682, 5.561], [-53.4679, 5.562], [-53.4666, 5.562], [-53.4636, 5.561], [-53.462, 5.5606], [-53.4609, 5.5602], [-53.462, 5.5598], [-53.4629, 5.56], [-53.4637, 5.5598], [-53.4632, 5.5589], [-53.4623, 5.5583], [-53.4614, 5.5584], [-53.4585, 5.5579], [-53.4569, 5.5579], [-53.4555, 5.5581], [-53.4544, 5.5585], [-53.4537, 5.5594], [-53.452, 5.5597], [-53.4504, 5.5596], [-53.4488, 5.5596], [-53.4479, 5.5592], [-53.4462, 5.5584], [-53.4446, 5.5575], [-53.4433, 5.5574], [-53.442, 5.5579], [-53.4406, 5.5577], [-53.4354, 5.5569], [-53.4343, 5.5557], [-53.4316, 5.5547], [-53.4282, 5.553], [-53.4223, 5.5506], [-53.415, 5.548], [-53.4137, 5.5469], [-53.4102, 5.5457], [-53.4026, 5.5434], [-53.3945, 5.5412], [-53.3857, 5.538], [-53.3792, 5.536], [-53.3737, 5.5347], [-53.3685, 5.5329], [-53.3627, 5.5308], [-53.3567, 5.529], [-53.3525, 5.5274], [-53.3497, 5.5269], [-53.3478, 5.5266], [-53.3456, 5.5271], [-53.3431, 5.5266], [-53.3389, 5.5255], [-53.3355, 5.5247], [-53.3314, 5.5238], [-53.3283, 5.5237], [-53.3248, 5.5236], [-53.3217, 5.5232], [-53.3196, 5.5231], [-53.318, 5.5227], [-53.3137, 5.521], [-53.307, 5.5184], [-53.3027, 5.5167], [-53.3001, 5.5161], [-53.2971, 5.5162], [-53.296, 5.5162], [-53.2936, 5.5157], [-53.2859, 5.514], [-53.2802, 5.5121], [-53.2735, 5.5104], [-53.2688, 5.5088], [-53.2658, 5.5075], [-53.2642, 5.5068], [-53.2589, 5.5044], [-53.2536, 5.5025], [-53.2513, 5.5019], [-53.2491, 5.5018], [-53.2473, 5.5028], [-53.247, 5.5037], [-53.2472, 5.5046], [-53.2471, 5.5055], [-53.2461, 5.505], [-53.2452, 5.5046], [-53.2443, 5.504], [-53.2435, 5.5037], [-53.242, 5.5031], [-53.2409, 5.5027], [-53.2401, 5.5023], [-53.2392, 5.502], [-53.2383, 5.5016], [-53.2358, 5.4997], [-53.2337, 5.4982], [-53.2312, 5.4967], [-53.2274, 5.4944], [-53.2241, 5.4925], [-53.2187, 5.4898], [-53.2177, 5.4892], [-53.2168, 5.4887], [-53.2157, 5.4882], [-53.2134, 5.4872], [-53.2115, 5.4867], [-53.2101, 5.4863], [-53.2088, 5.4857], [-53.2074, 5.4851], [-53.2061, 5.4843], [-53.205, 5.4835], [-53.2038, 5.4822], [-53.2029, 5.4805], [-53.2024, 5.4814], [-53.2009, 5.4814], [-53.198, 5.4807], [-53.193, 5.4784], [-53.185, 5.4745], [-53.1712, 5.4677], [-53.1692, 5.4668], [-53.1656, 5.4655], [-53.1616, 5.4637], [-53.1557, 5.461], [-53.1506, 5.4585], [-53.1415, 5.4547], [-53.137, 5.4534], [-53.1359, 5.4527], [-53.1367, 5.4515], [-53.1377, 5.4509], [-53.1369, 5.4508], [-53.136, 5.4515], [-53.1352, 5.4522], [-53.1338, 5.4515], [-53.1298, 5.4498], [-53.1299, 5.4482], [-53.1269, 5.4471], [-53.1218, 5.4451], [-53.1165, 5.4428], [-53.1115, 5.4406], [-53.1077, 5.4384], [-53.0989, 5.435], [-53.0954, 5.4332], [-53.0939, 5.433], [-53.094, 5.4341], [-53.0923, 5.4342], [-53.0912, 5.4337], [-53.0894, 5.433], [-53.0884, 5.4331], [-53.0891, 5.4341], [-53.0911, 5.4347], [-53.0922, 5.4351], [-53.0921, 5.4363], [-53.0896, 5.4359], [-53.0897, 5.4372], [-53.091, 5.4379], [-53.0911, 5.4391], [-53.0894, 5.4388], [-53.0878, 5.438], [-53.0877, 5.4371], [-53.0859, 5.4368], [-53.0831, 5.4364], [-53.0793, 5.4362], [-53.0794, 5.4354], [-53.0845, 5.4356], [-53.0859, 5.4358], [-53.0872, 5.4359], [-53.0883, 5.4357], [-53.0875, 5.434], [-53.085, 5.4326], [-53.0822, 5.4304], [-53.0799, 5.428], [-53.0731, 5.426], [-53.0696, 5.4256], [-53.0679, 5.4254], [-53.0681, 5.4266], [-53.0692, 5.427], [-53.0701, 5.4273], [-53.0707, 5.4285], [-53.0693, 5.4295], [-53.0686, 5.4309], [-53.0686, 5.4312]]]}}, {"type": "Feature", "properties": {"nom": "Kourou", "code": "97304", "codeDepartement": "973", "siren": "219733045", "codeEpci": "200027548", "codeRegion": "03", "codesPostaux": ["97310"], "population": 24824}, "geometry": {"type": "Polygon", "coordinates": [[[-52.5723, 5.0963], [-52.5732, 5.0953], [-52.5744, 5.0942], [-52.575, 5.0929], [-52.5761, 5.0918], [-52.5766, 5.0909], [-52.5772, 5.0901], [-52.5785, 5.0885], [-52.5824, 5.0836], [-52.5854, 5.0798], [-52.59, 5.0744], [-52.5927, 5.071], [-52.5954, 5.0677], [-52.5972, 5.0655], [-52.5979, 5.0646], [-52.5986, 5.0637], [-52.5997, 5.0624], [-52.6028, 5.0587], [-52.6051, 5.0559], [-52.6059, 5.055], [-52.6071, 5.0535], [-52.6068, 5.0525], [-52.6056, 5.052], [-52.6047, 5.0521], [-52.6039, 5.051], [-52.6029, 5.0506], [-52.6018, 5.0498], [-52.6009, 5.0491], [-52.6005, 5.0479], [-52.6011, 5.047], [-52.6022, 5.0464], [-52.6029, 5.0454], [-52.6029, 5.0445], [-52.6026, 5.0432], [-52.6024, 5.0421], [-52.6015, 5.0415], [-52.6006, 5.0409], [-52.5997, 5.041], [-52.5988, 5.0416], [-52.5979, 5.0414], [-52.5971, 5.0416], [-52.5962, 5.0421], [-52.5954, 5.0425], [-52.5936, 5.0417], [-52.5926, 5.0418], [-52.5923, 5.0428], [-52.5914, 5.0429], [-52.5906, 5.0419], [-52.5898, 5.0412], [-52.5885, 5.0413], [-52.5877, 5.0411], [-52.5866, 5.0412], [-52.5862, 5.0421], [-52.5853, 5.0426], [-52.5841, 5.0427], [-52.5832, 5.0428], [-52.5823, 5.0427], [-52.5814, 5.043], [-52.5805, 5.0424], [-52.5795, 5.0425], [-52.5788, 5.0417], [-52.5784, 5.0408], [-52.5779, 5.0398], [-52.578, 5.0389], [-52.5769, 5.0391], [-52.5753, 5.0385], [-52.5743, 5.0384], [-52.5732, 5.0378], [-52.5723, 5.0371], [-52.5723, 5.0362], [-52.5728, 5.0347], [-52.5719, 5.0341], [-52.5736, 5.0319], [-52.5747, 5.0307], [-52.5759, 5.0293], [-52.5769, 5.028], [-52.5782, 5.0265], [-52.579, 5.0256], [-52.5788, 5.0227], [-52.5785, 5.0219], [-52.5781, 5.0206], [-52.5783, 5.0188], [-52.5787, 5.0179], [-52.5793, 5.0166], [-52.5797, 5.0158], [-52.5814, 5.0121], [-52.5843, 5.0058], [-52.5859, 5.0023], [-52.586, 5.001], [-52.5861, 4.9992], [-52.5859, 4.9982], [-52.5843, 4.996], [-52.5841, 4.9946], [-52.583, 4.9922], [-52.5833, 4.991], [-52.5845, 4.9892], [-52.5851, 4.9873], [-52.5858, 4.9846], [-52.5869, 4.9835], [-52.5878, 4.9823], [-52.5883, 4.9814], [-52.5889, 4.9799], [-52.5892, 4.9787], [-52.5899, 4.9774], [-52.591, 4.976], [-52.5919, 4.9751], [-52.5921, 4.9741], [-52.5922, 4.9732], [-52.5922, 4.9705], [-52.5924, 4.9695], [-52.5934, 4.968], [-52.595, 4.9665], [-52.5961, 4.9659], [-52.5971, 4.9656], [-52.598, 4.9656], [-52.5991, 4.9657], [-52.6003, 4.9653], [-52.6012, 4.9645], [-52.6013, 4.9624], [-52.6007, 4.9592], [-52.6007, 4.9583], [-52.6017, 4.9574], [-52.604, 4.958], [-52.605, 4.9584], [-52.6061, 4.9586], [-52.6072, 4.9586], [-52.6087, 4.9589], [-52.6111, 4.9589], [-52.6126, 4.9584], [-52.6125, 4.9564], [-52.6121, 4.9552], [-52.612, 4.9541], [-52.6117, 4.9529], [-52.6112, 4.952], [-52.61, 4.9514], [-52.6089, 4.9513], [-52.6083, 4.9502], [-52.6086, 4.9489], [-52.6091, 4.9477], [-52.6093, 4.9464], [-52.6099, 4.9455], [-52.6093, 4.9443], [-52.6078, 4.9439], [-52.6071, 4.9429], [-52.6062, 4.942], [-52.6061, 4.9407], [-52.6065, 4.9397], [-52.6073, 4.9384], [-52.6075, 4.9373], [-52.6071, 4.9361], [-52.6068, 4.9347], [-52.606, 4.9335], [-52.6052, 4.9324], [-52.6056, 4.9307], [-52.6058, 4.9295], [-52.605, 4.9282], [-52.6046, 4.9272], [-52.6047, 4.926], [-52.6045, 4.9251], [-52.6052, 4.9235], [-52.6054, 4.922], [-52.6058, 4.9205], [-52.6058, 4.9194], [-52.6052, 4.9185], [-52.6048, 4.9175], [-52.6043, 4.916], [-52.6053, 4.9154], [-52.6064, 4.9146], [-52.6066, 4.9135], [-52.6072, 4.9124], [-52.6073, 4.9113], [-52.6068, 4.9098], [-52.6073, 4.9087], [-52.6086, 4.9074], [-52.6087, 4.9063], [-52.6087, 4.9051], [-52.6088, 4.9037], [-52.6093, 4.9027], [-52.6086, 4.9015], [-52.6084, 4.9005], [-52.6088, 4.8991], [-52.6087, 4.8981], [-52.6079, 4.8969], [-52.6078, 4.8956], [-52.6089, 4.8936], [-52.6101, 4.8929], [-52.6112, 4.8924], [-52.6122, 4.8915], [-52.6134, 4.891], [-52.6145, 4.8892], [-52.6151, 4.8881], [-52.6162, 4.8875], [-52.6177, 4.8869], [-52.6189, 4.8849], [-52.6193, 4.8839], [-52.6194, 4.8828], [-52.6199, 4.8818], [-52.6192, 4.8806], [-52.619, 4.8797], [-52.6196, 4.8788], [-52.6206, 4.8791], [-52.6218, 4.8794], [-52.6224, 4.8786], [-52.6214, 4.8776], [-52.6213, 4.8766], [-52.6217, 4.875], [-52.6221, 4.874], [-52.6226, 4.8731], [-52.6226, 4.8716], [-52.6233, 4.8706], [-52.6225, 4.8697], [-52.6214, 4.8685], [-52.6204, 4.8675], [-52.6198, 4.8664], [-52.6206, 4.8657], [-52.6205, 4.8647], [-52.6197, 4.8636], [-52.62, 4.8625], [-52.619, 4.8615], [-52.6186, 4.8607], [-52.617, 4.8602], [-52.6161, 4.86], [-52.6157, 4.8588], [-52.6148, 4.8578], [-52.6138, 4.8568], [-52.6141, 4.8558], [-52.614, 4.8549], [-52.6131, 4.8544], [-52.6116, 4.8538], [-52.6107, 4.8537], [-52.6095, 4.8527], [-52.6093, 4.8518], [-52.61, 4.8506], [-52.6112, 4.8496], [-52.612, 4.8488], [-52.6124, 4.8477], [-52.615, 4.8465], [-52.6159, 4.8459], [-52.6166, 4.845], [-52.6173, 4.844], [-52.6178, 4.843], [-52.6199, 4.8417], [-52.621, 4.8401], [-52.6219, 4.8395], [-52.6227, 4.8401], [-52.6228, 4.8415], [-52.6233, 4.8427], [-52.6249, 4.842], [-52.6257, 4.8415], [-52.627, 4.8412], [-52.6279, 4.8413], [-52.6291, 4.8409], [-52.6298, 4.8398], [-52.6293, 4.8379], [-52.6299, 4.8357], [-52.6302, 4.8343], [-52.6306, 4.8332], [-52.6313, 4.8323], [-52.6323, 4.832], [-52.6328, 4.8311], [-52.633, 4.8301], [-52.6332, 4.8287], [-52.6332, 4.8279], [-52.632, 4.8274], [-52.631, 4.8267], [-52.6307, 4.8257], [-52.6318, 4.8251], [-52.6331, 4.8239], [-52.6342, 4.8234], [-52.6349, 4.8222], [-52.6349, 4.8211], [-52.6341, 4.8199], [-52.6336, 4.8189], [-52.6331, 4.8175], [-52.6327, 4.8166], [-52.6338, 4.8157], [-52.6344, 4.8148], [-52.635, 4.8139], [-52.6336, 4.8132], [-52.633, 4.8121], [-52.6318, 4.8113], [-52.6312, 4.8102], [-52.6309, 4.8092], [-52.63, 4.8086], [-52.63, 4.8074], [-52.6295, 4.8064], [-52.6299, 4.8048], [-52.6303, 4.8036], [-52.6298, 4.8027], [-52.6293, 4.8018], [-52.6303, 4.8015], [-52.6318, 4.8015], [-52.633, 4.8012], [-52.634, 4.8004], [-52.635, 4.7997], [-52.6361, 4.7996], [-52.6371, 4.8007], [-52.638, 4.8015], [-52.639, 4.8008], [-52.6394, 4.7996], [-52.6391, 4.798], [-52.6381, 4.7953], [-52.6377, 4.7939], [-52.637, 4.7905], [-52.6367, 4.7891], [-52.6364, 4.7879], [-52.6362, 4.787], [-52.636, 4.7858], [-52.6358, 4.7842], [-52.6358, 4.7828], [-52.6357, 4.7813], [-52.6353, 4.7792], [-52.635, 4.7771], [-52.6349, 4.7762], [-52.6348, 4.7752], [-52.6357, 4.7743], [-52.6357, 4.7731], [-52.6353, 4.7721], [-52.6352, 4.7706], [-52.6344, 4.7684], [-52.6343, 4.7674], [-52.6346, 4.7655], [-52.6345, 4.7646], [-52.6343, 4.7637], [-52.6342, 4.7626], [-52.6342, 4.7612], [-52.6343, 4.7603], [-52.6344, 4.7592], [-52.6332, 4.7551], [-52.6333, 4.7537], [-52.6337, 4.7527], [-52.6345, 4.7515], [-52.6351, 4.7504], [-52.6358, 4.7494], [-52.6368, 4.7482], [-52.6372, 4.7468], [-52.6372, 4.7459], [-52.6367, 4.744], [-52.6358, 4.7406], [-52.6357, 4.7397], [-52.6362, 4.7387], [-52.6361, 4.7378], [-52.6348, 4.7375], [-52.6339, 4.7373], [-52.6329, 4.7366], [-52.6323, 4.7355], [-52.6318, 4.734], [-52.6315, 4.7331], [-52.6307, 4.733], [-52.6297, 4.7332], [-52.6286, 4.7326], [-52.6279, 4.7316], [-52.6273, 4.7303], [-52.6271, 4.7292], [-52.6268, 4.7282], [-52.626, 4.7273], [-52.6244, 4.7273], [-52.6235, 4.7274], [-52.6224, 4.7274], [-52.6214, 4.7267], [-52.6211, 4.7255], [-52.621, 4.7246], [-52.6205, 4.7235], [-52.6181, 4.722], [-52.6168, 4.721], [-52.6178, 4.7202], [-52.619, 4.7202], [-52.6199, 4.7203], [-52.6208, 4.7202], [-52.6225, 4.7197], [-52.6234, 4.7191], [-52.6236, 4.718], [-52.623, 4.7169], [-52.6228, 4.7157], [-52.6236, 4.7137], [-52.6236, 4.7128], [-52.6227, 4.7113], [-52.6231, 4.7103], [-52.6252, 4.709], [-52.6264, 4.7085], [-52.627, 4.7075], [-52.627, 4.7064], [-52.6274, 4.7047], [-52.6279, 4.7037], [-52.6287, 4.703], [-52.63, 4.7025], [-52.6315, 4.7021], [-52.6329, 4.7018], [-52.634, 4.7018], [-52.6359, 4.7017], [-52.6372, 4.7018], [-52.6384, 4.702], [-52.6393, 4.7019], [-52.6403, 4.7015], [-52.6413, 4.7013], [-52.6422, 4.7012], [-52.6438, 4.7011], [-52.6454, 4.7007], [-52.6464, 4.7003], [-52.6467, 4.6995], [-52.6445, 4.6983], [-52.6436, 4.6975], [-52.6427, 4.6961], [-52.6418, 4.6951], [-52.6409, 4.6941], [-52.6406, 4.6931], [-52.641, 4.6919], [-52.6415, 4.6907], [-52.6423, 4.6898], [-52.6434, 4.6889], [-52.6449, 4.6884], [-52.6458, 4.6883], [-52.648, 4.6883], [-52.6475, 4.6872], [-52.6468, 4.6861], [-52.647, 4.6851], [-52.6478, 4.6842], [-52.6481, 4.6833], [-52.6482, 4.6821], [-52.6483, 4.6812], [-52.6499, 4.6808], [-52.6508, 4.6811], [-52.652, 4.6807], [-52.6527, 4.6797], [-52.6542, 4.6794], [-52.6557, 4.6804], [-52.6568, 4.6809], [-52.6576, 4.6812], [-52.6589, 4.6811], [-52.6603, 4.6814], [-52.6614, 4.6823], [-52.6626, 4.6823], [-52.6642, 4.6809], [-52.6651, 4.68], [-52.6661, 4.6792], [-52.6669, 4.6773], [-52.6676, 4.6761], [-52.6683, 4.6752], [-52.6686, 4.6742], [-52.6677, 4.6734], [-52.6675, 4.672], [-52.6674, 4.6711], [-52.668, 4.6699], [-52.6698, 4.6699], [-52.6709, 4.6693], [-52.6717, 4.6667], [-52.6719, 4.6657], [-52.672, 4.6645], [-52.6719, 4.6634], [-52.6708, 4.6626], [-52.6694, 4.6625], [-52.6695, 4.6614], [-52.6694, 4.6605], [-52.6705, 4.6599], [-52.6713, 4.6592], [-52.6714, 4.6583], [-52.6712, 4.6574], [-52.6709, 4.6564], [-52.6724, 4.6562], [-52.6738, 4.6567], [-52.6747, 4.6566], [-52.6754, 4.6555], [-52.6757, 4.6541], [-52.6761, 4.6531], [-52.6769, 4.6522], [-52.6778, 4.6517], [-52.679, 4.6509], [-52.6803, 4.6492], [-52.6813, 4.6494], [-52.6824, 4.648], [-52.6833, 4.6475], [-52.6843, 4.6468], [-52.6847, 4.6456], [-52.685, 4.6446], [-52.6856, 4.6433], [-52.6858, 4.6424], [-52.6868, 4.6415], [-52.6874, 4.6403], [-52.687, 4.6394], [-52.6879, 4.6389], [-52.6888, 4.6389], [-52.6897, 4.6399], [-52.6906, 4.6398], [-52.6915, 4.6397], [-52.6924, 4.6399], [-52.693, 4.6375], [-52.6937, 4.6365], [-52.6946, 4.6353], [-52.6952, 4.6344], [-52.6959, 4.6335], [-52.6968, 4.6333], [-52.698, 4.6335], [-52.6988, 4.6326], [-52.6995, 4.6313], [-52.7001, 4.6304], [-52.7006, 4.6289], [-52.7012, 4.627], [-52.7011, 4.626], [-52.7, 4.6246], [-52.6991, 4.6241], [-52.6986, 4.6231], [-52.6982, 4.6222], [-52.698, 4.6213], [-52.6996, 4.6223], [-52.7004, 4.6223], [-52.7013, 4.621], [-52.7012, 4.6198], [-52.7006, 4.6186], [-52.6997, 4.6177], [-52.6988, 4.6168], [-52.6982, 4.6158], [-52.6978, 4.6146], [-52.6983, 4.6136], [-52.699, 4.6125], [-52.6997, 4.6115], [-52.7006, 4.6115], [-52.7015, 4.6124], [-52.702, 4.6133], [-52.7028, 4.6136], [-52.7037, 4.6134], [-52.7045, 4.613], [-52.7056, 4.6136], [-52.7064, 4.6138], [-52.7074, 4.6129], [-52.7083, 4.6127], [-52.7094, 4.6128], [-52.7104, 4.6119], [-52.7111, 4.6105], [-52.7129, 4.6094], [-52.7135, 4.6083], [-52.7134, 4.6073], [-52.7131, 4.6064], [-52.7129, 4.6054], [-52.7128, 4.6029], [-52.7129, 4.602], [-52.7142, 4.6012], [-52.7155, 4.5991], [-52.716, 4.5982], [-52.7172, 4.5972], [-52.7181, 4.597], [-52.7192, 4.597], [-52.7203, 4.5971], [-52.7211, 4.5983], [-52.7209, 4.5995], [-52.7221, 4.6003], [-52.7231, 4.6015], [-52.7235, 4.6027], [-52.7244, 4.6027], [-52.7253, 4.6021], [-52.7263, 4.6025], [-52.7275, 4.6039], [-52.7287, 4.6045], [-52.7293, 4.6033], [-52.7293, 4.6024], [-52.7304, 4.6007], [-52.7305, 4.5998], [-52.7299, 4.5989], [-52.729, 4.5984], [-52.7285, 4.5969], [-52.729, 4.596], [-52.7302, 4.5961], [-52.7318, 4.5968], [-52.7329, 4.5969], [-52.7339, 4.5965], [-52.7354, 4.5952], [-52.7378, 4.5935], [-52.7391, 4.593], [-52.7395, 4.5919], [-52.7381, 4.5908], [-52.7377, 4.5893], [-52.7392, 4.5883], [-52.74, 4.5878], [-52.7425, 4.5861], [-52.7439, 4.5854], [-52.7444, 4.584], [-52.7444, 4.5831], [-52.7444, 4.5813], [-52.7448, 4.5804], [-52.7438, 4.5795], [-52.7432, 4.5783], [-52.7429, 4.5768], [-52.7429, 4.576], [-52.743, 4.5748], [-52.7426, 4.5736], [-52.7418, 4.5722], [-52.7404, 4.5708], [-52.7392, 4.5697], [-52.738, 4.5687], [-52.7384, 4.5672], [-52.7392, 4.566], [-52.7403, 4.5649], [-52.7417, 4.5638], [-52.7426, 4.5632], [-52.7437, 4.562], [-52.7438, 4.5597], [-52.7449, 4.5592], [-52.7464, 4.5586], [-52.7467, 4.5574], [-52.7466, 4.5563], [-52.7473, 4.5554], [-52.7495, 4.5544], [-52.7501, 4.553], [-52.7501, 4.5499], [-52.7504, 4.5489], [-52.7511, 4.5473], [-52.7512, 4.546], [-52.7514, 4.5448], [-52.752, 4.5437], [-52.7532, 4.543], [-52.755, 4.5426], [-52.7563, 4.5431], [-52.7578, 4.5437], [-52.7587, 4.5437], [-52.7606, 4.5433], [-52.7635, 4.542], [-52.7652, 4.541], [-52.7661, 4.5401], [-52.7668, 4.5377], [-52.7669, 4.5367], [-52.7671, 4.5351], [-52.7669, 4.5333], [-52.7672, 4.5321], [-52.7676, 4.5307], [-52.7684, 4.5291], [-52.7694, 4.5281], [-52.7707, 4.5275], [-52.7719, 4.5271], [-52.7725, 4.5262], [-52.7729, 4.5246], [-52.7727, 4.5234], [-52.7725, 4.5225], [-52.7726, 4.5215], [-52.7736, 4.5203], [-52.7742, 4.5186], [-52.7743, 4.5173], [-52.7753, 4.5161], [-52.7756, 4.5147], [-52.7758, 4.5134], [-52.7763, 4.5125], [-52.7769, 4.5116], [-52.7781, 4.5108], [-52.7811, 4.5105], [-52.7821, 4.5105], [-52.7852, 4.5105], [-52.7862, 4.5106], [-52.7877, 4.5113], [-52.7886, 4.511], [-52.7895, 4.5097], [-52.79, 4.508], [-52.7913, 4.5071], [-52.7925, 4.5069], [-52.7938, 4.506], [-52.795, 4.5063], [-52.796, 4.507], [-52.7967, 4.508], [-52.7984, 4.509], [-52.7996, 4.5093], [-52.8002, 4.5104], [-52.7991, 4.5133], [-52.7988, 4.5147], [-52.799, 4.5158], [-52.7996, 4.5169], [-52.8, 4.5179], [-52.8003, 4.5193], [-52.8005, 4.5205], [-52.8005, 4.522], [-52.8004, 4.523], [-52.8002, 4.525], [-52.8002, 4.5264], [-52.8012, 4.5276], [-52.8021, 4.5279], [-52.8055, 4.5294], [-52.8068, 4.5298], [-52.8077, 4.53], [-52.8088, 4.5301], [-52.8099, 4.5306], [-52.8109, 4.5313], [-52.8114, 4.5326], [-52.8111, 4.534], [-52.8106, 4.5357], [-52.8097, 4.5368], [-52.8085, 4.5382], [-52.8077, 4.5391], [-52.8073, 4.5405], [-52.809, 4.543], [-52.8102, 4.5443], [-52.8112, 4.5453], [-52.8122, 4.5461], [-52.8129, 4.5472], [-52.8147, 4.549], [-52.8156, 4.5498], [-52.8166, 4.551], [-52.8172, 4.5527], [-52.8177, 4.5544], [-52.8183, 4.5559], [-52.8185, 4.5568], [-52.8185, 4.5577], [-52.8186, 4.5587], [-52.8188, 4.5596], [-52.8199, 4.5605], [-52.8217, 4.5607], [-52.8232, 4.561], [-52.8245, 4.5609], [-52.8265, 4.5603], [-52.8277, 4.5602], [-52.8289, 4.5601], [-52.8303, 4.5596], [-52.8313, 4.5594], [-52.8322, 4.5612], [-52.8324, 4.5625], [-52.8331, 4.5645], [-52.8333, 4.5655], [-52.8337, 4.568], [-52.8337, 4.5692], [-52.8339, 4.5703], [-52.834, 4.5712], [-52.834, 4.5733], [-52.834, 4.5748], [-52.834, 4.5758], [-52.8326, 4.5772], [-52.831, 4.5784], [-52.8304, 4.5795], [-52.8301, 4.5807], [-52.8298, 4.5819], [-52.8288, 4.5836], [-52.8282, 4.5845], [-52.8273, 4.5856], [-52.8265, 4.5865], [-52.8265, 4.5876], [-52.8275, 4.5886], [-52.8281, 4.5897], [-52.829, 4.5915], [-52.8296, 4.5928], [-52.8304, 4.594], [-52.8313, 4.5949], [-52.8326, 4.5955], [-52.8335, 4.5956], [-52.8347, 4.5959], [-52.8356, 4.5963], [-52.8365, 4.5968], [-52.8376, 4.5978], [-52.8381, 4.5991], [-52.8393, 4.6001], [-52.8403, 4.6005], [-52.8414, 4.6007], [-52.8432, 4.6], [-52.8446, 4.5992], [-52.8456, 4.5996], [-52.8465, 4.6011], [-52.8471, 4.6041], [-52.848, 4.6058], [-52.8482, 4.6072], [-52.8484, 4.6087], [-52.8492, 4.6091], [-52.8504, 4.6085], [-52.8514, 4.6082], [-52.8524, 4.6074], [-52.8533, 4.6076], [-52.8547, 4.6084], [-52.8556, 4.609], [-52.8559, 4.6104], [-52.8556, 4.6123], [-52.8552, 4.6141], [-52.8546, 4.6154], [-52.8545, 4.6164], [-52.854, 4.6175], [-52.853, 4.6185], [-52.8517, 4.6191], [-52.8507, 4.6199], [-52.8508, 4.6208], [-52.8519, 4.6238], [-52.852, 4.6247], [-52.8522, 4.6261], [-52.8525, 4.627], [-52.8535, 4.6276], [-52.8545, 4.6274], [-52.8571, 4.6262], [-52.86, 4.6251], [-52.8612, 4.6243], [-52.862, 4.6234], [-52.8629, 4.6228], [-52.8638, 4.6218], [-52.8637, 4.6207], [-52.8642, 4.6192], [-52.8658, 4.6183], [-52.8676, 4.6182], [-52.8686, 4.6185], [-52.8701, 4.6195], [-52.8719, 4.6207], [-52.873, 4.6213], [-52.8745, 4.6218], [-52.8755, 4.6223], [-52.8767, 4.6225], [-52.8779, 4.6225], [-52.8787, 4.6239], [-52.8795, 4.6249], [-52.881, 4.6255], [-52.8829, 4.6253], [-52.8846, 4.6246], [-52.8859, 4.6242], [-52.8869, 4.6239], [-52.8878, 4.6236], [-52.8888, 4.6239], [-52.8886, 4.6255], [-52.8888, 4.6276], [-52.8896, 4.629], [-52.8895, 4.6302], [-52.889, 4.6311], [-52.8884, 4.6326], [-52.8885, 4.6336], [-52.8882, 4.6346], [-52.8872, 4.6349], [-52.8863, 4.6346], [-52.8852, 4.6335], [-52.884, 4.633], [-52.8827, 4.6335], [-52.8816, 4.6336], [-52.8806, 4.6333], [-52.8793, 4.6337], [-52.8781, 4.6342], [-52.8777, 4.6356], [-52.8785, 4.6376], [-52.8797, 4.6392], [-52.8809, 4.641], [-52.8817, 4.6424], [-52.8821, 4.6434], [-52.8831, 4.6448], [-52.8844, 4.6462], [-52.8855, 4.6484], [-52.8862, 4.6494], [-52.8871, 4.6503], [-52.8879, 4.651], [-52.8887, 4.6519], [-52.8892, 4.6531], [-52.89, 4.6545], [-52.8904, 4.6553], [-52.8911, 4.6565], [-52.893, 4.6595], [-52.8935, 4.6607], [-52.8936, 4.6616], [-52.8926, 4.6641], [-52.8917, 4.666], [-52.8913, 4.6676], [-52.8914, 4.6687], [-52.8918, 4.6696], [-52.8924, 4.6707], [-52.8925, 4.6718], [-52.8917, 4.6738], [-52.8918, 4.6749], [-52.8927, 4.676], [-52.8931, 4.6771], [-52.8917, 4.6781], [-52.8912, 4.6799], [-52.8901, 4.6813], [-52.8889, 4.6821], [-52.8872, 4.6835], [-52.8861, 4.6851], [-52.8852, 4.6859], [-52.8846, 4.6869], [-52.8849, 4.6879], [-52.8859, 4.6886], [-52.8875, 4.6893], [-52.8884, 4.6896], [-52.89, 4.6904], [-52.8909, 4.6909], [-52.8917, 4.6918], [-52.8922, 4.6928], [-52.8927, 4.6949], [-52.893, 4.6957], [-52.894, 4.6967], [-52.8952, 4.6968], [-52.8963, 4.6966], [-52.8988, 4.6956], [-52.9002, 4.6953], [-52.9016, 4.6955], [-52.9032, 4.6966], [-52.9036, 4.6976], [-52.9032, 4.6986], [-52.9019, 4.7005], [-52.9015, 4.7015], [-52.9019, 4.7032], [-52.9013, 4.7042], [-52.9002, 4.7045], [-52.8996, 4.7055], [-52.8996, 4.7064], [-52.8998, 4.7076], [-52.9009, 4.7082], [-52.9021, 4.7081], [-52.9033, 4.7081], [-52.9042, 4.7081], [-52.9053, 4.7087], [-52.9059, 4.7098], [-52.906, 4.7112], [-52.9059, 4.7121], [-52.9055, 4.7133], [-52.9052, 4.7149], [-52.9048, 4.7158], [-52.9046, 4.7169], [-52.905, 4.7179], [-52.9062, 4.7185], [-52.9072, 4.7189], [-52.9085, 4.7196], [-52.9086, 4.7206], [-52.9074, 4.7216], [-52.9062, 4.7231], [-52.9056, 4.7242], [-52.9049, 4.7255], [-52.9047, 4.7264], [-52.9044, 4.7278], [-52.9043, 4.7299], [-52.9023, 4.7304], [-52.9012, 4.7312], [-52.9012, 4.7321], [-52.9017, 4.7337], [-52.9018, 4.7348], [-52.9012, 4.7357], [-52.9, 4.7364], [-52.8981, 4.7358], [-52.8972, 4.7358], [-52.8965, 4.7368], [-52.897, 4.7382], [-52.8985, 4.7392], [-52.8995, 4.74], [-52.9, 4.7411], [-52.9, 4.7424], [-52.8999, 4.7436], [-52.8996, 4.7445], [-52.8988, 4.7459], [-52.898, 4.7468], [-52.8967, 4.7475], [-52.8955, 4.7482], [-52.8948, 4.7495], [-52.8952, 4.7511], [-52.894, 4.7521], [-52.8927, 4.7528], [-52.8923, 4.754], [-52.8923, 4.7549], [-52.8946, 4.7571], [-52.8951, 4.758], [-52.8955, 4.7589], [-52.8957, 4.7603], [-52.8941, 4.762], [-52.8929, 4.7628], [-52.8929, 4.7642], [-52.8931, 4.7654], [-52.8917, 4.7662], [-52.8902, 4.7674], [-52.8896, 4.7683], [-52.888, 4.7694], [-52.8856, 4.77], [-52.8842, 4.7702], [-52.8807, 4.7704], [-52.8778, 4.7707], [-52.8761, 4.771], [-52.8717, 4.7715], [-52.8702, 4.772], [-52.8687, 4.7728], [-52.8673, 4.7752], [-52.867, 4.7763], [-52.8656, 4.779], [-52.8638, 4.781], [-52.8638, 4.782], [-52.8651, 4.7825], [-52.8662, 4.783], [-52.8671, 4.7828], [-52.8694, 4.7812], [-52.8706, 4.7806], [-52.8718, 4.7803], [-52.8728, 4.7804], [-52.8738, 4.781], [-52.8748, 4.7822], [-52.8747, 4.7831], [-52.8749, 4.7843], [-52.8766, 4.7844], [-52.8777, 4.7837], [-52.8788, 4.7832], [-52.883, 4.7815], [-52.8852, 4.781], [-52.8886, 4.7803], [-52.89, 4.7807], [-52.8914, 4.7818], [-52.8926, 4.7834], [-52.8945, 4.7851], [-52.8958, 4.7859], [-52.8951, 4.7881], [-52.894, 4.7895], [-52.8926, 4.7909], [-52.8924, 4.7922], [-52.8933, 4.7931], [-52.8954, 4.7936], [-52.8965, 4.7937], [-52.8978, 4.7935], [-52.8986, 4.7931], [-52.8997, 4.7931], [-52.8998, 4.7945], [-52.8991, 4.7957], [-52.8983, 4.7974], [-52.8974, 4.8013], [-52.8964, 4.8029], [-52.8958, 4.8039], [-52.8963, 4.8051], [-52.8968, 4.806], [-52.8971, 4.8075], [-52.8965, 4.8089], [-52.8958, 4.8101], [-52.8959, 4.8113], [-52.8969, 4.8126], [-52.8968, 4.8138], [-52.8959, 4.8148], [-52.8954, 4.816], [-52.8945, 4.8166], [-52.894, 4.8175], [-52.8945, 4.8192], [-52.8942, 4.8207], [-52.8941, 4.8218], [-52.8941, 4.8226], [-52.893, 4.8237], [-52.8921, 4.8245], [-52.8921, 4.8254], [-52.8934, 4.8271], [-52.8937, 4.8281], [-52.8934, 4.8294], [-52.8925, 4.831], [-52.8912, 4.833], [-52.8892, 4.8356], [-52.889, 4.8371], [-52.889, 4.8392], [-52.8892, 4.8407], [-52.8886, 4.8419], [-52.8896, 4.8433], [-52.89, 4.8445], [-52.8911, 4.8453], [-52.8915, 4.8462], [-52.8908, 4.8471], [-52.889, 4.8483], [-52.8882, 4.8489], [-52.8871, 4.8503], [-52.8859, 4.8515], [-52.8841, 4.853], [-52.8834, 4.8539], [-52.8829, 4.8564], [-52.8839, 4.8577], [-52.8823, 4.8585], [-52.8809, 4.8597], [-52.8805, 4.8607], [-52.8804, 4.8615], [-52.8803, 4.8625], [-52.8799, 4.8642], [-52.8795, 4.8652], [-52.8793, 4.8666], [-52.8793, 4.8678], [-52.8787, 4.8687], [-52.8774, 4.8691], [-52.8765, 4.8692], [-52.8754, 4.869], [-52.8741, 4.8698], [-52.874, 4.8726], [-52.8738, 4.8739], [-52.8735, 4.8751], [-52.8736, 4.876], [-52.8734, 4.877], [-52.8722, 4.8793], [-52.8725, 4.8808], [-52.8731, 4.8825], [-52.8731, 4.8837], [-52.8728, 4.8848], [-52.8725, 4.886], [-52.8719, 4.8874], [-52.8711, 4.8886], [-52.8704, 4.8896], [-52.8695, 4.8905], [-52.8683, 4.8913], [-52.8674, 4.8917], [-52.8662, 4.892], [-52.864, 4.8921], [-52.8625, 4.8914], [-52.8611, 4.8905], [-52.86, 4.8904], [-52.8591, 4.8914], [-52.858, 4.8921], [-52.8571, 4.8921], [-52.8558, 4.892], [-52.8544, 4.8917], [-52.853, 4.8916], [-52.8518, 4.8915], [-52.8507, 4.8916], [-52.8497, 4.8922], [-52.8498, 4.8933], [-52.8509, 4.8947], [-52.8519, 4.896], [-52.8525, 4.8969], [-52.8534, 4.8978], [-52.8548, 4.8984], [-52.8556, 4.8993], [-52.8554, 4.9006], [-52.8557, 4.9016], [-52.8568, 4.9022], [-52.8586, 4.9027], [-52.8595, 4.9029], [-52.8604, 4.9038], [-52.8612, 4.9055], [-52.862, 4.9069], [-52.8634, 4.9082], [-52.8651, 4.9091], [-52.8677, 4.9101], [-52.8707, 4.9118], [-52.8722, 4.9129], [-52.8732, 4.9138], [-52.8739, 4.9149], [-52.8748, 4.9164], [-52.8753, 4.9182], [-52.8754, 4.9193], [-52.8764, 4.9207], [-52.8779, 4.9216], [-52.8788, 4.923], [-52.8795, 4.9245], [-52.8796, 4.928], [-52.8793, 4.9292], [-52.8785, 4.9302], [-52.8774, 4.9309], [-52.8744, 4.9329], [-52.8731, 4.9333], [-52.8708, 4.9351], [-52.8701, 4.9364], [-52.8699, 4.9377], [-52.8695, 4.9386], [-52.8697, 4.9395], [-52.871, 4.9408], [-52.8754, 4.9426], [-52.8775, 4.9431], [-52.8813, 4.9425], [-52.8851, 4.9434], [-52.8876, 4.9442], [-52.8895, 4.9454], [-52.8913, 4.9478], [-52.8924, 4.9502], [-52.8935, 4.9518], [-52.8946, 4.9526], [-52.8966, 4.9543], [-52.8982, 4.957], [-52.9006, 4.9595], [-52.9023, 4.9607], [-52.9036, 4.9612], [-52.9058, 4.9615], [-52.907, 4.9621], [-52.909, 4.9652], [-52.9099, 4.9665], [-52.9108, 4.9671], [-52.9166, 4.9668], [-52.9215, 4.9695], [-52.9262, 4.9726], [-52.9282, 4.9753], [-52.9315, 4.977], [-52.9339, 4.9788], [-52.9356, 4.9803], [-52.9366, 4.9821], [-52.9365, 4.9835], [-52.9358, 4.9845], [-52.934, 4.9853], [-52.9308, 4.9856], [-52.9279, 4.9861], [-52.9255, 4.9872], [-52.9217, 4.9901], [-52.9183, 4.9932], [-52.9175, 4.9941], [-52.9169, 4.9959], [-52.9163, 4.9971], [-52.9151, 4.9993], [-52.9154, 5.0011], [-52.9148, 5.0034], [-52.9153, 5.0046], [-52.9152, 5.0092], [-52.9163, 5.0099], [-52.9176, 5.0102], [-52.9192, 5.0102], [-52.9208, 5.0097], [-52.9221, 5.0122], [-52.9232, 5.0136], [-52.9257, 5.0143], [-52.9286, 5.0155], [-52.9287, 5.0181], [-52.9281, 5.0208], [-52.9274, 5.0233], [-52.9273, 5.0247], [-52.9279, 5.0259], [-52.9288, 5.0265], [-52.9294, 5.0249], [-52.9301, 5.0237], [-52.931, 5.0231], [-52.9328, 5.0235], [-52.9348, 5.0241], [-52.9359, 5.0237], [-52.9373, 5.0244], [-52.9373, 5.0268], [-52.9374, 5.0286], [-52.9393, 5.0299], [-52.9404, 5.0312], [-52.9424, 5.0331], [-52.9437, 5.0333], [-52.9448, 5.0322], [-52.9467, 5.027], [-52.9482, 5.0235], [-52.9503, 5.0235], [-52.9501, 5.0275], [-52.9501, 5.0301], [-52.9502, 5.0326], [-52.9495, 5.0373], [-52.9485, 5.0391], [-52.9488, 5.0404], [-52.9505, 5.0419], [-52.9526, 5.043], [-52.9538, 5.0429], [-52.9543, 5.0445], [-52.9556, 5.0457], [-52.9565, 5.0467], [-52.9582, 5.0459], [-52.9597, 5.0453], [-52.9607, 5.0455], [-52.961, 5.0469], [-52.9596, 5.0478], [-52.9591, 5.0494], [-52.9593, 5.0506], [-52.9617, 5.052], [-52.9636, 5.0516], [-52.9645, 5.0521], [-52.9643, 5.0542], [-52.9689, 5.0548], [-52.9683, 5.0581], [-52.9679, 5.0601], [-52.9698, 5.0606], [-52.971, 5.0605], [-52.9727, 5.0586], [-52.9741, 5.0548], [-52.9744, 5.0509], [-52.9757, 5.0493], [-52.9774, 5.0509], [-52.9767, 5.0542], [-52.9765, 5.0564], [-52.977, 5.0624], [-52.9783, 5.0635], [-52.9802, 5.0643], [-52.9811, 5.0648], [-52.9814, 5.0663], [-52.9809, 5.0685], [-52.9809, 5.0704], [-52.9798, 5.0722], [-52.9795, 5.0733], [-52.9796, 5.0752], [-52.9777, 5.0767], [-52.9771, 5.0787], [-52.9766, 5.0796], [-52.9755, 5.0807], [-52.9743, 5.0811], [-52.9728, 5.082], [-52.9714, 5.0835], [-52.9711, 5.0846], [-52.9687, 5.0874], [-52.9672, 5.0886], [-52.964, 5.0918], [-52.9607, 5.0949], [-52.9608, 5.096], [-52.9621, 5.0985], [-52.9625, 5.1002], [-52.964, 5.1031], [-52.9648, 5.1048], [-52.9654, 5.1071], [-52.9654, 5.1094], [-52.9654, 5.1103], [-52.9644, 5.1115], [-52.964, 5.1133], [-52.9641, 5.1149], [-52.9647, 5.1169], [-52.9649, 5.1183], [-52.9641, 5.1197], [-52.9627, 5.1204], [-52.961, 5.1209], [-52.958, 5.1208], [-52.957, 5.1213], [-52.9567, 5.1224], [-52.9561, 5.1236], [-52.9551, 5.1242], [-52.9528, 5.1253], [-52.9519, 5.1246], [-52.9491, 5.126], [-52.9481, 5.1277], [-52.9468, 5.1295], [-52.9445, 5.1316], [-52.9422, 5.134], [-52.9384, 5.1373], [-52.9347, 5.1385], [-52.9334, 5.1392], [-52.9337, 5.1409], [-52.9343, 5.1421], [-52.934, 5.1438], [-52.9331, 5.1449], [-52.9313, 5.1457], [-52.9298, 5.1461], [-52.929, 5.1476], [-52.9285, 5.1485], [-52.9266, 5.1492], [-52.9244, 5.1488], [-52.9224, 5.1489], [-52.9215, 5.1491], [-52.9206, 5.1485], [-52.9195, 5.148], [-52.9185, 5.1484], [-52.9175, 5.1483], [-52.9161, 5.1476], [-52.9147, 5.1473], [-52.9138, 5.1474], [-52.9128, 5.1478], [-52.9119, 5.1491], [-52.9115, 5.1503], [-52.9114, 5.1522], [-52.9113, 5.1531], [-52.9104, 5.1545], [-52.9099, 5.1555], [-52.9086, 5.1559], [-52.9077, 5.1559], [-52.9059, 5.1545], [-52.9036, 5.1549], [-52.9022, 5.155], [-52.9013, 5.155], [-52.9, 5.1554], [-52.898, 5.1567], [-52.8969, 5.1578], [-52.896, 5.1584], [-52.8948, 5.1591], [-52.8939, 5.1599], [-52.8931, 5.1601], [-52.8939, 5.1609], [-52.8939, 5.1619], [-52.8934, 5.1629], [-52.8926, 5.164], [-52.8922, 5.1649], [-52.8912, 5.1659], [-52.8909, 5.1669], [-52.8907, 5.1678], [-52.8908, 5.1689], [-52.8908, 5.1699], [-52.8907, 5.1708], [-52.8908, 5.1719], [-52.8907, 5.1728], [-52.8903, 5.1742], [-52.8904, 5.1752], [-52.8893, 5.177], [-52.8889, 5.178], [-52.8882, 5.1789], [-52.8876, 5.1797], [-52.8873, 5.1808], [-52.8868, 5.1816], [-52.8867, 5.1827], [-52.8867, 5.1836], [-52.8866, 5.1847], [-52.8865, 5.1856], [-52.8864, 5.1869], [-52.8863, 5.1878], [-52.8861, 5.1887], [-52.8861, 5.1897], [-52.886, 5.1908], [-52.886, 5.1918], [-52.8867, 5.1927], [-52.8869, 5.1938], [-52.887, 5.1949], [-52.8868, 5.1957], [-52.8869, 5.1968], [-52.8868, 5.1977], [-52.8874, 5.1987], [-52.8879, 5.2002], [-52.8878, 5.2013], [-52.8868, 5.2022], [-52.8858, 5.2025], [-52.8849, 5.2028], [-52.884, 5.2036], [-52.8831, 5.2043], [-52.8822, 5.2053], [-52.8806, 5.2067], [-52.8794, 5.2069], [-52.8784, 5.2072], [-52.8777, 5.2082], [-52.8776, 5.2093], [-52.8773, 5.2111], [-52.8764, 5.212], [-52.8765, 5.214], [-52.8767, 5.2161], [-52.877, 5.2173], [-52.8771, 5.2184], [-52.8768, 5.2196], [-52.8755, 5.222], [-52.8745, 5.2226], [-52.8736, 5.2228], [-52.8731, 5.2245], [-52.8716, 5.2252], [-52.8703, 5.2255], [-52.869, 5.2268], [-52.8681, 5.227], [-52.8679, 5.2279], [-52.8669, 5.2284], [-52.8665, 5.2294], [-52.8657, 5.2304], [-52.8654, 5.2316], [-52.8642, 5.2326], [-52.863, 5.2342], [-52.8628, 5.2354], [-52.861, 5.2359], [-52.8596, 5.2362], [-52.8588, 5.2382], [-52.8583, 5.2395], [-52.8572, 5.2399], [-52.8567, 5.2409], [-52.8561, 5.2419], [-52.8555, 5.2434], [-52.8538, 5.2443], [-52.8528, 5.2448], [-52.8524, 5.2457], [-52.8513, 5.2459], [-52.8504, 5.2458], [-52.8499, 5.2467], [-52.8493, 5.2477], [-52.849, 5.2489], [-52.8482, 5.2499], [-52.8477, 5.2508], [-52.8469, 5.2515], [-52.8459, 5.251], [-52.8448, 5.2511], [-52.8438, 5.2513], [-52.8439, 5.2521], [-52.8435, 5.253], [-52.8426, 5.2542], [-52.8419, 5.2552], [-52.842, 5.2561], [-52.8414, 5.2571], [-52.8421, 5.258], [-52.8422, 5.259], [-52.8412, 5.2596], [-52.8403, 5.2601], [-52.8393, 5.261], [-52.8381, 5.2618], [-52.837, 5.2624], [-52.8361, 5.2626], [-52.8352, 5.263], [-52.8343, 5.2634], [-52.8333, 5.2636], [-52.8321, 5.2639], [-52.8315, 5.2647], [-52.831, 5.2656], [-52.8305, 5.2665], [-52.8291, 5.2675], [-52.8281, 5.268], [-52.8272, 5.2687], [-52.8263, 5.2693], [-52.8255, 5.2699], [-52.8248, 5.2709], [-52.8243, 5.2719], [-52.8243, 5.2728], [-52.8247, 5.2739], [-52.8251, 5.2748], [-52.8259, 5.2757], [-52.8269, 5.276], [-52.8273, 5.2773], [-52.8268, 5.2783], [-52.8267, 5.2793], [-52.8271, 5.2802], [-52.8279, 5.2811], [-52.8289, 5.2817], [-52.8293, 5.2826], [-52.8291, 5.2835], [-52.8289, 5.2845], [-52.8292, 5.2854], [-52.8296, 5.2863], [-52.8287, 5.2866], [-52.8278, 5.2873], [-52.8276, 5.2862], [-52.8278, 5.2852], [-52.827, 5.2851], [-52.8267, 5.2861], [-52.8254, 5.2861], [-52.8246, 5.2864], [-52.8244, 5.2875], [-52.8242, 5.2885], [-52.8233, 5.2888], [-52.8224, 5.2881], [-52.8211, 5.2873], [-52.8202, 5.2875], [-52.8192, 5.2878], [-52.8185, 5.2889], [-52.8176, 5.2895], [-52.8165, 5.2896], [-52.8155, 5.29], [-52.8145, 5.2895], [-52.8136, 5.2897], [-52.8126, 5.2905], [-52.8122, 5.2917], [-52.8121, 5.2926], [-52.8116, 5.2935], [-52.8105, 5.2938], [-52.81, 5.2947], [-52.8097, 5.2956], [-52.8107, 5.2968], [-52.8115, 5.297], [-52.8107, 5.2976], [-52.8102, 5.2986], [-52.8094, 5.2988], [-52.8083, 5.2992], [-52.8082, 5.3002], [-52.8083, 5.3011], [-52.8086, 5.302], [-52.8087, 5.303], [-52.8087, 5.304], [-52.8078, 5.3041], [-52.8071, 5.3051], [-52.8072, 5.3061], [-52.8056, 5.307], [-52.8048, 5.308], [-52.805, 5.3093], [-52.8052, 5.3108], [-52.804, 5.3104], [-52.8037, 5.3095], [-52.8036, 5.3086], [-52.8038, 5.3075], [-52.8042, 5.3062], [-52.8047, 5.3052], [-52.8036, 5.3051], [-52.8036, 5.3041], [-52.8029, 5.3053], [-52.8034, 5.3073], [-52.803, 5.3082], [-52.8019, 5.3081], [-52.7989, 5.306], [-52.7974, 5.3047], [-52.7966, 5.3053], [-52.7961, 5.3044], [-52.7953, 5.3036], [-52.7948, 5.3023], [-52.7958, 5.3026], [-52.796, 5.3015], [-52.7959, 5.3006], [-52.7957, 5.2997], [-52.7965, 5.3003], [-52.7963, 5.2991], [-52.796, 5.2982], [-52.7959, 5.2991], [-52.7948, 5.2983], [-52.7938, 5.2974], [-52.7935, 5.2965], [-52.7925, 5.2961], [-52.7915, 5.2963], [-52.7912, 5.2954], [-52.7907, 5.2963], [-52.7898, 5.2956], [-52.7889, 5.2956], [-52.7895, 5.2971], [-52.7901, 5.298], [-52.7909, 5.299], [-52.7917, 5.2999], [-52.793, 5.301], [-52.7941, 5.3017], [-52.7928, 5.302], [-52.7908, 5.301], [-52.7888, 5.2991], [-52.7864, 5.2964], [-52.785, 5.2945], [-52.783, 5.2924], [-52.7822, 5.2914], [-52.781, 5.2896], [-52.7799, 5.2884], [-52.7784, 5.2871], [-52.7771, 5.2858], [-52.7764, 5.2848], [-52.7756, 5.2839], [-52.7738, 5.2822], [-52.7723, 5.2806], [-52.7701, 5.2786], [-52.769, 5.2779], [-52.7686, 5.2766], [-52.7674, 5.275], [-52.7664, 5.2741], [-52.7648, 5.273], [-52.7626, 5.2713], [-52.7596, 5.2699], [-52.7576, 5.2687], [-52.7565, 5.2681], [-52.7551, 5.2671], [-52.7545, 5.2662], [-52.7531, 5.2647], [-52.7516, 5.2632], [-52.7501, 5.2613], [-52.7491, 5.2605], [-52.748, 5.2599], [-52.7476, 5.2589], [-52.7462, 5.2588], [-52.7454, 5.258], [-52.7452, 5.257], [-52.7433, 5.2553], [-52.7426, 5.2544], [-52.7416, 5.2536], [-52.7407, 5.2528], [-52.7396, 5.2524], [-52.7386, 5.2523], [-52.7374, 5.2518], [-52.7364, 5.2505], [-52.7354, 5.2499], [-52.7342, 5.2488], [-52.7337, 5.2479], [-52.7332, 5.2469], [-52.7326, 5.246], [-52.7316, 5.245], [-52.7303, 5.2437], [-52.7295, 5.2427], [-52.7285, 5.2421], [-52.7275, 5.2411], [-52.7261, 5.24], [-52.7249, 5.2392], [-52.7234, 5.2381], [-52.7214, 5.2364], [-52.7192, 5.2348], [-52.718, 5.2339], [-52.717, 5.2328], [-52.7151, 5.2318], [-52.7135, 5.2306], [-52.7119, 5.2297], [-52.7103, 5.2288], [-52.7091, 5.2278], [-52.7067, 5.2264], [-52.7055, 5.2255], [-52.7043, 5.2247], [-52.7032, 5.2236], [-52.7017, 5.2224], [-52.7008, 5.2217], [-52.6983, 5.2199], [-52.6969, 5.2191], [-52.6956, 5.218], [-52.6947, 5.2174], [-52.6937, 5.2166], [-52.6923, 5.2154], [-52.6913, 5.2146], [-52.6898, 5.2141], [-52.6888, 5.2146], [-52.6878, 5.2147], [-52.6873, 5.2138], [-52.6856, 5.213], [-52.6846, 5.2124], [-52.6836, 5.2108], [-52.6826, 5.2104], [-52.6813, 5.2097], [-52.6802, 5.209], [-52.6789, 5.2081], [-52.678, 5.2078], [-52.677, 5.2066], [-52.6759, 5.2061], [-52.6744, 5.2054], [-52.6732, 5.2041], [-52.6719, 5.2029], [-52.6704, 5.2017], [-52.669, 5.2012], [-52.6678, 5.2004], [-52.6669, 5.2002], [-52.6658, 5.1993], [-52.6653, 5.1983], [-52.6646, 5.1964], [-52.6638, 5.1954], [-52.6629, 5.1942], [-52.662, 5.1931], [-52.6611, 5.1919], [-52.6604, 5.191], [-52.6572, 5.1877], [-52.6557, 5.186], [-52.6544, 5.1848], [-52.6534, 5.1836], [-52.6521, 5.1824], [-52.6509, 5.1809], [-52.6501, 5.18], [-52.649, 5.1787], [-52.6481, 5.1778], [-52.6467, 5.1762], [-52.6451, 5.1744], [-52.644, 5.1734], [-52.6431, 5.1723], [-52.6419, 5.1709], [-52.641, 5.1699], [-52.6402, 5.169], [-52.6393, 5.1681], [-52.6372, 5.1662], [-52.6361, 5.1653], [-52.6347, 5.1643], [-52.6339, 5.1647], [-52.6337, 5.1638], [-52.6328, 5.1634], [-52.6322, 5.1643], [-52.6312, 5.1643], [-52.6303, 5.1642], [-52.6298, 5.1632], [-52.629, 5.1629], [-52.6281, 5.1621], [-52.6273, 5.1609], [-52.6262, 5.1603], [-52.6261, 5.1594], [-52.6261, 5.1584], [-52.627, 5.1579], [-52.6283, 5.1586], [-52.6295, 5.1591], [-52.6308, 5.1591], [-52.6318, 5.1588], [-52.633, 5.1577], [-52.6338, 5.156], [-52.6353, 5.1548], [-52.6363, 5.1541], [-52.6374, 5.153], [-52.6382, 5.1517], [-52.6385, 5.1508], [-52.6392, 5.1497], [-52.6405, 5.1491], [-52.6417, 5.1488], [-52.643, 5.1486], [-52.6439, 5.1485], [-52.6448, 5.1486], [-52.6457, 5.1486], [-52.647, 5.1489], [-52.6479, 5.1489], [-52.6489, 5.1491], [-52.651, 5.1495], [-52.6519, 5.1497], [-52.6529, 5.1499], [-52.6544, 5.1501], [-52.6554, 5.1503], [-52.6567, 5.1505], [-52.658, 5.1509], [-52.6601, 5.1514], [-52.6613, 5.1517], [-52.6621, 5.1519], [-52.6644, 5.1523], [-52.6654, 5.1523], [-52.6662, 5.1523], [-52.6673, 5.1522], [-52.6682, 5.1523], [-52.668, 5.1514], [-52.6689, 5.1515], [-52.6701, 5.1519], [-52.6709, 5.1516], [-52.672, 5.1514], [-52.6715, 5.1498], [-52.671, 5.1484], [-52.6698, 5.149], [-52.6688, 5.1491], [-52.6675, 5.1491], [-52.6661, 5.149], [-52.665, 5.1486], [-52.6639, 5.148], [-52.6624, 5.1476], [-52.6612, 5.1473], [-52.6602, 5.147], [-52.6588, 5.1467], [-52.6575, 5.1465], [-52.6566, 5.1462], [-52.6549, 5.146], [-52.6531, 5.1458], [-52.6519, 5.1455], [-52.6509, 5.1454], [-52.6498, 5.1454], [-52.6489, 5.1454], [-52.6478, 5.1453], [-52.6466, 5.1452], [-52.6455, 5.1449], [-52.6441, 5.1445], [-52.6426, 5.1445], [-52.6415, 5.1447], [-52.6406, 5.145], [-52.6392, 5.1456], [-52.6384, 5.1458], [-52.6375, 5.1466], [-52.6367, 5.1468], [-52.6358, 5.1467], [-52.6348, 5.1463], [-52.6339, 5.1452], [-52.6332, 5.1439], [-52.6321, 5.1434], [-52.6312, 5.1429], [-52.6299, 5.1422], [-52.6295, 5.1412], [-52.6295, 5.1421], [-52.6305, 5.1426], [-52.6316, 5.1435], [-52.6325, 5.1438], [-52.6334, 5.1454], [-52.6341, 5.1464], [-52.6351, 5.147], [-52.6359, 5.1479], [-52.6352, 5.1488], [-52.6342, 5.149], [-52.633, 5.1491], [-52.6321, 5.1492], [-52.6305, 5.1476], [-52.6296, 5.1467], [-52.6285, 5.1456], [-52.6267, 5.1442], [-52.6248, 5.1432], [-52.6228, 5.1416], [-52.6208, 5.1398], [-52.6204, 5.1388], [-52.6175, 5.1358], [-52.6144, 5.133], [-52.6115, 5.1307], [-52.6074, 5.1276], [-52.6063, 5.1269], [-52.6031, 5.124], [-52.6019, 5.1226], [-52.6007, 5.1212], [-52.597, 5.1182], [-52.5943, 5.1159], [-52.5919, 5.1134], [-52.5909, 5.1128], [-52.5885, 5.1105], [-52.5862, 5.1083], [-52.5825, 5.1051], [-52.579, 5.1021], [-52.5724, 5.0964], [-52.5723, 5.0963]]]}}, {"type": "Feature", "properties": {"nom": "Macouria", "code": "97305", "codeDepartement": "973", "siren": "219733052", "codeEpci": "249730045", "codeRegion": "03", "codesPostaux": ["97355"], "population": 19899}, "geometry": {"type": "MultiPolygon", "coordinates": [[[[-52.3748, 4.9032], [-52.3768, 4.9024], [-52.3797, 4.9015], [-52.3839, 4.9008], [-52.3885, 4.9004], [-52.3906, 4.9002], [-52.3927, 4.8999], [-52.3941, 4.8999], [-52.3953, 4.8999], [-52.3976, 4.9004], [-52.3997, 4.9015], [-52.402, 4.9035], [-52.4036, 4.9056], [-52.4052, 4.9076], [-52.4069, 4.9097], [-52.4089, 4.9115], [-52.4107, 4.9128], [-52.4124, 4.9136], [-52.4144, 4.9139], [-52.4165, 4.9138], [-52.4188, 4.9134], [-52.42, 4.9129], [-52.4215, 4.9123], [-52.423, 4.911], [-52.4242, 4.9093], [-52.4253, 4.9074], [-52.426, 4.906], [-52.4264, 4.9039], [-52.4267, 4.9009], [-52.4268, 4.8972], [-52.4273, 4.894], [-52.4278, 4.8926], [-52.4285, 4.8914], [-52.4294, 4.8904], [-52.4305, 4.8895], [-52.4317, 4.889], [-52.4326, 4.8887], [-52.4343, 4.8887], [-52.4363, 4.8892], [-52.4377, 4.8898], [-52.4393, 4.8907], [-52.4416, 4.8919], [-52.4431, 4.8926], [-52.4442, 4.8927], [-52.4463, 4.8935], [-52.4485, 4.8936], [-52.4502, 4.8937], [-52.4525, 4.8935], [-52.4536, 4.8934], [-52.4554, 4.8931], [-52.4569, 4.8927], [-52.4588, 4.8929], [-52.4616, 4.8934], [-52.4644, 4.894], [-52.4674, 4.8946], [-52.4693, 4.8949], [-52.4715, 4.8949], [-52.4719, 4.8965], [-52.4713, 4.8989], [-52.471, 4.9003], [-52.4711, 4.9016], [-52.4701, 4.9025], [-52.4686, 4.9011], [-52.4677, 4.9005], [-52.4668, 4.9005], [-52.4656, 4.9016], [-52.4647, 4.9027], [-52.4643, 4.904], [-52.4649, 4.9049], [-52.4659, 4.9053], [-52.4676, 4.9045], [-52.4686, 4.904], [-52.4697, 4.9041], [-52.4702, 4.9061], [-52.4704, 4.9076], [-52.4703, 4.9086], [-52.4695, 4.9086], [-52.4683, 4.9079], [-52.4674, 4.908], [-52.4674, 4.9092], [-52.4684, 4.9101], [-52.4689, 4.9111], [-52.468, 4.9119], [-52.467, 4.9117], [-52.4658, 4.9107], [-52.4648, 4.9099], [-52.4638, 4.9102], [-52.463, 4.9112], [-52.4632, 4.9122], [-52.463, 4.9132], [-52.4624, 4.9143], [-52.4626, 4.9154], [-52.4623, 4.9164], [-52.4633, 4.9171], [-52.4637, 4.9179], [-52.4646, 4.9183], [-52.4648, 4.9192], [-52.4656, 4.9192], [-52.4665, 4.9198], [-52.4675, 4.9198], [-52.4686, 4.9197], [-52.4691, 4.9207], [-52.4685, 4.9219], [-52.4687, 4.9229], [-52.4682, 4.9239], [-52.4673, 4.924], [-52.4664, 4.9248], [-52.4655, 4.9256], [-52.4645, 4.9264], [-52.4636, 4.9268], [-52.4625, 4.9269], [-52.4615, 4.9261], [-52.4606, 4.9259], [-52.4592, 4.9258], [-52.4588, 4.9271], [-52.4585, 4.9285], [-52.4585, 4.9294], [-52.4584, 4.9306], [-52.4574, 4.9316], [-52.4563, 4.9325], [-52.4544, 4.9338], [-52.4532, 4.9344], [-52.4537, 4.9354], [-52.4541, 4.9362], [-52.4545, 4.9376], [-52.4546, 4.9385], [-52.4534, 4.9397], [-52.4524, 4.9404], [-52.4515, 4.9409], [-52.4506, 4.9412], [-52.4491, 4.9418], [-52.4481, 4.9425], [-52.4461, 4.9442], [-52.4453, 4.9451], [-52.4446, 4.946], [-52.4443, 4.9472], [-52.4444, 4.9484], [-52.4458, 4.9485], [-52.4471, 4.9483], [-52.4492, 4.9476], [-52.4501, 4.948], [-52.4511, 4.9484], [-52.4524, 4.9502], [-52.4532, 4.9508], [-52.4549, 4.9516], [-52.4577, 4.9523], [-52.4591, 4.9523], [-52.46, 4.9525], [-52.4614, 4.9536], [-52.4621, 4.9547], [-52.4641, 4.9573], [-52.4648, 4.9589], [-52.4651, 4.96], [-52.4655, 4.9612], [-52.4659, 4.9626], [-52.4669, 4.9644], [-52.4679, 4.9658], [-52.4681, 4.9648], [-52.4684, 4.9625], [-52.4687, 4.9613], [-52.4693, 4.9597], [-52.4698, 4.9581], [-52.4701, 4.9571], [-52.4705, 4.956], [-52.4711, 4.955], [-52.4728, 4.9539], [-52.4745, 4.9528], [-52.4754, 4.9521], [-52.4765, 4.9515], [-52.4774, 4.9508], [-52.4785, 4.9502], [-52.4793, 4.9499], [-52.4823, 4.9491], [-52.4843, 4.9486], [-52.4856, 4.9483], [-52.4869, 4.9479], [-52.4887, 4.9475], [-52.4914, 4.9468], [-52.4926, 4.9465], [-52.4925, 4.9489], [-52.4925, 4.9498], [-52.4938, 4.9539], [-52.495, 4.9547], [-52.4959, 4.955], [-52.4969, 4.9554], [-52.4981, 4.9556], [-52.4991, 4.9556], [-52.5001, 4.9556], [-52.5011, 4.9554], [-52.5021, 4.9552], [-52.5031, 4.9548], [-52.5037, 4.9539], [-52.504, 4.9529], [-52.5048, 4.9522], [-52.506, 4.952], [-52.507, 4.9517], [-52.508, 4.9513], [-52.5097, 4.9515], [-52.5108, 4.9513], [-52.5121, 4.9509], [-52.5132, 4.9496], [-52.514, 4.9485], [-52.5144, 4.9476], [-52.5152, 4.946], [-52.5157, 4.9448], [-52.5162, 4.9437], [-52.5168, 4.9427], [-52.5176, 4.9418], [-52.5185, 4.9413], [-52.5195, 4.9409], [-52.5205, 4.94], [-52.5216, 4.9388], [-52.5223, 4.9375], [-52.5224, 4.9344], [-52.5214, 4.9335], [-52.5222, 4.9327], [-52.5234, 4.9324], [-52.5245, 4.9319], [-52.5251, 4.9304], [-52.5254, 4.9295], [-52.5262, 4.9286], [-52.5271, 4.9286], [-52.5287, 4.9287], [-52.5297, 4.929], [-52.5308, 4.9299], [-52.5317, 4.9307], [-52.5326, 4.9309], [-52.5342, 4.9303], [-52.5353, 4.9298], [-52.5358, 4.9289], [-52.5362, 4.9276], [-52.5364, 4.9248], [-52.5364, 4.9238], [-52.5365, 4.9226], [-52.5371, 4.9213], [-52.538, 4.9192], [-52.5391, 4.919], [-52.5399, 4.9162], [-52.5404, 4.915], [-52.5413, 4.9139], [-52.5423, 4.9134], [-52.5433, 4.9138], [-52.5442, 4.9134], [-52.5445, 4.9123], [-52.5457, 4.9127], [-52.5465, 4.9124], [-52.5473, 4.9114], [-52.5471, 4.9102], [-52.5486, 4.9098], [-52.5496, 4.9094], [-52.5496, 4.9081], [-52.55, 4.9072], [-52.5504, 4.906], [-52.5509, 4.905], [-52.5518, 4.9046], [-52.5525, 4.9033], [-52.5531, 4.9023], [-52.554, 4.9014], [-52.5532, 4.9008], [-52.5538, 4.8997], [-52.5548, 4.8989], [-52.5558, 4.8988], [-52.557, 4.9003], [-52.5586, 4.9002], [-52.5597, 4.8993], [-52.5606, 4.8989], [-52.5615, 4.8981], [-52.5629, 4.8987], [-52.564, 4.8997], [-52.5651, 4.8996], [-52.5645, 4.9007], [-52.5642, 4.9015], [-52.5639, 4.903], [-52.5641, 4.9038], [-52.564, 4.905], [-52.5637, 4.9059], [-52.5638, 4.9068], [-52.5648, 4.9075], [-52.5657, 4.9073], [-52.5661, 4.9064], [-52.5665, 4.9055], [-52.5673, 4.9051], [-52.5686, 4.9063], [-52.5696, 4.9066], [-52.5706, 4.9064], [-52.5717, 4.9057], [-52.5727, 4.9061], [-52.5733, 4.907], [-52.5746, 4.9079], [-52.5755, 4.9082], [-52.5763, 4.908], [-52.5767, 4.9072], [-52.5777, 4.9086], [-52.5785, 4.9095], [-52.5794, 4.9106], [-52.5803, 4.9111], [-52.5813, 4.9099], [-52.5825, 4.9105], [-52.5835, 4.9106], [-52.5848, 4.9099], [-52.5863, 4.9096], [-52.5872, 4.9098], [-52.5885, 4.9107], [-52.5896, 4.9113], [-52.5907, 4.9113], [-52.5915, 4.9112], [-52.5926, 4.9112], [-52.5935, 4.9113], [-52.5947, 4.9115], [-52.5958, 4.912], [-52.5963, 4.913], [-52.5964, 4.9142], [-52.598, 4.9147], [-52.5999, 4.9152], [-52.6008, 4.9157], [-52.6016, 4.9169], [-52.6025, 4.9172], [-52.6039, 4.9171], [-52.6048, 4.9175], [-52.6052, 4.9185], [-52.6058, 4.9194], [-52.6058, 4.9205], [-52.6055, 4.9215], [-52.6054, 4.9229], [-52.6046, 4.9245], [-52.6047, 4.926], [-52.6046, 4.927], [-52.605, 4.9282], [-52.6056, 4.9291], [-52.6058, 4.9303], [-52.605, 4.9317], [-52.606, 4.9335], [-52.6068, 4.9347], [-52.6071, 4.9361], [-52.6075, 4.9373], [-52.6073, 4.9384], [-52.6065, 4.9397], [-52.6061, 4.9407], [-52.6062, 4.942], [-52.6071, 4.9429], [-52.6076, 4.9438], [-52.6088, 4.9441], [-52.6097, 4.9447], [-52.6097, 4.9459], [-52.6092, 4.9473], [-52.6088, 4.9483], [-52.6083, 4.9502], [-52.6086, 4.9512], [-52.61, 4.9514], [-52.6112, 4.952], [-52.6117, 4.9529], [-52.612, 4.9541], [-52.6121, 4.9552], [-52.6125, 4.9564], [-52.6129, 4.9576], [-52.6115, 4.9588], [-52.6087, 4.9589], [-52.6072, 4.9586], [-52.6061, 4.9586], [-52.605, 4.9584], [-52.604, 4.958], [-52.6021, 4.9574], [-52.6011, 4.9577], [-52.6007, 4.9592], [-52.6013, 4.9624], [-52.6013, 4.9638], [-52.6009, 4.965], [-52.5998, 4.9655], [-52.5982, 4.9657], [-52.5973, 4.9656], [-52.5964, 4.9657], [-52.595, 4.9665], [-52.5939, 4.9674], [-52.5926, 4.969], [-52.5922, 4.9701], [-52.5922, 4.9732], [-52.5921, 4.9741], [-52.5919, 4.9751], [-52.591, 4.976], [-52.5899, 4.9774], [-52.5892, 4.9787], [-52.5889, 4.9799], [-52.5883, 4.9814], [-52.5878, 4.9823], [-52.5869, 4.9835], [-52.5858, 4.9846], [-52.5851, 4.9873], [-52.585, 4.9885], [-52.5838, 4.9902], [-52.583, 4.9917], [-52.5838, 4.9942], [-52.5841, 4.9954], [-52.5859, 4.9982], [-52.5861, 4.9992], [-52.5861, 5.0005], [-52.586, 5.0017], [-52.5843, 5.0058], [-52.5817, 5.0114], [-52.5798, 5.0155], [-52.5793, 5.0166], [-52.5789, 5.0175], [-52.5785, 5.0184], [-52.5778, 5.0198], [-52.5785, 5.0219], [-52.5788, 5.0227], [-52.5796, 5.0249], [-52.5782, 5.0265], [-52.5769, 5.028], [-52.5759, 5.0293], [-52.5747, 5.0307], [-52.5736, 5.0319], [-52.5723, 5.0335], [-52.5725, 5.0344], [-52.5728, 5.0354], [-52.5721, 5.0363], [-52.5728, 5.0373], [-52.5738, 5.0381], [-52.5748, 5.0384], [-52.5763, 5.0391], [-52.5773, 5.039], [-52.5782, 5.0392], [-52.578, 5.0402], [-52.5783, 5.0411], [-52.579, 5.042], [-52.58, 5.0426], [-52.5809, 5.0422], [-52.5818, 5.043], [-52.5832, 5.0428], [-52.5841, 5.0427], [-52.585, 5.0425], [-52.586, 5.0424], [-52.5865, 5.0414], [-52.5874, 5.0411], [-52.5883, 5.0413], [-52.5894, 5.0417], [-52.5903, 5.0414], [-52.5907, 5.0424], [-52.5916, 5.043], [-52.5926, 5.0423], [-52.5936, 5.0417], [-52.5948, 5.0421], [-52.596, 5.0423], [-52.597, 5.0422], [-52.5979, 5.0414], [-52.5988, 5.0416], [-52.5996, 5.0411], [-52.6006, 5.0409], [-52.6015, 5.0415], [-52.6024, 5.0415], [-52.6024, 5.0424], [-52.6027, 5.0437], [-52.6026, 5.0448], [-52.6028, 5.0458], [-52.6016, 5.0463], [-52.6009, 5.0471], [-52.6008, 5.0484], [-52.6018, 5.0498], [-52.6029, 5.0506], [-52.6039, 5.051], [-52.6045, 5.0519], [-52.6055, 5.0519], [-52.6062, 5.0528], [-52.6072, 5.0529], [-52.6059, 5.055], [-52.6051, 5.0559], [-52.6028, 5.0587], [-52.5997, 5.0624], [-52.5986, 5.0637], [-52.5979, 5.0646], [-52.5972, 5.0655], [-52.5954, 5.0677], [-52.5927, 5.071], [-52.59, 5.0744], [-52.5854, 5.0798], [-52.5824, 5.0836], [-52.5785, 5.0885], [-52.5772, 5.0901], [-52.5766, 5.0909], [-52.5761, 5.0918], [-52.575, 5.0929], [-52.5745, 5.0938], [-52.5734, 5.0949], [-52.5729, 5.0958], [-52.5697, 5.0942], [-52.5673, 5.0921], [-52.5656, 5.0907], [-52.5632, 5.0884], [-52.5613, 5.0866], [-52.5578, 5.0835], [-52.5541, 5.0805], [-52.5515, 5.0787], [-52.5507, 5.0779], [-52.5494, 5.077], [-52.5485, 5.0763], [-52.5486, 5.0772], [-52.5474, 5.0775], [-52.5454, 5.0774], [-52.5443, 5.0767], [-52.5426, 5.076], [-52.5421, 5.0751], [-52.5411, 5.0744], [-52.54, 5.0744], [-52.5395, 5.0735], [-52.539, 5.0726], [-52.5379, 5.0719], [-52.5375, 5.0709], [-52.5356, 5.0692], [-52.5338, 5.0674], [-52.5334, 5.0665], [-52.5331, 5.0656], [-52.5327, 5.0647], [-52.5337, 5.0647], [-52.5337, 5.0633], [-52.5316, 5.0612], [-52.5235, 5.0553], [-52.5213, 5.0537], [-52.5183, 5.052], [-52.516, 5.0505], [-52.5131, 5.0489], [-52.5093, 5.0464], [-52.5082, 5.0454], [-52.5064, 5.0441], [-52.5055, 5.0435], [-52.5057, 5.0426], [-52.506, 5.0416], [-52.505, 5.0409], [-52.504, 5.0413], [-52.5029, 5.0415], [-52.5017, 5.0405], [-52.5004, 5.0393], [-52.4993, 5.0387], [-52.4973, 5.0373], [-52.4948, 5.0357], [-52.4945, 5.0346], [-52.4939, 5.0332], [-52.4924, 5.0316], [-52.4916, 5.0307], [-52.4908, 5.0297], [-52.4898, 5.0289], [-52.4887, 5.0291], [-52.4872, 5.0294], [-52.4859, 5.029], [-52.4849, 5.0295], [-52.4822, 5.0277], [-52.4814, 5.0265], [-52.4811, 5.0256], [-52.4794, 5.0243], [-52.4779, 5.0223], [-52.4756, 5.0219], [-52.4742, 5.0206], [-52.4723, 5.0201], [-52.4713, 5.0198], [-52.4703, 5.0197], [-52.4687, 5.0185], [-52.4672, 5.0173], [-52.4664, 5.0157], [-52.4653, 5.0149], [-52.4645, 5.0134], [-52.4631, 5.0116], [-52.4618, 5.0114], [-52.4611, 5.0104], [-52.4607, 5.0089], [-52.4602, 5.0078], [-52.4588, 5.007], [-52.4571, 5.0059], [-52.4548, 5.005], [-52.4539, 5.0042], [-52.4514, 5.0019], [-52.4495, 5.0], [-52.4491, 4.9989], [-52.4481, 4.9997], [-52.4471, 4.9989], [-52.446, 4.9978], [-52.445, 4.997], [-52.4441, 4.9963], [-52.4426, 4.9948], [-52.4404, 4.9928], [-52.4389, 4.9915], [-52.4376, 4.9903], [-52.4361, 4.9891], [-52.4355, 4.9881], [-52.4345, 4.9872], [-52.4323, 4.9852], [-52.431, 4.9839], [-52.43, 4.9829], [-52.4292, 4.982], [-52.428, 4.9814], [-52.4271, 4.9805], [-52.4249, 4.979], [-52.4239, 4.9786], [-52.423, 4.9789], [-52.4221, 4.9785], [-52.4212, 4.9776], [-52.4195, 4.976], [-52.4183, 4.9749], [-52.4175, 4.9739], [-52.4162, 4.9726], [-52.4135, 4.9701], [-52.412, 4.9687], [-52.4107, 4.9673], [-52.409, 4.9657], [-52.408, 4.9647], [-52.4061, 4.9628], [-52.4052, 4.9618], [-52.4033, 4.9602], [-52.4008, 4.9572], [-52.3997, 4.956], [-52.3989, 4.9554], [-52.3979, 4.954], [-52.3962, 4.9522], [-52.3949, 4.9507], [-52.392, 4.9472], [-52.3911, 4.9459], [-52.3898, 4.9445], [-52.3889, 4.9435], [-52.388, 4.9424], [-52.3865, 4.9408], [-52.3851, 4.9393], [-52.3841, 4.9382], [-52.383, 4.9369], [-52.3822, 4.936], [-52.3808, 4.9347], [-52.3798, 4.9339], [-52.3788, 4.9329], [-52.3784, 4.932], [-52.3774, 4.9312], [-52.3761, 4.9302], [-52.3744, 4.9289], [-52.3732, 4.9279], [-52.3717, 4.9265], [-52.3697, 4.9249], [-52.3685, 4.9239], [-52.3674, 4.9229], [-52.3665, 4.9221], [-52.3653, 4.9212], [-52.3643, 4.9205], [-52.363, 4.9198], [-52.3621, 4.9195], [-52.3608, 4.919], [-52.3599, 4.9187], [-52.3591, 4.9185], [-52.3577, 4.918], [-52.3567, 4.9178], [-52.3558, 4.9175], [-52.355, 4.9169], [-52.3557, 4.916], [-52.3566, 4.9148], [-52.3577, 4.9139], [-52.3591, 4.9135], [-52.3603, 4.913], [-52.3614, 4.9128], [-52.3624, 4.9127], [-52.3638, 4.9125], [-52.3647, 4.9122], [-52.3656, 4.9121], [-52.3671, 4.9117], [-52.3681, 4.9115], [-52.3692, 4.9113], [-52.3705, 4.9109], [-52.3694, 4.9095], [-52.3675, 4.907], [-52.3694, 4.906], [-52.3733, 4.904], [-52.3748, 4.9032]]], [[[-52.3543, 5.0427], [-52.3541, 5.0427], [-52.3541, 5.0426], [-52.3543, 5.0427]]]]}}, {"type": "Feature", "properties": {"nom": "Mana", "code": "97306", "codeDepartement": "973", "siren": "219733060", "codeEpci": "249730037", "codeRegion": "03", "codesPostaux": ["97318", "97360"], "population": 10957}, "geometry": {"type": "MultiPolygon", "coordinates": [[[[-54.0274, 5.6241], [-54.0245, 5.6276], [-54.019, 5.6318], [-54.014, 5.6382], [-54.013, 5.6439], [-54.0, 5.6437], [-53.9961, 5.6436], [-53.9952, 5.6444], [-53.9941, 5.6447], [-53.9928, 5.6455], [-53.992, 5.646], [-53.9912, 5.647], [-53.9902, 5.6481], [-53.9886, 5.6488], [-53.9873, 5.6502], [-53.9864, 5.651], [-53.9856, 5.6517], [-53.9848, 5.6527], [-53.9838, 5.6538], [-53.9828, 5.6546], [-53.9818, 5.6552], [-53.9808, 5.6559], [-53.98, 5.6569], [-53.9789, 5.6576], [-53.9779, 5.6576], [-53.977, 5.6571], [-53.9761, 5.6565], [-53.9753, 5.6561], [-53.9746, 5.6552], [-53.9743, 5.6543], [-53.9745, 5.6532], [-53.9746, 5.6523], [-53.9744, 5.6511], [-53.9743, 5.6501], [-53.9745, 5.6486], [-53.9746, 5.6466], [-53.9746, 5.6453], [-53.9746, 5.6438], [-53.9745, 5.6425], [-53.9741, 5.6413], [-53.9734, 5.6402], [-53.9721, 5.6393], [-53.9708, 5.6389], [-53.9696, 5.6387], [-53.9686, 5.639], [-53.9676, 5.6394], [-53.9668, 5.6407], [-53.9662, 5.6423], [-53.966, 5.6436], [-53.9661, 5.645], [-53.9663, 5.6464], [-53.9662, 5.6475], [-53.9658, 5.6486], [-53.9653, 5.6496], [-53.9645, 5.6509], [-53.9632, 5.6518], [-53.9621, 5.652], [-53.9612, 5.6519], [-53.9601, 5.6512], [-53.9591, 5.6503], [-53.9583, 5.6492], [-53.958, 5.6483], [-53.9579, 5.6471], [-53.9579, 5.6459], [-53.958, 5.6446], [-53.9584, 5.6434], [-53.9589, 5.6423], [-53.959, 5.6414], [-53.9589, 5.6403], [-53.9582, 5.6391], [-53.9554, 5.6375], [-53.9542, 5.6368], [-53.9531, 5.6363], [-53.9514, 5.6365], [-53.9489, 5.6369], [-53.9481, 5.6371], [-53.947, 5.6376], [-53.9461, 5.6385], [-53.9448, 5.639], [-53.9432, 5.6381], [-53.9413, 5.6366], [-53.9398, 5.6351], [-53.9387, 5.6335], [-53.9374, 5.631], [-53.9359, 5.6281], [-53.9354, 5.6272], [-53.9336, 5.6247], [-53.9319, 5.6228], [-53.929, 5.6193], [-53.9275, 5.6179], [-53.9266, 5.617], [-53.9256, 5.6157], [-53.9245, 5.615], [-53.9232, 5.6146], [-53.9219, 5.6148], [-53.9209, 5.6152], [-53.9189, 5.6162], [-53.9176, 5.6167], [-53.9164, 5.617], [-53.9154, 5.6172], [-53.9145, 5.617], [-53.9136, 5.6169], [-53.9121, 5.6163], [-53.911, 5.6157], [-53.91, 5.6152], [-53.9087, 5.6149], [-53.9079, 5.6148], [-53.9065, 5.6147], [-53.9056, 5.6146], [-53.9041, 5.6142], [-53.9026, 5.611], [-53.9022, 5.6098], [-53.9014, 5.6082], [-53.9008, 5.6072], [-53.8999, 5.6058], [-53.8991, 5.6049], [-53.8977, 5.6037], [-53.8965, 5.603], [-53.8955, 5.6026], [-53.894, 5.602], [-53.8917, 5.6013], [-53.8872, 5.5997], [-53.8869, 5.6008], [-53.8864, 5.6022], [-53.8857, 5.6044], [-53.8852, 5.6058], [-53.8845, 5.608], [-53.8841, 5.6091], [-53.8833, 5.6113], [-53.8828, 5.6128], [-53.8825, 5.6137], [-53.8816, 5.6163], [-53.8813, 5.6173], [-53.881, 5.6182], [-53.8805, 5.6197], [-53.88, 5.6212], [-53.8795, 5.6227], [-53.8786, 5.6254], [-53.8782, 5.6267], [-53.8769, 5.6307], [-53.8765, 5.6319], [-53.8761, 5.633], [-53.8756, 5.6346], [-53.8752, 5.6358], [-53.8744, 5.6382], [-53.8738, 5.6402], [-53.8731, 5.6423], [-53.8728, 5.6433], [-53.8723, 5.6449], [-53.8719, 5.6458], [-53.8711, 5.6467], [-53.8703, 5.6476], [-53.8677, 5.6481], [-53.8659, 5.6483], [-53.8647, 5.6485], [-53.8626, 5.6487], [-53.8609, 5.6489], [-53.86, 5.649], [-53.8578, 5.6493], [-53.8561, 5.6495], [-53.8552, 5.6498], [-53.8542, 5.6511], [-53.8535, 5.6519], [-53.8524, 5.6523], [-53.8517, 5.6576], [-53.8499, 5.6577], [-53.8435, 5.6675], [-53.8369, 5.6776], [-53.8303, 5.6877], [-53.8349, 5.6894], [-53.8281, 5.7087], [-53.8243, 5.7196], [-53.8226, 5.719], [-53.8217, 5.7186], [-53.8207, 5.7184], [-53.8197, 5.718], [-53.8188, 5.7178], [-53.8179, 5.7174], [-53.817, 5.717], [-53.8161, 5.7165], [-53.8149, 5.716], [-53.814, 5.7154], [-53.813, 5.7148], [-53.8122, 5.7144], [-53.8109, 5.7136], [-53.81, 5.7131], [-53.8087, 5.7121], [-53.8077, 5.7114], [-53.8068, 5.7108], [-53.8054, 5.7098], [-53.8043, 5.7091], [-53.8031, 5.7082], [-53.8022, 5.7075], [-53.8011, 5.7068], [-53.7996, 5.7059], [-53.7986, 5.7053], [-53.7976, 5.7047], [-53.7963, 5.7041], [-53.7955, 5.7037], [-53.7942, 5.7031], [-53.7933, 5.7026], [-53.7925, 5.7021], [-53.7915, 5.7016], [-53.7905, 5.701], [-53.7894, 5.7003], [-53.7882, 5.6997], [-53.7869, 5.6987], [-53.786, 5.698], [-53.785, 5.6972], [-53.7839, 5.6963], [-53.7829, 5.6955], [-53.782, 5.6946], [-53.7812, 5.6937], [-53.7802, 5.6927], [-53.7794, 5.6918], [-53.7789, 5.6908], [-53.7783, 5.6897], [-53.7779, 5.6886], [-53.7773, 5.687], [-53.7772, 5.6861], [-53.777, 5.6851], [-53.7769, 5.6841], [-53.7769, 5.6832], [-53.7767, 5.6819], [-53.7766, 5.681], [-53.7765, 5.6798], [-53.7764, 5.6789], [-53.7762, 5.6778], [-53.7761, 5.6764], [-53.776, 5.6754], [-53.7759, 5.6744], [-53.7759, 5.6732], [-53.7759, 5.6723], [-53.776, 5.6713], [-53.7761, 5.6698], [-53.7759, 5.6688], [-53.776, 5.6679], [-53.776, 5.6669], [-53.7763, 5.666], [-53.7764, 5.6652], [-53.7767, 5.664], [-53.7767, 5.663], [-53.7767, 5.6621], [-53.7767, 5.6612], [-53.7765, 5.6602], [-53.7739, 5.6596], [-53.7735, 5.6607], [-53.7734, 5.6616], [-53.7732, 5.6627], [-53.773, 5.6637], [-53.7728, 5.6647], [-53.7726, 5.6656], [-53.7724, 5.6667], [-53.7723, 5.6679], [-53.7722, 5.6692], [-53.7722, 5.6702], [-53.7724, 5.6711], [-53.7725, 5.6724], [-53.7726, 5.6738], [-53.7728, 5.675], [-53.7729, 5.6762], [-53.7729, 5.6774], [-53.7727, 5.6783], [-53.7725, 5.6796], [-53.7724, 5.6807], [-53.7723, 5.6816], [-53.7723, 5.6826], [-53.7723, 5.6835], [-53.7724, 5.6845], [-53.7726, 5.6855], [-53.7729, 5.6865], [-53.7731, 5.6874], [-53.7734, 5.6883], [-53.7737, 5.6892], [-53.7741, 5.69], [-53.7745, 5.691], [-53.775, 5.6919], [-53.7755, 5.6929], [-53.776, 5.6938], [-53.7766, 5.6947], [-53.7772, 5.6956], [-53.778, 5.6965], [-53.7787, 5.6974], [-53.7802, 5.6991], [-53.781, 5.6999], [-53.7819, 5.7007], [-53.783, 5.7016], [-53.7839, 5.7023], [-53.785, 5.7032], [-53.7859, 5.7038], [-53.787, 5.7048], [-53.7879, 5.7055], [-53.7889, 5.7062], [-53.7897, 5.7069], [-53.7908, 5.7079], [-53.7915, 5.7088], [-53.7952, 5.7114], [-53.7974, 5.7128], [-53.7985, 5.7135], [-53.8004, 5.7147], [-53.8019, 5.7155], [-53.803, 5.7161], [-53.8046, 5.717], [-53.8063, 5.7181], [-53.8072, 5.7186], [-53.8095, 5.72], [-53.811, 5.7207], [-53.8119, 5.7211], [-53.8132, 5.7217], [-53.8142, 5.7222], [-53.8157, 5.7228], [-53.8176, 5.7235], [-53.8186, 5.7239], [-53.8197, 5.7244], [-53.8205, 5.7247], [-53.8214, 5.7253], [-53.8222, 5.7256], [-53.8198, 5.7321], [-53.8184, 5.7319], [-53.817, 5.7322], [-53.8164, 5.7312], [-53.8155, 5.7313], [-53.8146, 5.7307], [-53.8137, 5.7311], [-53.8125, 5.731], [-53.8111, 5.7314], [-53.8097, 5.7318], [-53.8083, 5.7321], [-53.8085, 5.7308], [-53.807, 5.7305], [-53.8058, 5.7312], [-53.8056, 5.7301], [-53.8042, 5.7297], [-53.8033, 5.7298], [-53.8026, 5.7287], [-53.8015, 5.7275], [-53.8015, 5.7258], [-53.8004, 5.7249], [-53.7988, 5.724], [-53.7974, 5.7232], [-53.7963, 5.7226], [-53.7952, 5.7225], [-53.7947, 5.7216], [-53.7937, 5.721], [-53.7926, 5.7204], [-53.791, 5.7192], [-53.7899, 5.7186], [-53.7891, 5.7187], [-53.788, 5.7185], [-53.7868, 5.7182], [-53.7857, 5.7178], [-53.7845, 5.7174], [-53.7836, 5.7169], [-53.7824, 5.7163], [-53.7816, 5.7159], [-53.7805, 5.7153], [-53.7789, 5.7143], [-53.7778, 5.7137], [-53.7764, 5.7131], [-53.7753, 5.7122], [-53.7737, 5.7109], [-53.7719, 5.7098], [-53.7709, 5.709], [-53.7695, 5.7081], [-53.7685, 5.7074], [-53.7675, 5.7068], [-53.7659, 5.7062], [-53.7647, 5.7058], [-53.7636, 5.7056], [-53.7625, 5.7047], [-53.7614, 5.7042], [-53.7602, 5.7035], [-53.7587, 5.7022], [-53.757, 5.7012], [-53.7561, 5.7005], [-53.7552, 5.7001], [-53.7541, 5.7], [-53.7531, 5.6999], [-53.7521, 5.6993], [-53.7505, 5.698], [-53.749, 5.6973], [-53.7479, 5.6968], [-53.747, 5.6962], [-53.7455, 5.6953], [-53.7444, 5.6947], [-53.7434, 5.694], [-53.741, 5.6923], [-53.7396, 5.6913], [-53.7374, 5.6898], [-53.7352, 5.6881], [-53.7338, 5.6869], [-53.7326, 5.6861], [-53.7314, 5.6852], [-53.7303, 5.6843], [-53.7291, 5.6835], [-53.7283, 5.6829], [-53.7268, 5.6818], [-53.7251, 5.6803], [-53.7238, 5.6793], [-53.722, 5.6778], [-53.7208, 5.6767], [-53.7195, 5.6756], [-53.7186, 5.6749], [-53.7175, 5.674], [-53.7165, 5.6731], [-53.7155, 5.6722], [-53.714, 5.671], [-53.7126, 5.6699], [-53.7118, 5.6692], [-53.7109, 5.6685], [-53.7098, 5.6678], [-53.7089, 5.667], [-53.708, 5.6662], [-53.7071, 5.6655], [-53.7062, 5.6648], [-53.7053, 5.6639], [-53.7042, 5.6629], [-53.7034, 5.6618], [-53.7024, 5.661], [-53.701, 5.6601], [-53.6996, 5.6591], [-53.6985, 5.6583], [-53.6977, 5.6578], [-53.6966, 5.6569], [-53.6949, 5.6557], [-53.6939, 5.655], [-53.6927, 5.6542], [-53.6918, 5.6535], [-53.6913, 5.6525], [-53.6903, 5.652], [-53.6889, 5.6511], [-53.6867, 5.6498], [-53.6852, 5.6489], [-53.6835, 5.6479], [-53.6819, 5.647], [-53.6806, 5.6465], [-53.6792, 5.646], [-53.6778, 5.6458], [-53.6766, 5.6453], [-53.6756, 5.6451], [-53.6745, 5.6446], [-53.6735, 5.6434], [-53.6726, 5.6428], [-53.6717, 5.6421], [-53.6706, 5.6421], [-53.6694, 5.6414], [-53.6685, 5.6407], [-53.6672, 5.6399], [-53.6661, 5.6395], [-53.665, 5.6397], [-53.6637, 5.6392], [-53.6612, 5.638], [-53.6603, 5.6374], [-53.6592, 5.6372], [-53.6581, 5.6366], [-53.6569, 5.6359], [-53.6559, 5.6352], [-53.6544, 5.6346], [-53.653, 5.634], [-53.652, 5.6334], [-53.651, 5.6328], [-53.6499, 5.6321], [-53.6491, 5.6322], [-53.6482, 5.6322], [-53.6474, 5.632], [-53.6463, 5.6315], [-53.6453, 5.631], [-53.6442, 5.6303], [-53.6428, 5.6296], [-53.6418, 5.6299], [-53.6409, 5.6292], [-53.64, 5.6289], [-53.6379, 5.6278], [-53.637, 5.6273], [-53.6359, 5.6267], [-53.6349, 5.626], [-53.6338, 5.6254], [-53.6332, 5.6244], [-53.6315, 5.6238], [-53.6297, 5.6231], [-53.6288, 5.624], [-53.6279, 5.6238], [-53.6269, 5.6235], [-53.6257, 5.6222], [-53.6245, 5.6208], [-53.6233, 5.6198], [-53.6218, 5.6193], [-53.6208, 5.6189], [-53.6196, 5.6186], [-53.6185, 5.6176], [-53.6178, 5.6168], [-53.6169, 5.6162], [-53.6158, 5.6156], [-53.6148, 5.6153], [-53.614, 5.6148], [-53.613, 5.6139], [-53.612, 5.6135], [-53.6108, 5.6126], [-53.6095, 5.6121], [-53.6081, 5.6119], [-53.6057, 5.6114], [-53.6044, 5.6109], [-53.6027, 5.6102], [-53.6016, 5.6101], [-53.6005, 5.6098], [-53.5993, 5.6094], [-53.5976, 5.6089], [-53.5966, 5.6087], [-53.5956, 5.6086], [-53.5947, 5.6086], [-53.5939, 5.6082], [-53.5929, 5.608], [-53.5897, 5.6079], [-53.587, 5.6082], [-53.5846, 5.6084], [-53.5838, 5.6087], [-53.5825, 5.6074], [-53.5809, 5.6069], [-53.58, 5.6066], [-53.5789, 5.6066], [-53.5775, 5.6064], [-53.5765, 5.6064], [-53.5757, 5.6068], [-53.5758, 5.6056], [-53.5747, 5.6051], [-53.5734, 5.605], [-53.5718, 5.6045], [-53.5709, 5.6044], [-53.5701, 5.6041], [-53.5692, 5.6036], [-53.5683, 5.6032], [-53.5673, 5.6027], [-53.5664, 5.6019], [-53.5656, 5.6009], [-53.5647, 5.6004], [-53.5632, 5.6], [-53.5619, 5.5998], [-53.5607, 5.5994], [-53.5598, 5.5992], [-53.559, 5.5987], [-53.558, 5.5987], [-53.5571, 5.5977], [-53.5554, 5.5971], [-53.5533, 5.5965], [-53.5522, 5.5961], [-53.5509, 5.5955], [-53.5497, 5.5948], [-53.5488, 5.5945], [-53.5474, 5.5939], [-53.5463, 5.5935], [-53.5445, 5.5931], [-53.543, 5.5924], [-53.5421, 5.5921], [-53.541, 5.5918], [-53.5401, 5.591], [-53.5393, 5.5913], [-53.5387, 5.5903], [-53.5374, 5.5895], [-53.5361, 5.5889], [-53.5352, 5.5886], [-53.5344, 5.5881], [-53.5332, 5.5876], [-53.5323, 5.5876], [-53.5309, 5.587], [-53.5301, 5.5866], [-53.5292, 5.5862], [-53.5281, 5.5856], [-53.5272, 5.5853], [-53.526, 5.5848], [-53.5247, 5.5841], [-53.5232, 5.5836], [-53.5224, 5.5833], [-53.5213, 5.5828], [-53.5201, 5.5824], [-53.519, 5.5822], [-53.5179, 5.5817], [-53.5169, 5.5811], [-53.5158, 5.5804], [-53.5146, 5.5799], [-53.5136, 5.5794], [-53.5124, 5.5788], [-53.5115, 5.5784], [-53.5104, 5.5779], [-53.5094, 5.5774], [-53.5085, 5.5771], [-53.5075, 5.5767], [-53.5066, 5.5763], [-53.5057, 5.576], [-53.5045, 5.5756], [-53.5033, 5.5752], [-53.5024, 5.5753], [-53.5011, 5.575], [-53.5, 5.5746], [-53.4991, 5.5742], [-53.4974, 5.5736], [-53.4965, 5.5733], [-53.4954, 5.5732], [-53.4944, 5.5729], [-53.4932, 5.5725], [-53.4923, 5.572], [-53.4913, 5.5719], [-53.4904, 5.5716], [-53.4892, 5.5712], [-53.4873, 5.5706], [-53.4857, 5.57], [-53.4825, 5.5688], [-53.4814, 5.5683], [-53.4806, 5.5674], [-53.4798, 5.567], [-53.4786, 5.5665], [-53.4775, 5.5661], [-53.4759, 5.5654], [-53.4746, 5.5649], [-53.473, 5.5645], [-53.4712, 5.5636], [-53.4704, 5.5631], [-53.4697, 5.5623], [-53.4687, 5.5619], [-53.4682, 5.561], [-53.4681, 5.5601], [-53.4672, 5.5594], [-53.4671, 5.5584], [-53.4667, 5.5575], [-53.4674, 5.5566], [-53.4682, 5.5556], [-53.4693, 5.5548], [-53.4701, 5.5542], [-53.4698, 5.5533], [-53.4689, 5.5529], [-53.4679, 5.5532], [-53.4677, 5.5523], [-53.468, 5.5513], [-53.4687, 5.5502], [-53.4685, 5.5492], [-53.4672, 5.5486], [-53.4663, 5.5481], [-53.466, 5.5472], [-53.4654, 5.5463], [-53.4645, 5.5454], [-53.4634, 5.5444], [-53.4625, 5.5437], [-53.4613, 5.5435], [-53.4599, 5.5431], [-53.4592, 5.5421], [-53.4588, 5.5412], [-53.4585, 5.5403], [-53.4582, 5.5394], [-53.4579, 5.5384], [-53.4571, 5.5374], [-53.4562, 5.5368], [-53.456, 5.536], [-53.4552, 5.535], [-53.4548, 5.534], [-53.454, 5.5331], [-53.4528, 5.5324], [-53.4519, 5.5325], [-53.4511, 5.5323], [-53.4502, 5.5325], [-53.4491, 5.5315], [-53.448, 5.531], [-53.4468, 5.5315], [-53.446, 5.5308], [-53.445, 5.5303], [-53.4441, 5.5292], [-53.4435, 5.5282], [-53.4429, 5.5273], [-53.4428, 5.5262], [-53.4423, 5.525], [-53.4418, 5.5241], [-53.4415, 5.523], [-53.4409, 5.5216], [-53.4404, 5.5206], [-53.44, 5.5193], [-53.4398, 5.5183], [-53.4399, 5.5173], [-53.4404, 5.5163], [-53.4399, 5.5154], [-53.44, 5.5143], [-53.4397, 5.5133], [-53.4389, 5.5127], [-53.4378, 5.512], [-53.4372, 5.511], [-53.4362, 5.5101], [-53.4352, 5.5091], [-53.4347, 5.5082], [-53.4345, 5.5074], [-53.4337, 5.5065], [-53.4329, 5.5053], [-53.4317, 5.5042], [-53.4315, 5.5032], [-53.4313, 5.5023], [-53.4315, 5.5013], [-53.432, 5.5004], [-53.4329, 5.4994], [-53.4337, 5.4983], [-53.4338, 5.4974], [-53.4332, 5.4964], [-53.4329, 5.4955], [-53.4325, 5.4943], [-53.4324, 5.4934], [-53.4323, 5.4924], [-53.4323, 5.4915], [-53.4321, 5.4905], [-53.4324, 5.4895], [-53.4323, 5.4886], [-53.4325, 5.4874], [-53.4327, 5.4865], [-53.4329, 5.4856], [-53.4337, 5.4847], [-53.4344, 5.4837], [-53.4347, 5.4826], [-53.435, 5.4816], [-53.4345, 5.4801], [-53.4343, 5.4792], [-53.4342, 5.478], [-53.4342, 5.4771], [-53.4343, 5.4761], [-53.4345, 5.4741], [-53.4349, 5.4731], [-53.4348, 5.4722], [-53.4345, 5.4711], [-53.4336, 5.4698], [-53.4329, 5.4683], [-53.433, 5.4674], [-53.4334, 5.4665], [-53.4334, 5.4656], [-53.4337, 5.4646], [-53.4334, 5.4637], [-53.4327, 5.4627], [-53.4318, 5.4619], [-53.4318, 5.4607], [-53.4327, 5.4596], [-53.4329, 5.4586], [-53.4338, 5.4576], [-53.4352, 5.4571], [-53.4367, 5.4566], [-53.4385, 5.4555], [-53.4393, 5.4553], [-53.4404, 5.4553], [-53.4418, 5.4551], [-53.4428, 5.4551], [-53.4437, 5.4551], [-53.4455, 5.4545], [-53.447, 5.4537], [-53.4487, 5.4524], [-53.4496, 5.4525], [-53.4499, 5.4534], [-53.4503, 5.4549], [-53.4508, 5.4559], [-53.4517, 5.456], [-53.4526, 5.4558], [-53.4536, 5.4557], [-53.4545, 5.4559], [-53.4551, 5.4569], [-53.4563, 5.4576], [-53.4572, 5.4578], [-53.4584, 5.4572], [-53.4592, 5.4565], [-53.4603, 5.4565], [-53.4612, 5.4566], [-53.462, 5.457], [-53.4634, 5.4572], [-53.465, 5.4577], [-53.4661, 5.4582], [-53.4671, 5.4587], [-53.4683, 5.4584], [-53.4697, 5.459], [-53.4707, 5.4597], [-53.4715, 5.4606], [-53.4728, 5.4616], [-53.4738, 5.4623], [-53.4753, 5.4636], [-53.4757, 5.4644], [-53.4758, 5.4653], [-53.4768, 5.4659], [-53.4781, 5.4658], [-53.4789, 5.4656], [-53.4791, 5.464], [-53.48, 5.4635], [-53.4808, 5.4634], [-53.4817, 5.4633], [-53.4827, 5.4633], [-53.4839, 5.4629], [-53.4855, 5.4622], [-53.4864, 5.4623], [-53.4874, 5.4631], [-53.4886, 5.4622], [-53.4901, 5.4615], [-53.4909, 5.4615], [-53.492, 5.4618], [-53.4922, 5.4628], [-53.4921, 5.4637], [-53.493, 5.4645], [-53.4946, 5.4646], [-53.4955, 5.4639], [-53.4971, 5.4623], [-53.4982, 5.4616], [-53.4993, 5.4605], [-53.5002, 5.4604], [-53.5011, 5.4608], [-53.502, 5.4606], [-53.5032, 5.4606], [-53.5041, 5.4604], [-53.5056, 5.4597], [-53.5083, 5.4566], [-53.5094, 5.4555], [-53.5099, 5.4546], [-53.5098, 5.4532], [-53.5098, 5.4522], [-53.5101, 5.4512], [-53.5105, 5.4497], [-53.5105, 5.4487], [-53.509, 5.444], [-53.5088, 5.4427], [-53.5089, 5.4414], [-53.5076, 5.4408], [-53.5064, 5.4407], [-53.5056, 5.4396], [-53.5063, 5.4388], [-53.5072, 5.4386], [-53.5078, 5.4377], [-53.5076, 5.4369], [-53.5066, 5.4367], [-53.5057, 5.4362], [-53.5058, 5.4352], [-53.5067, 5.4347], [-53.5075, 5.4335], [-53.5077, 5.4319], [-53.5076, 5.4302], [-53.5079, 5.4285], [-53.509, 5.428], [-53.5099, 5.4289], [-53.511, 5.4286], [-53.5119, 5.4289], [-53.512, 5.4275], [-53.512, 5.4264], [-53.512, 5.4255], [-53.5122, 5.4246], [-53.5132, 5.4243], [-53.5141, 5.4235], [-53.515, 5.4233], [-53.5161, 5.4225], [-53.5174, 5.4221], [-53.5187, 5.4218], [-53.5188, 5.4207], [-53.5192, 5.4197], [-53.52, 5.4191], [-53.5219, 5.4189], [-53.523, 5.4186], [-53.5237, 5.4169], [-53.5235, 5.416], [-53.5226, 5.414], [-53.522, 5.4129], [-53.5215, 5.4118], [-53.5221, 5.411], [-53.5229, 5.41], [-53.5235, 5.4088], [-53.5235, 5.4075], [-53.523, 5.4062], [-53.5226, 5.4043], [-53.5226, 5.4034], [-53.5225, 5.4023], [-53.5234, 5.4014], [-53.5247, 5.401], [-53.526, 5.4003], [-53.5265, 5.399], [-53.5266, 5.3981], [-53.5276, 5.3967], [-53.5275, 5.3955], [-53.5271, 5.3944], [-53.5273, 5.3935], [-53.5279, 5.3926], [-53.5282, 5.3917], [-53.528, 5.3903], [-53.5275, 5.3892], [-53.5284, 5.3885], [-53.5291, 5.3875], [-53.5282, 5.3856], [-53.5277, 5.3842], [-53.5269, 5.3828], [-53.5266, 5.3818], [-53.5268, 5.3804], [-53.5279, 5.3795], [-53.5288, 5.3788], [-53.5298, 5.3785], [-53.5313, 5.3782], [-53.5321, 5.3771], [-53.5321, 5.3757], [-53.5322, 5.3743], [-53.5318, 5.3734], [-53.5327, 5.3716], [-53.5334, 5.3706], [-53.5326, 5.369], [-53.5317, 5.3675], [-53.5311, 5.3666], [-53.5306, 5.3657], [-53.5304, 5.3644], [-53.5304, 5.363], [-53.5305, 5.362], [-53.5308, 5.3609], [-53.5304, 5.36], [-53.5295, 5.3595], [-53.5291, 5.3586], [-53.5301, 5.3574], [-53.5292, 5.3561], [-53.5281, 5.3552], [-53.5274, 5.3542], [-53.5278, 5.3531], [-53.5285, 5.3523], [-53.5283, 5.3513], [-53.5268, 5.3496], [-53.5263, 5.3482], [-53.5264, 5.347], [-53.528, 5.3465], [-53.529, 5.3463], [-53.53, 5.346], [-53.5309, 5.3462], [-53.5307, 5.3448], [-53.53, 5.3435], [-53.5299, 5.3414], [-53.5293, 5.3391], [-53.5287, 5.3382], [-53.5268, 5.3379], [-53.5258, 5.3375], [-53.5257, 5.3363], [-53.5256, 5.3354], [-53.5255, 5.3345], [-53.5253, 5.3333], [-53.5237, 5.3319], [-53.5235, 5.3306], [-53.5253, 5.3291], [-53.5252, 5.3273], [-53.5249, 5.3261], [-53.525, 5.3242], [-53.525, 5.3233], [-53.5244, 5.3216], [-53.5243, 5.3207], [-53.5244, 5.3198], [-53.5256, 5.3195], [-53.5265, 5.3193], [-53.527, 5.3182], [-53.5269, 5.317], [-53.5267, 5.3161], [-53.5267, 5.3151], [-53.5274, 5.3141], [-53.5286, 5.3141], [-53.5296, 5.3148], [-53.5307, 5.3151], [-53.5316, 5.3141], [-53.5315, 5.3132], [-53.5307, 5.3122], [-53.5304, 5.311], [-53.5299, 5.3099], [-53.5291, 5.3087], [-53.5294, 5.3076], [-53.5307, 5.3064], [-53.5313, 5.3049], [-53.5312, 5.3036], [-53.5312, 5.3026], [-53.5312, 5.3013], [-53.5304, 5.2999], [-53.5308, 5.2983], [-53.5315, 5.2973], [-53.5321, 5.296], [-53.5327, 5.2946], [-53.5334, 5.2936], [-53.5327, 5.2924], [-53.5327, 5.2913], [-53.5317, 5.2904], [-53.5308, 5.2892], [-53.5312, 5.2882], [-53.5317, 5.2873], [-53.5323, 5.2864], [-53.5334, 5.2853], [-53.5335, 5.284], [-53.534, 5.283], [-53.5348, 5.282], [-53.5349, 5.2807], [-53.5337, 5.2788], [-53.5328, 5.2776], [-53.5322, 5.2758], [-53.5312, 5.2743], [-53.5299, 5.2739], [-53.529, 5.2731], [-53.5289, 5.2722], [-53.5291, 5.271], [-53.5297, 5.2695], [-53.5305, 5.2683], [-53.5309, 5.2671], [-53.5298, 5.2663], [-53.5285, 5.266], [-53.5273, 5.2663], [-53.5259, 5.2662], [-53.5247, 5.2666], [-53.5238, 5.2673], [-53.5238, 5.2663], [-53.524, 5.2651], [-53.5224, 5.264], [-53.5214, 5.2637], [-53.5202, 5.263], [-53.5201, 5.2616], [-53.5202, 5.2607], [-53.5194, 5.2605], [-53.5185, 5.2599], [-53.5191, 5.2582], [-53.52, 5.2569], [-53.5178, 5.255], [-53.5169, 5.2547], [-53.5156, 5.2539], [-53.5147, 5.2528], [-53.5135, 5.2515], [-53.5121, 5.2513], [-53.5106, 5.2514], [-53.5095, 5.2514], [-53.5087, 5.2514], [-53.5071, 5.2514], [-53.5076, 5.2493], [-53.5088, 5.2487], [-53.5095, 5.2475], [-53.5101, 5.2458], [-53.5101, 5.2449], [-53.51, 5.244], [-53.5102, 5.2431], [-53.5112, 5.2416], [-53.5118, 5.2402], [-53.5121, 5.2392], [-53.5124, 5.2378], [-53.5123, 5.2364], [-53.5123, 5.2346], [-53.5118, 5.2338], [-53.5109, 5.2332], [-53.5102, 5.232], [-53.5114, 5.2307], [-53.5128, 5.2289], [-53.5137, 5.2287], [-53.5148, 5.2285], [-53.5155, 5.2277], [-53.5158, 5.2267], [-53.5161, 5.2252], [-53.5165, 5.2241], [-53.5166, 5.2232], [-53.5162, 5.2217], [-53.5162, 5.2202], [-53.5164, 5.2192], [-53.5171, 5.2182], [-53.5187, 5.2178], [-53.5196, 5.217], [-53.5203, 5.2157], [-53.5207, 5.214], [-53.521, 5.2131], [-53.5212, 5.2116], [-53.5219, 5.2106], [-53.5228, 5.2105], [-53.5237, 5.2106], [-53.5248, 5.2106], [-53.5258, 5.2098], [-53.5268, 5.209], [-53.5278, 5.2083], [-53.5289, 5.2083], [-53.5301, 5.2091], [-53.5311, 5.2094], [-53.5322, 5.2089], [-53.5333, 5.2079], [-53.5343, 5.2073], [-53.5346, 5.2063], [-53.5337, 5.2058], [-53.5329, 5.2057], [-53.5336, 5.2046], [-53.5346, 5.204], [-53.535, 5.2031], [-53.535, 5.2018], [-53.535, 5.201], [-53.5347, 5.2001], [-53.5341, 5.199], [-53.5339, 5.198], [-53.5343, 5.1971], [-53.5354, 5.1961], [-53.5363, 5.1958], [-53.5368, 5.1947], [-53.5368, 5.1938], [-53.5374, 5.1927], [-53.5378, 5.1913], [-53.537, 5.1903], [-53.5365, 5.1891], [-53.5357, 5.1881], [-53.5348, 5.1879], [-53.534, 5.187], [-53.5331, 5.1867], [-53.5322, 5.1857], [-53.5307, 5.1836], [-53.5297, 5.1827], [-53.5287, 5.1821], [-53.5276, 5.1815], [-53.5263, 5.181], [-53.5253, 5.1811], [-53.5243, 5.1815], [-53.5234, 5.1813], [-53.5223, 5.1802], [-53.5218, 5.179], [-53.5222, 5.178], [-53.5235, 5.1766], [-53.5251, 5.1757], [-53.5258, 5.1746], [-53.526, 5.1736], [-53.5263, 5.1724], [-53.5266, 5.1713], [-53.527, 5.1699], [-53.5272, 5.1687], [-53.5273, 5.1673], [-53.5271, 5.1662], [-53.5268, 5.164], [-53.5272, 5.1628], [-53.5273, 5.1614], [-53.5273, 5.1598], [-53.5281, 5.1592], [-53.5294, 5.1586], [-53.5303, 5.1578], [-53.5314, 5.1563], [-53.5323, 5.1554], [-53.5335, 5.1544], [-53.5346, 5.1538], [-53.5349, 5.1526], [-53.5335, 5.1507], [-53.5333, 5.1498], [-53.5332, 5.1484], [-53.5334, 5.1475], [-53.5333, 5.146], [-53.5329, 5.145], [-53.532, 5.1446], [-53.5314, 5.1435], [-53.5313, 5.1426], [-53.5303, 5.142], [-53.5294, 5.142], [-53.5284, 5.1417], [-53.5275, 5.1417], [-53.5266, 5.1426], [-53.5257, 5.1426], [-53.5249, 5.1417], [-53.5244, 5.1404], [-53.5235, 5.1404], [-53.5214, 5.1424], [-53.52, 5.1431], [-53.519, 5.1432], [-53.5187, 5.1421], [-53.5187, 5.1408], [-53.519, 5.1398], [-53.5187, 5.1384], [-53.5186, 5.1374], [-53.5198, 5.1369], [-53.5201, 5.1358], [-53.5202, 5.1349], [-53.5191, 5.1339], [-53.518, 5.1338], [-53.5171, 5.1332], [-53.5158, 5.134], [-53.515, 5.135], [-53.5145, 5.1363], [-53.5136, 5.1376], [-53.5126, 5.1377], [-53.5119, 5.1364], [-53.5109, 5.1361], [-53.5095, 5.137], [-53.5086, 5.1369], [-53.5077, 5.136], [-53.5067, 5.1353], [-53.5064, 5.1343], [-53.5068, 5.1333], [-53.5067, 5.1324], [-53.5063, 5.1314], [-53.5061, 5.1304], [-53.5061, 5.1289], [-53.506, 5.1279], [-53.5051, 5.1268], [-53.5042, 5.1262], [-53.5036, 5.1245], [-53.5036, 5.1229], [-53.504, 5.1206], [-53.5046, 5.1191], [-53.5052, 5.1182], [-53.5062, 5.1177], [-53.5065, 5.116], [-53.5074, 5.1147], [-53.508, 5.1136], [-53.5079, 5.1127], [-53.5075, 5.1113], [-53.5076, 5.1101], [-53.5088, 5.1083], [-53.5093, 5.1074], [-53.5093, 5.1063], [-53.5096, 5.1051], [-53.5094, 5.1042], [-53.5084, 5.1043], [-53.5074, 5.1048], [-53.5062, 5.1047], [-53.5052, 5.1044], [-53.505, 5.1033], [-53.5066, 5.1021], [-53.5074, 5.1006], [-53.5073, 5.0986], [-53.5072, 5.0974], [-53.5074, 5.0965], [-53.5079, 5.0948], [-53.508, 5.0936], [-53.5083, 5.0922], [-53.5093, 5.0909], [-53.5102, 5.0901], [-53.5113, 5.0898], [-53.5124, 5.0893], [-53.5131, 5.0883], [-53.514, 5.0872], [-53.5152, 5.0868], [-53.5161, 5.0858], [-53.5172, 5.0855], [-53.5176, 5.0866], [-53.5178, 5.0875], [-53.5187, 5.0871], [-53.5189, 5.0862], [-53.5194, 5.0847], [-53.5194, 5.0838], [-53.5195, 5.0828], [-53.5203, 5.0814], [-53.5207, 5.0806], [-53.5209, 5.0792], [-53.5209, 5.078], [-53.522, 5.077], [-53.523, 5.0766], [-53.523, 5.0757], [-53.5222, 5.0746], [-53.5232, 5.0735], [-53.5241, 5.0733], [-53.5248, 5.0724], [-53.5239, 5.0707], [-53.5236, 5.0698], [-53.5235, 5.0688], [-53.5237, 5.0677], [-53.5237, 5.0668], [-53.5229, 5.0656], [-53.5219, 5.0647], [-53.5217, 5.0634], [-53.5212, 5.0623], [-53.5219, 5.0609], [-53.5226, 5.0599], [-53.5238, 5.0595], [-53.5247, 5.059], [-53.5258, 5.0576], [-53.5262, 5.0566], [-53.5272, 5.0559], [-53.5283, 5.0568], [-53.5292, 5.0581], [-53.53, 5.0591], [-53.5312, 5.0587], [-53.5317, 5.0576], [-53.5315, 5.0562], [-53.5312, 5.0551], [-53.5309, 5.0537], [-53.531, 5.0528], [-53.5311, 5.0512], [-53.5307, 5.0501], [-53.5296, 5.0495], [-53.5287, 5.0493], [-53.5273, 5.0505], [-53.5262, 5.0511], [-53.5252, 5.0515], [-53.524, 5.0517], [-53.5231, 5.0513], [-53.5221, 5.0496], [-53.5213, 5.0487], [-53.5204, 5.049], [-53.5196, 5.05], [-53.5186, 5.0502], [-53.518, 5.0491], [-53.5185, 5.048], [-53.5187, 5.0469], [-53.5178, 5.0463], [-53.5165, 5.0472], [-53.5158, 5.0484], [-53.5147, 5.0497], [-53.5139, 5.0509], [-53.5144, 5.052], [-53.5141, 5.0531], [-53.5131, 5.0537], [-53.511, 5.0536], [-53.5102, 5.0529], [-53.5097, 5.0517], [-53.5089, 5.051], [-53.5078, 5.0513], [-53.5066, 5.0525], [-53.5058, 5.0534], [-53.5046, 5.0545], [-53.5048, 5.0572], [-53.5045, 5.0582], [-53.5032, 5.0596], [-53.5029, 5.0605], [-53.5034, 5.0616], [-53.5042, 5.0625], [-53.5044, 5.0641], [-53.5033, 5.0647], [-53.5024, 5.0642], [-53.5014, 5.0631], [-53.5005, 5.0618], [-53.5, 5.0609], [-53.4989, 5.0602], [-53.498, 5.0607], [-53.4963, 5.0623], [-53.4908, 5.0591], [-53.4886, 5.0579], [-53.4856, 5.0562], [-53.4848, 5.0544], [-53.4847, 5.0533], [-53.4855, 5.0513], [-53.487, 5.0489], [-53.4871, 5.048], [-53.4859, 5.0435], [-53.4854, 5.0411], [-53.4842, 5.0362], [-53.4839, 5.035], [-53.4837, 5.034], [-53.4833, 5.0325], [-53.4842, 5.0304], [-53.4824, 5.0287], [-53.4802, 5.0275], [-53.4784, 5.0266], [-53.4743, 5.0244], [-53.4732, 5.0236], [-53.4749, 5.015], [-53.4735, 5.0135], [-53.4688, 5.0087], [-53.4674, 5.0086], [-53.4664, 5.0085], [-53.4653, 5.0085], [-53.4644, 5.0085], [-53.4633, 5.0084], [-53.4624, 5.0084], [-53.4613, 5.0083], [-53.4602, 5.0083], [-53.4584, 5.0082], [-53.4572, 5.0081], [-53.4561, 5.0081], [-53.455, 5.0081], [-53.4541, 5.0081], [-53.4524, 5.008], [-53.4509, 5.0079], [-53.4495, 5.0079], [-53.4482, 5.0078], [-53.4472, 5.0078], [-53.4461, 5.0078], [-53.4452, 5.0077], [-53.4417, 5.007], [-53.4401, 5.0066], [-53.4368, 5.0059], [-53.4362, 5.0045], [-53.4367, 5.003], [-53.4376, 5.0021], [-53.4387, 5.0011], [-53.4389, 4.9998], [-53.4379, 4.9988], [-53.4375, 4.9978], [-53.4379, 4.9967], [-53.4386, 4.9955], [-53.4389, 4.9946], [-53.4389, 4.9936], [-53.4385, 4.9923], [-53.4383, 4.9908], [-53.4387, 4.9896], [-53.4398, 4.9887], [-53.4408, 4.9883], [-53.4408, 4.987], [-53.4394, 4.9864], [-53.4385, 4.9864], [-53.4372, 4.9858], [-53.4359, 4.9853], [-53.4346, 4.9858], [-53.433, 4.9865], [-53.4321, 4.9864], [-53.4306, 4.9849], [-53.4302, 4.984], [-53.4305, 4.9825], [-53.4297, 4.9816], [-53.4287, 4.9807], [-53.4288, 4.979], [-53.4293, 4.9775], [-53.4296, 4.9765], [-53.4297, 4.9756], [-53.4302, 4.9739], [-53.4321, 4.9726], [-53.433, 4.9718], [-53.4333, 4.9708], [-53.4336, 4.9699], [-53.4337, 4.9689], [-53.434, 4.9679], [-53.4347, 4.9669], [-53.435, 4.9659], [-53.4354, 4.9651], [-53.4364, 4.9647], [-53.4373, 4.9632], [-53.4368, 4.9618], [-53.4356, 4.9607], [-53.4347, 4.9607], [-53.4342, 4.9596], [-53.4341, 4.9582], [-53.4344, 4.9568], [-53.4353, 4.9558], [-53.4362, 4.9557], [-53.4371, 4.9559], [-53.4378, 4.9546], [-53.4379, 4.9524], [-53.4378, 4.9513], [-53.4375, 4.9492], [-53.4374, 4.9478], [-53.4376, 4.9466], [-53.4386, 4.9453], [-53.4401, 4.9443], [-53.4416, 4.943], [-53.4429, 4.9414], [-53.4435, 4.9405], [-53.4443, 4.9392], [-53.4452, 4.9386], [-53.4469, 4.9373], [-53.4478, 4.9356], [-53.448, 4.9347], [-53.4486, 4.9333], [-53.4491, 4.9319], [-53.4501, 4.9307], [-53.4514, 4.9295], [-53.4512, 4.9276], [-53.4519, 4.9255], [-53.4524, 4.9244], [-53.4511, 4.9241], [-53.4497, 4.9255], [-53.4486, 4.9268], [-53.4476, 4.9273], [-53.4465, 4.9274], [-53.4455, 4.9273], [-53.4444, 4.9273], [-53.4432, 4.9271], [-53.442, 4.9273], [-53.4405, 4.9278], [-53.438, 4.9278], [-53.4371, 4.9283], [-53.4362, 4.9288], [-53.4354, 4.9297], [-53.4341, 4.9299], [-53.4324, 4.9304], [-53.4318, 4.9313], [-53.4321, 4.9323], [-53.4318, 4.9333], [-53.431, 4.9337], [-53.43, 4.9339], [-53.4285, 4.9339], [-53.4271, 4.9336], [-53.4262, 4.9331], [-53.425, 4.9327], [-53.424, 4.933], [-53.4231, 4.9336], [-53.4221, 4.9339], [-53.4208, 4.934], [-53.4197, 4.9341], [-53.4188, 4.9348], [-53.4173, 4.9361], [-53.4164, 4.9367], [-53.4146, 4.9379], [-53.4134, 4.9384], [-53.4122, 4.9384], [-53.4106, 4.938], [-53.4094, 4.9378], [-53.4081, 4.9365], [-53.4066, 4.9351], [-53.4054, 4.9346], [-53.4037, 4.9344], [-53.4028, 4.9341], [-53.4015, 4.9331], [-53.4002, 4.9325], [-53.3973, 4.9312], [-53.3961, 4.9308], [-53.3951, 4.9305], [-53.3938, 4.9299], [-53.3927, 4.9293], [-53.3918, 4.9289], [-53.3907, 4.9284], [-53.3895, 4.9278], [-53.3886, 4.9274], [-53.3876, 4.9271], [-53.3864, 4.927], [-53.3839, 4.9252], [-53.3827, 4.9248], [-53.3816, 4.9253], [-53.3793, 4.9248], [-53.3783, 4.9246], [-53.3774, 4.9249], [-53.3763, 4.9253], [-53.3752, 4.9233], [-53.3746, 4.9224], [-53.3731, 4.9209], [-53.3722, 4.9203], [-53.3712, 4.9199], [-53.3704, 4.9195], [-53.3692, 4.9188], [-53.3682, 4.918], [-53.3667, 4.9171], [-53.3652, 4.916], [-53.3641, 4.915], [-53.3625, 4.9139], [-53.3616, 4.9135], [-53.3605, 4.9132], [-53.3594, 4.9128], [-53.3578, 4.912], [-53.3566, 4.9115], [-53.3551, 4.9109], [-53.3539, 4.9109], [-53.353, 4.9103], [-53.3524, 4.9094], [-53.3502, 4.9082], [-53.3491, 4.9076], [-53.3476, 4.907], [-53.3469, 4.9056], [-53.3469, 4.9047], [-53.3465, 4.9032], [-53.3462, 4.9022], [-53.3461, 4.9011], [-53.346, 4.8991], [-53.3463, 4.8977], [-53.3477, 4.8964], [-53.3492, 4.8958], [-53.3501, 4.8957], [-53.3509, 4.8953], [-53.3521, 4.8953], [-53.353, 4.8953], [-53.354, 4.8951], [-53.3549, 4.8941], [-53.3549, 4.8928], [-53.3554, 4.8912], [-53.3564, 4.8902], [-53.3577, 4.8892], [-53.3587, 4.8882], [-53.3591, 4.8871], [-53.3592, 4.8861], [-53.3602, 4.8848], [-53.3607, 4.8835], [-53.3612, 4.8825], [-53.3615, 4.8815], [-53.3611, 4.8806], [-53.36, 4.88], [-53.3591, 4.8798], [-53.3582, 4.879], [-53.3571, 4.8775], [-53.3565, 4.8766], [-53.3555, 4.8752], [-53.355, 4.8742], [-53.3549, 4.8733], [-53.355, 4.8723], [-53.3553, 4.8714], [-53.3556, 4.8702], [-53.3562, 4.8685], [-53.3567, 4.8676], [-53.3576, 4.8668], [-53.3595, 4.8662], [-53.3603, 4.8658], [-53.3611, 4.8644], [-53.3614, 4.8625], [-53.3618, 4.8615], [-53.3626, 4.8603], [-53.3638, 4.8592], [-53.3647, 4.8584], [-53.3658, 4.8575], [-53.3669, 4.8568], [-53.3678, 4.8558], [-53.3693, 4.8545], [-53.371, 4.8535], [-53.372, 4.853], [-53.3736, 4.8525], [-53.3746, 4.852], [-53.3756, 4.8513], [-53.3766, 4.8512], [-53.3773, 4.8524], [-53.3775, 4.8534], [-53.3783, 4.8539], [-53.3796, 4.8527], [-53.3803, 4.8517], [-53.3811, 4.8503], [-53.3816, 4.8486], [-53.3811, 4.8473], [-53.3809, 4.8462], [-53.3813, 4.8449], [-53.3816, 4.844], [-53.3816, 4.8431], [-53.3824, 4.8417], [-53.383, 4.8408], [-53.3835, 4.8397], [-53.3839, 4.8383], [-53.3842, 4.8371], [-53.3848, 4.8358], [-53.3856, 4.8341], [-53.3858, 4.8325], [-53.3858, 4.8314], [-53.386, 4.8303], [-53.3872, 4.829], [-53.3886, 4.8283], [-53.3894, 4.8278], [-53.3906, 4.827], [-53.3919, 4.826], [-53.3933, 4.8251], [-53.3946, 4.8244], [-53.3959, 4.824], [-53.3969, 4.8238], [-53.3978, 4.8236], [-53.3989, 4.8237], [-53.4001, 4.8237], [-53.401, 4.8236], [-53.4025, 4.8236], [-53.4037, 4.8235], [-53.4053, 4.8232], [-53.4072, 4.8223], [-53.4085, 4.8214], [-53.4093, 4.8204], [-53.4093, 4.8195], [-53.4085, 4.8186], [-53.4071, 4.818], [-53.4066, 4.8171], [-53.4071, 4.8158], [-53.4073, 4.8145], [-53.4071, 4.8133], [-53.4067, 4.8123], [-53.4082, 4.8122], [-53.41, 4.8123], [-53.411, 4.812], [-53.4121, 4.8107], [-53.4137, 4.8089], [-53.4145, 4.8081], [-53.416, 4.8076], [-53.4178, 4.8075], [-53.4179, 4.8066], [-53.4168, 4.8061], [-53.4155, 4.8052], [-53.4145, 4.8048], [-53.4129, 4.8043], [-53.4118, 4.8038], [-53.4107, 4.8033], [-53.4098, 4.8027], [-53.409, 4.8017], [-53.4074, 4.8003], [-53.406, 4.7995], [-53.4046, 4.7984], [-53.4032, 4.7976], [-53.4021, 4.7971], [-53.4011, 4.7959], [-53.4005, 4.795], [-53.3999, 4.7939], [-53.3991, 4.7925], [-53.3986, 4.791], [-53.3985, 4.7893], [-53.3988, 4.7884], [-53.3991, 4.787], [-53.3992, 4.7857], [-53.3983, 4.785], [-53.3982, 4.7833], [-53.3989, 4.782], [-53.3988, 4.7809], [-53.3973, 4.7797], [-53.3964, 4.7795], [-53.3946, 4.7787], [-53.3935, 4.7782], [-53.392, 4.7777], [-53.391, 4.7772], [-53.3901, 4.7761], [-53.3899, 4.7752], [-53.3907, 4.7747], [-53.3921, 4.7746], [-53.3931, 4.7744], [-53.3949, 4.7741], [-53.3958, 4.7735], [-53.3968, 4.7728], [-53.3981, 4.7718], [-53.3991, 4.771], [-53.4001, 4.7706], [-53.4014, 4.7703], [-53.4027, 4.7701], [-53.4039, 4.7699], [-53.4048, 4.7694], [-53.4058, 4.7689], [-53.4068, 4.7682], [-53.4074, 4.7673], [-53.4083, 4.7661], [-53.4096, 4.7658], [-53.4114, 4.7652], [-53.4123, 4.7649], [-53.4134, 4.7648], [-53.4156, 4.7637], [-53.4166, 4.7633], [-53.4176, 4.763], [-53.418, 4.762], [-53.4175, 4.7602], [-53.4174, 4.7591], [-53.4174, 4.7575], [-53.4166, 4.7565], [-53.4154, 4.7554], [-53.4151, 4.7541], [-53.4152, 4.753], [-53.4156, 4.7518], [-53.4181, 4.7484], [-53.419, 4.7469], [-53.42, 4.7456], [-53.4214, 4.745], [-53.4223, 4.745], [-53.4235, 4.7449], [-53.4244, 4.7447], [-53.4261, 4.7438], [-53.4276, 4.7425], [-53.4285, 4.7422], [-53.43, 4.7426], [-53.4311, 4.7426], [-53.4321, 4.7425], [-53.4329, 4.7416], [-53.433, 4.7398], [-53.4329, 4.7385], [-53.4326, 4.7375], [-53.432, 4.7359], [-53.4316, 4.7348], [-53.4303, 4.7323], [-53.4296, 4.7309], [-53.4291, 4.7295], [-53.4289, 4.7285], [-53.4288, 4.7274], [-53.4288, 4.7265], [-53.4289, 4.7251], [-53.4291, 4.7237], [-53.4289, 4.7226], [-53.4278, 4.7202], [-53.4268, 4.7196], [-53.4244, 4.7189], [-53.4234, 4.718], [-53.4236, 4.7169], [-53.4244, 4.7159], [-53.4258, 4.7143], [-53.4266, 4.7133], [-53.4274, 4.7111], [-53.4279, 4.71], [-53.4297, 4.7086], [-53.4305, 4.707], [-53.4306, 4.7058], [-53.4299, 4.704], [-53.4295, 4.7028], [-53.4298, 4.7011], [-53.4306, 4.7001], [-53.4318, 4.6991], [-53.4319, 4.6979], [-53.4312, 4.6968], [-53.4301, 4.6962], [-53.4292, 4.6956], [-53.4277, 4.6946], [-53.4266, 4.6941], [-53.4255, 4.6925], [-53.4236, 4.6912], [-53.4215, 4.6896], [-53.4207, 4.6891], [-53.419, 4.6891], [-53.4177, 4.6897], [-53.4167, 4.6896], [-53.4153, 4.6894], [-53.4141, 4.6901], [-53.4132, 4.6901], [-53.4121, 4.6895], [-53.4112, 4.6897], [-53.4103, 4.6898], [-53.4086, 4.6896], [-53.4074, 4.6889], [-53.407, 4.6879], [-53.4077, 4.6855], [-53.4077, 4.6844], [-53.4077, 4.683], [-53.4079, 4.6817], [-53.4083, 4.6805], [-53.4084, 4.6795], [-53.4088, 4.6783], [-53.4094, 4.6773], [-53.4099, 4.6763], [-53.4105, 4.6753], [-53.4109, 4.6737], [-53.4107, 4.6725], [-53.4108, 4.6713], [-53.4109, 4.6702], [-53.4109, 4.6689], [-53.4107, 4.6676], [-53.4105, 4.6663], [-53.4104, 4.6652], [-53.411, 4.664], [-53.4121, 4.663], [-53.4129, 4.6618], [-53.4132, 4.6606], [-53.4132, 4.6592], [-53.4133, 4.6583], [-53.4135, 4.6572], [-53.4138, 4.656], [-53.414, 4.655], [-53.4142, 4.6536], [-53.4139, 4.6526], [-53.4134, 4.6517], [-53.4131, 4.6504], [-53.413, 4.6494], [-53.4126, 4.648], [-53.4125, 4.6471], [-53.4125, 4.6461], [-53.412, 4.6452], [-53.4112, 4.644], [-53.4104, 4.6428], [-53.4096, 4.6421], [-53.4086, 4.6411], [-53.4079, 4.6398], [-53.4071, 4.6388], [-53.4062, 4.6378], [-53.4048, 4.6372], [-53.403, 4.6366], [-53.402, 4.6363], [-53.4012, 4.6354], [-53.4009, 4.6345], [-53.4, 4.6332], [-53.3998, 4.6324], [-53.3999, 4.6309], [-53.3998, 4.6291], [-53.3994, 4.6282], [-53.3984, 4.6282], [-53.3975, 4.6287], [-53.3959, 4.6283], [-53.3944, 4.6271], [-53.3929, 4.6258], [-53.392, 4.6253], [-53.3908, 4.625], [-53.3899, 4.6251], [-53.389, 4.6256], [-53.3881, 4.6261], [-53.3871, 4.6266], [-53.3856, 4.6272], [-53.3845, 4.6278], [-53.3829, 4.6286], [-53.3817, 4.6289], [-53.3808, 4.6284], [-53.381, 4.6273], [-53.3822, 4.6262], [-53.383, 4.6251], [-53.3835, 4.623], [-53.3837, 4.6218], [-53.3841, 4.6204], [-53.3842, 4.6193], [-53.3831, 4.6182], [-53.3826, 4.6173], [-53.3816, 4.6163], [-53.3803, 4.6154], [-53.3788, 4.6129], [-53.3782, 4.6118], [-53.3771, 4.6107], [-53.3759, 4.6099], [-53.3749, 4.6092], [-53.3738, 4.6086], [-53.3729, 4.6082], [-53.3697, 4.6066], [-53.3686, 4.606], [-53.3675, 4.6054], [-53.366, 4.6045], [-53.3647, 4.6039], [-53.3638, 4.6033], [-53.3628, 4.6026], [-53.3619, 4.6017], [-53.3611, 4.6003], [-53.3606, 4.5994], [-53.3602, 4.5984], [-53.3594, 4.597], [-53.3587, 4.596], [-53.3579, 4.595], [-53.357, 4.5941], [-53.3563, 4.5931], [-53.3551, 4.592], [-53.3541, 4.5911], [-53.3529, 4.5897], [-53.3525, 4.5887], [-53.3518, 4.5878], [-53.3507, 4.5876], [-53.3497, 4.5875], [-53.3488, 4.5869], [-53.3484, 4.586], [-53.347, 4.5846], [-53.3461, 4.5837], [-53.3456, 4.5825], [-53.3443, 4.5816], [-53.3429, 4.581], [-53.3411, 4.5805], [-53.3384, 4.581], [-53.3375, 4.5812], [-53.3366, 4.5813], [-53.3357, 4.5814], [-53.3347, 4.5814], [-53.3338, 4.5815], [-53.3329, 4.5816], [-53.332, 4.5816], [-53.331, 4.5816], [-53.33, 4.5818], [-53.3288, 4.582], [-53.3277, 4.5826], [-53.3265, 4.5833], [-53.3257, 4.5838], [-53.3247, 4.5841], [-53.3236, 4.584], [-53.3226, 4.5833], [-53.3213, 4.5821], [-53.3199, 4.5802], [-53.3186, 4.5788], [-53.3178, 4.5777], [-53.317, 4.5768], [-53.3164, 4.5757], [-53.3161, 4.5745], [-53.3166, 4.5732], [-53.3169, 4.5721], [-53.3157, 4.5712], [-53.3144, 4.5703], [-53.3139, 4.5693], [-53.3137, 4.5679], [-53.3134, 4.5667], [-53.3129, 4.5656], [-53.3123, 4.5645], [-53.3118, 4.563], [-53.3118, 4.5619], [-53.3116, 4.5608], [-53.3117, 4.5598], [-53.3113, 4.5589], [-53.3103, 4.5585], [-53.3097, 4.5576], [-53.3086, 4.5567], [-53.3076, 4.5564], [-53.3065, 4.5562], [-53.3048, 4.5557], [-53.3032, 4.5557], [-53.302, 4.5555], [-53.3009, 4.5546], [-53.3006, 4.5537], [-53.3007, 4.5519], [-53.3011, 4.5508], [-53.3022, 4.5494], [-53.304, 4.5483], [-53.3045, 4.5469], [-53.304, 4.546], [-53.303, 4.5445], [-53.3025, 4.5436], [-53.3021, 4.5424], [-53.302, 4.5411], [-53.3018, 4.5401], [-53.3024, 4.539], [-53.3028, 4.5379], [-53.3029, 4.537], [-53.3036, 4.536], [-53.3045, 4.535], [-53.3058, 4.5331], [-53.3064, 4.5322], [-53.3078, 4.5308], [-53.3086, 4.5299], [-53.3096, 4.5291], [-53.31, 4.5277], [-53.3104, 4.5268], [-53.3116, 4.5259], [-53.3128, 4.526], [-53.3142, 4.5258], [-53.315, 4.5245], [-53.315, 4.5225], [-53.3154, 4.5213], [-53.3159, 4.5202], [-53.316, 4.5188], [-53.3158, 4.5175], [-53.3147, 4.5164], [-53.3136, 4.5152], [-53.3128, 4.5142], [-53.3122, 4.5131], [-53.3112, 4.5113], [-53.3107, 4.5099], [-53.3106, 4.5081], [-53.3108, 4.5071], [-53.3114, 4.5062], [-53.3121, 4.5049], [-53.3126, 4.504], [-53.3124, 4.5025], [-53.3125, 4.5014], [-53.3143, 4.4997], [-53.3163, 4.4856], [-53.3157, 4.4772], [-53.313, 4.4712], [-53.3297, 4.4415], [-53.3406, 4.4414], [-53.3434, 4.4204], [-53.3466, 4.3981], [-53.3435, 4.3846], [-53.3468, 4.3705], [-53.3514, 4.3606], [-53.3563, 4.3538], [-53.3572, 4.3528], [-53.3595, 4.35], [-53.3603, 4.3495], [-53.3617, 4.3478], [-53.3628, 4.3461], [-53.3634, 4.3447], [-53.3634, 4.3425], [-53.3678, 4.3381], [-53.3678, 4.337], [-53.3681, 4.3353], [-53.3695, 4.3339], [-53.3709, 4.3336], [-53.372, 4.3334], [-53.3728, 4.3325], [-53.3728, 4.3306], [-53.3761, 4.327], [-53.3772, 4.3256], [-53.3778, 4.3247], [-53.3789, 4.3231], [-53.3792, 4.3222], [-53.3814, 4.3197], [-53.3825, 4.3186], [-53.3856, 4.315], [-53.3892, 4.312], [-53.3897, 4.3111], [-53.3895, 4.3095], [-53.3892, 4.3086], [-53.3903, 4.3075], [-53.392, 4.3072], [-53.3947, 4.3067], [-53.4022, 4.307], [-53.4034, 4.3061], [-53.4042, 4.3059], [-53.4053, 4.305], [-53.4067, 4.3042], [-53.4097, 4.3042], [-53.4111, 4.3031], [-53.4125, 4.3028], [-53.4136, 4.302], [-53.417, 4.3017], [-53.4186, 4.3], [-53.4209, 4.3], [-53.4222, 4.2995], [-53.4231, 4.2992], [-53.4325, 4.2989], [-53.435, 4.3014], [-53.4361, 4.3014], [-53.4381, 4.3017], [-53.4392, 4.302], [-53.44, 4.3028], [-53.4417, 4.3028], [-53.4428, 4.3039], [-53.4436, 4.305], [-53.4459, 4.3053], [-53.4472, 4.305], [-53.4475, 4.3061], [-53.4477, 4.307], [-53.4487, 4.3073], [-53.4496, 4.307], [-53.4504, 4.3062], [-53.4515, 4.3064], [-53.4525, 4.3055], [-53.4539, 4.3052], [-53.4552, 4.3051], [-53.4559, 4.3042], [-53.4567, 4.3028], [-53.4577, 4.3024], [-53.4589, 4.3019], [-53.4598, 4.3016], [-53.4609, 4.3006], [-53.4618, 4.2998], [-53.4628, 4.2999], [-53.4637, 4.2999], [-53.4646, 4.2992], [-53.4655, 4.2995], [-53.4667, 4.2996], [-53.4678, 4.2989], [-53.4687, 4.2991], [-53.4696, 4.2981], [-53.4705, 4.298], [-53.4714, 4.2979], [-53.4729, 4.2979], [-53.4738, 4.2974], [-53.4749, 4.2977], [-53.4758, 4.2977], [-53.4763, 4.2966], [-53.4774, 4.2953], [-53.4784, 4.2946], [-53.4801, 4.2943], [-53.4807, 4.2953], [-53.4807, 4.2964], [-53.4818, 4.2967], [-53.4827, 4.297], [-53.4838, 4.2979], [-53.4834, 4.2989], [-53.4842, 4.2999], [-53.4851, 4.2998], [-53.486, 4.2987], [-53.4869, 4.2983], [-53.4875, 4.2992], [-53.4883, 4.2993], [-53.4883, 4.3002], [-53.4881, 4.3014], [-53.4891, 4.3022], [-53.4902, 4.3025], [-53.4905, 4.3016], [-53.4918, 4.3017], [-53.4927, 4.3024], [-53.4936, 4.3026], [-53.4944, 4.3037], [-53.4955, 4.3037], [-53.4965, 4.304], [-53.4968, 4.3049], [-53.498, 4.3049], [-53.4989, 4.3052], [-53.4998, 4.3055], [-53.5009, 4.3057], [-53.5022, 4.3062], [-53.5029, 4.307], [-53.5033, 4.3062], [-53.5043, 4.306], [-53.5053, 4.3051], [-53.5062, 4.3039], [-53.5071, 4.3033], [-53.508, 4.3028], [-53.5092, 4.3019], [-53.5102, 4.301], [-53.5107, 4.2999], [-53.5111, 4.2986], [-53.5117, 4.2977], [-53.5126, 4.2971], [-53.5136, 4.2975], [-53.5142, 4.2984], [-53.5151, 4.2973], [-53.516, 4.2974], [-53.5169, 4.2982], [-53.5178, 4.2972], [-53.5187, 4.297], [-53.5198, 4.2973], [-53.5207, 4.2972], [-53.5215, 4.2969], [-53.5226, 4.2962], [-53.5234, 4.2957], [-53.5243, 4.2952], [-53.5251, 4.2945], [-53.526, 4.2943], [-53.527, 4.2947], [-53.5282, 4.2958], [-53.5294, 4.2959], [-53.5305, 4.2956], [-53.5314, 4.2963], [-53.5319, 4.2973], [-53.5327, 4.2984], [-53.5339, 4.2983], [-53.5351, 4.298], [-53.5363, 4.2984], [-53.5364, 4.2993], [-53.5367, 4.3003], [-53.5376, 4.3006], [-53.5378, 4.3016], [-53.5388, 4.3018], [-53.5401, 4.3024], [-53.5413, 4.3019], [-53.5415, 4.3029], [-53.5424, 4.3037], [-53.5434, 4.3042], [-53.5443, 4.304], [-53.5456, 4.3043], [-53.5471, 4.3047], [-53.5477, 4.3038], [-53.5483, 4.3027], [-53.5492, 4.3023], [-53.549, 4.3014], [-53.549, 4.3005], [-53.5492, 4.2997], [-53.5506, 4.2989], [-53.5515, 4.2983], [-53.5525, 4.2973], [-53.5535, 4.2975], [-53.5555, 4.2972], [-53.5561, 4.2983], [-53.557, 4.2986], [-53.5572, 4.3007], [-53.5573, 4.3018], [-53.557, 4.3032], [-53.5568, 4.3045], [-53.5559, 4.3053], [-53.5547, 4.3048], [-53.5538, 4.3045], [-53.553, 4.3052], [-53.5533, 4.3063], [-53.5536, 4.308], [-53.5538, 4.3093], [-53.5548, 4.31], [-53.5564, 4.3103], [-53.5583, 4.3109], [-53.5593, 4.3115], [-53.5603, 4.3124], [-53.5611, 4.3136], [-53.5617, 4.3148], [-53.5624, 4.3157], [-53.563, 4.3168], [-53.5639, 4.3177], [-53.5647, 4.3186], [-53.5656, 4.3191], [-53.5656, 4.318], [-53.5671, 4.3169], [-53.5683, 4.3166], [-53.5693, 4.3165], [-53.5696, 4.3175], [-53.5687, 4.3183], [-53.5682, 4.3194], [-53.5677, 4.3208], [-53.567, 4.3217], [-53.5659, 4.3222], [-53.5655, 4.323], [-53.5655, 4.3252], [-53.5656, 4.3271], [-53.5658, 4.3288], [-53.5658, 4.3301], [-53.5654, 4.3311], [-53.5647, 4.3322], [-53.5639, 4.3342], [-53.5636, 4.3357], [-53.5632, 4.3372], [-53.563, 4.3386], [-53.5628, 4.3398], [-53.5629, 4.3409], [-53.5638, 4.3419], [-53.5651, 4.3412], [-53.5662, 4.3406], [-53.5676, 4.3404], [-53.5688, 4.3398], [-53.5698, 4.3393], [-53.5701, 4.3403], [-53.5687, 4.3411], [-53.5677, 4.3416], [-53.5666, 4.3421], [-53.5655, 4.3431], [-53.5645, 4.3447], [-53.5638, 4.3455], [-53.5627, 4.3463], [-53.5622, 4.3478], [-53.5615, 4.3491], [-53.5612, 4.3501], [-53.5611, 4.3512], [-53.5615, 4.3526], [-53.5626, 4.3542], [-53.5633, 4.3553], [-53.5644, 4.3561], [-53.5656, 4.3565], [-53.5669, 4.3564], [-53.5679, 4.3566], [-53.569, 4.3573], [-53.5698, 4.3584], [-53.5702, 4.3595], [-53.5699, 4.3607], [-53.5694, 4.3616], [-53.5684, 4.3639], [-53.5676, 4.3655], [-53.5674, 4.3664], [-53.5675, 4.3675], [-53.5675, 4.3686], [-53.5667, 4.369], [-53.5655, 4.3689], [-53.5644, 4.3686], [-53.5632, 4.3681], [-53.5623, 4.367], [-53.5617, 4.366], [-53.5607, 4.3656], [-53.5594, 4.3656], [-53.5585, 4.3659], [-53.5588, 4.3671], [-53.5594, 4.3681], [-53.5584, 4.369], [-53.5573, 4.3688], [-53.557, 4.3678], [-53.5561, 4.3672], [-53.5548, 4.3678], [-53.5545, 4.369], [-53.5537, 4.3706], [-53.5531, 4.3719], [-53.5525, 4.373], [-53.552, 4.3743], [-53.5513, 4.3757], [-53.5507, 4.3768], [-53.5498, 4.3778], [-53.55, 4.3787], [-53.551, 4.3797], [-53.5517, 4.3806], [-53.5531, 4.3821], [-53.5542, 4.383], [-53.5546, 4.384], [-53.5545, 4.3849], [-53.5544, 4.386], [-53.5547, 4.3872], [-53.5553, 4.3885], [-53.5553, 4.3898], [-53.5564, 4.3912], [-53.5573, 4.3925], [-53.558, 4.3934], [-53.5589, 4.3941], [-53.5607, 4.3938], [-53.5618, 4.3934], [-53.5627, 4.394], [-53.5629, 4.3954], [-53.5632, 4.3963], [-53.5645, 4.3981], [-53.5652, 4.3992], [-53.5657, 4.4002], [-53.5664, 4.4012], [-53.567, 4.4022], [-53.5673, 4.4035], [-53.5675, 4.4044], [-53.5684, 4.4051], [-53.5698, 4.406], [-53.5708, 4.4057], [-53.5718, 4.4062], [-53.571, 4.4052], [-53.5697, 4.4049], [-53.5698, 4.4039], [-53.5694, 4.4029], [-53.5687, 4.4017], [-53.5696, 4.4014], [-53.5706, 4.4015], [-53.5707, 4.4007], [-53.5704, 4.3998], [-53.5711, 4.3989], [-53.5708, 4.3979], [-53.5718, 4.3982], [-53.5728, 4.3982], [-53.5719, 4.3976], [-53.5729, 4.3967], [-53.5729, 4.3956], [-53.5737, 4.3958], [-53.5746, 4.3965], [-53.5754, 4.396], [-53.5763, 4.3958], [-53.5777, 4.3953], [-53.5774, 4.3944], [-53.5777, 4.3934], [-53.5786, 4.3923], [-53.5797, 4.3922], [-53.5807, 4.3926], [-53.5822, 4.393], [-53.5831, 4.3934], [-53.5841, 4.3925], [-53.585, 4.3927], [-53.5855, 4.3935], [-53.5864, 4.3936], [-53.5877, 4.3934], [-53.5885, 4.3935], [-53.5889, 4.3924], [-53.5892, 4.3915], [-53.5899, 4.3905], [-53.5901, 4.3895], [-53.5903, 4.3884], [-53.5907, 4.3873], [-53.5911, 4.3864], [-53.592, 4.3854], [-53.5931, 4.3847], [-53.594, 4.3839], [-53.5949, 4.3837], [-53.596, 4.3826], [-53.5969, 4.3818], [-53.5978, 4.3809], [-53.5983, 4.38], [-53.5984, 4.3787], [-53.5992, 4.3787], [-53.5994, 4.3778], [-53.6003, 4.3769], [-53.6012, 4.3764], [-53.6012, 4.3774], [-53.6021, 4.377], [-53.6021, 4.3761], [-53.6029, 4.3752], [-53.6038, 4.375], [-53.6048, 4.3742], [-53.6056, 4.374], [-53.6048, 4.3734], [-53.6052, 4.3724], [-53.6055, 4.3713], [-53.606, 4.3704], [-53.6058, 4.3695], [-53.6067, 4.3697], [-53.607, 4.3687], [-53.6072, 4.3676], [-53.6081, 4.3672], [-53.6091, 4.3674], [-53.6103, 4.367], [-53.6116, 4.3672], [-53.6121, 4.3663], [-53.6131, 4.366], [-53.6137, 4.365], [-53.6133, 4.364], [-53.6137, 4.3628], [-53.6147, 4.363], [-53.615, 4.3621], [-53.6141, 4.362], [-53.6154, 4.3611], [-53.6155, 4.3601], [-53.6166, 4.3594], [-53.6176, 4.3587], [-53.6185, 4.3586], [-53.6195, 4.3573], [-53.6202, 4.3564], [-53.6193, 4.3554], [-53.6201, 4.3545], [-53.6204, 4.3535], [-53.6215, 4.3528], [-53.6222, 4.3519], [-53.6232, 4.3514], [-53.6242, 4.3508], [-53.6249, 4.3498], [-53.6257, 4.3489], [-53.6263, 4.348], [-53.6261, 4.3471], [-53.626, 4.3462], [-53.6257, 4.3452], [-53.6266, 4.345], [-53.6269, 4.3439], [-53.6266, 4.3428], [-53.6275, 4.3416], [-53.6283, 4.3414], [-53.6284, 4.3404], [-53.6294, 4.3398], [-53.6304, 4.3392], [-53.6313, 4.3383], [-53.6323, 4.3372], [-53.6333, 4.3361], [-53.6337, 4.3352], [-53.6345, 4.3347], [-53.6354, 4.3342], [-53.6364, 4.3334], [-53.6373, 4.3335], [-53.6382, 4.3334], [-53.639, 4.3334], [-53.6399, 4.3336], [-53.6411, 4.3339], [-53.6407, 4.3348], [-53.6417, 4.3346], [-53.6435, 4.3351], [-53.6435, 4.3342], [-53.6445, 4.334], [-53.6455, 4.3342], [-53.646, 4.3333], [-53.6471, 4.333], [-53.6481, 4.3329], [-53.649, 4.3322], [-53.65, 4.3317], [-53.6512, 4.3313], [-53.6523, 4.3306], [-53.6533, 4.3312], [-53.6536, 4.3301], [-53.6541, 4.3292], [-53.6553, 4.3285], [-53.6561, 4.3277], [-53.657, 4.3276], [-53.6565, 4.3266], [-53.6566, 4.3257], [-53.6575, 4.3263], [-53.6584, 4.3262], [-53.6581, 4.3252], [-53.6589, 4.3245], [-53.6599, 4.3243], [-53.6625, 4.3217], [-53.6645, 4.3197], [-53.667, 4.3197], [-53.6692, 4.3175], [-53.6711, 4.3175], [-53.6722, 4.3178], [-53.6756, 4.3172], [-53.6764, 4.3161], [-53.6786, 4.3156], [-53.6797, 4.3145], [-53.6828, 4.3145], [-53.6847, 4.3142], [-53.6884, 4.3136], [-53.6897, 4.3139], [-53.6914, 4.3145], [-53.6928, 4.3142], [-53.6964, 4.3106], [-53.7064, 4.3106], [-53.7084, 4.3111], [-53.7092, 4.3109], [-53.7142, 4.3109], [-53.717, 4.3106], [-53.7181, 4.31], [-53.722, 4.3075], [-53.7231, 4.3072], [-53.7272, 4.307], [-53.7284, 4.3059], [-53.73, 4.3047], [-53.7311, 4.3047], [-53.7328, 4.3034], [-53.7328, 4.3025], [-53.7342, 4.3011], [-53.7359, 4.2986], [-53.7359, 4.2978], [-53.7361, 4.2964], [-53.7406, 4.292], [-53.7428, 4.292], [-53.7442, 4.2914], [-53.747, 4.2886], [-53.7481, 4.2884], [-53.7503, 4.2878], [-53.7528, 4.2853], [-53.7542, 4.285], [-53.755, 4.2845], [-53.7564, 4.2831], [-53.7564, 4.282], [-53.7592, 4.2792], [-53.7597, 4.2775], [-53.76, 4.2764], [-53.762, 4.2747], [-53.762, 4.2736], [-53.7631, 4.2722], [-53.7664, 4.2692], [-53.767, 4.2672], [-53.77, 4.2636], [-53.7764, 4.2636], [-53.7771, 4.2619], [-53.7798, 4.2611], [-53.7803, 4.2587], [-53.7822, 4.2592], [-53.7827, 4.2617], [-53.7862, 4.2624], [-53.7868, 4.2662], [-53.7895, 4.2666], [-53.7905, 4.2684], [-53.791, 4.2705], [-53.7921, 4.271], [-53.7934, 4.2709], [-53.794, 4.2732], [-53.7937, 4.2763], [-53.7957, 4.2776], [-53.7964, 4.2789], [-53.7961, 4.2806], [-53.7961, 4.282], [-53.797, 4.2828], [-53.7967, 4.2842], [-53.7964, 4.2867], [-53.795, 4.2881], [-53.7959, 4.2897], [-53.7959, 4.292], [-53.7964, 4.2931], [-53.7967, 4.2942], [-53.797, 4.2956], [-53.7961, 4.2964], [-53.7947, 4.2978], [-53.7934, 4.2992], [-53.7931, 4.302], [-53.7953, 4.3042], [-53.7956, 4.3053], [-53.7945, 4.3067], [-53.7945, 4.3078], [-53.7942, 4.3092], [-53.7947, 4.3139], [-53.7947, 4.315], [-53.7936, 4.3164], [-53.7925, 4.3172], [-53.7956, 4.3206], [-53.7953, 4.3225], [-53.7953, 4.327], [-53.7959, 4.3297], [-53.7964, 4.3314], [-53.7972, 4.3336], [-53.7967, 4.3347], [-53.7961, 4.3359], [-53.7947, 4.3372], [-53.7947, 4.3384], [-53.7939, 4.3395], [-53.7939, 4.342], [-53.7922, 4.3434], [-53.7922, 4.3467], [-53.7906, 4.3484], [-53.7906, 4.3497], [-53.79, 4.3506], [-53.7884, 4.352], [-53.7875, 4.3534], [-53.7872, 4.3611], [-53.7861, 4.3625], [-53.7845, 4.3642], [-53.7836, 4.3656], [-53.7834, 4.3681], [-53.7828, 4.37], [-53.7811, 4.372], [-53.7809, 4.3731], [-53.7797, 4.3742], [-53.7797, 4.3756], [-53.7789, 4.3772], [-53.7789, 4.3781], [-53.7784, 4.3822], [-53.7778, 4.3836], [-53.7761, 4.3856], [-53.775, 4.3875], [-53.7734, 4.3892], [-53.7734, 4.3906], [-53.7725, 4.3914], [-53.7725, 4.3925], [-53.772, 4.3934], [-53.772, 4.3945], [-53.7711, 4.395], [-53.7706, 4.3959], [-53.7706, 4.397], [-53.7689, 4.3984], [-53.7686, 4.3992], [-53.7686, 4.4003], [-53.7675, 4.4014], [-53.7675, 4.4045], [-53.7672, 4.4053], [-53.7672, 4.4086], [-53.767, 4.4142], [-53.7661, 4.4153], [-53.765, 4.4164], [-53.7642, 4.4178], [-53.7634, 4.4195], [-53.7631, 4.4234], [-53.7639, 4.427], [-53.7642, 4.4284], [-53.7639, 4.4297], [-53.7614, 4.4322], [-53.7606, 4.4334], [-53.7592, 4.4353], [-53.7584, 4.4389], [-53.7578, 4.4403], [-53.7575, 4.4414], [-53.7564, 4.4425], [-53.755, 4.4431], [-53.7542, 4.4436], [-53.7542, 4.4447], [-53.7539, 4.447], [-53.755, 4.4478], [-53.755, 4.4492], [-53.7556, 4.4503], [-53.755, 4.4514], [-53.7536, 4.4522], [-53.7536, 4.4531], [-53.7547, 4.4545], [-53.7556, 4.4556], [-53.757, 4.4575], [-53.757, 4.4625], [-53.7572, 4.4636], [-53.7575, 4.4645], [-53.7586, 4.4647], [-53.7589, 4.4664], [-53.7597, 4.4672], [-53.7597, 4.4681], [-53.7609, 4.4689], [-53.7617, 4.4703], [-53.7628, 4.4725], [-53.7631, 4.4736], [-53.7636, 4.4747], [-53.7635, 4.4778], [-53.7636, 4.4789], [-53.7636, 4.4839], [-53.7653, 4.4856], [-53.7659, 4.4889], [-53.7689, 4.4925], [-53.7692, 4.4986], [-53.7689, 4.5025], [-53.7681, 4.5034], [-53.7686, 4.5045], [-53.7692, 4.5059], [-53.7692, 4.5072], [-53.772, 4.51], [-53.7729, 4.5103], [-53.7724, 4.5115], [-53.772, 4.5128], [-53.7715, 4.5138], [-53.7715, 4.5152], [-53.7724, 4.5155], [-53.7713, 4.5165], [-53.7701, 4.5169], [-53.771, 4.5178], [-53.7716, 4.5189], [-53.7709, 4.5201], [-53.7718, 4.5204], [-53.7714, 4.5213], [-53.7708, 4.5224], [-53.7709, 4.5234], [-53.7715, 4.5243], [-53.7716, 4.5253], [-53.7707, 4.5256], [-53.7697, 4.526], [-53.7691, 4.5269], [-53.7692, 4.5278], [-53.7681, 4.5277], [-53.7672, 4.5284], [-53.7664, 4.5291], [-53.7664, 4.53], [-53.7663, 4.5319], [-53.7651, 4.5322], [-53.7642, 4.5321], [-53.7634, 4.5319], [-53.7625, 4.5322], [-53.7623, 4.5332], [-53.7615, 4.5342], [-53.7615, 4.5352], [-53.7615, 4.5363], [-53.7615, 4.5374], [-53.7621, 4.5386], [-53.7612, 4.5388], [-53.7613, 4.5401], [-53.7604, 4.5409], [-53.7594, 4.541], [-53.7595, 4.5422], [-53.7585, 4.542], [-53.758, 4.543], [-53.7589, 4.5434], [-53.7591, 4.5444], [-53.7601, 4.5452], [-53.7602, 4.5463], [-53.7598, 4.5472], [-53.76, 4.5482], [-53.759, 4.5491], [-53.7595, 4.5501], [-53.759, 4.5511], [-53.7593, 4.5523], [-53.7592, 4.5532], [-53.7582, 4.554], [-53.7574, 4.555], [-53.756, 4.5556], [-53.7561, 4.5565], [-53.7566, 4.5574], [-53.7556, 4.558], [-53.7544, 4.5584], [-53.7543, 4.5594], [-53.7547, 4.5605], [-53.755, 4.5617], [-53.7555, 4.5626], [-53.7552, 4.5635], [-53.7539, 4.5642], [-53.7535, 4.565], [-53.7525, 4.5656], [-53.7516, 4.5648], [-53.7511, 4.5658], [-53.7501, 4.5655], [-53.75, 4.5667], [-53.7499, 4.5676], [-53.749, 4.5677], [-53.7482, 4.568], [-53.7485, 4.5688], [-53.7479, 4.5697], [-53.7468, 4.5705], [-53.7478, 4.5705], [-53.7487, 4.5711], [-53.7491, 4.5721], [-53.7489, 4.5733], [-53.7494, 4.5744], [-53.7501, 4.5755], [-53.7494, 4.5764], [-53.7501, 4.5776], [-53.7499, 4.5787], [-53.7507, 4.5797], [-53.7511, 4.5807], [-53.7508, 4.5818], [-53.7499, 4.5829], [-53.7491, 4.5838], [-53.7491, 4.585], [-53.7492, 4.5863], [-53.7492, 4.5873], [-53.7487, 4.5883], [-53.7486, 4.5894], [-53.7483, 4.5904], [-53.7477, 4.5914], [-53.7469, 4.5921], [-53.7459, 4.5927], [-53.746, 4.5937], [-53.747, 4.595], [-53.7457, 4.5959], [-53.7448, 4.5972], [-53.7448, 4.5986], [-53.7436, 4.5994], [-53.7425, 4.5999], [-53.7433, 4.6009], [-53.7438, 4.6022], [-53.7436, 4.6033], [-53.743, 4.6043], [-53.7422, 4.6045], [-53.7414, 4.6055], [-53.7423, 4.6054], [-53.7421, 4.6067], [-53.741, 4.607], [-53.7413, 4.608], [-53.741, 4.6091], [-53.7405, 4.61], [-53.7396, 4.6108], [-53.7405, 4.6117], [-53.7413, 4.6122], [-53.7417, 4.6132], [-53.7405, 4.6134], [-53.7394, 4.6127], [-53.7394, 4.6139], [-53.7403, 4.6145], [-53.7413, 4.6149], [-53.7425, 4.615], [-53.7424, 4.6159], [-53.7422, 4.6172], [-53.7419, 4.6182], [-53.7418, 4.6191], [-53.7416, 4.6203], [-53.7415, 4.6215], [-53.7415, 4.6226], [-53.7409, 4.6238], [-53.7408, 4.6247], [-53.7403, 4.6256], [-53.7405, 4.6266], [-53.7406, 4.6275], [-53.7412, 4.6284], [-53.7422, 4.6291], [-53.7431, 4.6294], [-53.7441, 4.6301], [-53.745, 4.6306], [-53.7456, 4.6315], [-53.745, 4.6325], [-53.7451, 4.6337], [-53.7456, 4.6351], [-53.746, 4.6362], [-53.7458, 4.6374], [-53.7454, 4.6386], [-53.7456, 4.6396], [-53.7461, 4.6387], [-53.7473, 4.638], [-53.7482, 4.6384], [-53.7483, 4.6402], [-53.748, 4.6414], [-53.7479, 4.6425], [-53.748, 4.644], [-53.749, 4.6448], [-53.7499, 4.6458], [-53.7497, 4.6468], [-53.751, 4.6469], [-53.7521, 4.6458], [-53.7535, 4.6457], [-53.7544, 4.6465], [-53.7548, 4.6475], [-53.7544, 4.6484], [-53.7537, 4.6493], [-53.7535, 4.6503], [-53.7545, 4.6502], [-53.7554, 4.6503], [-53.7564, 4.6504], [-53.7562, 4.6513], [-53.7565, 4.6525], [-53.757, 4.6535], [-53.756, 4.6536], [-53.7562, 4.6552], [-53.7566, 4.6561], [-53.7572, 4.6571], [-53.7583, 4.6573], [-53.7592, 4.6571], [-53.7596, 4.6581], [-53.7606, 4.6588], [-53.7603, 4.6598], [-53.7603, 4.6609], [-53.7612, 4.6611], [-53.7621, 4.6613], [-53.7629, 4.6619], [-53.7635, 4.663], [-53.7647, 4.6638], [-53.7648, 4.6648], [-53.7658, 4.6654], [-53.7664, 4.6666], [-53.7664, 4.6677], [-53.7662, 4.6688], [-53.7653, 4.6687], [-53.7645, 4.6687], [-53.7639, 4.6699], [-53.7627, 4.6699], [-53.7616, 4.6701], [-53.7625, 4.6712], [-53.7634, 4.6722], [-53.7638, 4.6731], [-53.7626, 4.6744], [-53.7611, 4.6757], [-53.7602, 4.6766], [-53.759, 4.6764], [-53.7578, 4.6757], [-53.7569, 4.6755], [-53.7567, 4.6764], [-53.7574, 4.6774], [-53.7581, 4.6782], [-53.7592, 4.6796], [-53.7598, 4.6807], [-53.7607, 4.6816], [-53.7608, 4.6825], [-53.76, 4.6826], [-53.759, 4.6828], [-53.7573, 4.683], [-53.756, 4.6831], [-53.7549, 4.6827], [-53.7537, 4.6822], [-53.7527, 4.6817], [-53.7517, 4.6815], [-53.7518, 4.6827], [-53.7522, 4.6836], [-53.7527, 4.6845], [-53.7541, 4.6848], [-53.7547, 4.6858], [-53.7549, 4.6869], [-53.755, 4.6883], [-53.7557, 4.6893], [-53.756, 4.6902], [-53.7556, 4.6913], [-53.7545, 4.6918], [-53.7533, 4.6919], [-53.7526, 4.6929], [-53.7523, 4.6948], [-53.7524, 4.6959], [-53.7525, 4.6969], [-53.753, 4.6978], [-53.7537, 4.6988], [-53.7542, 4.6998], [-53.7529, 4.7004], [-53.7519, 4.7003], [-53.7505, 4.7005], [-53.7497, 4.7005], [-53.7485, 4.7005], [-53.7475, 4.7003], [-53.7476, 4.7016], [-53.7472, 4.7026], [-53.7465, 4.7039], [-53.7469, 4.705], [-53.7469, 4.7061], [-53.7478, 4.7071], [-53.7482, 4.7083], [-53.7481, 4.7093], [-53.7479, 4.7102], [-53.7491, 4.7102], [-53.7505, 4.7101], [-53.7517, 4.7109], [-53.7527, 4.7114], [-53.7539, 4.7125], [-53.7538, 4.7134], [-53.7518, 4.7151], [-53.751, 4.7158], [-53.75, 4.7169], [-53.7494, 4.7181], [-53.75, 4.719], [-53.7506, 4.72], [-53.7508, 4.7214], [-53.751, 4.7224], [-53.7524, 4.7236], [-53.7527, 4.7246], [-53.752, 4.7256], [-53.7513, 4.7266], [-53.7514, 4.7276], [-53.7516, 4.7286], [-53.752, 4.7296], [-53.7525, 4.7306], [-53.7527, 4.7315], [-53.7534, 4.7326], [-53.7545, 4.7338], [-53.7555, 4.7344], [-53.7566, 4.7348], [-53.7575, 4.7352], [-53.7583, 4.7362], [-53.7595, 4.737], [-53.7607, 4.7367], [-53.7613, 4.7376], [-53.7616, 4.7387], [-53.762, 4.7398], [-53.7629, 4.7404], [-53.7639, 4.74], [-53.7648, 4.7406], [-53.7644, 4.742], [-53.7639, 4.743], [-53.7633, 4.7441], [-53.7632, 4.7453], [-53.763, 4.7463], [-53.7621, 4.747], [-53.7618, 4.748], [-53.7614, 4.749], [-53.761, 4.75], [-53.7609, 4.751], [-53.7608, 4.7523], [-53.7605, 4.7536], [-53.7594, 4.7531], [-53.7585, 4.7531], [-53.7574, 4.7539], [-53.7565, 4.754], [-53.7555, 4.754], [-53.7553, 4.755], [-53.7543, 4.7561], [-53.7532, 4.7565], [-53.7522, 4.7555], [-53.7514, 4.7559], [-53.7511, 4.7567], [-53.7506, 4.7581], [-53.7502, 4.7593], [-53.7501, 4.7603], [-53.7499, 4.7614], [-53.7497, 4.7626], [-53.7494, 4.7636], [-53.7497, 4.7647], [-53.7498, 4.7657], [-53.7491, 4.7667], [-53.7498, 4.7676], [-53.7493, 4.7685], [-53.7482, 4.7677], [-53.7478, 4.7685], [-53.7477, 4.7695], [-53.7469, 4.7711], [-53.7466, 4.772], [-53.7473, 4.7734], [-53.7483, 4.7747], [-53.7492, 4.7744], [-53.7504, 4.7745], [-53.7515, 4.7747], [-53.7524, 4.7754], [-53.7533, 4.7765], [-53.7531, 4.7774], [-53.7525, 4.7787], [-53.7517, 4.7798], [-53.7507, 4.7788], [-53.7499, 4.7779], [-53.7494, 4.7789], [-53.749, 4.7798], [-53.7481, 4.7809], [-53.7471, 4.7815], [-53.7469, 4.7825], [-53.7474, 4.7837], [-53.748, 4.7845], [-53.749, 4.7851], [-53.7498, 4.7862], [-53.7506, 4.7872], [-53.7505, 4.7887], [-53.7499, 4.7896], [-53.7494, 4.7909], [-53.7495, 4.7919], [-53.7494, 4.793], [-53.7497, 4.794], [-53.7506, 4.7952], [-53.7517, 4.7955], [-53.7526, 4.7953], [-53.7521, 4.7963], [-53.7523, 4.7973], [-53.7519, 4.7984], [-53.7531, 4.799], [-53.754, 4.7987], [-53.7539, 4.7998], [-53.7525, 4.8002], [-53.752, 4.8015], [-53.7513, 4.8025], [-53.7515, 4.8039], [-53.7507, 4.805], [-53.7498, 4.8058], [-53.7494, 4.807], [-53.7494, 4.8079], [-53.7504, 4.8075], [-53.7506, 4.8084], [-53.7504, 4.8095], [-53.7515, 4.81], [-53.7516, 4.8108], [-53.7508, 4.8112], [-53.7519, 4.8113], [-53.7524, 4.8122], [-53.7527, 4.8131], [-53.7519, 4.814], [-53.7519, 4.8153], [-53.7528, 4.8161], [-53.7527, 4.817], [-53.7539, 4.8173], [-53.7549, 4.8179], [-53.7552, 4.819], [-53.7539, 4.8195], [-53.7541, 4.8208], [-53.754, 4.822], [-53.7541, 4.8233], [-53.7543, 4.8242], [-53.7533, 4.8244], [-53.7527, 4.8255], [-53.7523, 4.8264], [-53.7523, 4.8272], [-53.7529, 4.8282], [-53.7539, 4.8284], [-53.7552, 4.8274], [-53.7564, 4.8262], [-53.7573, 4.8254], [-53.7585, 4.8254], [-53.7593, 4.8256], [-53.7606, 4.8263], [-53.7599, 4.8272], [-53.7591, 4.8271], [-53.7581, 4.8265], [-53.7576, 4.8274], [-53.7572, 4.8283], [-53.7583, 4.8285], [-53.7593, 4.8292], [-53.7603, 4.8298], [-53.7591, 4.8307], [-53.7588, 4.8318], [-53.759, 4.8329], [-53.7592, 4.834], [-53.7596, 4.8348], [-53.7601, 4.8357], [-53.7609, 4.8366], [-53.7618, 4.8369], [-53.7628, 4.8369], [-53.7637, 4.8371], [-53.7647, 4.8376], [-53.7647, 4.8387], [-53.7634, 4.8392], [-53.7629, 4.8402], [-53.7639, 4.8404], [-53.7648, 4.8404], [-53.7659, 4.8412], [-53.7669, 4.8423], [-53.7678, 4.843], [-53.7688, 4.8435], [-53.7688, 4.8444], [-53.7677, 4.8444], [-53.7676, 4.8454], [-53.769, 4.8458], [-53.77, 4.8464], [-53.7709, 4.8471], [-53.7717, 4.8471], [-53.7727, 4.8465], [-53.7736, 4.8457], [-53.7746, 4.8465], [-53.7754, 4.8478], [-53.7762, 4.8483], [-53.7761, 4.8492], [-53.7763, 4.8502], [-53.7768, 4.8511], [-53.778, 4.8525], [-53.7787, 4.8538], [-53.779, 4.8549], [-53.7779, 4.8553], [-53.7769, 4.8555], [-53.7762, 4.8569], [-53.7771, 4.8586], [-53.7778, 4.8597], [-53.7782, 4.8609], [-53.7782, 4.862], [-53.7779, 4.863], [-53.7767, 4.8636], [-53.7753, 4.8643], [-53.7732, 4.8647], [-53.7722, 4.8647], [-53.7713, 4.8649], [-53.7708, 4.866], [-53.7716, 4.867], [-53.7722, 4.8679], [-53.7716, 4.8695], [-53.7712, 4.8709], [-53.7709, 4.8719], [-53.7696, 4.8732], [-53.769, 4.8747], [-53.7703, 4.8749], [-53.7715, 4.8744], [-53.7727, 4.8741], [-53.7738, 4.8742], [-53.7748, 4.8745], [-53.7759, 4.8753], [-53.7769, 4.8762], [-53.7764, 4.8774], [-53.7756, 4.8784], [-53.7749, 4.8793], [-53.7738, 4.8798], [-53.7729, 4.8804], [-53.7718, 4.8809], [-53.7708, 4.8817], [-53.7699, 4.8831], [-53.7701, 4.884], [-53.7712, 4.8843], [-53.7722, 4.8843], [-53.7733, 4.8843], [-53.7745, 4.8843], [-53.7755, 4.8849], [-53.7766, 4.886], [-53.7777, 4.8873], [-53.7782, 4.8884], [-53.7783, 4.8895], [-53.7773, 4.8905], [-53.7773, 4.8916], [-53.7784, 4.8923], [-53.7793, 4.8926], [-53.7788, 4.8939], [-53.7783, 4.8949], [-53.7781, 4.8959], [-53.7788, 4.897], [-53.7796, 4.8973], [-53.7806, 4.8978], [-53.7817, 4.8988], [-53.7826, 4.8996], [-53.7834, 4.9007], [-53.7835, 4.9016], [-53.7839, 4.9029], [-53.7847, 4.904], [-53.7853, 4.9052], [-53.7854, 4.9069], [-53.7854, 4.908], [-53.7846, 4.9082], [-53.7835, 4.9075], [-53.7827, 4.9088], [-53.7827, 4.9098], [-53.7834, 4.911], [-53.7833, 4.9122], [-53.782, 4.9128], [-53.781, 4.9135], [-53.7807, 4.9144], [-53.7798, 4.9146], [-53.7794, 4.9157], [-53.7792, 4.9171], [-53.7794, 4.9179], [-53.7813, 4.9184], [-53.7823, 4.9186], [-53.7834, 4.9192], [-53.7829, 4.9202], [-53.7821, 4.9211], [-53.7825, 4.9224], [-53.7816, 4.9231], [-53.7806, 4.9233], [-53.7796, 4.9236], [-53.7788, 4.9239], [-53.7776, 4.9238], [-53.7766, 4.9244], [-53.776, 4.9255], [-53.777, 4.9257], [-53.7775, 4.9248], [-53.7785, 4.9248], [-53.7793, 4.9258], [-53.7801, 4.9267], [-53.7809, 4.9272], [-53.7813, 4.9282], [-53.7813, 4.9292], [-53.7812, 4.9302], [-53.7817, 4.9312], [-53.7827, 4.9322], [-53.7834, 4.9331], [-53.7824, 4.9334], [-53.7816, 4.9333], [-53.7806, 4.9346], [-53.7803, 4.9356], [-53.7794, 4.9366], [-53.7804, 4.9373], [-53.7821, 4.9375], [-53.7831, 4.9374], [-53.7833, 4.9384], [-53.7833, 4.9393], [-53.7835, 4.9402], [-53.7843, 4.9411], [-53.7852, 4.9412], [-53.7862, 4.9415], [-53.7876, 4.9421], [-53.7885, 4.9427], [-53.7879, 4.9438], [-53.79, 4.9442], [-53.7915, 4.9438], [-53.7926, 4.9437], [-53.7935, 4.9449], [-53.7929, 4.9459], [-53.7918, 4.9459], [-53.7904, 4.9458], [-53.789, 4.9466], [-53.7882, 4.9477], [-53.788, 4.9493], [-53.7877, 4.9506], [-53.7876, 4.9521], [-53.7864, 4.9532], [-53.7852, 4.9535], [-53.784, 4.9543], [-53.7829, 4.9553], [-53.7822, 4.9567], [-53.7818, 4.9582], [-53.7821, 4.9596], [-53.7827, 4.9608], [-53.7837, 4.9613], [-53.785, 4.961], [-53.7857, 4.9596], [-53.7864, 4.9585], [-53.7887, 4.958], [-53.7902, 4.9581], [-53.7914, 4.9591], [-53.7926, 4.9603], [-53.7934, 4.9615], [-53.7942, 4.9628], [-53.795, 4.9643], [-53.796, 4.9656], [-53.7965, 4.9666], [-53.7973, 4.9681], [-53.7977, 4.9692], [-53.7979, 4.9701], [-53.7976, 4.9716], [-53.7968, 4.9723], [-53.7953, 4.9718], [-53.7944, 4.9716], [-53.7936, 4.9714], [-53.7927, 4.9712], [-53.791, 4.9709], [-53.7894, 4.9706], [-53.7882, 4.9706], [-53.7873, 4.9705], [-53.7861, 4.9703], [-53.7849, 4.9706], [-53.7841, 4.9719], [-53.7836, 4.9728], [-53.7827, 4.9743], [-53.7823, 4.9752], [-53.782, 4.9766], [-53.7815, 4.9782], [-53.7808, 4.9794], [-53.7794, 4.9805], [-53.7785, 4.9812], [-53.7769, 4.9824], [-53.7748, 4.9838], [-53.7732, 4.9846], [-53.7715, 4.985], [-53.7703, 4.9851], [-53.7686, 4.9848], [-53.7677, 4.9849], [-53.7668, 4.985], [-53.7653, 4.9856], [-53.7644, 4.9866], [-53.7639, 4.9875], [-53.7636, 4.9889], [-53.7637, 4.9898], [-53.764, 4.9907], [-53.7649, 4.992], [-53.7661, 4.9934], [-53.7673, 4.9949], [-53.7683, 4.9959], [-53.7694, 4.997], [-53.7703, 4.9978], [-53.7718, 4.9987], [-53.7729, 4.9991], [-53.774, 4.9993], [-53.7749, 4.9995], [-53.7763, 4.9995], [-53.7773, 4.9995], [-53.7786, 4.9996], [-53.7797, 4.9997], [-53.7805, 4.9997], [-53.7819, 5.0], [-53.7834, 5.0004], [-53.7846, 5.0009], [-53.7857, 5.0016], [-53.7868, 5.0025], [-53.7876, 5.0034], [-53.7883, 5.0047], [-53.789, 5.0063], [-53.7895, 5.0078], [-53.7895, 5.009], [-53.789, 5.0099], [-53.7875, 5.0114], [-53.7862, 5.0124], [-53.7853, 5.0131], [-53.7844, 5.0138], [-53.7835, 5.0147], [-53.7828, 5.0156], [-53.7822, 5.0165], [-53.7813, 5.0172], [-53.78, 5.0178], [-53.7786, 5.0179], [-53.7761, 5.0181], [-53.7751, 5.0181], [-53.7741, 5.0183], [-53.7723, 5.0183], [-53.771, 5.0184], [-53.7698, 5.0187], [-53.7686, 5.0193], [-53.7676, 5.02], [-53.7665, 5.0212], [-53.7664, 5.0223], [-53.7668, 5.0236], [-53.7675, 5.0251], [-53.768, 5.026], [-53.7694, 5.0271], [-53.7705, 5.0276], [-53.7716, 5.0281], [-53.7731, 5.0287], [-53.7746, 5.0292], [-53.7757, 5.0297], [-53.7771, 5.0305], [-53.7776, 5.0314], [-53.7779, 5.0323], [-53.7783, 5.0337], [-53.7785, 5.035], [-53.7788, 5.0363], [-53.7791, 5.0378], [-53.7791, 5.0389], [-53.7792, 5.0399], [-53.7794, 5.0409], [-53.7797, 5.0418], [-53.7802, 5.0431], [-53.7806, 5.0444], [-53.7809, 5.0454], [-53.7815, 5.0467], [-53.7823, 5.0482], [-53.7839, 5.0489], [-53.7852, 5.0492], [-53.7868, 5.0491], [-53.7884, 5.0487], [-53.7893, 5.0484], [-53.7903, 5.0481], [-53.7916, 5.0476], [-53.7928, 5.047], [-53.794, 5.0464], [-53.7952, 5.0459], [-53.7965, 5.0453], [-53.7978, 5.0448], [-53.7992, 5.0445], [-53.8006, 5.0444], [-53.8024, 5.0443], [-53.8035, 5.0443], [-53.8044, 5.0446], [-53.8053, 5.0456], [-53.8057, 5.0471], [-53.8055, 5.048], [-53.805, 5.049], [-53.8041, 5.0496], [-53.8029, 5.0501], [-53.8015, 5.0506], [-53.8006, 5.0511], [-53.7997, 5.0516], [-53.7987, 5.0524], [-53.7988, 5.0534], [-53.7999, 5.0549], [-53.8008, 5.0562], [-53.8015, 5.0573], [-53.8025, 5.0584], [-53.8041, 5.0592], [-53.8053, 5.0595], [-53.8065, 5.0595], [-53.8078, 5.0594], [-53.8089, 5.0592], [-53.81, 5.059], [-53.8113, 5.059], [-53.8124, 5.0594], [-53.8133, 5.0601], [-53.8135, 5.061], [-53.8136, 5.0625], [-53.8137, 5.0641], [-53.8137, 5.0652], [-53.8135, 5.0668], [-53.8135, 5.0692], [-53.8131, 5.0704], [-53.8126, 5.0716], [-53.8118, 5.0726], [-53.8107, 5.0737], [-53.8094, 5.0751], [-53.8086, 5.0766], [-53.8082, 5.0776], [-53.8073, 5.0793], [-53.8067, 5.0812], [-53.8065, 5.0824], [-53.8065, 5.0833], [-53.8067, 5.0848], [-53.8068, 5.0859], [-53.8069, 5.0867], [-53.807, 5.088], [-53.8072, 5.0893], [-53.8085, 5.0892], [-53.8095, 5.0893], [-53.8108, 5.0904], [-53.8117, 5.0918], [-53.8123, 5.0931], [-53.8136, 5.0935], [-53.8147, 5.0936], [-53.8159, 5.094], [-53.8168, 5.0943], [-53.8177, 5.0944], [-53.8191, 5.0945], [-53.8202, 5.0942], [-53.8212, 5.0941], [-53.8224, 5.094], [-53.8238, 5.0941], [-53.8249, 5.0945], [-53.8261, 5.095], [-53.8276, 5.0958], [-53.8287, 5.0965], [-53.8298, 5.0971], [-53.8314, 5.0981], [-53.833, 5.0997], [-53.8331, 5.1013], [-53.8329, 5.1025], [-53.8324, 5.1034], [-53.8328, 5.1045], [-53.834, 5.1056], [-53.8352, 5.106], [-53.8361, 5.1064], [-53.8358, 5.1084], [-53.8355, 5.1094], [-53.8351, 5.1106], [-53.835, 5.1117], [-53.8351, 5.1132], [-53.8357, 5.1147], [-53.8374, 5.1163], [-53.8389, 5.1175], [-53.8403, 5.1183], [-53.8424, 5.1193], [-53.8433, 5.1198], [-53.8439, 5.1207], [-53.8431, 5.1217], [-53.8421, 5.1227], [-53.8409, 5.1241], [-53.8404, 5.1252], [-53.8405, 5.1268], [-53.8406, 5.128], [-53.8406, 5.129], [-53.8403, 5.1303], [-53.8397, 5.1318], [-53.8396, 5.1327], [-53.8398, 5.1339], [-53.8403, 5.1368], [-53.8408, 5.1382], [-53.8419, 5.1396], [-53.8433, 5.1405], [-53.8444, 5.1414], [-53.8459, 5.1416], [-53.8471, 5.142], [-53.8479, 5.1422], [-53.8492, 5.1416], [-53.851, 5.1418], [-53.8521, 5.1417], [-53.8535, 5.1415], [-53.8547, 5.1416], [-53.8559, 5.1417], [-53.8578, 5.1411], [-53.8588, 5.1406], [-53.8595, 5.1395], [-53.8604, 5.1386], [-53.8612, 5.1377], [-53.8619, 5.1368], [-53.8626, 5.1359], [-53.8635, 5.1353], [-53.8644, 5.1347], [-53.8664, 5.134], [-53.8676, 5.1331], [-53.8679, 5.1317], [-53.8678, 5.1308], [-53.8686, 5.1299], [-53.8695, 5.1292], [-53.8711, 5.1284], [-53.8721, 5.1276], [-53.8738, 5.1272], [-53.8747, 5.1272], [-53.8759, 5.1269], [-53.877, 5.1261], [-53.8769, 5.1251], [-53.8776, 5.1242], [-53.8786, 5.1239], [-53.8797, 5.1238], [-53.8811, 5.1231], [-53.8817, 5.1222], [-53.8834, 5.121], [-53.8846, 5.1218], [-53.885, 5.123], [-53.8856, 5.1241], [-53.8864, 5.1248], [-53.8875, 5.1253], [-53.8884, 5.1256], [-53.8889, 5.1266], [-53.8891, 5.1275], [-53.8895, 5.1285], [-53.8908, 5.1283], [-53.8921, 5.1283], [-53.8932, 5.1284], [-53.8941, 5.1282], [-53.8956, 5.1294], [-53.897, 5.1297], [-53.8985, 5.1291], [-53.9, 5.1281], [-53.9009, 5.1273], [-53.901, 5.1262], [-53.9006, 5.1248], [-53.9006, 5.1236], [-53.9006, 5.1225], [-53.9007, 5.1214], [-53.9007, 5.1205], [-53.9005, 5.1191], [-53.9006, 5.1182], [-53.9027, 5.1168], [-53.9047, 5.1163], [-53.9056, 5.1164], [-53.9069, 5.1163], [-53.9083, 5.1156], [-53.9091, 5.1149], [-53.9093, 5.1139], [-53.909, 5.1126], [-53.9089, 5.1117], [-53.9088, 5.1102], [-53.9086, 5.1092], [-53.9068, 5.1075], [-53.9062, 5.1066], [-53.9057, 5.1051], [-53.9055, 5.1039], [-53.9054, 5.1021], [-53.9055, 5.1012], [-53.9057, 5.1001], [-53.9062, 5.0992], [-53.907, 5.098], [-53.9076, 5.0964], [-53.9073, 5.0954], [-53.9073, 5.094], [-53.9086, 5.0931], [-53.9097, 5.0928], [-53.911, 5.0919], [-53.912, 5.0912], [-53.913, 5.092], [-53.9139, 5.0919], [-53.914, 5.093], [-53.9146, 5.0943], [-53.9141, 5.0958], [-53.9139, 5.097], [-53.9138, 5.0986], [-53.9139, 5.0995], [-53.9142, 5.1004], [-53.9152, 5.101], [-53.9164, 5.1007], [-53.9166, 5.0998], [-53.918, 5.0987], [-53.9192, 5.099], [-53.9204, 5.1001], [-53.9232, 5.1011], [-53.9242, 5.1021], [-53.9237, 5.1033], [-53.9237, 5.1042], [-53.9241, 5.105], [-53.9247, 5.1064], [-53.9257, 5.1066], [-53.9267, 5.1057], [-53.9276, 5.1049], [-53.9286, 5.1049], [-53.9293, 5.1063], [-53.9296, 5.1072], [-53.9307, 5.1072], [-53.9322, 5.1076], [-53.9338, 5.1083], [-53.935, 5.1075], [-53.936, 5.1068], [-53.9369, 5.1069], [-53.9383, 5.1082], [-53.9392, 5.1098], [-53.9403, 5.1104], [-53.9424, 5.1101], [-53.9439, 5.1081], [-53.9449, 5.1075], [-53.9457, 5.1072], [-53.9467, 5.107], [-53.9472, 5.1079], [-53.9481, 5.1082], [-53.9491, 5.1078], [-53.95, 5.1069], [-53.9513, 5.1057], [-53.9522, 5.1049], [-53.952, 5.107], [-53.952, 5.1081], [-53.952, 5.1094], [-53.9519, 5.1108], [-53.9509, 5.1129], [-53.9501, 5.114], [-53.9497, 5.1154], [-53.9496, 5.1168], [-53.9498, 5.1181], [-53.95, 5.119], [-53.9505, 5.1203], [-53.9508, 5.1213], [-53.9511, 5.1225], [-53.9511, 5.1247], [-53.9525, 5.1246], [-53.9539, 5.1228], [-53.9544, 5.1217], [-53.9554, 5.1206], [-53.9567, 5.1196], [-53.9575, 5.1194], [-53.959, 5.1188], [-53.9596, 5.1197], [-53.9592, 5.1208], [-53.9594, 5.1219], [-53.9605, 5.1223], [-53.9615, 5.122], [-53.9625, 5.1217], [-53.9634, 5.1227], [-53.9636, 5.1237], [-53.9636, 5.1252], [-53.9638, 5.1269], [-53.9638, 5.1278], [-53.9639, 5.1293], [-53.965, 5.1302], [-53.9661, 5.1304], [-53.9671, 5.1302], [-53.9682, 5.1302], [-53.9695, 5.1307], [-53.9701, 5.132], [-53.9701, 5.1329], [-53.9701, 5.1345], [-53.9708, 5.1355], [-53.9718, 5.1356], [-53.973, 5.1348], [-53.9757, 5.1328], [-53.9769, 5.1328], [-53.9778, 5.1328], [-53.979, 5.1321], [-53.9797, 5.1312], [-53.9803, 5.1302], [-53.9816, 5.1297], [-53.9825, 5.1297], [-53.9827, 5.1285], [-53.9828, 5.1274], [-53.9833, 5.1261], [-53.9837, 5.1252], [-53.9853, 5.1244], [-53.9864, 5.1237], [-53.9874, 5.1234], [-53.9886, 5.1243], [-53.9894, 5.1248], [-53.9907, 5.1244], [-53.992, 5.122], [-53.9925, 5.1205], [-53.9937, 5.1195], [-53.9945, 5.1196], [-53.9955, 5.1203], [-53.9958, 5.1213], [-53.9957, 5.1226], [-53.9957, 5.124], [-53.9956, 5.1249], [-53.997, 5.1278], [-53.9962, 5.1299], [-53.9956, 5.131], [-53.9952, 5.132], [-53.9952, 5.1331], [-53.9952, 5.134], [-53.9958, 5.1368], [-53.9962, 5.1382], [-53.9967, 5.1395], [-53.9976, 5.1395], [-53.9987, 5.1386], [-53.9994, 5.1377], [-53.9997, 5.1365], [-54.0003, 5.1356], [-54.0015, 5.1349], [-54.0027, 5.1338], [-54.0035, 5.1331], [-54.0047, 5.1321], [-54.0059, 5.1316], [-54.0069, 5.1314], [-54.0081, 5.1303], [-54.0091, 5.1284], [-54.0103, 5.1262], [-54.011, 5.125], [-54.0119, 5.1245], [-54.0131, 5.1249], [-54.0138, 5.126], [-54.0138, 5.1269], [-54.0147, 5.1274], [-54.0155, 5.1271], [-54.0163, 5.1257], [-54.0169, 5.1246], [-54.0178, 5.1233], [-54.0186, 5.1221], [-54.0195, 5.121], [-54.0205, 5.1205], [-54.0212, 5.1196], [-54.0219, 5.1181], [-54.0211, 5.1163], [-54.0211, 5.1153], [-54.0219, 5.1143], [-54.0225, 5.113], [-54.0226, 5.1116], [-54.0224, 5.1098], [-54.0222, 5.1089], [-54.0218, 5.1074], [-54.0215, 5.1056], [-54.0215, 5.1047], [-54.0214, 5.1036], [-54.0214, 5.1014], [-54.0215, 5.1004], [-54.0218, 5.0995], [-54.0228, 5.0983], [-54.0234, 5.0966], [-54.0234, 5.0955], [-54.0233, 5.0946], [-54.0233, 5.0932], [-54.0231, 5.0922], [-54.0231, 5.0909], [-54.0229, 5.0899], [-54.0229, 5.089], [-54.023, 5.0881], [-54.0239, 5.0877], [-54.0251, 5.0881], [-54.0261, 5.0878], [-54.0268, 5.0868], [-54.0267, 5.0858], [-54.0269, 5.0849], [-54.0272, 5.0833], [-54.0275, 5.0821], [-54.0278, 5.0807], [-54.0284, 5.0786], [-54.0291, 5.0776], [-54.0297, 5.0767], [-54.0305, 5.0757], [-54.031, 5.0744], [-54.0316, 5.0725], [-54.032, 5.071], [-54.0322, 5.0701], [-54.0323, 5.0692], [-54.0332, 5.0679], [-54.0335, 5.067], [-54.034, 5.0657], [-54.0343, 5.0648], [-54.0349, 5.0637], [-54.0354, 5.0628], [-54.0361, 5.0618], [-54.0362, 5.0607], [-54.0368, 5.0594], [-54.0379, 5.0587], [-54.0384, 5.0578], [-54.0381, 5.0566], [-54.0381, 5.0557], [-54.0385, 5.0548], [-54.0398, 5.0545], [-54.0404, 5.056], [-54.0412, 5.057], [-54.0424, 5.0577], [-54.0433, 5.0582], [-54.0427, 5.0597], [-54.044, 5.0605], [-54.0459, 5.0609], [-54.0469, 5.0617], [-54.0484, 5.0614], [-54.0493, 5.0623], [-54.0493, 5.0631], [-54.0485, 5.0641], [-54.0484, 5.065], [-54.0485, 5.0659], [-54.049, 5.0672], [-54.0482, 5.0683], [-54.0474, 5.0692], [-54.0467, 5.0703], [-54.0459, 5.0711], [-54.0446, 5.0731], [-54.0439, 5.0758], [-54.0432, 5.0775], [-54.0421, 5.0781], [-54.0411, 5.0789], [-54.0407, 5.0799], [-54.0411, 5.081], [-54.0411, 5.0821], [-54.0407, 5.0829], [-54.0397, 5.0833], [-54.0389, 5.084], [-54.0387, 5.0849], [-54.0407, 5.0875], [-54.0416, 5.088], [-54.0434, 5.0869], [-54.0443, 5.0861], [-54.0457, 5.0854], [-54.0465, 5.0858], [-54.0466, 5.0874], [-54.0461, 5.0893], [-54.0462, 5.0905], [-54.0466, 5.0919], [-54.0468, 5.0937], [-54.0466, 5.0951], [-54.0474, 5.0958], [-54.0491, 5.096], [-54.0507, 5.0979], [-54.0518, 5.0996], [-54.0537, 5.1024], [-54.0544, 5.1034], [-54.0545, 5.1043], [-54.0542, 5.1053], [-54.0538, 5.1063], [-54.0533, 5.1075], [-54.0533, 5.1084], [-54.0534, 5.1095], [-54.054, 5.1106], [-54.0551, 5.112], [-54.0559, 5.1131], [-54.0559, 5.1142], [-54.056, 5.1151], [-54.0562, 5.1164], [-54.0551, 5.1173], [-54.0542, 5.1182], [-54.0533, 5.1188], [-54.0526, 5.1202], [-54.0519, 5.121], [-54.0514, 5.1226], [-54.0509, 5.1235], [-54.0507, 5.1247], [-54.0506, 5.1258], [-54.0505, 5.1276], [-54.0503, 5.1289], [-54.0504, 5.1298], [-54.0504, 5.1307], [-54.0497, 5.1322], [-54.0488, 5.1331], [-54.0476, 5.1348], [-54.0468, 5.1368], [-54.0466, 5.1379], [-54.0462, 5.1389], [-54.0456, 5.1402], [-54.0461, 5.1411], [-54.0476, 5.1416], [-54.0487, 5.1426], [-54.0492, 5.1436], [-54.0494, 5.1445], [-54.0493, 5.1455], [-54.0476, 5.1464], [-54.0481, 5.1474], [-54.0487, 5.1483], [-54.0486, 5.1492], [-54.0477, 5.1499], [-54.0468, 5.1508], [-54.0468, 5.1517], [-54.0477, 5.153], [-54.0482, 5.1542], [-54.0487, 5.1551], [-54.0494, 5.1566], [-54.0499, 5.158], [-54.0503, 5.159], [-54.052, 5.1595], [-54.053, 5.1601], [-54.0534, 5.1622], [-54.0538, 5.1635], [-54.0549, 5.1641], [-54.0549, 5.1654], [-54.0553, 5.1666], [-54.0553, 5.1676], [-54.0548, 5.1686], [-54.0544, 5.1701], [-54.0543, 5.171], [-54.0544, 5.172], [-54.0544, 5.1729], [-54.0544, 5.174], [-54.0544, 5.1749], [-54.0542, 5.1758], [-54.0531, 5.1767], [-54.0523, 5.1776], [-54.0513, 5.1787], [-54.0504, 5.1793], [-54.0494, 5.1787], [-54.0491, 5.1778], [-54.049, 5.1764], [-54.0487, 5.1752], [-54.0477, 5.1747], [-54.0466, 5.1755], [-54.0457, 5.1756], [-54.0448, 5.176], [-54.0439, 5.1755], [-54.043, 5.1751], [-54.0401, 5.1745], [-54.0391, 5.1749], [-54.0387, 5.1761], [-54.0387, 5.1784], [-54.0388, 5.1796], [-54.0389, 5.1805], [-54.0389, 5.182], [-54.0392, 5.1837], [-54.039, 5.1846], [-54.0375, 5.1855], [-54.0364, 5.1857], [-54.0356, 5.1845], [-54.0348, 5.184], [-54.0339, 5.1845], [-54.033, 5.1851], [-54.0321, 5.1874], [-54.0319, 5.1888], [-54.0313, 5.1918], [-54.0312, 5.1928], [-54.0312, 5.1948], [-54.0314, 5.1958], [-54.0307, 5.1973], [-54.0304, 5.1989], [-54.0304, 5.2], [-54.0307, 5.2012], [-54.0311, 5.2024], [-54.032, 5.2035], [-54.0328, 5.2043], [-54.0326, 5.2052], [-54.0317, 5.2056], [-54.0306, 5.2055], [-54.0297, 5.2063], [-54.0295, 5.2077], [-54.0299, 5.2087], [-54.0311, 5.21], [-54.0322, 5.2105], [-54.0327, 5.2114], [-54.0323, 5.2128], [-54.0312, 5.2144], [-54.0295, 5.2157], [-54.0286, 5.2158], [-54.0275, 5.2147], [-54.0267, 5.2142], [-54.0259, 5.2151], [-54.0255, 5.2159], [-54.0254, 5.217], [-54.0243, 5.2182], [-54.0238, 5.2191], [-54.0231, 5.22], [-54.0218, 5.2207], [-54.0208, 5.2211], [-54.0208, 5.2222], [-54.0197, 5.2229], [-54.0187, 5.2229], [-54.0183, 5.2218], [-54.017, 5.2224], [-54.0161, 5.2225], [-54.0151, 5.2233], [-54.0139, 5.2241], [-54.0129, 5.2237], [-54.0121, 5.2228], [-54.011, 5.2234], [-54.0102, 5.2237], [-54.009, 5.2239], [-54.0086, 5.2248], [-54.0078, 5.2258], [-54.0059, 5.227], [-54.0048, 5.2284], [-54.0037, 5.2296], [-54.0032, 5.2308], [-54.0028, 5.2321], [-54.0017, 5.2327], [-54.0006, 5.2324], [-53.9999, 5.2313], [-53.9991, 5.2322], [-53.9978, 5.2339], [-53.9967, 5.2348], [-53.9959, 5.2358], [-53.9961, 5.2369], [-53.9959, 5.2381], [-53.9959, 5.2393], [-53.9958, 5.2404], [-53.9951, 5.2418], [-53.9942, 5.2427], [-53.9931, 5.2434], [-53.9918, 5.2442], [-53.991, 5.2451], [-53.9912, 5.2461], [-53.9923, 5.2476], [-53.9925, 5.249], [-53.9918, 5.2506], [-53.9918, 5.2516], [-53.992, 5.2525], [-53.9928, 5.2536], [-53.9931, 5.2554], [-53.9928, 5.2564], [-53.9918, 5.2577], [-53.9908, 5.2589], [-53.9903, 5.2599], [-53.9897, 5.2614], [-53.9892, 5.2623], [-53.9888, 5.2633], [-53.9884, 5.2647], [-53.988, 5.2657], [-53.9867, 5.2657], [-53.9856, 5.265], [-53.985, 5.264], [-53.9838, 5.2638], [-53.9827, 5.2651], [-53.9819, 5.2667], [-53.9814, 5.2676], [-53.9816, 5.269], [-53.9811, 5.27], [-53.9799, 5.2707], [-53.9789, 5.2708], [-53.9777, 5.2706], [-53.9766, 5.27], [-53.9754, 5.2702], [-53.974, 5.27], [-53.9729, 5.2705], [-53.9728, 5.2714], [-53.9732, 5.2726], [-53.9738, 5.2735], [-53.9729, 5.2741], [-53.9709, 5.2749], [-53.9698, 5.2744], [-53.9692, 5.2735], [-53.9687, 5.2726], [-53.9675, 5.2739], [-53.9664, 5.2745], [-53.9664, 5.2758], [-53.9662, 5.2768], [-53.9653, 5.2773], [-53.964, 5.2772], [-53.963, 5.2769], [-53.9621, 5.2768], [-53.9602, 5.2764], [-53.9592, 5.2768], [-53.9588, 5.2778], [-53.9576, 5.2779], [-53.9568, 5.2769], [-53.9557, 5.2764], [-53.9548, 5.2776], [-53.9536, 5.2786], [-53.9527, 5.2787], [-53.9515, 5.2789], [-53.9506, 5.2789], [-53.9495, 5.2792], [-53.9482, 5.2797], [-53.9471, 5.2803], [-53.9459, 5.2805], [-53.945, 5.2803], [-53.9436, 5.2792], [-53.9424, 5.28], [-53.9414, 5.2808], [-53.9405, 5.2816], [-53.9394, 5.2827], [-53.9389, 5.2839], [-53.9389, 5.2848], [-53.9391, 5.286], [-53.9395, 5.2872], [-53.9391, 5.2887], [-53.939, 5.2898], [-53.9392, 5.2906], [-53.9399, 5.2916], [-53.939, 5.2914], [-53.938, 5.2902], [-53.9372, 5.2897], [-53.9362, 5.2897], [-53.9353, 5.2898], [-53.9342, 5.29], [-53.9337, 5.2911], [-53.9339, 5.292], [-53.9332, 5.2929], [-53.9316, 5.2921], [-53.9307, 5.2917], [-53.9298, 5.2923], [-53.9288, 5.2926], [-53.928, 5.2922], [-53.927, 5.2913], [-53.926, 5.2908], [-53.925, 5.2905], [-53.9231, 5.2901], [-53.9216, 5.2889], [-53.9204, 5.2886], [-53.9193, 5.2891], [-53.9196, 5.2913], [-53.9194, 5.2925], [-53.9197, 5.2938], [-53.919, 5.2949], [-53.9185, 5.2958], [-53.918, 5.2969], [-53.9176, 5.2983], [-53.9175, 5.2992], [-53.9174, 5.3004], [-53.9157, 5.3009], [-53.9141, 5.3011], [-53.9132, 5.302], [-53.9123, 5.3024], [-53.9112, 5.3023], [-53.9102, 5.3025], [-53.9093, 5.3024], [-53.9084, 5.3024], [-53.9075, 5.3025], [-53.9067, 5.3035], [-53.9063, 5.3045], [-53.9054, 5.3052], [-53.9044, 5.3047], [-53.9036, 5.3045], [-53.9027, 5.3043], [-53.9012, 5.3048], [-53.9004, 5.3052], [-53.9002, 5.3066], [-53.9003, 5.3075], [-53.9002, 5.3084], [-53.8986, 5.3078], [-53.8976, 5.3073], [-53.8965, 5.3065], [-53.8951, 5.3063], [-53.8942, 5.3064], [-53.8933, 5.307], [-53.8926, 5.3079], [-53.8915, 5.3078], [-53.8905, 5.3077], [-53.8895, 5.3072], [-53.8884, 5.307], [-53.8864, 5.3052], [-53.8852, 5.305], [-53.8843, 5.3055], [-53.8827, 5.3066], [-53.8817, 5.3069], [-53.8808, 5.3075], [-53.8798, 5.3072], [-53.8787, 5.3072], [-53.8779, 5.3075], [-53.8769, 5.3078], [-53.8761, 5.3089], [-53.8761, 5.3098], [-53.8757, 5.311], [-53.8751, 5.3119], [-53.8748, 5.313], [-53.8746, 5.3139], [-53.8743, 5.3148], [-53.8752, 5.3159], [-53.8749, 5.3168], [-53.874, 5.3178], [-53.8736, 5.3188], [-53.873, 5.3201], [-53.8726, 5.3211], [-53.8732, 5.3221], [-53.8732, 5.323], [-53.873, 5.324], [-53.8734, 5.3249], [-53.8731, 5.3259], [-53.8722, 5.3267], [-53.8714, 5.3277], [-53.8704, 5.3283], [-53.869, 5.329], [-53.8677, 5.3297], [-53.867, 5.3307], [-53.868, 5.3317], [-53.8687, 5.3329], [-53.8684, 5.3339], [-53.868, 5.3351], [-53.8672, 5.3354], [-53.8674, 5.3365], [-53.8674, 5.3375], [-53.8664, 5.3387], [-53.8653, 5.3394], [-53.8644, 5.3405], [-53.8636, 5.3416], [-53.863, 5.3427], [-53.8626, 5.3436], [-53.8632, 5.3449], [-53.8635, 5.3463], [-53.8641, 5.3476], [-53.8635, 5.3488], [-53.8627, 5.3493], [-53.8618, 5.3498], [-53.861, 5.3501], [-53.8599, 5.3502], [-53.8588, 5.351], [-53.8588, 5.3519], [-53.8591, 5.3529], [-53.8595, 5.3543], [-53.8591, 5.3554], [-53.8589, 5.3564], [-53.8588, 5.3574], [-53.8602, 5.3582], [-53.8604, 5.3591], [-53.8608, 5.3601], [-53.8602, 5.3613], [-53.8605, 5.3622], [-53.8614, 5.3633], [-53.8616, 5.3645], [-53.8618, 5.366], [-53.8626, 5.367], [-53.8623, 5.3684], [-53.8614, 5.3697], [-53.8599, 5.37], [-53.8589, 5.37], [-53.8577, 5.3705], [-53.8563, 5.3714], [-53.8562, 5.3723], [-53.8568, 5.3738], [-53.8561, 5.3749], [-53.8552, 5.3749], [-53.8544, 5.3743], [-53.8532, 5.3746], [-53.8522, 5.3754], [-53.8516, 5.3764], [-53.8509, 5.3779], [-53.8513, 5.3788], [-53.8523, 5.3795], [-53.8517, 5.3804], [-53.8512, 5.3813], [-53.8509, 5.3832], [-53.8509, 5.3843], [-53.8508, 5.3856], [-53.8499, 5.3866], [-53.8492, 5.3876], [-53.8491, 5.3885], [-53.85, 5.3892], [-53.8497, 5.3901], [-53.8491, 5.3914], [-53.8479, 5.3919], [-53.8469, 5.3933], [-53.8471, 5.3942], [-53.8476, 5.3951], [-53.8467, 5.3962], [-53.8461, 5.3975], [-53.8471, 5.3982], [-53.848, 5.398], [-53.8494, 5.3986], [-53.8508, 5.3986], [-53.8509, 5.3996], [-53.8518, 5.3999], [-53.8527, 5.3994], [-53.8538, 5.3993], [-53.8552, 5.3974], [-53.8566, 5.3963], [-53.8578, 5.3953], [-53.8588, 5.3955], [-53.86, 5.3963], [-53.8604, 5.3975], [-53.8614, 5.3979], [-53.8624, 5.3981], [-53.8631, 5.3993], [-53.8638, 5.4003], [-53.8646, 5.3999], [-53.8653, 5.3986], [-53.8665, 5.3992], [-53.8676, 5.4002], [-53.8681, 5.4011], [-53.8669, 5.4018], [-53.8659, 5.4022], [-53.8651, 5.4024], [-53.8639, 5.4037], [-53.8639, 5.4047], [-53.8645, 5.4056], [-53.8655, 5.4069], [-53.8657, 5.4081], [-53.8668, 5.409], [-53.8679, 5.4088], [-53.8694, 5.4091], [-53.8704, 5.41], [-53.8713, 5.4108], [-53.8721, 5.4119], [-53.8732, 5.4127], [-53.874, 5.4131], [-53.8746, 5.4142], [-53.8758, 5.4149], [-53.8768, 5.4145], [-53.8777, 5.4149], [-53.8787, 5.4156], [-53.8793, 5.4167], [-53.8803, 5.4175], [-53.881, 5.4185], [-53.8821, 5.4185], [-53.8831, 5.4182], [-53.884, 5.4186], [-53.8841, 5.4198], [-53.8843, 5.4208], [-53.8854, 5.4211], [-53.8868, 5.4213], [-53.888, 5.4213], [-53.889, 5.4219], [-53.8894, 5.4233], [-53.8904, 5.4239], [-53.8913, 5.4249], [-53.8924, 5.4255], [-53.8943, 5.4259], [-53.8956, 5.4261], [-53.8968, 5.4265], [-53.8983, 5.4261], [-53.8992, 5.4262], [-53.9, 5.4276], [-53.9008, 5.4289], [-53.9018, 5.4281], [-53.9028, 5.4283], [-53.9034, 5.4293], [-53.9041, 5.4303], [-53.9042, 5.4312], [-53.9038, 5.432], [-53.904, 5.4334], [-53.9033, 5.4345], [-53.9033, 5.4356], [-53.9031, 5.4366], [-53.9027, 5.4376], [-53.9025, 5.4395], [-53.9027, 5.4405], [-53.9031, 5.4414], [-53.9032, 5.4424], [-53.9023, 5.4428], [-53.9017, 5.4439], [-53.9025, 5.4452], [-53.9034, 5.4457], [-53.9045, 5.4462], [-53.906, 5.4449], [-53.9071, 5.4453], [-53.9085, 5.4465], [-53.9094, 5.447], [-53.9104, 5.4474], [-53.9112, 5.4487], [-53.912, 5.4497], [-53.9136, 5.4502], [-53.9135, 5.4511], [-53.9125, 5.452], [-53.9124, 5.4529], [-53.9136, 5.4541], [-53.9142, 5.4552], [-53.9146, 5.4562], [-53.9165, 5.4573], [-53.9159, 5.4587], [-53.9164, 5.4596], [-53.9175, 5.4598], [-53.9184, 5.4602], [-53.9192, 5.4615], [-53.9193, 5.4624], [-53.9189, 5.4633], [-53.919, 5.4643], [-53.9194, 5.4653], [-53.919, 5.4664], [-53.9184, 5.4675], [-53.9175, 5.4683], [-53.9181, 5.4694], [-53.9196, 5.47], [-53.9209, 5.4705], [-53.9226, 5.4711], [-53.9235, 5.4714], [-53.9237, 5.4725], [-53.9237, 5.4734], [-53.9237, 5.4744], [-53.9235, 5.4756], [-53.9242, 5.4769], [-53.9252, 5.4776], [-53.9258, 5.4764], [-53.9276, 5.4766], [-53.9287, 5.4768], [-53.9292, 5.4757], [-53.9303, 5.4745], [-53.9314, 5.4748], [-53.9322, 5.475], [-53.9335, 5.4767], [-53.9345, 5.4769], [-53.9355, 5.4767], [-53.9363, 5.4763], [-53.9358, 5.4774], [-53.9358, 5.4786], [-53.9366, 5.4796], [-53.9373, 5.4804], [-53.937, 5.4814], [-53.937, 5.4828], [-53.9371, 5.4849], [-53.9369, 5.4863], [-53.9378, 5.488], [-53.9393, 5.4892], [-53.9407, 5.4904], [-53.94, 5.4916], [-53.9397, 5.4927], [-53.94, 5.4937], [-53.9395, 5.4946], [-53.9386, 5.4954], [-53.9373, 5.4959], [-53.936, 5.4959], [-53.9348, 5.4961], [-53.9336, 5.4974], [-53.9323, 5.4979], [-53.9306, 5.498], [-53.9297, 5.4981], [-53.9286, 5.499], [-53.9273, 5.501], [-53.9264, 5.5019], [-53.9255, 5.5027], [-53.9242, 5.5042], [-53.9224, 5.5053], [-53.9207, 5.506], [-53.9184, 5.5068], [-53.9175, 5.507], [-53.9163, 5.5072], [-53.9155, 5.5081], [-53.9159, 5.509], [-53.917, 5.5097], [-53.9175, 5.5106], [-53.9175, 5.5117], [-53.917, 5.513], [-53.9169, 5.5139], [-53.9158, 5.5173], [-53.9156, 5.5193], [-53.9153, 5.5204], [-53.9144, 5.5212], [-53.9128, 5.5213], [-53.9119, 5.5214], [-53.9102, 5.5221], [-53.9094, 5.5224], [-53.9083, 5.5227], [-53.9064, 5.5259], [-53.9047, 5.5272], [-53.9035, 5.5277], [-53.9021, 5.528], [-53.9006, 5.5282], [-53.8991, 5.5282], [-53.8981, 5.5281], [-53.8968, 5.528], [-53.8954, 5.5278], [-53.8944, 5.5272], [-53.8937, 5.5263], [-53.8931, 5.5252], [-53.8921, 5.5249], [-53.8912, 5.5253], [-53.8906, 5.5266], [-53.8902, 5.5276], [-53.8891, 5.5285], [-53.8881, 5.5289], [-53.8872, 5.5292], [-53.8874, 5.5305], [-53.8877, 5.5316], [-53.888, 5.5327], [-53.888, 5.5336], [-53.8884, 5.5348], [-53.8887, 5.536], [-53.8889, 5.5371], [-53.8896, 5.5381], [-53.8911, 5.5389], [-53.8916, 5.5398], [-53.8919, 5.5409], [-53.8921, 5.542], [-53.8917, 5.5438], [-53.8918, 5.5456], [-53.8926, 5.5465], [-53.8934, 5.5474], [-53.8943, 5.5474], [-53.8954, 5.5485], [-53.8961, 5.5494], [-53.8965, 5.5506], [-53.8964, 5.5516], [-53.8956, 5.5527], [-53.895, 5.5538], [-53.8944, 5.5547], [-53.8936, 5.5557], [-53.8926, 5.5563], [-53.8917, 5.5571], [-53.8917, 5.5583], [-53.891, 5.5594], [-53.8909, 5.5603], [-53.8906, 5.5612], [-53.89, 5.5622], [-53.8891, 5.5624], [-53.8883, 5.5633], [-53.8886, 5.5642], [-53.8894, 5.5643], [-53.8895, 5.5653], [-53.8905, 5.5662], [-53.8916, 5.5661], [-53.8925, 5.5659], [-53.8938, 5.5668], [-53.8947, 5.566], [-53.8956, 5.5658], [-53.8965, 5.5656], [-53.8974, 5.5665], [-53.8974, 5.5675], [-53.8974, 5.5685], [-53.8981, 5.5699], [-53.8983, 5.571], [-53.8989, 5.5719], [-53.8991, 5.5728], [-53.8996, 5.5737], [-53.8987, 5.5741], [-53.8977, 5.5752], [-53.8978, 5.5762], [-53.8981, 5.5772], [-53.899, 5.5775], [-53.9, 5.5777], [-53.9004, 5.5786], [-53.9012, 5.5787], [-53.9017, 5.5779], [-53.9027, 5.5773], [-53.9037, 5.5773], [-53.9047, 5.5772], [-53.9042, 5.5781], [-53.9053, 5.5785], [-53.9061, 5.5783], [-53.907, 5.578], [-53.9078, 5.5779], [-53.9088, 5.5778], [-53.9097, 5.5785], [-53.9106, 5.5791], [-53.9121, 5.58], [-53.9131, 5.5794], [-53.914, 5.5782], [-53.915, 5.5775], [-53.9164, 5.5779], [-53.9183, 5.5791], [-53.9193, 5.5798], [-53.9209, 5.5806], [-53.922, 5.5817], [-53.9216, 5.5829], [-53.9218, 5.5844], [-53.9223, 5.5854], [-53.923, 5.5863], [-53.9242, 5.5875], [-53.9253, 5.5878], [-53.9265, 5.5872], [-53.9274, 5.5869], [-53.9284, 5.5863], [-53.9293, 5.5851], [-53.9296, 5.584], [-53.9296, 5.5829], [-53.9294, 5.582], [-53.9285, 5.5812], [-53.927, 5.5805], [-53.9261, 5.5795], [-53.9259, 5.5783], [-53.9261, 5.5769], [-53.9266, 5.5756], [-53.9274, 5.5745], [-53.9283, 5.5738], [-53.9294, 5.5736], [-53.9304, 5.5737], [-53.9314, 5.5741], [-53.9318, 5.5749], [-53.9327, 5.5764], [-53.9337, 5.5776], [-53.9341, 5.5787], [-53.9344, 5.58], [-53.9344, 5.5813], [-53.9348, 5.583], [-53.936, 5.5836], [-53.9374, 5.5835], [-53.9384, 5.5834], [-53.9395, 5.584], [-53.9397, 5.5851], [-53.9389, 5.5862], [-53.9385, 5.5873], [-53.9385, 5.5883], [-53.9396, 5.5898], [-53.9405, 5.5904], [-53.9414, 5.5905], [-53.9423, 5.5903], [-53.9435, 5.5889], [-53.9441, 5.5876], [-53.9442, 5.5862], [-53.944, 5.5846], [-53.9442, 5.5836], [-53.9452, 5.5828], [-53.948, 5.5835], [-53.9502, 5.5839], [-53.9512, 5.5841], [-53.9529, 5.584], [-53.9542, 5.5838], [-53.9552, 5.5837], [-53.9563, 5.5833], [-53.9572, 5.583], [-53.9581, 5.5831], [-53.9602, 5.5839], [-53.9616, 5.5845], [-53.9631, 5.5854], [-53.9639, 5.5859], [-53.9649, 5.5871], [-53.9656, 5.5885], [-53.9659, 5.5896], [-53.966, 5.5908], [-53.9658, 5.5918], [-53.9656, 5.5927], [-53.9656, 5.5942], [-53.9654, 5.5958], [-53.9654, 5.5974], [-53.9656, 5.5991], [-53.9661, 5.6007], [-53.9669, 5.6017], [-53.9678, 5.6022], [-53.9709, 5.6036], [-53.9743, 5.6053], [-53.9754, 5.6059], [-53.9763, 5.6064], [-53.9778, 5.6076], [-53.9786, 5.6087], [-53.9788, 5.6098], [-53.9786, 5.6108], [-53.9749, 5.6147], [-53.9743, 5.6156], [-53.9734, 5.617], [-53.973, 5.6183], [-53.9731, 5.6199], [-53.9735, 5.6212], [-53.9745, 5.6224], [-53.9759, 5.623], [-53.9774, 5.6231], [-53.9795, 5.6227], [-53.9804, 5.6224], [-53.9822, 5.6212], [-53.9845, 5.6188], [-53.9858, 5.6176], [-53.9872, 5.6164], [-53.9884, 5.6153], [-53.9894, 5.6146], [-53.9903, 5.6141], [-53.9912, 5.6138], [-53.9925, 5.6136], [-53.9939, 5.6137], [-53.9953, 5.6141], [-53.9987, 5.616], [-54.0062, 5.6181], [-54.0274, 5.6241]]], [[[-53.7967, 5.7082], [-53.7956, 5.7073], [-53.797, 5.7066], [-53.7978, 5.707], [-53.7988, 5.7077], [-53.7998, 5.7087], [-53.8006, 5.7097], [-53.7998, 5.7098], [-53.7987, 5.7094], [-53.7978, 5.7089], [-53.797, 5.7084], [-53.7967, 5.7082]]]]}}, {"type": "Feature", "properties": {"nom": "Matoury", "code": "97307", "codeDepartement": "973", "siren": "219733078", "codeEpci": "249730045", "codeRegion": "03", "codesPostaux": ["97351"], "population": 36512}, "geometry": {"type": "Polygon", "coordinates": [[[-52.34, 4.9158], [-52.3389, 4.9153], [-52.338, 4.915], [-52.337, 4.9144], [-52.3367, 4.9135], [-52.3362, 4.9126], [-52.3358, 4.9116], [-52.3353, 4.9106], [-52.3347, 4.9091], [-52.3344, 4.9082], [-52.3338, 4.9071], [-52.3334, 4.9062], [-52.3329, 4.9051], [-52.3326, 4.9041], [-52.3321, 4.9032], [-52.3315, 4.902], [-52.3311, 4.9008], [-52.3307, 4.8999], [-52.3302, 4.8987], [-52.3296, 4.8975], [-52.3291, 4.8964], [-52.3281, 4.8956], [-52.327, 4.8952], [-52.3259, 4.8949], [-52.3248, 4.8945], [-52.324, 4.8943], [-52.3228, 4.8938], [-52.3217, 4.893], [-52.3208, 4.8921], [-52.3199, 4.8914], [-52.3187, 4.891], [-52.3178, 4.8906], [-52.3166, 4.8908], [-52.3152, 4.8912], [-52.3147, 4.8902], [-52.3144, 4.8892], [-52.3144, 4.8883], [-52.3145, 4.8866], [-52.3145, 4.8847], [-52.3137, 4.884], [-52.3127, 4.884], [-52.3113, 4.8843], [-52.3105, 4.8842], [-52.3097, 4.8828], [-52.3095, 4.8818], [-52.3091, 4.8806], [-52.3084, 4.8796], [-52.3085, 4.8778], [-52.3092, 4.8767], [-52.3105, 4.8758], [-52.3112, 4.8749], [-52.3116, 4.874], [-52.3119, 4.8731], [-52.3117, 4.8721], [-52.3115, 4.8711], [-52.3114, 4.8702], [-52.3111, 4.8693], [-52.3099, 4.8685], [-52.3083, 4.8681], [-52.3051, 4.8667], [-52.3039, 4.8661], [-52.3024, 4.8651], [-52.3016, 4.8638], [-52.3008, 4.8627], [-52.3001, 4.8614], [-52.2995, 4.8596], [-52.2988, 4.8575], [-52.2986, 4.8566], [-52.2982, 4.8554], [-52.2976, 4.8543], [-52.297, 4.8534], [-52.2964, 4.8525], [-52.2955, 4.8517], [-52.2946, 4.8508], [-52.2937, 4.8499], [-52.2928, 4.8492], [-52.2916, 4.8489], [-52.2907, 4.8487], [-52.2898, 4.8487], [-52.2889, 4.8482], [-52.288, 4.848], [-52.2883, 4.847], [-52.2888, 4.8458], [-52.2894, 4.8447], [-52.2904, 4.8434], [-52.2914, 4.842], [-52.2924, 4.8404], [-52.2934, 4.8386], [-52.2939, 4.8375], [-52.2943, 4.8366], [-52.2949, 4.8355], [-52.2957, 4.8342], [-52.2962, 4.8333], [-52.2969, 4.8321], [-52.297, 4.8305], [-52.2975, 4.8292], [-52.2979, 4.8278], [-52.2982, 4.8266], [-52.2985, 4.8256], [-52.2988, 4.8247], [-52.2958, 4.8236], [-52.2963, 4.8217], [-52.2967, 4.8195], [-52.2968, 4.8162], [-52.2969, 4.815], [-52.297, 4.8107], [-52.2969, 4.8096], [-52.2972, 4.8079], [-52.299, 4.8011], [-52.3003, 4.7975], [-52.3021, 4.7928], [-52.304, 4.7892], [-52.3057, 4.7861], [-52.3068, 4.784], [-52.3074, 4.7827], [-52.3091, 4.7768], [-52.3097, 4.7746], [-52.3102, 4.7732], [-52.3107, 4.7722], [-52.3115, 4.7706], [-52.3129, 4.7682], [-52.3137, 4.767], [-52.3147, 4.7656], [-52.3156, 4.7643], [-52.3171, 4.7625], [-52.3181, 4.7613], [-52.3209, 4.7578], [-52.3221, 4.7561], [-52.3232, 4.7543], [-52.3238, 4.7531], [-52.3243, 4.7516], [-52.3255, 4.7483], [-52.326, 4.7474], [-52.3268, 4.7462], [-52.3282, 4.7449], [-52.3292, 4.7442], [-52.3303, 4.7437], [-52.3318, 4.743], [-52.3331, 4.7425], [-52.3348, 4.7416], [-52.3364, 4.7404], [-52.338, 4.7405], [-52.3396, 4.7407], [-52.3407, 4.7411], [-52.3416, 4.7417], [-52.3428, 4.743], [-52.3439, 4.7445], [-52.3448, 4.7459], [-52.3456, 4.7473], [-52.3464, 4.7485], [-52.3472, 4.7499], [-52.3481, 4.7515], [-52.3492, 4.7531], [-52.3501, 4.7545], [-52.3507, 4.7554], [-52.352, 4.7569], [-52.353, 4.7579], [-52.3541, 4.7587], [-52.3552, 4.7592], [-52.3563, 4.7595], [-52.3571, 4.7597], [-52.3591, 4.7599], [-52.3599, 4.7601], [-52.361, 4.7602], [-52.3624, 4.7602], [-52.3636, 4.7602], [-52.3644, 4.7606], [-52.3654, 4.7613], [-52.3661, 4.7622], [-52.3668, 4.7631], [-52.3674, 4.7641], [-52.3681, 4.7652], [-52.3691, 4.7658], [-52.3701, 4.7663], [-52.371, 4.7664], [-52.3721, 4.766], [-52.373, 4.7657], [-52.3739, 4.7659], [-52.3749, 4.7662], [-52.3755, 4.7672], [-52.3753, 4.7682], [-52.3745, 4.7699], [-52.3741, 4.7708], [-52.3738, 4.7718], [-52.3736, 4.7728], [-52.3737, 4.7737], [-52.3747, 4.7739], [-52.3756, 4.7738], [-52.3766, 4.7735], [-52.3779, 4.7734], [-52.3788, 4.7736], [-52.3796, 4.7739], [-52.3799, 4.7748], [-52.3802, 4.7762], [-52.3805, 4.778], [-52.3807, 4.7793], [-52.3806, 4.7813], [-52.3804, 4.7835], [-52.3807, 4.7844], [-52.3823, 4.7854], [-52.3832, 4.786], [-52.3836, 4.7871], [-52.3833, 4.788], [-52.382, 4.7887], [-52.3807, 4.7893], [-52.3795, 4.7905], [-52.3786, 4.7923], [-52.3788, 4.7934], [-52.3807, 4.7937], [-52.3816, 4.7939], [-52.3826, 4.7946], [-52.3828, 4.7955], [-52.3824, 4.7965], [-52.3814, 4.7976], [-52.381, 4.7988], [-52.3827, 4.8002], [-52.3835, 4.8011], [-52.3833, 4.8032], [-52.3831, 4.8042], [-52.383, 4.8059], [-52.3829, 4.8069], [-52.3828, 4.8091], [-52.3827, 4.8109], [-52.3826, 4.8119], [-52.3829, 4.8128], [-52.3819, 4.8143], [-52.3807, 4.8157], [-52.3796, 4.8167], [-52.3788, 4.8178], [-52.3783, 4.8188], [-52.3783, 4.8198], [-52.378, 4.8212], [-52.3778, 4.8221], [-52.3777, 4.8233], [-52.3778, 4.8244], [-52.3783, 4.8253], [-52.3797, 4.8265], [-52.3809, 4.8274], [-52.3817, 4.8282], [-52.3821, 4.8291], [-52.3816, 4.8302], [-52.3803, 4.8312], [-52.3794, 4.8317], [-52.3783, 4.8323], [-52.3774, 4.8335], [-52.3767, 4.8345], [-52.3767, 4.8357], [-52.3773, 4.8366], [-52.3783, 4.8371], [-52.3793, 4.8373], [-52.3803, 4.8373], [-52.3818, 4.8368], [-52.3828, 4.8362], [-52.3838, 4.8356], [-52.3854, 4.8348], [-52.3864, 4.8343], [-52.388, 4.8344], [-52.389, 4.8346], [-52.3902, 4.8355], [-52.3918, 4.8374], [-52.3915, 4.8383], [-52.3905, 4.8383], [-52.3891, 4.8386], [-52.3879, 4.8391], [-52.387, 4.8396], [-52.3866, 4.8405], [-52.387, 4.8415], [-52.3876, 4.8431], [-52.3881, 4.844], [-52.3891, 4.8449], [-52.3899, 4.846], [-52.3905, 4.8473], [-52.3917, 4.8487], [-52.3925, 4.8497], [-52.3934, 4.8502], [-52.3943, 4.8504], [-52.3952, 4.8502], [-52.3969, 4.8501], [-52.3979, 4.8499], [-52.3994, 4.8496], [-52.4008, 4.8494], [-52.4039, 4.8486], [-52.4053, 4.8481], [-52.4062, 4.8476], [-52.4071, 4.8478], [-52.4071, 4.8487], [-52.4077, 4.8497], [-52.4075, 4.8506], [-52.4074, 4.8517], [-52.4063, 4.8527], [-52.4061, 4.8536], [-52.4066, 4.8546], [-52.4074, 4.8556], [-52.4077, 4.8569], [-52.4085, 4.858], [-52.4092, 4.8592], [-52.4095, 4.8601], [-52.4098, 4.8613], [-52.4101, 4.8623], [-52.4102, 4.8633], [-52.4113, 4.8637], [-52.4105, 4.8649], [-52.4096, 4.8651], [-52.4084, 4.865], [-52.4074, 4.8647], [-52.406, 4.864], [-52.4047, 4.8632], [-52.4036, 4.8623], [-52.4026, 4.8611], [-52.4008, 4.8589], [-52.3996, 4.8573], [-52.3988, 4.8565], [-52.3968, 4.8555], [-52.3957, 4.8552], [-52.394, 4.8552], [-52.3925, 4.8556], [-52.3913, 4.856], [-52.3901, 4.8567], [-52.3886, 4.8578], [-52.3875, 4.8589], [-52.3869, 4.8598], [-52.3861, 4.8614], [-52.3855, 4.863], [-52.3853, 4.8646], [-52.3855, 4.8663], [-52.3861, 4.8687], [-52.3869, 4.8703], [-52.3886, 4.8727], [-52.3897, 4.8742], [-52.3909, 4.8761], [-52.3916, 4.8774], [-52.3918, 4.8785], [-52.3917, 4.8801], [-52.391, 4.8817], [-52.3901, 4.8831], [-52.3887, 4.8847], [-52.3876, 4.8859], [-52.3865, 4.8868], [-52.3851, 4.8881], [-52.3839, 4.8893], [-52.3824, 4.8907], [-52.3808, 4.8925], [-52.3797, 4.8937], [-52.3783, 4.8954], [-52.377, 4.8974], [-52.3759, 4.8999], [-52.3748, 4.9032], [-52.3733, 4.904], [-52.3694, 4.906], [-52.3675, 4.907], [-52.3668, 4.906], [-52.3658, 4.9047], [-52.3641, 4.9024], [-52.3629, 4.9035], [-52.362, 4.9041], [-52.3612, 4.9043], [-52.3602, 4.9053], [-52.3593, 4.9054], [-52.3607, 4.905], [-52.3598, 4.9052], [-52.3589, 4.9052], [-52.358, 4.9044], [-52.3571, 4.9038], [-52.3561, 4.9038], [-52.3552, 4.9038], [-52.3543, 4.9036], [-52.3534, 4.9035], [-52.3524, 4.9037], [-52.3516, 4.904], [-52.3506, 4.9044], [-52.3494, 4.9048], [-52.3486, 4.9052], [-52.3473, 4.9061], [-52.3463, 4.9068], [-52.3454, 4.9076], [-52.3442, 4.9088], [-52.3434, 4.9102], [-52.3423, 4.9116], [-52.3413, 4.9133], [-52.3406, 4.9144], [-52.3401, 4.9157], [-52.34, 4.9158]]]}}, {"type": "Feature", "properties": {"nom": "Saint-Georges", "code": "97308", "codeDepartement": "973", "siren": "219733086", "codeEpci": "249730052", "codeRegion": "03", "codesPostaux": ["97313"], "population": 4915}, "geometry": {"type": "Polygon", "coordinates": [[[-51.963, 4.0037], [-51.9615, 4.0031], [-51.9603, 4.0033], [-51.9589, 4.0038], [-51.9572, 4.0033], [-51.956, 4.0025], [-51.9554, 4.0016], [-51.9547, 4.0001], [-51.9539, 3.9994], [-51.9526, 3.9989], [-51.9516, 3.9995], [-51.9507, 3.9998], [-51.9492, 3.9986], [-51.9483, 3.9975], [-51.9474, 3.9973], [-51.9462, 3.9974], [-51.9448, 3.9973], [-51.9438, 3.9977], [-51.9432, 3.9988], [-51.9432, 4.0004], [-51.9435, 4.0014], [-51.9428, 4.0026], [-51.9409, 4.0042], [-51.94, 4.005], [-51.9391, 4.0052], [-51.9382, 4.0042], [-51.9377, 4.0018], [-51.9376, 4.0009], [-51.9377, 3.9994], [-51.9385, 3.9976], [-51.9376, 3.9969], [-51.9367, 3.9968], [-51.9348, 3.9964], [-51.9339, 3.9968], [-51.9338, 3.9991], [-51.9334, 4.0001], [-51.9329, 4.0014], [-51.9316, 4.0031], [-51.9308, 4.0034], [-51.9292, 4.0022], [-51.9266, 4.0023], [-51.9252, 4.0023], [-51.9243, 4.0024], [-51.9232, 4.0025], [-51.922, 4.002], [-51.9217, 4.0007], [-51.9211, 3.9998], [-51.92, 3.9993], [-51.919, 3.9992], [-51.917, 3.9991], [-51.9154, 3.9991], [-51.9137, 3.9982], [-51.9126, 3.9968], [-51.9114, 3.9955], [-51.9111, 3.9946], [-51.9108, 3.9936], [-51.9103, 3.9925], [-51.909, 3.9915], [-51.908, 3.9912], [-51.9071, 3.9912], [-51.9058, 3.9906], [-51.9047, 3.9897], [-51.9033, 3.9896], [-51.9024, 3.9894], [-51.9012, 3.9891], [-51.9002, 3.9887], [-51.8987, 3.989], [-51.8978, 3.99], [-51.8968, 3.9903], [-51.8948, 3.9903], [-51.8935, 3.9902], [-51.8915, 3.9897], [-51.8906, 3.9889], [-51.8903, 3.9866], [-51.89, 3.9857], [-51.8885, 3.9848], [-51.8876, 3.9841], [-51.8863, 3.9826], [-51.8856, 3.9818], [-51.8847, 3.982], [-51.8836, 3.9825], [-51.8825, 3.9814], [-51.8814, 3.9809], [-51.8805, 3.9819], [-51.8795, 3.9817], [-51.8784, 3.981], [-51.8774, 3.9807], [-51.8765, 3.9807], [-51.8756, 3.9796], [-51.8753, 3.9787], [-51.875, 3.9777], [-51.8744, 3.9768], [-51.8734, 3.9761], [-51.8718, 3.9765], [-51.8708, 3.9769], [-51.8696, 3.9773], [-51.8686, 3.9777], [-51.8676, 3.9782], [-51.8668, 3.9782], [-51.8665, 3.977], [-51.8658, 3.976], [-51.8643, 3.9744], [-51.8627, 3.9743], [-51.8619, 3.9753], [-51.862, 3.9767], [-51.8617, 3.9777], [-51.8607, 3.9787], [-51.8601, 3.9797], [-51.8591, 3.9801], [-51.8584, 3.9791], [-51.8568, 3.9767], [-51.8559, 3.9762], [-51.855, 3.9763], [-51.8544, 3.9775], [-51.8542, 3.9784], [-51.854, 3.9799], [-51.8546, 3.9808], [-51.8553, 3.9817], [-51.8549, 3.9827], [-51.8539, 3.9841], [-51.8533, 3.9854], [-51.8534, 3.9873], [-51.8534, 3.9882], [-51.8529, 3.9894], [-51.8518, 3.9897], [-51.8509, 3.9896], [-51.8499, 3.9893], [-51.8488, 3.9897], [-51.8481, 3.9907], [-51.8473, 3.9909], [-51.846, 3.9888], [-51.8448, 3.9885], [-51.8439, 3.9884], [-51.8424, 3.9893], [-51.8414, 3.9896], [-51.8398, 3.9895], [-51.8386, 3.9891], [-51.8376, 3.9893], [-51.8377, 3.9905], [-51.8374, 3.9914], [-51.8365, 3.9914], [-51.8355, 3.9907], [-51.8348, 3.9898], [-51.8337, 3.9893], [-51.8327, 3.9894], [-51.8315, 3.9911], [-51.831, 3.9925], [-51.83, 3.9932], [-51.8283, 3.9933], [-51.8273, 3.9928], [-51.8259, 3.9912], [-51.8249, 3.9901], [-51.8239, 3.9895], [-51.8226, 3.9896], [-51.8216, 3.9898], [-51.821, 3.9908], [-51.8203, 3.9926], [-51.818, 3.9935], [-51.817, 3.9934], [-51.8164, 3.9922], [-51.8165, 3.9911], [-51.8165, 3.9899], [-51.8153, 3.9896], [-51.8144, 3.9896], [-51.8131, 3.9888], [-51.8125, 3.9879], [-51.811, 3.9871], [-51.8097, 3.987], [-51.8087, 3.9869], [-51.8078, 3.9869], [-51.8068, 3.9884], [-51.8066, 3.9894], [-51.8054, 3.9901], [-51.8035, 3.9907], [-51.802, 3.9919], [-51.8008, 3.9924], [-51.7998, 3.9923], [-51.7989, 3.9922], [-51.798, 3.9928], [-51.7973, 3.9942], [-51.7973, 3.9951], [-51.7974, 3.9961], [-51.7959, 3.997], [-51.795, 3.997], [-51.7946, 3.9979], [-51.7941, 3.999], [-51.794, 4.0006], [-51.7902, 4.0025], [-51.7892, 4.0017], [-51.7883, 4.0014], [-51.7871, 4.0013], [-51.7862, 4.0014], [-51.7853, 4.0014], [-51.7827, 4.0025], [-51.7819, 4.0034], [-51.782, 4.0046], [-51.7823, 4.0055], [-51.7829, 4.0072], [-51.7841, 4.0084], [-51.7851, 4.0089], [-51.7863, 4.0096], [-51.7872, 4.0098], [-51.7882, 4.0097], [-51.789, 4.0112], [-51.7905, 4.0118], [-51.7916, 4.0118], [-51.7928, 4.0125], [-51.794, 4.0134], [-51.7943, 4.0146], [-51.7936, 4.0157], [-51.7927, 4.0159], [-51.7916, 4.0171], [-51.7916, 4.0185], [-51.7916, 4.0195], [-51.7914, 4.0206], [-51.7909, 4.0219], [-51.7907, 4.0228], [-51.7907, 4.0238], [-51.7912, 4.0252], [-51.7914, 4.0261], [-51.7917, 4.0271], [-51.7923, 4.0284], [-51.7931, 4.0291], [-51.794, 4.0296], [-51.7941, 4.0306], [-51.7935, 4.0315], [-51.7922, 4.0325], [-51.7913, 4.0329], [-51.7903, 4.0335], [-51.7895, 4.0346], [-51.7888, 4.0357], [-51.788, 4.0364], [-51.7872, 4.0378], [-51.7873, 4.0391], [-51.7877, 4.04], [-51.788, 4.0411], [-51.7869, 4.0422], [-51.7861, 4.0425], [-51.7849, 4.0425], [-51.784, 4.0425], [-51.7829, 4.0424], [-51.7815, 4.0422], [-51.7805, 4.0425], [-51.779, 4.0432], [-51.7781, 4.0433], [-51.7772, 4.0435], [-51.7757, 4.0441], [-51.7746, 4.0447], [-51.7734, 4.0449], [-51.7725, 4.044], [-51.7713, 4.0425], [-51.7702, 4.0417], [-51.7693, 4.0415], [-51.7677, 4.0414], [-51.7668, 4.0413], [-51.7652, 4.0409], [-51.7632, 4.0402], [-51.7618, 4.0405], [-51.7605, 4.0416], [-51.759, 4.0423], [-51.758, 4.0427], [-51.7572, 4.0428], [-51.7563, 4.0427], [-51.7555, 4.0424], [-51.7546, 4.0421], [-51.7536, 4.0421], [-51.7527, 4.0432], [-51.7522, 4.0443], [-51.752, 4.0455], [-51.7514, 4.0474], [-51.7512, 4.0486], [-51.7521, 4.0496], [-51.7521, 4.0507], [-51.7516, 4.0516], [-51.7503, 4.0525], [-51.7493, 4.0528], [-51.7479, 4.0529], [-51.7468, 4.0529], [-51.7454, 4.053], [-51.744, 4.0531], [-51.7422, 4.0532], [-51.7413, 4.0533], [-51.7402, 4.0534], [-51.739, 4.0549], [-51.7382, 4.0565], [-51.737, 4.0578], [-51.7354, 4.0588], [-51.7338, 4.0595], [-51.7326, 4.06], [-51.7311, 4.0605], [-51.7288, 4.0611], [-51.7279, 4.0616], [-51.7271, 4.0628], [-51.7264, 4.0646], [-51.7248, 4.0665], [-51.724, 4.0675], [-51.7231, 4.0684], [-51.7224, 4.0692], [-51.7209, 4.0702], [-51.7189, 4.0709], [-51.7142, 4.072], [-51.7123, 4.0725], [-51.7087, 4.0736], [-51.7067, 4.0744], [-51.7015, 4.0769], [-51.6995, 4.0779], [-51.6985, 4.0787], [-51.6977, 4.0796], [-51.6968, 4.0812], [-51.6936, 4.0903], [-51.6935, 4.0916], [-51.6934, 4.0932], [-51.6934, 4.0946], [-51.6936, 4.0962], [-51.694, 4.098], [-51.6948, 4.1003], [-51.6955, 4.1016], [-51.6965, 4.1024], [-51.6984, 4.1034], [-51.7004, 4.1041], [-51.7013, 4.1043], [-51.7023, 4.1045], [-51.7043, 4.1045], [-51.7064, 4.1046], [-51.7077, 4.1045], [-51.7131, 4.1046], [-51.7143, 4.1053], [-51.7151, 4.1068], [-51.7151, 4.1088], [-51.7151, 4.1097], [-51.7148, 4.1109], [-51.7142, 4.1122], [-51.7137, 4.1131], [-51.7128, 4.1144], [-51.7119, 4.1153], [-51.7108, 4.1162], [-51.7095, 4.1174], [-51.7076, 4.1186], [-51.7062, 4.1195], [-51.7051, 4.1203], [-51.7045, 4.1213], [-51.7041, 4.1228], [-51.7041, 4.1253], [-51.7043, 4.1264], [-51.7048, 4.1275], [-51.7058, 4.1285], [-51.7083, 4.1293], [-51.7093, 4.1297], [-51.7102, 4.1303], [-51.7099, 4.1313], [-51.709, 4.1319], [-51.707, 4.1331], [-51.706, 4.1341], [-51.7055, 4.135], [-51.7045, 4.1355], [-51.7035, 4.1354], [-51.7022, 4.1345], [-51.701, 4.1346], [-51.7, 4.1356], [-51.6987, 4.1365], [-51.697, 4.1376], [-51.6961, 4.1382], [-51.6948, 4.1394], [-51.6942, 4.1403], [-51.6933, 4.1415], [-51.6926, 4.1424], [-51.6921, 4.1434], [-51.6913, 4.1442], [-51.6906, 4.1452], [-51.6888, 4.1476], [-51.6876, 4.1492], [-51.6863, 4.1509], [-51.6856, 4.1519], [-51.684, 4.1541], [-51.6826, 4.156], [-51.6796, 4.16], [-51.6726, 4.1696], [-51.6639, 4.1813], [-51.6628, 4.1829], [-51.6619, 4.1841], [-51.655, 4.1935], [-51.6542, 4.1946], [-51.6523, 4.1972], [-51.648, 4.203], [-51.6466, 4.2049], [-51.6408, 4.2128], [-51.6402, 4.2119], [-51.6398, 4.2109], [-51.6389, 4.2101], [-51.6383, 4.2091], [-51.638, 4.208], [-51.6376, 4.207], [-51.637, 4.206], [-51.6366, 4.2052], [-51.6362, 4.2041], [-51.6358, 4.2033], [-51.6356, 4.2021], [-51.6349, 4.2012], [-51.6191, 4.2011], [-51.6263, 4.1951], [-51.6286, 4.1916], [-51.631, 4.187], [-51.635, 4.1763], [-51.6357, 4.172], [-51.6362, 4.1676], [-51.6369, 4.1573], [-51.6376, 4.1333], [-51.6422, 4.1163], [-51.6424, 4.1133], [-51.6428, 4.1105], [-51.6432, 4.1063], [-51.6437, 4.103], [-51.6443, 4.0995], [-51.6447, 4.0971], [-51.6457, 4.0916], [-51.6464, 4.0871], [-51.647, 4.0835], [-51.6477, 4.0795], [-51.6485, 4.0764], [-51.6493, 4.0734], [-51.6509, 4.0704], [-51.6525, 4.0678], [-51.6539, 4.0635], [-51.6546, 4.0593], [-51.6553, 4.0562], [-51.6561, 4.0539], [-51.6577, 4.0516], [-51.6595, 4.0498], [-51.6614, 4.0485], [-51.663, 4.0472], [-51.6651, 4.0457], [-51.6674, 4.0441], [-51.6695, 4.0424], [-51.6712, 4.0404], [-51.6726, 4.0384], [-51.6741, 4.0371], [-51.6757, 4.0361], [-51.679, 4.035], [-51.6813, 4.0345], [-51.6828, 4.034], [-51.6851, 4.0329], [-51.6868, 4.0319], [-51.6882, 4.031], [-51.6898, 4.03], [-51.6913, 4.0292], [-51.693, 4.0284], [-51.6953, 4.0278], [-51.6968, 4.0271], [-51.7008, 4.0253], [-51.7022, 4.0244], [-51.7033, 4.023], [-51.7048, 4.0214], [-51.7061, 4.0198], [-51.7075, 4.0187], [-51.7087, 4.018], [-51.7107, 4.0176], [-51.7135, 4.017], [-51.7166, 4.0159], [-51.7195, 4.0143], [-51.7221, 4.013], [-51.7252, 4.0114], [-51.7274, 4.0097], [-51.7295, 4.0081], [-51.732, 4.0069], [-51.7342, 4.0061], [-51.7359, 4.0054], [-51.7379, 4.005], [-51.7398, 4.0044], [-51.7417, 4.0036], [-51.744, 4.0025], [-51.7457, 4.0015], [-51.7476, 3.9999], [-51.7499, 3.9982], [-51.7514, 3.9968], [-51.7538, 3.995], [-51.7567, 3.9933], [-51.7583, 3.9922], [-51.7592, 3.9908], [-51.7601, 3.9891], [-51.7612, 3.9875], [-51.7628, 3.9856], [-51.7645, 3.9841], [-51.7662, 3.9829], [-51.77, 3.9804], [-51.7739, 3.9779], [-51.7758, 3.9765], [-51.7776, 3.9746], [-51.7797, 3.9714], [-51.781, 3.9689], [-51.7818, 3.9666], [-51.7823, 3.9641], [-51.7825, 3.9618], [-51.7823, 3.9569], [-51.7822, 3.955], [-51.7823, 3.9529], [-51.7828, 3.9494], [-51.7833, 3.9477], [-51.7832, 3.9465], [-51.7823, 3.9449], [-51.7812, 3.9432], [-51.7805, 3.9419], [-51.7803, 3.941], [-51.7804, 3.94], [-51.7806, 3.9388], [-51.781, 3.9368], [-51.7813, 3.9355], [-51.7812, 3.9345], [-51.7813, 3.9331], [-51.7814, 3.9303], [-51.7813, 3.9263], [-51.7813, 3.9252], [-51.7815, 3.9242], [-51.7818, 3.9231], [-51.7822, 3.9218], [-51.7826, 3.9208], [-51.7834, 3.9188], [-51.7843, 3.9166], [-51.7854, 3.9143], [-51.7862, 3.9122], [-51.7874, 3.9098], [-51.7888, 3.9067], [-51.7895, 3.9053], [-51.7901, 3.904], [-51.7909, 3.9023], [-51.7916, 3.9011], [-51.7922, 3.8998], [-51.793, 3.8986], [-51.7937, 3.8976], [-51.7944, 3.8963], [-51.7952, 3.8943], [-51.7958, 3.8928], [-51.7963, 3.8913], [-51.7969, 3.8901], [-51.7975, 3.889], [-51.7982, 3.8878], [-51.7992, 3.8862], [-51.8008, 3.885], [-51.8017, 3.8844], [-51.8026, 3.8837], [-51.8039, 3.882], [-51.8056, 3.8799], [-51.807, 3.8786], [-51.8081, 3.8777], [-51.809, 3.8768], [-51.8102, 3.8758], [-51.8112, 3.8749], [-51.8123, 3.8739], [-51.8138, 3.8727], [-51.8151, 3.8721], [-51.8161, 3.8718], [-51.8171, 3.8718], [-51.8185, 3.8714], [-51.8195, 3.8711], [-51.8203, 3.8706], [-51.8215, 3.8692], [-51.822, 3.8683], [-51.8225, 3.867], [-51.8227, 3.8656], [-51.8227, 3.8642], [-51.8225, 3.8628], [-51.8224, 3.8615], [-51.8227, 3.8604], [-51.823, 3.8594], [-51.8243, 3.8578], [-51.8262, 3.8565], [-51.8282, 3.8549], [-51.8301, 3.8536], [-51.8311, 3.8527], [-51.8337, 3.8515], [-51.836, 3.8509], [-51.8369, 3.8506], [-51.8378, 3.85], [-51.839, 3.849], [-51.8401, 3.8478], [-51.8412, 3.8461], [-51.8437, 3.8429], [-51.8456, 3.841], [-51.8491, 3.8382], [-51.8538, 3.8346], [-51.8564, 3.8327], [-51.8569, 3.8302], [-51.8575, 3.8285], [-51.8584, 3.8265], [-51.8601, 3.8253], [-51.8618, 3.8239], [-51.864, 3.8219], [-51.8659, 3.8188], [-51.8675, 3.8159], [-51.8682, 3.814], [-51.8684, 3.8117], [-51.8689, 3.81], [-51.8696, 3.8083], [-51.8707, 3.8065], [-51.8727, 3.8042], [-51.874, 3.8032], [-51.875, 3.8029], [-51.8759, 3.8027], [-51.8769, 3.8025], [-51.8781, 3.8026], [-51.8792, 3.8031], [-51.8809, 3.8031], [-51.883, 3.802], [-51.8841, 3.8016], [-51.8847, 3.8005], [-51.8846, 3.7993], [-51.8849, 3.7974], [-51.8858, 3.7971], [-51.8859, 3.7955], [-51.8861, 3.7945], [-51.8872, 3.7944], [-51.8881, 3.7946], [-51.889, 3.7949], [-51.8911, 3.7962], [-51.8944, 3.7973], [-51.8962, 3.7977], [-51.8978, 3.7982], [-51.8989, 3.7991], [-51.9001, 3.7999], [-51.902, 3.8003], [-51.9029, 3.8002], [-51.9043, 3.7993], [-51.9047, 3.7983], [-51.9048, 3.797], [-51.9047, 3.7959], [-51.9044, 3.7942], [-51.9034, 3.7928], [-51.9023, 3.7921], [-51.9009, 3.7915], [-51.899, 3.7915], [-51.8978, 3.7913], [-51.8965, 3.7896], [-51.8958, 3.7879], [-51.896, 3.7859], [-51.8971, 3.7844], [-51.8981, 3.7838], [-51.8994, 3.7838], [-51.9013, 3.784], [-51.9031, 3.7839], [-51.9038, 3.7828], [-51.9042, 3.7814], [-51.9056, 3.7807], [-51.9072, 3.7808], [-51.9081, 3.7809], [-51.9094, 3.7799], [-51.9104, 3.7794], [-51.9115, 3.7794], [-51.9125, 3.7796], [-51.9139, 3.7804], [-51.9162, 3.7818], [-51.9172, 3.7819], [-51.9188, 3.7816], [-51.9199, 3.7808], [-51.9211, 3.7793], [-51.9213, 3.7784], [-51.9212, 3.7775], [-51.9211, 3.7766], [-51.9206, 3.7755], [-51.9207, 3.7743], [-51.9214, 3.773], [-51.9221, 3.7721], [-51.9239, 3.7712], [-51.9254, 3.7703], [-51.9264, 3.769], [-51.9266, 3.7673], [-51.9254, 3.7654], [-51.9236, 3.7642], [-51.9231, 3.7634], [-51.9221, 3.7619], [-51.9215, 3.7605], [-51.921, 3.7593], [-51.9207, 3.7579], [-51.9204, 3.7555], [-51.9202, 3.752], [-51.9199, 3.7504], [-51.9188, 3.7491], [-51.9179, 3.7482], [-51.9161, 3.7457], [-51.9165, 3.7442], [-51.9174, 3.743], [-51.9184, 3.7417], [-51.9191, 3.7406], [-51.9198, 3.7391], [-51.9202, 3.7373], [-51.9192, 3.7325], [-51.9189, 3.7316], [-51.9191, 3.7306], [-51.9198, 3.7282], [-51.9209, 3.7259], [-51.9217, 3.7243], [-51.9227, 3.7231], [-51.925, 3.7222], [-51.9265, 3.7221], [-51.928, 3.7223], [-51.9299, 3.7227], [-51.9325, 3.7233], [-51.9331, 3.7223], [-51.9336, 3.721], [-51.9347, 3.7199], [-51.9356, 3.7194], [-51.9374, 3.7199], [-51.9386, 3.7209], [-51.9398, 3.7212], [-51.9413, 3.7209], [-51.9426, 3.7208], [-51.9437, 3.7209], [-51.945, 3.721], [-51.9461, 3.7213], [-51.9472, 3.722], [-51.9493, 3.7225], [-51.9508, 3.7226], [-51.952, 3.7223], [-51.9529, 3.7219], [-51.9546, 3.7212], [-51.9558, 3.7204], [-51.9571, 3.7182], [-51.957, 3.7169], [-51.9567, 3.7159], [-51.9566, 3.7143], [-51.9577, 3.7131], [-51.9595, 3.7133], [-51.9605, 3.7135], [-51.9621, 3.7132], [-51.9636, 3.7122], [-51.966, 3.7107], [-51.9672, 3.7093], [-51.9689, 3.7078], [-51.9709, 3.7066], [-51.9726, 3.7055], [-51.9731, 3.7042], [-51.9735, 3.703], [-51.9736, 3.7008], [-51.9737, 3.6991], [-51.974, 3.698], [-51.9744, 3.6968], [-51.9748, 3.6951], [-51.9751, 3.694], [-51.976, 3.6931], [-51.9772, 3.6925], [-51.9775, 3.6912], [-51.9776, 3.6901], [-51.9775, 3.6888], [-51.9777, 3.6853], [-51.9783, 3.6836], [-51.9788, 3.6824], [-51.9797, 3.6809], [-51.9807, 3.6796], [-51.9813, 3.6785], [-51.9835, 3.6771], [-51.9845, 3.6765], [-51.9858, 3.6742], [-51.9864, 3.6726], [-51.9868, 3.6696], [-51.987, 3.668], [-51.9874, 3.6666], [-51.9877, 3.6656], [-51.9882, 3.6644], [-51.9885, 3.6631], [-51.9887, 3.662], [-51.9885, 3.6607], [-51.988, 3.6593], [-51.9876, 3.6583], [-51.9872, 3.6574], [-51.9869, 3.6561], [-51.9869, 3.6551], [-51.9869, 3.6541], [-51.9872, 3.6531], [-51.9878, 3.6518], [-51.9887, 3.6503], [-51.9899, 3.6482], [-51.9913, 3.6472], [-51.9926, 3.6462], [-51.9934, 3.6438], [-51.9935, 3.6429], [-51.9923, 3.6418], [-51.9914, 3.6408], [-51.991, 3.6399], [-51.9908, 3.6386], [-51.9909, 3.6376], [-51.9891, 3.6351], [-51.9891, 3.633], [-51.9888, 3.6317], [-51.9884, 3.6308], [-51.9881, 3.6295], [-51.9881, 3.6283], [-51.9888, 3.6269], [-51.9904, 3.6253], [-51.9912, 3.6243], [-51.9922, 3.6231], [-51.9931, 3.6218], [-51.9937, 3.6206], [-51.9945, 3.6196], [-51.9955, 3.6182], [-51.9974, 3.6158], [-51.9982, 3.6148], [-51.9996, 3.614], [-52.0005, 3.6122], [-52.0026, 3.6092], [-52.0041, 3.6084], [-52.005, 3.6076], [-52.0061, 3.6066], [-52.0096, 3.6026], [-52.0123, 3.5998], [-52.014, 3.5983], [-52.0157, 3.5969], [-52.0169, 3.5958], [-52.0178, 3.5949], [-52.0192, 3.5938], [-52.0202, 3.5924], [-52.0207, 3.5913], [-52.0213, 3.5898], [-52.0219, 3.5885], [-52.0229, 3.5872], [-52.0247, 3.585], [-52.0273, 3.5788], [-52.0278, 3.5778], [-52.0285, 3.5767], [-52.0295, 3.5754], [-52.03, 3.5744], [-52.0318, 3.5724], [-52.033, 3.5708], [-52.0334, 3.5696], [-52.0338, 3.5683], [-52.0342, 3.5673], [-52.0346, 3.5664], [-52.0357, 3.5649], [-52.0366, 3.5636], [-52.0372, 3.5624], [-52.0382, 3.56], [-52.0394, 3.5574], [-52.0411, 3.5548], [-52.0425, 3.553], [-52.0437, 3.5506], [-52.0448, 3.5516], [-52.0458, 3.5524], [-52.0485, 3.5541], [-52.0496, 3.5545], [-52.0506, 3.5545], [-52.0516, 3.5547], [-52.0529, 3.5554], [-52.0535, 3.5563], [-52.0543, 3.5587], [-52.0552, 3.5602], [-52.0564, 3.5616], [-52.0573, 3.5621], [-52.0582, 3.5621], [-52.0596, 3.562], [-52.062, 3.5613], [-52.0629, 3.5614], [-52.065, 3.5616], [-52.0664, 3.562], [-52.0677, 3.5634], [-52.0685, 3.5644], [-52.0698, 3.5652], [-52.0708, 3.5652], [-52.0718, 3.5657], [-52.0729, 3.5668], [-52.0738, 3.5674], [-52.0747, 3.568], [-52.0766, 3.5682], [-52.0781, 3.5681], [-52.0791, 3.5681], [-52.0802, 3.5682], [-52.0817, 3.5685], [-52.0828, 3.5686], [-52.0843, 3.5686], [-52.0853, 3.568], [-52.0868, 3.5658], [-52.0874, 3.5648], [-52.0884, 3.564], [-52.0897, 3.5639], [-52.0911, 3.5641], [-52.0921, 3.5643], [-52.0939, 3.5645], [-52.0956, 3.565], [-52.0967, 3.5651], [-52.0977, 3.5648], [-52.0988, 3.5641], [-52.1018, 3.5627], [-52.103, 3.5623], [-52.1045, 3.5619], [-52.1055, 3.5604], [-52.1065, 3.5597], [-52.1079, 3.5604], [-52.1092, 3.561], [-52.1102, 3.5618], [-52.1131, 3.5639], [-52.1141, 3.5642], [-52.1154, 3.5637], [-52.1162, 3.5628], [-52.1172, 3.5617], [-52.1184, 3.5608], [-52.1195, 3.5605], [-52.1211, 3.5608], [-52.122, 3.5609], [-52.1229, 3.561], [-52.1247, 3.561], [-52.1259, 3.5607], [-52.1276, 3.5598], [-52.1292, 3.559], [-52.1304, 3.5586], [-52.1313, 3.558], [-52.1322, 3.5567], [-52.1328, 3.5554], [-52.1333, 3.5541], [-52.134, 3.553], [-52.1354, 3.552], [-52.1363, 3.5514], [-52.1373, 3.5511], [-52.1382, 3.551], [-52.1391, 3.5506], [-52.1398, 3.5498], [-52.1402, 3.5484], [-52.1416, 3.5474], [-52.1429, 3.5477], [-52.144, 3.548], [-52.1449, 3.5481], [-52.1464, 3.5478], [-52.1473, 3.5472], [-52.1486, 3.5462], [-52.1499, 3.5455], [-52.1514, 3.545], [-52.1523, 3.545], [-52.1539, 3.5457], [-52.1549, 3.546], [-52.1559, 3.544], [-52.1565, 3.5426], [-52.1574, 3.5416], [-52.1583, 3.5399], [-52.1586, 3.5389], [-52.1591, 3.5372], [-52.1598, 3.5359], [-52.1602, 3.5348], [-52.1602, 3.534], [-52.1598, 3.5325], [-52.1595, 3.5316], [-52.1592, 3.5306], [-52.1588, 3.529], [-52.158, 3.5277], [-52.1569, 3.5266], [-52.1557, 3.5256], [-52.1548, 3.5245], [-52.1553, 3.5232], [-52.1558, 3.5223], [-52.1564, 3.5212], [-52.1565, 3.5196], [-52.1572, 3.5184], [-52.1584, 3.5181], [-52.1595, 3.5179], [-52.1604, 3.5179], [-52.1616, 3.5177], [-52.1636, 3.5165], [-52.1652, 3.5172], [-52.1662, 3.5177], [-52.1674, 3.5178], [-52.1687, 3.5175], [-52.1699, 3.5179], [-52.1709, 3.5176], [-52.1714, 3.5166], [-52.1719, 3.5152], [-52.1724, 3.5138], [-52.1744, 3.5131], [-52.1763, 3.5126], [-52.1773, 3.5121], [-52.1786, 3.5116], [-52.1819, 3.5104], [-52.1833, 3.5101], [-52.1846, 3.5099], [-52.1856, 3.5096], [-52.187, 3.5088], [-52.1886, 3.5079], [-52.1898, 3.5077], [-52.191, 3.5079], [-52.1924, 3.5079], [-52.1938, 3.508], [-52.1947, 3.5077], [-52.196, 3.5068], [-52.1968, 3.5065], [-52.1978, 3.5063], [-52.1996, 3.506], [-52.2004, 3.5059], [-52.2014, 3.5069], [-52.2024, 3.5078], [-52.2035, 3.5079], [-52.2044, 3.5081], [-52.2053, 3.5081], [-52.2074, 3.5084], [-52.2087, 3.5087], [-52.2096, 3.5088], [-52.2109, 3.5089], [-52.212, 3.5084], [-52.2128, 3.5075], [-52.2135, 3.5064], [-52.2141, 3.5056], [-52.215, 3.5051], [-52.2159, 3.505], [-52.2173, 3.5049], [-52.2184, 3.5049], [-52.2193, 3.5049], [-52.2205, 3.5056], [-52.2217, 3.5066], [-52.2223, 3.5075], [-52.2233, 3.5072], [-52.2238, 3.5057], [-52.2239, 3.5046], [-52.224, 3.5037], [-52.224, 3.5023], [-52.2241, 3.5011], [-52.2459, 3.4937], [-52.2544, 3.4798], [-52.262, 3.461], [-52.2824, 3.4382], [-52.2901, 3.4306], [-52.3068, 3.4301], [-52.3176, 3.4201], [-52.3347, 3.4154], [-52.3459, 3.4096], [-52.3531, 3.4027], [-52.3596, 3.4054], [-52.3642, 3.4171], [-52.3685, 3.4208], [-52.3884, 3.4102], [-52.3984, 3.4125], [-52.4103, 3.4247], [-52.4136, 3.4358], [-52.414, 3.4602], [-52.4148, 3.4711], [-52.4283, 3.4764], [-52.4349, 3.4739], [-52.4433, 3.4692], [-52.4519, 3.4676], [-52.4581, 3.4707], [-52.4671, 3.4848], [-52.4784, 3.4881], [-52.4897, 3.4914], [-52.5011, 3.4947], [-52.4988, 3.5003], [-52.5013, 3.5043], [-52.5076, 3.5051], [-52.5207, 3.5013], [-52.5284, 3.5027], [-52.5309, 3.5101], [-52.5183, 3.524], [-52.5035, 3.5425], [-52.4993, 3.5543], [-52.495, 3.5661], [-52.4907, 3.578], [-52.4915, 3.5913], [-52.4923, 3.6047], [-52.4931, 3.618], [-52.4882, 3.631], [-52.4844, 3.6402], [-52.4788, 3.6659], [-52.4679, 3.6439], [-52.4624, 3.6404], [-52.4534, 3.6492], [-52.4467, 3.6516], [-52.4326, 3.6493], [-52.4103, 3.6552], [-52.4057, 3.6673], [-52.3951, 3.6725], [-52.3884, 3.6831], [-52.3857, 3.6898], [-52.3881, 3.7073], [-52.3855, 3.7248], [-52.383, 3.7423], [-52.3804, 3.7598], [-52.3868, 3.7673], [-52.3833, 3.7891], [-52.3792, 3.7948], [-52.3753, 3.8084], [-52.351, 3.8034], [-52.3478, 3.8108], [-52.3319, 3.8035], [-52.3161, 3.8135], [-52.3111, 3.8083], [-52.2859, 3.8185], [-52.2818, 3.8151], [-52.2703, 3.8214], [-52.2648, 3.8323], [-52.2593, 3.8432], [-52.2539, 3.8541], [-52.2516, 3.8522], [-52.2499, 3.8504], [-52.249, 3.8497], [-52.2476, 3.8486], [-52.2466, 3.8483], [-52.2454, 3.8485], [-52.2445, 3.8493], [-52.2439, 3.8509], [-52.2436, 3.8524], [-52.2431, 3.8534], [-52.2421, 3.854], [-52.2409, 3.8537], [-52.2401, 3.853], [-52.2394, 3.8522], [-52.2385, 3.8518], [-52.2376, 3.853], [-52.2375, 3.8544], [-52.2373, 3.8554], [-52.2365, 3.8564], [-52.2346, 3.8576], [-52.234, 3.8587], [-52.2339, 3.8596], [-52.2339, 3.8607], [-52.2341, 3.8623], [-52.2338, 3.8633], [-52.233, 3.8635], [-52.2319, 3.8637], [-52.2313, 3.8646], [-52.2311, 3.8657], [-52.2311, 3.8669], [-52.2313, 3.868], [-52.2317, 3.8693], [-52.2316, 3.8704], [-52.231, 3.8713], [-52.2301, 3.8726], [-52.2297, 3.8734], [-52.229, 3.8743], [-52.2281, 3.8751], [-52.227, 3.876], [-52.2256, 3.8769], [-52.2246, 3.8775], [-52.2231, 3.8785], [-52.2222, 3.8784], [-52.2218, 3.8773], [-52.221, 3.8771], [-52.2197, 3.8782], [-52.2178, 3.8798], [-52.2166, 3.8811], [-52.2159, 3.8823], [-52.216, 3.8836], [-52.2162, 3.8846], [-52.2156, 3.8857], [-52.2144, 3.8869], [-52.2137, 3.8877], [-52.2132, 3.8892], [-52.2137, 3.8903], [-52.2151, 3.8905], [-52.216, 3.8905], [-52.2168, 3.8916], [-52.2162, 3.8929], [-52.2154, 3.8945], [-52.2151, 3.8955], [-52.2154, 3.8967], [-52.2159, 3.8976], [-52.2164, 3.8985], [-52.2169, 3.8993], [-52.2175, 3.9004], [-52.2176, 3.9017], [-52.2165, 3.9026], [-52.2157, 3.9029], [-52.2145, 3.9035], [-52.2136, 3.9035], [-52.2108, 3.9025], [-52.2095, 3.9018], [-52.2085, 3.9015], [-52.207, 3.9008], [-52.2054, 3.8997], [-52.2048, 3.8988], [-52.2047, 3.8979], [-52.2045, 3.897], [-52.2046, 3.8956], [-52.2044, 3.8947], [-52.2036, 3.8938], [-52.2026, 3.8938], [-52.2016, 3.8937], [-52.2003, 3.8943], [-52.2001, 3.8952], [-52.2005, 3.8967], [-52.2003, 3.8978], [-52.1997, 3.8989], [-52.1985, 3.8997], [-52.1975, 3.8997], [-52.1965, 3.8981], [-52.1961, 3.8971], [-52.1957, 3.8959], [-52.1941, 3.8947], [-52.1932, 3.8942], [-52.1921, 3.8936], [-52.1913, 3.8931], [-52.1901, 3.8927], [-52.1892, 3.8928], [-52.1881, 3.8932], [-52.187, 3.8933], [-52.1854, 3.8926], [-52.1843, 3.8926], [-52.1821, 3.8933], [-52.1805, 3.8944], [-52.1795, 3.8951], [-52.1785, 3.8956], [-52.1774, 3.8958], [-52.176, 3.8957], [-52.1752, 3.8957], [-52.1743, 3.896], [-52.1735, 3.8967], [-52.1726, 3.8977], [-52.1716, 3.8982], [-52.1699, 3.8987], [-52.169, 3.8987], [-52.1681, 3.8987], [-52.1672, 3.8986], [-52.166, 3.8984], [-52.1649, 3.8985], [-52.1641, 3.8988], [-52.1636, 3.8999], [-52.1638, 3.9018], [-52.1637, 3.9027], [-52.1635, 3.9036], [-52.1633, 3.9046], [-52.1632, 3.9055], [-52.1634, 3.9067], [-52.1633, 3.9075], [-52.1629, 3.9088], [-52.1623, 3.9097], [-52.1615, 3.9099], [-52.1606, 3.9088], [-52.1592, 3.9086], [-52.1581, 3.9094], [-52.1571, 3.9096], [-52.1559, 3.9098], [-52.1552, 3.9108], [-52.155, 3.9119], [-52.1552, 3.9131], [-52.1556, 3.9152], [-52.1555, 3.9163], [-52.1554, 3.9179], [-52.1553, 3.9189], [-52.155, 3.9202], [-52.1548, 3.9212], [-52.1543, 3.9228], [-52.1533, 3.9234], [-52.1518, 3.9231], [-52.1508, 3.9224], [-52.1501, 3.9236], [-52.1506, 3.9245], [-52.1509, 3.9254], [-52.1512, 3.9262], [-52.1517, 3.9281], [-52.1519, 3.929], [-52.1517, 3.9302], [-52.1515, 3.9311], [-52.1514, 3.9321], [-52.1514, 3.9339], [-52.1509, 3.9352], [-52.1501, 3.9361], [-52.1486, 3.9366], [-52.1475, 3.9366], [-52.1463, 3.9367], [-52.1454, 3.9369], [-52.1442, 3.9371], [-52.1432, 3.9376], [-52.1423, 3.9382], [-52.1403, 3.9392], [-52.1394, 3.9394], [-52.1382, 3.9395], [-52.1373, 3.9389], [-52.136, 3.938], [-52.1351, 3.9379], [-52.1339, 3.9382], [-52.133, 3.9391], [-52.1326, 3.9404], [-52.1325, 3.9415], [-52.1321, 3.9424], [-52.1311, 3.9434], [-52.1308, 3.9446], [-52.1307, 3.9455], [-52.1309, 3.9464], [-52.1313, 3.9474], [-52.1324, 3.9492], [-52.1331, 3.9501], [-52.1334, 3.9511], [-52.1332, 3.9523], [-52.1329, 3.9537], [-52.133, 3.9546], [-52.1339, 3.9563], [-52.1349, 3.9579], [-52.1352, 3.9594], [-52.1351, 3.9606], [-52.1344, 3.9615], [-52.1339, 3.9624], [-52.1338, 3.9636], [-52.1347, 3.9654], [-52.1352, 3.9663], [-52.1352, 3.9677], [-52.1348, 3.9691], [-52.134, 3.9703], [-52.1327, 3.9712], [-52.1316, 3.9716], [-52.1306, 3.9722], [-52.1303, 3.9734], [-52.1305, 3.9744], [-52.1298, 3.9757], [-52.129, 3.9762], [-52.1271, 3.9765], [-52.1252, 3.9774], [-52.1245, 3.9788], [-52.1248, 3.9802], [-52.126, 3.9813], [-52.1269, 3.9829], [-52.1271, 3.9843], [-52.1266, 3.9853], [-52.1259, 3.9863], [-52.1254, 3.9874], [-52.1258, 3.9889], [-52.1258, 3.99], [-52.1253, 3.9909], [-52.1243, 3.9918], [-52.1232, 3.9941], [-52.1225, 3.9954], [-52.1221, 3.9964], [-52.1212, 3.9973], [-52.12, 3.9977], [-52.1186, 3.9962], [-52.118, 3.9953], [-52.1176, 3.9942], [-52.1173, 3.9933], [-52.1169, 3.9922], [-52.1166, 3.9911], [-52.1164, 3.9901], [-52.1162, 3.9885], [-52.116, 3.9869], [-52.1158, 3.9858], [-52.1148, 3.9854], [-52.1135, 3.986], [-52.1127, 3.9861], [-52.1115, 3.9853], [-52.111, 3.9844], [-52.1103, 3.9824], [-52.1099, 3.9814], [-52.1096, 3.9805], [-52.1093, 3.9795], [-52.1087, 3.9779], [-52.1083, 3.9769], [-52.1069, 3.9746], [-52.106, 3.9737], [-52.1045, 3.9728], [-52.1034, 3.9731], [-52.1024, 3.9744], [-52.1014, 3.9755], [-52.1003, 3.9755], [-52.0988, 3.975], [-52.0979, 3.9742], [-52.0969, 3.9732], [-52.0961, 3.9722], [-52.0952, 3.9715], [-52.0942, 3.9709], [-52.093, 3.9704], [-52.0915, 3.9696], [-52.0905, 3.9691], [-52.0891, 3.9675], [-52.0887, 3.9665], [-52.0885, 3.9654], [-52.0884, 3.9645], [-52.0884, 3.9635], [-52.0884, 3.9622], [-52.0885, 3.9611], [-52.0885, 3.9597], [-52.0882, 3.9588], [-52.0874, 3.9579], [-52.0866, 3.9569], [-52.0857, 3.9558], [-52.0853, 3.9547], [-52.0857, 3.9536], [-52.087, 3.9523], [-52.0879, 3.9515], [-52.0887, 3.9505], [-52.0894, 3.9489], [-52.0898, 3.9475], [-52.0899, 3.9466], [-52.0898, 3.945], [-52.0894, 3.944], [-52.0887, 3.943], [-52.0878, 3.9423], [-52.0868, 3.941], [-52.0861, 3.94], [-52.0855, 3.9391], [-52.085, 3.9382], [-52.0843, 3.9373], [-52.0833, 3.9373], [-52.0832, 3.9386], [-52.0837, 3.94], [-52.0836, 3.941], [-52.0826, 3.9419], [-52.0816, 3.9421], [-52.0803, 3.943], [-52.0796, 3.9441], [-52.0789, 3.9451], [-52.078, 3.9471], [-52.0781, 3.948], [-52.0783, 3.9492], [-52.0786, 3.95], [-52.0791, 3.9512], [-52.0797, 3.9529], [-52.08, 3.9539], [-52.0801, 3.9548], [-52.0803, 3.9558], [-52.0804, 3.9573], [-52.0802, 3.9583], [-52.0801, 3.9592], [-52.0796, 3.9607], [-52.0787, 3.9615], [-52.0777, 3.9615], [-52.0765, 3.9608], [-52.0757, 3.9604], [-52.0742, 3.96], [-52.0731, 3.9603], [-52.0727, 3.9616], [-52.0722, 3.9626], [-52.0712, 3.9627], [-52.0703, 3.9625], [-52.0691, 3.9628], [-52.0681, 3.964], [-52.068, 3.9649], [-52.068, 3.966], [-52.0679, 3.9669], [-52.0676, 3.9684], [-52.0666, 3.9689], [-52.0656, 3.9685], [-52.0647, 3.9674], [-52.0635, 3.966], [-52.0624, 3.9642], [-52.0619, 3.9632], [-52.0612, 3.9622], [-52.0602, 3.9619], [-52.0595, 3.9628], [-52.0591, 3.9647], [-52.0587, 3.9666], [-52.0584, 3.9676], [-52.0581, 3.9687], [-52.0586, 3.9696], [-52.0586, 3.9705], [-52.058, 3.9714], [-52.0567, 3.9718], [-52.0556, 3.9722], [-52.0548, 3.9732], [-52.0549, 3.9746], [-52.055, 3.9758], [-52.0551, 3.9767], [-52.0553, 3.9776], [-52.0554, 3.9784], [-52.0554, 3.9794], [-52.055, 3.9803], [-52.0542, 3.9814], [-52.0533, 3.9817], [-52.0524, 3.9816], [-52.0514, 3.9816], [-52.0501, 3.9818], [-52.0491, 3.9819], [-52.0482, 3.9816], [-52.0467, 3.9811], [-52.0456, 3.9813], [-52.0445, 3.9812], [-52.0433, 3.9804], [-52.0422, 3.9809], [-52.0417, 3.982], [-52.0415, 3.9833], [-52.0408, 3.9843], [-52.0398, 3.9853], [-52.0386, 3.9857], [-52.038, 3.987], [-52.0368, 3.9882], [-52.0359, 3.9886], [-52.0348, 3.989], [-52.0336, 3.9887], [-52.0322, 3.9879], [-52.0313, 3.9866], [-52.031, 3.9855], [-52.0307, 3.9843], [-52.0302, 3.983], [-52.0303, 3.9819], [-52.0304, 3.981], [-52.0303, 3.98], [-52.0295, 3.9788], [-52.0284, 3.9781], [-52.0277, 3.9768], [-52.0269, 3.9756], [-52.0258, 3.9744], [-52.0246, 3.9733], [-52.024, 3.9722], [-52.0236, 3.9708], [-52.0228, 3.9701], [-52.0219, 3.9695], [-52.021, 3.9694], [-52.0199, 3.97], [-52.0191, 3.9709], [-52.0172, 3.9727], [-52.0161, 3.9733], [-52.015, 3.9732], [-52.0138, 3.9722], [-52.0135, 3.971], [-52.0132, 3.97], [-52.0127, 3.9692], [-52.0119, 3.9686], [-52.0106, 3.9676], [-52.0095, 3.9667], [-52.0087, 3.9668], [-52.0085, 3.9678], [-52.0091, 3.9695], [-52.009, 3.9706], [-52.0092, 3.9719], [-52.0097, 3.9729], [-52.0102, 3.9739], [-52.0112, 3.9756], [-52.0118, 3.9768], [-52.0124, 3.9779], [-52.0129, 3.9796], [-52.0128, 3.9805], [-52.0121, 3.9818], [-52.0106, 3.9827], [-52.0097, 3.9841], [-52.0087, 3.9851], [-52.0067, 3.9862], [-52.0056, 3.9868], [-52.0047, 3.9877], [-52.0038, 3.9886], [-52.0029, 3.9886], [-52.0018, 3.988], [-52.0003, 3.9862], [-51.9994, 3.9862], [-51.9982, 3.9877], [-51.9966, 3.9905], [-51.9963, 3.9917], [-51.996, 3.9931], [-51.996, 3.9944], [-51.9951, 3.9959], [-51.994, 3.9961], [-51.9927, 3.9954], [-51.9913, 3.9951], [-51.9905, 3.995], [-51.9892, 3.9949], [-51.988, 3.9948], [-51.9871, 3.9947], [-51.9859, 3.9955], [-51.9847, 3.9958], [-51.9835, 3.9956], [-51.9814, 3.9949], [-51.9797, 3.9951], [-51.9781, 3.9953], [-51.9771, 3.9961], [-51.9766, 3.997], [-51.9757, 3.9976], [-51.9746, 3.9976], [-51.9732, 3.998], [-51.9722, 3.9983], [-51.9713, 3.9988], [-51.9705, 3.9998], [-51.9703, 4.0006], [-51.97, 4.0015], [-51.969, 4.0022], [-51.968, 4.0024], [-51.9671, 4.0025], [-51.9661, 4.0029], [-51.9652, 4.0028], [-51.9643, 4.0026], [-51.9633, 4.0033], [-51.963, 4.0037]]]}}, {"type": "Feature", "properties": {"nom": "Remire-Montjoly", "code": "97309", "codeDepartement": "973", "siren": "219733094", "codeEpci": "249730045", "codeRegion": "03", "codesPostaux": ["97354"], "population": 27723}, "geometry": {"type": "Polygon", "coordinates": [[[-52.2802, 4.9314], [-52.2793, 4.9307], [-52.2781, 4.9297], [-52.2772, 4.9289], [-52.2761, 4.928], [-52.2742, 4.9262], [-52.2727, 4.925], [-52.2711, 4.9233], [-52.2691, 4.9211], [-52.2683, 4.9202], [-52.2674, 4.9192], [-52.2661, 4.9177], [-52.2654, 4.9168], [-52.2646, 4.9159], [-52.2639, 4.915], [-52.263, 4.9143], [-52.2618, 4.9131], [-52.2608, 4.9127], [-52.26, 4.9135], [-52.2591, 4.9135], [-52.2583, 4.9126], [-52.2581, 4.9116], [-52.2576, 4.9103], [-52.2576, 4.9093], [-52.2584, 4.9092], [-52.2595, 4.9088], [-52.2604, 4.9097], [-52.2614, 4.9098], [-52.2625, 4.9085], [-52.2626, 4.9076], [-52.2635, 4.9068], [-52.2636, 4.9055], [-52.2635, 4.9046], [-52.2633, 4.9036], [-52.2629, 4.9026], [-52.2632, 4.9016], [-52.263, 4.9007], [-52.2627, 4.8996], [-52.2622, 4.8988], [-52.2614, 4.8979], [-52.2602, 4.8968], [-52.2586, 4.8957], [-52.2576, 4.8949], [-52.2564, 4.8941], [-52.2553, 4.8933], [-52.2544, 4.8927], [-52.2537, 4.8918], [-52.2525, 4.8905], [-52.2516, 4.8903], [-52.2508, 4.8902], [-52.2498, 4.8892], [-52.2488, 4.8885], [-52.2479, 4.8887], [-52.2473, 4.8876], [-52.2464, 4.8873], [-52.2461, 4.8864], [-52.2462, 4.8853], [-52.2462, 4.8842], [-52.2458, 4.8832], [-52.2456, 4.8822], [-52.245, 4.8813], [-52.2446, 4.8804], [-52.2444, 4.8793], [-52.244, 4.8783], [-52.2446, 4.8774], [-52.2447, 4.8764], [-52.2451, 4.8755], [-52.2455, 4.8745], [-52.2459, 4.8736], [-52.2467, 4.8727], [-52.247, 4.8718], [-52.2474, 4.8709], [-52.2483, 4.8703], [-52.2492, 4.8698], [-52.2493, 4.8687], [-52.2496, 4.8678], [-52.2504, 4.8668], [-52.2516, 4.8657], [-52.2527, 4.8651], [-52.2531, 4.8642], [-52.254, 4.8641], [-52.2548, 4.8637], [-52.2552, 4.8627], [-52.2561, 4.8619], [-52.2564, 4.8608], [-52.2567, 4.8596], [-52.2565, 4.8586], [-52.2562, 4.8573], [-52.2571, 4.8574], [-52.258, 4.8571], [-52.259, 4.8566], [-52.2599, 4.8559], [-52.2603, 4.855], [-52.2606, 4.8541], [-52.2614, 4.8544], [-52.2623, 4.8547], [-52.2636, 4.8545], [-52.2644, 4.8539], [-52.2652, 4.853], [-52.2661, 4.8528], [-52.2664, 4.8519], [-52.2672, 4.8526], [-52.2681, 4.853], [-52.2689, 4.8533], [-52.27, 4.8536], [-52.2712, 4.8537], [-52.2723, 4.8534], [-52.2744, 4.8536], [-52.2754, 4.8538], [-52.2772, 4.8537], [-52.2782, 4.8541], [-52.279, 4.8542], [-52.2805, 4.8538], [-52.2814, 4.8537], [-52.2823, 4.8533], [-52.2832, 4.8526], [-52.2841, 4.8521], [-52.2851, 4.8513], [-52.2861, 4.8502], [-52.2871, 4.849], [-52.2876, 4.8481], [-52.2884, 4.8481], [-52.2893, 4.8484], [-52.2902, 4.8487], [-52.2913, 4.8487], [-52.2928, 4.8492], [-52.2937, 4.8499], [-52.2946, 4.8508], [-52.2955, 4.8517], [-52.2964, 4.8525], [-52.297, 4.8534], [-52.2976, 4.8543], [-52.2982, 4.8554], [-52.2986, 4.8566], [-52.2988, 4.8575], [-52.2993, 4.859], [-52.2998, 4.8606], [-52.3003, 4.8619], [-52.301, 4.863], [-52.302, 4.8644], [-52.3032, 4.8657], [-52.3051, 4.8667], [-52.3077, 4.8679], [-52.3095, 4.8684], [-52.3109, 4.8692], [-52.3114, 4.8702], [-52.3115, 4.8711], [-52.3117, 4.8721], [-52.3119, 4.8731], [-52.3116, 4.874], [-52.3112, 4.8749], [-52.3105, 4.8758], [-52.3094, 4.8766], [-52.3085, 4.8778], [-52.308, 4.8788], [-52.3089, 4.8801], [-52.3093, 4.881], [-52.3095, 4.8824], [-52.31, 4.8835], [-52.311, 4.8843], [-52.3119, 4.8842], [-52.313, 4.884], [-52.3139, 4.884], [-52.3145, 4.8862], [-52.3144, 4.8877], [-52.3144, 4.8889], [-52.3147, 4.8902], [-52.315, 4.8911], [-52.316, 4.8921], [-52.3169, 4.8929], [-52.3178, 4.8939], [-52.3181, 4.8948], [-52.3179, 4.8958], [-52.3169, 4.8966], [-52.316, 4.8973], [-52.3152, 4.8984], [-52.3146, 4.8992], [-52.3137, 4.8997], [-52.3123, 4.9001], [-52.3113, 4.9004], [-52.3103, 4.9019], [-52.3093, 4.9024], [-52.3082, 4.9034], [-52.307, 4.9037], [-52.3062, 4.9038], [-52.305, 4.9042], [-52.3047, 4.9053], [-52.3051, 4.9062], [-52.3064, 4.9071], [-52.3075, 4.9086], [-52.3079, 4.9097], [-52.3083, 4.9106], [-52.3081, 4.9116], [-52.3082, 4.9131], [-52.3092, 4.9141], [-52.3097, 4.9151], [-52.3098, 4.9162], [-52.3089, 4.9168], [-52.3071, 4.918], [-52.3058, 4.9185], [-52.3049, 4.9192], [-52.3044, 4.9201], [-52.3041, 4.9212], [-52.303, 4.9201], [-52.302, 4.9192], [-52.3011, 4.9182], [-52.3002, 4.9174], [-52.2991, 4.9172], [-52.2982, 4.9168], [-52.2969, 4.9161], [-52.2955, 4.9169], [-52.2948, 4.918], [-52.2944, 4.9195], [-52.294, 4.9204], [-52.2932, 4.9213], [-52.2922, 4.9218], [-52.2913, 4.922], [-52.2904, 4.9226], [-52.2901, 4.9256], [-52.29, 4.9268], [-52.289, 4.9268], [-52.2875, 4.9262], [-52.286, 4.9269], [-52.2851, 4.9277], [-52.2841, 4.9285], [-52.2827, 4.9296], [-52.2802, 4.9314]]]}}, {"type": "Feature", "properties": {"nom": "Roura", "code": "97310", "codeDepartement": "973", "siren": "219733102", "codeEpci": "249730045", "codeRegion": "03", "codesPostaux": ["97311", "97352"], "population": 3449}, "geometry": {"type": "Polygon", "coordinates": [[[-52.168, 4.7768], [-52.1678, 4.7757], [-52.1678, 4.7747], [-52.1677, 4.7738], [-52.168, 4.7724], [-52.1679, 4.7709], [-52.1686, 4.7699], [-52.1682, 4.7686], [-52.1682, 4.7671], [-52.1681, 4.7662], [-52.169, 4.7653], [-52.17, 4.7646], [-52.1712, 4.7638], [-52.1722, 4.7635], [-52.1735, 4.7637], [-52.1746, 4.7634], [-52.1757, 4.7624], [-52.177, 4.7616], [-52.1782, 4.7598], [-52.1789, 4.7575], [-52.1797, 4.7564], [-52.1804, 4.7549], [-52.1805, 4.754], [-52.1809, 4.753], [-52.1814, 4.7519], [-52.1815, 4.751], [-52.1813, 4.7501], [-52.1811, 4.7492], [-52.1813, 4.7478], [-52.182, 4.7466], [-52.1823, 4.7457], [-52.1829, 4.7446], [-52.1828, 4.7434], [-52.1823, 4.7424], [-52.1821, 4.7415], [-52.1823, 4.7406], [-52.183, 4.7396], [-52.1826, 4.7381], [-52.1828, 4.7372], [-52.1828, 4.7359], [-52.1834, 4.734], [-52.1837, 4.733], [-52.1841, 4.7318], [-52.1849, 4.7292], [-52.1852, 4.7282], [-52.1856, 4.7272], [-52.1861, 4.726], [-52.1864, 4.7241], [-52.1865, 4.723], [-52.1864, 4.7219], [-52.1861, 4.7209], [-52.1853, 4.7199], [-52.1843, 4.7188], [-52.1837, 4.7177], [-52.1835, 4.7165], [-52.1835, 4.7156], [-52.1829, 4.7142], [-52.1821, 4.7132], [-52.1811, 4.7105], [-52.1804, 4.7086], [-52.18, 4.7067], [-52.1795, 4.7053], [-52.1794, 4.7042], [-52.1785, 4.7025], [-52.1781, 4.7013], [-52.179, 4.7008], [-52.18, 4.7], [-52.1804, 4.699], [-52.1811, 4.698], [-52.1821, 4.6965], [-52.1835, 4.6952], [-52.1848, 4.6937], [-52.186, 4.6925], [-52.1868, 4.6915], [-52.188, 4.6911], [-52.1889, 4.6898], [-52.19, 4.6893], [-52.1898, 4.6882], [-52.1909, 4.6875], [-52.1919, 4.6871], [-52.193, 4.688], [-52.1939, 4.6881], [-52.1949, 4.6873], [-52.1958, 4.6867], [-52.1976, 4.6857], [-52.2001, 4.6851], [-52.2017, 4.6837], [-52.2024, 4.6827], [-52.2031, 4.6818], [-52.2042, 4.6807], [-52.2048, 4.6798], [-52.2057, 4.6796], [-52.2066, 4.6789], [-52.2071, 4.6776], [-52.2079, 4.6767], [-52.2071, 4.6755], [-52.2068, 4.6747], [-52.2076, 4.673], [-52.2082, 4.6721], [-52.2095, 4.6714], [-52.2107, 4.6714], [-52.212, 4.6712], [-52.2129, 4.6713], [-52.2139, 4.6715], [-52.2152, 4.6715], [-52.2161, 4.6717], [-52.2171, 4.6717], [-52.2186, 4.6705], [-52.2185, 4.6692], [-52.2183, 4.6682], [-52.2179, 4.6669], [-52.2189, 4.6652], [-52.22, 4.6637], [-52.2206, 4.6624], [-52.2208, 4.6615], [-52.2223, 4.6601], [-52.2235, 4.6593], [-52.2245, 4.659], [-52.2254, 4.6584], [-52.2266, 4.6566], [-52.2275, 4.6555], [-52.2273, 4.6545], [-52.2273, 4.6531], [-52.227, 4.6521], [-52.2264, 4.6512], [-52.2264, 4.6503], [-52.2267, 4.6493], [-52.2268, 4.6479], [-52.2271, 4.647], [-52.2285, 4.6462], [-52.2285, 4.6451], [-52.2286, 4.6441], [-52.2295, 4.643], [-52.2301, 4.6421], [-52.231, 4.641], [-52.2316, 4.6399], [-52.2314, 4.639], [-52.2316, 4.6381], [-52.2318, 4.6372], [-52.2318, 4.6362], [-52.2318, 4.6353], [-52.2315, 4.6343], [-52.2316, 4.6334], [-52.2313, 4.6323], [-52.2312, 4.6312], [-52.231, 4.6296], [-52.2313, 4.6286], [-52.2316, 4.6272], [-52.2317, 4.6259], [-52.2322, 4.6249], [-52.2326, 4.6238], [-52.2329, 4.6228], [-52.2333, 4.6217], [-52.2336, 4.6205], [-52.2344, 4.6196], [-52.2354, 4.6196], [-52.2355, 4.6175], [-52.2357, 4.6161], [-52.2355, 4.6147], [-52.2353, 4.613], [-52.2353, 4.612], [-52.234, 4.6108], [-52.2332, 4.6096], [-52.2329, 4.6083], [-52.2328, 4.6074], [-52.2325, 4.6061], [-52.2324, 4.6051], [-52.2323, 4.604], [-52.2322, 4.6029], [-52.232, 4.6019], [-52.2326, 4.6004], [-52.2327, 4.5994], [-52.2312, 4.5979], [-52.2303, 4.5963], [-52.2287, 4.5955], [-52.2277, 4.5948], [-52.2268, 4.5939], [-52.2258, 4.594], [-52.2252, 4.5928], [-52.2246, 4.5914], [-52.2242, 4.5903], [-52.2236, 4.5893], [-52.2235, 4.5881], [-52.2237, 4.5871], [-52.2226, 4.5851], [-52.221, 4.5836], [-52.2204, 4.5823], [-52.2194, 4.5815], [-52.2182, 4.5789], [-52.2185, 4.5779], [-52.2187, 4.5768], [-52.2176, 4.5752], [-52.2166, 4.5744], [-52.2161, 4.5733], [-52.2164, 4.5713], [-52.2153, 4.5703], [-52.2143, 4.5701], [-52.2126, 4.5703], [-52.2111, 4.5691], [-52.2095, 4.5681], [-52.209, 4.5671], [-52.2088, 4.5653], [-52.2081, 4.5643], [-52.2063, 4.5637], [-52.2045, 4.5634], [-52.2036, 4.5633], [-52.2025, 4.5635], [-52.2011, 4.5643], [-52.2002, 4.5644], [-52.1976, 4.5647], [-52.1967, 4.5648], [-52.1948, 4.5632], [-52.1939, 4.5626], [-52.192, 4.5629], [-52.1907, 4.5615], [-52.1832, 4.5564], [-52.182, 4.5564], [-52.1811, 4.5564], [-52.1808, 4.5552], [-52.1807, 4.5542], [-52.1795, 4.5533], [-52.1759, 4.551], [-52.1718, 4.5486], [-52.1704, 4.5473], [-52.17, 4.5463], [-52.1718, 4.546], [-52.1727, 4.5458], [-52.1733, 4.5443], [-52.1742, 4.5429], [-52.1751, 4.5413], [-52.1758, 4.5403], [-52.1773, 4.5393], [-52.1783, 4.5385], [-52.1805, 4.5377], [-52.1801, 4.5366], [-52.18, 4.5355], [-52.1792, 4.5346], [-52.1791, 4.5335], [-52.1808, 4.5321], [-52.1822, 4.5314], [-52.1835, 4.5307], [-52.1847, 4.5303], [-52.1868, 4.5309], [-52.1879, 4.5314], [-52.1896, 4.5308], [-52.1907, 4.5299], [-52.1912, 4.5287], [-52.1914, 4.5268], [-52.1915, 4.5259], [-52.192, 4.5246], [-52.1932, 4.523], [-52.1938, 4.5213], [-52.1952, 4.5213], [-52.1968, 4.522], [-52.198, 4.5221], [-52.1991, 4.522], [-52.2005, 4.5215], [-52.2019, 4.5204], [-52.2029, 4.52], [-52.204, 4.5186], [-52.2049, 4.5175], [-52.2064, 4.5165], [-52.2072, 4.5155], [-52.2076, 4.5142], [-52.2075, 4.5133], [-52.2081, 4.5118], [-52.2081, 4.5096], [-52.2077, 4.5082], [-52.2074, 4.5074], [-52.2073, 4.5058], [-52.2079, 4.5045], [-52.2081, 4.5033], [-52.2078, 4.5021], [-52.206, 4.5004], [-52.2049, 4.4977], [-52.2042, 4.4966], [-52.2047, 4.495], [-52.2047, 4.4941], [-52.2048, 4.4932], [-52.2052, 4.4922], [-52.2062, 4.4886], [-52.2071, 4.4874], [-52.2077, 4.4859], [-52.2083, 4.4848], [-52.2091, 4.4838], [-52.2082, 4.4829], [-52.2072, 4.4822], [-52.2061, 4.4822], [-52.2048, 4.482], [-52.2038, 4.4825], [-52.2027, 4.483], [-52.2019, 4.484], [-52.2009, 4.4843], [-52.1995, 4.4837], [-52.1988, 4.4853], [-52.1982, 4.4863], [-52.1977, 4.4872], [-52.1978, 4.4883], [-52.1974, 4.4892], [-52.1966, 4.4896], [-52.1955, 4.4903], [-52.1938, 4.4899], [-52.1929, 4.4877], [-52.1924, 4.4868], [-52.1915, 4.4857], [-52.192, 4.4843], [-52.193, 4.4832], [-52.1933, 4.4819], [-52.1919, 4.4803], [-52.1911, 4.4781], [-52.1907, 4.4771], [-52.1907, 4.476], [-52.1906, 4.4748], [-52.1902, 4.473], [-52.19, 4.4716], [-52.1901, 4.4689], [-52.1904, 4.4675], [-52.1908, 4.4665], [-52.1913, 4.4654], [-52.1908, 4.4642], [-52.1898, 4.4615], [-52.1897, 4.4592], [-52.1892, 4.4581], [-52.1882, 4.4576], [-52.1874, 4.4575], [-52.1868, 4.4584], [-52.1853, 4.4595], [-52.1844, 4.46], [-52.1832, 4.4593], [-52.1826, 4.4582], [-52.1822, 4.4557], [-52.1814, 4.4541], [-52.1814, 4.4528], [-52.1819, 4.4519], [-52.1833, 4.4511], [-52.1844, 4.4503], [-52.1844, 4.4494], [-52.1843, 4.4482], [-52.1841, 4.4458], [-52.1847, 4.4438], [-52.1853, 4.4425], [-52.1857, 4.4415], [-52.1872, 4.4408], [-52.1882, 4.4403], [-52.19, 4.4396], [-52.1911, 4.4396], [-52.1921, 4.4395], [-52.1933, 4.4377], [-52.1942, 4.4372], [-52.1951, 4.4366], [-52.1956, 4.4357], [-52.1958, 4.4342], [-52.1957, 4.4333], [-52.1953, 4.4322], [-52.1948, 4.4304], [-52.195, 4.4292], [-52.1965, 4.4277], [-52.198, 4.4261], [-52.199, 4.4252], [-52.2, 4.4255], [-52.2011, 4.4255], [-52.2016, 4.4245], [-52.2031, 4.4234], [-52.2037, 4.4223], [-52.2051, 4.4204], [-52.2055, 4.4185], [-52.2064, 4.4171], [-52.2075, 4.416], [-52.2086, 4.4154], [-52.2095, 4.4146], [-52.2093, 4.4137], [-52.2094, 4.4129], [-52.2094, 4.4118], [-52.2087, 4.4106], [-52.2082, 4.4094], [-52.2081, 4.4085], [-52.2088, 4.4073], [-52.2092, 4.4063], [-52.209, 4.4047], [-52.208, 4.4042], [-52.2072, 4.4029], [-52.2068, 4.4017], [-52.2064, 4.3994], [-52.2057, 4.3979], [-52.2056, 4.3969], [-52.2061, 4.396], [-52.2059, 4.3944], [-52.2073, 4.3945], [-52.2085, 4.396], [-52.2095, 4.3962], [-52.2104, 4.3952], [-52.2121, 4.3952], [-52.2131, 4.395], [-52.2139, 4.3953], [-52.214, 4.3963], [-52.2143, 4.3972], [-52.2165, 4.3981], [-52.2175, 4.3984], [-52.2184, 4.3982], [-52.2196, 4.3981], [-52.2213, 4.4002], [-52.2223, 4.4005], [-52.2239, 4.4023], [-52.2238, 4.4035], [-52.224, 4.4049], [-52.2242, 4.4057], [-52.2252, 4.4065], [-52.2276, 4.4061], [-52.2285, 4.406], [-52.2295, 4.4049], [-52.2305, 4.4046], [-52.2322, 4.4052], [-52.2331, 4.4065], [-52.234, 4.4071], [-52.2361, 4.4073], [-52.2371, 4.4076], [-52.2379, 4.4079], [-52.2387, 4.4067], [-52.2406, 4.4057], [-52.2427, 4.4052], [-52.2433, 4.4043], [-52.2441, 4.4037], [-52.2444, 4.4021], [-52.2439, 4.4002], [-52.2441, 4.3992], [-52.2449, 4.3982], [-52.2479, 4.3963], [-52.2486, 4.3949], [-52.2485, 4.3938], [-52.2486, 4.3929], [-52.2499, 4.3932], [-52.2509, 4.3934], [-52.2519, 4.3931], [-52.2528, 4.3933], [-52.2537, 4.393], [-52.2541, 4.3919], [-52.254, 4.391], [-52.2544, 4.3895], [-52.2561, 4.3886], [-52.2572, 4.3886], [-52.2582, 4.3884], [-52.2591, 4.3878], [-52.2601, 4.3864], [-52.2619, 4.3852], [-52.2628, 4.3845], [-52.2635, 4.3835], [-52.2613, 4.3828], [-52.2602, 4.3817], [-52.2599, 4.3806], [-52.2612, 4.3798], [-52.2621, 4.3797], [-52.2628, 4.3787], [-52.263, 4.3774], [-52.2627, 4.3761], [-52.2617, 4.3754], [-52.2608, 4.3755], [-52.2604, 4.3746], [-52.2609, 4.3736], [-52.2621, 4.3729], [-52.2629, 4.3724], [-52.264, 4.3711], [-52.2642, 4.3701], [-52.266, 4.3688], [-52.2672, 4.3696], [-52.2682, 4.3701], [-52.2698, 4.3699], [-52.2711, 4.3694], [-52.2719, 4.3686], [-52.2721, 4.3677], [-52.2719, 4.3663], [-52.2719, 4.3654], [-52.2728, 4.3636], [-52.2733, 4.3621], [-52.2739, 4.3612], [-52.2754, 4.3603], [-52.2764, 4.3605], [-52.2762, 4.3594], [-52.2782, 4.3573], [-52.2787, 4.3565], [-52.2796, 4.3559], [-52.2806, 4.3556], [-52.2815, 4.3552], [-52.2827, 4.3563], [-52.2835, 4.3574], [-52.2843, 4.3582], [-52.2849, 4.3595], [-52.2851, 4.3604], [-52.286, 4.3614], [-52.286, 4.363], [-52.2865, 4.3639], [-52.2873, 4.3645], [-52.2879, 4.3653], [-52.2858, 4.3664], [-52.2848, 4.367], [-52.2842, 4.368], [-52.2852, 4.3693], [-52.2864, 4.3711], [-52.287, 4.372], [-52.2887, 4.3733], [-52.2899, 4.3743], [-52.2913, 4.3758], [-52.2917, 4.3771], [-52.293, 4.3776], [-52.2944, 4.3778], [-52.2958, 4.3785], [-52.2988, 4.381], [-52.3005, 4.3821], [-52.3015, 4.3829], [-52.3033, 4.3837], [-52.3054, 4.3847], [-52.3064, 4.3843], [-52.3081, 4.3834], [-52.3099, 4.3832], [-52.311, 4.3831], [-52.3129, 4.3827], [-52.3138, 4.3826], [-52.3156, 4.3825], [-52.3166, 4.3822], [-52.3179, 4.3816], [-52.3194, 4.3807], [-52.3204, 4.3799], [-52.3208, 4.379], [-52.3195, 4.3782], [-52.3184, 4.3783], [-52.3173, 4.3776], [-52.3159, 4.3775], [-52.315, 4.3775], [-52.3141, 4.3773], [-52.3126, 4.377], [-52.3101, 4.3767], [-52.3083, 4.3775], [-52.3071, 4.3779], [-52.3055, 4.3777], [-52.3042, 4.3772], [-52.3033, 4.376], [-52.3032, 4.375], [-52.304, 4.373], [-52.3042, 4.3717], [-52.304, 4.3706], [-52.3048, 4.3694], [-52.3054, 4.3679], [-52.3055, 4.3668], [-52.306, 4.3657], [-52.3058, 4.3643], [-52.3057, 4.3627], [-52.3048, 4.3616], [-52.3057, 4.3608], [-52.3069, 4.3604], [-52.3081, 4.3588], [-52.3083, 4.3578], [-52.308, 4.3562], [-52.3082, 4.3553], [-52.3093, 4.3547], [-52.3103, 4.3547], [-52.3113, 4.3553], [-52.313, 4.3556], [-52.3142, 4.3552], [-52.3152, 4.3541], [-52.3164, 4.3534], [-52.3178, 4.3521], [-52.3193, 4.3515], [-52.3207, 4.3512], [-52.3216, 4.3509], [-52.3209, 4.3499], [-52.3208, 4.3485], [-52.3212, 4.3473], [-52.3222, 4.3464], [-52.3236, 4.3454], [-52.325, 4.3444], [-52.3253, 4.3435], [-52.3249, 4.3423], [-52.3243, 4.3414], [-52.3231, 4.3401], [-52.3221, 4.3388], [-52.3219, 4.3376], [-52.3222, 4.3365], [-52.3232, 4.3362], [-52.3241, 4.3361], [-52.325, 4.3351], [-52.3262, 4.334], [-52.3271, 4.3335], [-52.3292, 4.3312], [-52.3303, 4.3308], [-52.3318, 4.3306], [-52.3337, 4.3297], [-52.3347, 4.3289], [-52.3345, 4.3274], [-52.3334, 4.3267], [-52.333, 4.3258], [-52.3332, 4.3244], [-52.3338, 4.3226], [-52.3336, 4.3216], [-52.3332, 4.3202], [-52.3327, 4.3191], [-52.3323, 4.3181], [-52.3318, 4.3171], [-52.3318, 4.3162], [-52.3334, 4.3149], [-52.3356, 4.3136], [-52.3362, 4.3126], [-52.3359, 4.3114], [-52.3363, 4.3102], [-52.3362, 4.3089], [-52.3365, 4.3077], [-52.3371, 4.3064], [-52.3383, 4.3052], [-52.3384, 4.3035], [-52.3387, 4.3023], [-52.3387, 4.3012], [-52.3384, 4.2998], [-52.3396, 4.2989], [-52.3408, 4.298], [-52.3419, 4.2974], [-52.3423, 4.296], [-52.3423, 4.2947], [-52.3429, 4.2938], [-52.3443, 4.2935], [-52.3455, 4.2937], [-52.3468, 4.2932], [-52.3474, 4.2923], [-52.3492, 4.2908], [-52.3502, 4.2896], [-52.3507, 4.2886], [-52.3513, 4.2874], [-52.3512, 4.2865], [-52.3513, 4.2856], [-52.3522, 4.2848], [-52.3537, 4.2838], [-52.3546, 4.2844], [-52.3555, 4.2843], [-52.3564, 4.2837], [-52.357, 4.2826], [-52.3588, 4.2811], [-52.3604, 4.2801], [-52.3614, 4.2798], [-52.3623, 4.2795], [-52.3644, 4.2784], [-52.3655, 4.2784], [-52.3664, 4.2789], [-52.3674, 4.2805], [-52.3687, 4.283], [-52.37, 4.2845], [-52.3706, 4.2854], [-52.3731, 4.2863], [-52.3743, 4.2866], [-52.3752, 4.2864], [-52.3757, 4.2854], [-52.3773, 4.285], [-52.3792, 4.2847], [-52.3801, 4.2846], [-52.3818, 4.2842], [-52.3826, 4.2831], [-52.3834, 4.2803], [-52.3839, 4.2794], [-52.385, 4.2785], [-52.3861, 4.2778], [-52.3871, 4.2771], [-52.3883, 4.2769], [-52.3895, 4.277], [-52.3908, 4.2768], [-52.393, 4.2758], [-52.3945, 4.2748], [-52.3952, 4.2738], [-52.3953, 4.2726], [-52.3955, 4.2717], [-52.3957, 4.2708], [-52.3958, 4.27], [-52.3959, 4.2691], [-52.3967, 4.2681], [-52.3979, 4.2677], [-52.3986, 4.2663], [-52.3992, 4.2651], [-52.4001, 4.264], [-52.4013, 4.2624], [-52.4023, 4.2607], [-52.4039, 4.2593], [-52.4049, 4.259], [-52.4058, 4.2594], [-52.4069, 4.2598], [-52.408, 4.2598], [-52.409, 4.2591], [-52.4095, 4.2582], [-52.4096, 4.2574], [-52.4097, 4.2565], [-52.4097, 4.2556], [-52.4094, 4.2538], [-52.4093, 4.2529], [-52.41, 4.2519], [-52.411, 4.2516], [-52.4124, 4.2529], [-52.4135, 4.2535], [-52.4147, 4.2538], [-52.4158, 4.2533], [-52.4173, 4.2534], [-52.4185, 4.2531], [-52.4193, 4.2519], [-52.4191, 4.251], [-52.4199, 4.2499], [-52.4211, 4.2495], [-52.4225, 4.2492], [-52.4246, 4.2487], [-52.4258, 4.2484], [-52.428, 4.2475], [-52.4293, 4.2469], [-52.4302, 4.2469], [-52.4311, 4.2464], [-52.4319, 4.2452], [-52.4323, 4.244], [-52.4327, 4.2429], [-52.4332, 4.2415], [-52.4342, 4.239], [-52.4347, 4.2381], [-52.4353, 4.2372], [-52.4362, 4.2361], [-52.4395, 4.2366], [-52.4407, 4.2369], [-52.4423, 4.2375], [-52.4439, 4.2378], [-52.4449, 4.2379], [-52.4464, 4.2378], [-52.4479, 4.237], [-52.449, 4.2367], [-52.45, 4.2365], [-52.4512, 4.2363], [-52.4525, 4.2361], [-52.4535, 4.2361], [-52.4548, 4.2362], [-52.456, 4.2363], [-52.4569, 4.2364], [-52.4581, 4.2366], [-52.4598, 4.2371], [-52.4607, 4.2371], [-52.4646, 4.2358], [-52.4662, 4.2357], [-52.4676, 4.2359], [-52.469, 4.2363], [-52.4704, 4.2366], [-52.4722, 4.2366], [-52.4732, 4.2364], [-52.4753, 4.236], [-52.4766, 4.2362], [-52.4774, 4.2365], [-52.4785, 4.2363], [-52.4796, 4.236], [-52.4818, 4.2355], [-52.4837, 4.2348], [-52.4851, 4.2353], [-52.4862, 4.2358], [-52.4871, 4.2362], [-52.4886, 4.2363], [-52.49, 4.2362], [-52.4926, 4.2357], [-52.494, 4.236], [-52.4949, 4.2361], [-52.4975, 4.2365], [-52.4984, 4.2366], [-52.4995, 4.2366], [-52.5009, 4.237], [-52.5026, 4.2377], [-52.504, 4.2379], [-52.505, 4.2378], [-52.5064, 4.2363], [-52.5078, 4.2345], [-52.5092, 4.2336], [-52.5103, 4.2335], [-52.5115, 4.2334], [-52.5128, 4.2326], [-52.5135, 4.2316], [-52.5147, 4.2295], [-52.5157, 4.2271], [-52.5166, 4.2242], [-52.5169, 4.2223], [-52.5174, 4.2203], [-52.5182, 4.2183], [-52.5191, 4.2166], [-52.5208, 4.215], [-52.5224, 4.214], [-52.5236, 4.2135], [-52.5251, 4.2131], [-52.527, 4.213], [-52.5284, 4.2131], [-52.5301, 4.2136], [-52.5325, 4.2155], [-52.5338, 4.2161], [-52.5351, 4.2171], [-52.5362, 4.2182], [-52.5372, 4.2189], [-52.5383, 4.219], [-52.5392, 4.2185], [-52.54, 4.2175], [-52.5404, 4.2162], [-52.5417, 4.2147], [-52.5427, 4.2142], [-52.5453, 4.2129], [-52.5472, 4.212], [-52.5482, 4.2112], [-52.5491, 4.2101], [-52.55, 4.2088], [-52.5509, 4.2071], [-52.5521, 4.2042], [-52.5529, 4.2019], [-52.5531, 4.201], [-52.5531, 4.2001], [-52.5528, 4.1988], [-52.5519, 4.1975], [-52.55, 4.1964], [-52.5485, 4.1961], [-52.5474, 4.1956], [-52.5468, 4.1939], [-52.5468, 4.1913], [-52.547, 4.1901], [-52.5476, 4.1891], [-52.5491, 4.1881], [-52.5502, 4.1879], [-52.5523, 4.1875], [-52.5539, 4.1872], [-52.5553, 4.1869], [-52.5565, 4.1864], [-52.5577, 4.1848], [-52.5578, 4.1829], [-52.5581, 4.1814], [-52.5591, 4.1804], [-52.5603, 4.1796], [-52.5612, 4.1792], [-52.5631, 4.1776], [-52.5644, 4.1766], [-52.5652, 4.1755], [-52.566, 4.1741], [-52.5675, 4.1714], [-52.5687, 4.1691], [-52.5697, 4.1674], [-52.5705, 4.1663], [-52.5718, 4.1652], [-52.5737, 4.1637], [-52.575, 4.1625], [-52.5769, 4.1605], [-52.5779, 4.1592], [-52.5779, 4.1582], [-52.577, 4.1567], [-52.5766, 4.1557], [-52.5756, 4.1547], [-52.5749, 4.1538], [-52.5762, 4.1528], [-52.5776, 4.1524], [-52.5785, 4.1518], [-52.5795, 4.1504], [-52.5799, 4.1493], [-52.5802, 4.1478], [-52.5812, 4.1467], [-52.583, 4.1457], [-52.5849, 4.1443], [-52.5863, 4.1438], [-52.5875, 4.1436], [-52.5884, 4.1435], [-52.5895, 4.1431], [-52.5909, 4.1425], [-52.5918, 4.1424], [-52.5929, 4.1426], [-52.5931, 4.1409], [-52.593, 4.14], [-52.593, 4.1385], [-52.5924, 4.1364], [-52.5911, 4.1331], [-52.5903, 4.1308], [-52.5901, 4.1296], [-52.5902, 4.1286], [-52.5909, 4.1273], [-52.5925, 4.126], [-52.5937, 4.1248], [-52.5948, 4.1235], [-52.5958, 4.1228], [-52.5989, 4.1226], [-52.6002, 4.1226], [-52.6025, 4.1219], [-52.6053, 4.1208], [-52.6076, 4.1204], [-52.6088, 4.1203], [-52.6106, 4.1205], [-52.6126, 4.1209], [-52.6137, 4.1213], [-52.6146, 4.1205], [-52.6141, 4.1195], [-52.6138, 4.1186], [-52.6133, 4.1176], [-52.6133, 4.1166], [-52.6134, 4.1152], [-52.6138, 4.1143], [-52.6149, 4.1122], [-52.6157, 4.1111], [-52.6153, 4.1099], [-52.6141, 4.1092], [-52.6131, 4.1087], [-52.6125, 4.1076], [-52.6125, 4.1063], [-52.6123, 4.1053], [-52.6123, 4.1041], [-52.6136, 4.103], [-52.6149, 4.1017], [-52.6158, 4.1005], [-52.6171, 4.0996], [-52.6184, 4.0998], [-52.6203, 4.1008], [-52.6215, 4.1016], [-52.6231, 4.1034], [-52.6248, 4.1044], [-52.627, 4.1057], [-52.6286, 4.1068], [-52.6299, 4.1074], [-52.6316, 4.1077], [-52.6333, 4.1075], [-52.6343, 4.1072], [-52.6364, 4.1061], [-52.6381, 4.105], [-52.6397, 4.1046], [-52.6419, 4.1042], [-52.6433, 4.1038], [-52.6451, 4.1034], [-52.6464, 4.1029], [-52.6492, 4.1013], [-52.6519, 4.0999], [-52.6536, 4.0993], [-52.6546, 4.0992], [-52.6564, 4.0996], [-52.6573, 4.1002], [-52.6584, 4.1008], [-52.6597, 4.1014], [-52.6615, 4.1022], [-52.6627, 4.103], [-52.6645, 4.1032], [-52.6662, 4.1032], [-52.6675, 4.104], [-52.6684, 4.1051], [-52.669, 4.1062], [-52.6695, 4.1071], [-52.6704, 4.1068], [-52.6711, 4.1057], [-52.6719, 4.1041], [-52.6726, 4.103], [-52.6735, 4.1026], [-52.6753, 4.1027], [-52.6762, 4.1032], [-52.6775, 4.1032], [-52.6788, 4.1031], [-52.6804, 4.1025], [-52.6815, 4.1012], [-52.6819, 4.1002], [-52.6819, 4.0987], [-52.6821, 4.0975], [-52.6834, 4.0967], [-52.6849, 4.0968], [-52.6865, 4.0964], [-52.6891, 4.0959], [-52.6905, 4.0957], [-52.6918, 4.0957], [-52.6936, 4.0958], [-52.6949, 4.096], [-52.6957, 4.0963], [-52.697, 4.0971], [-52.6976, 4.0985], [-52.6976, 4.1], [-52.6962, 4.1008], [-52.6948, 4.1015], [-52.6942, 4.1024], [-52.6943, 4.1041], [-52.6945, 4.1055], [-52.695, 4.1072], [-52.6955, 4.1086], [-52.6956, 4.1108], [-52.696, 4.1125], [-52.6965, 4.1135], [-52.6971, 4.1146], [-52.6985, 4.1146], [-52.6998, 4.1145], [-52.7014, 4.1151], [-52.7025, 4.1162], [-52.7032, 4.1173], [-52.7043, 4.1183], [-52.7067, 4.1195], [-52.7082, 4.1201], [-52.7093, 4.1205], [-52.7102, 4.1224], [-52.7106, 4.1241], [-52.711, 4.126], [-52.7114, 4.1277], [-52.7119, 4.1298], [-52.7125, 4.1308], [-52.7134, 4.1314], [-52.7155, 4.1316], [-52.7167, 4.1317], [-52.7177, 4.1315], [-52.7188, 4.1313], [-52.7201, 4.1315], [-52.7217, 4.1324], [-52.7226, 4.1334], [-52.7235, 4.1343], [-52.7244, 4.1353], [-52.7259, 4.1362], [-52.7272, 4.1368], [-52.7286, 4.1374], [-52.7297, 4.1376], [-52.7308, 4.1376], [-52.7319, 4.1375], [-52.7333, 4.1371], [-52.7346, 4.1366], [-52.7356, 4.1365], [-52.7364, 4.137], [-52.7364, 4.1383], [-52.7353, 4.1404], [-52.7349, 4.1414], [-52.7348, 4.1427], [-52.7346, 4.1436], [-52.7355, 4.1458], [-52.7365, 4.1463], [-52.7379, 4.1464], [-52.739, 4.1461], [-52.7406, 4.1456], [-52.7427, 4.145], [-52.7443, 4.1447], [-52.7455, 4.1446], [-52.748, 4.144], [-52.7503, 4.1437], [-52.7513, 4.1437], [-52.7523, 4.1438], [-52.7531, 4.144], [-52.754, 4.1444], [-52.755, 4.1449], [-52.7564, 4.144], [-52.7578, 4.1434], [-52.7588, 4.1436], [-52.7592, 4.1447], [-52.7596, 4.1457], [-52.7603, 4.1468], [-52.7615, 4.1468], [-52.7625, 4.145], [-52.7632, 4.1435], [-52.764, 4.1423], [-52.7653, 4.1421], [-52.7664, 4.1423], [-52.7674, 4.1423], [-52.7693, 4.1416], [-52.7712, 4.1411], [-52.7726, 4.141], [-52.7739, 4.1409], [-52.7749, 4.1412], [-52.7758, 4.1414], [-52.7768, 4.142], [-52.778, 4.1428], [-52.7798, 4.1439], [-52.7816, 4.1448], [-52.7837, 4.1454], [-52.7863, 4.1459], [-52.788, 4.1464], [-52.7898, 4.1471], [-52.7916, 4.1482], [-52.7927, 4.1489], [-52.7937, 4.1497], [-52.7941, 4.1506], [-52.7942, 4.1516], [-52.7942, 4.153], [-52.7946, 4.1543], [-52.7958, 4.154], [-52.7968, 4.1536], [-52.7984, 4.1532], [-52.7999, 4.1531], [-52.8011, 4.1528], [-52.8023, 4.1524], [-52.8038, 4.1527], [-52.8051, 4.1537], [-52.806, 4.1551], [-52.8075, 4.1574], [-52.8089, 4.1593], [-52.81, 4.1608], [-52.8109, 4.1614], [-52.8117, 4.1618], [-52.8144, 4.1618], [-52.8154, 4.1613], [-52.8165, 4.1599], [-52.8175, 4.1586], [-52.8188, 4.1571], [-52.8201, 4.1565], [-52.8213, 4.1594], [-52.8217, 4.161], [-52.8227, 4.1624], [-52.8237, 4.1642], [-52.8244, 4.1658], [-52.8252, 4.167], [-52.8259, 4.1679], [-52.8267, 4.1687], [-52.8282, 4.1694], [-52.8295, 4.1698], [-52.8311, 4.1701], [-52.8324, 4.1705], [-52.8334, 4.1715], [-52.8345, 4.1728], [-52.8349, 4.1741], [-52.8349, 4.1753], [-52.8351, 4.1764], [-52.8359, 4.1777], [-52.8369, 4.1785], [-52.8379, 4.179], [-52.839, 4.1792], [-52.8437, 4.1799], [-52.8445, 4.1819], [-52.8447, 4.1833], [-52.844, 4.1843], [-52.8422, 4.1845], [-52.8413, 4.1846], [-52.8403, 4.185], [-52.8394, 4.1853], [-52.8385, 4.1854], [-52.8375, 4.1855], [-52.8366, 4.1854], [-52.8356, 4.1848], [-52.8342, 4.1838], [-52.833, 4.1829], [-52.832, 4.1825], [-52.8311, 4.1823], [-52.8291, 4.183], [-52.8281, 4.1832], [-52.8265, 4.1834], [-52.8253, 4.1839], [-52.8244, 4.1845], [-52.8232, 4.1856], [-52.8223, 4.1865], [-52.8211, 4.1879], [-52.8212, 4.1889], [-52.822, 4.1887], [-52.8233, 4.1888], [-52.8244, 4.1896], [-52.8243, 4.1906], [-52.8244, 4.1917], [-52.8257, 4.1929], [-52.8258, 4.1942], [-52.8244, 4.1957], [-52.8237, 4.1967], [-52.8236, 4.1978], [-52.8236, 4.1989], [-52.8242, 4.2], [-52.8251, 4.2017], [-52.826, 4.2034], [-52.8268, 4.2053], [-52.8273, 4.2071], [-52.8274, 4.2083], [-52.8272, 4.2092], [-52.8267, 4.2104], [-52.8257, 4.2122], [-52.8252, 4.2131], [-52.825, 4.2146], [-52.8246, 4.2159], [-52.8238, 4.2172], [-52.8229, 4.2188], [-52.8223, 4.2201], [-52.8226, 4.2232], [-52.8229, 4.2244], [-52.8222, 4.2258], [-52.8213, 4.2271], [-52.8209, 4.228], [-52.8209, 4.2293], [-52.8217, 4.2304], [-52.8227, 4.2303], [-52.8247, 4.2289], [-52.8262, 4.2278], [-52.8276, 4.2276], [-52.8283, 4.2287], [-52.8282, 4.2298], [-52.8273, 4.2308], [-52.826, 4.2314], [-52.825, 4.2323], [-52.8249, 4.2345], [-52.8257, 4.2363], [-52.8262, 4.2373], [-52.8264, 4.2386], [-52.8258, 4.2395], [-52.8246, 4.2402], [-52.8237, 4.241], [-52.8237, 4.2421], [-52.825, 4.2431], [-52.8263, 4.2437], [-52.8268, 4.2446], [-52.8268, 4.246], [-52.8262, 4.2476], [-52.8249, 4.2494], [-52.8243, 4.2505], [-52.8229, 4.2517], [-52.8221, 4.2525], [-52.8218, 4.2536], [-52.8219, 4.2551], [-52.8216, 4.256], [-52.8224, 4.2566], [-52.824, 4.2562], [-52.8248, 4.2563], [-52.8255, 4.2572], [-52.8258, 4.2581], [-52.8263, 4.2591], [-52.8269, 4.2604], [-52.8269, 4.2613], [-52.8257, 4.2626], [-52.8251, 4.2635], [-52.825, 4.2643], [-52.8249, 4.2654], [-52.8247, 4.267], [-52.825, 4.2685], [-52.8261, 4.27], [-52.8268, 4.271], [-52.8274, 4.2721], [-52.8285, 4.273], [-52.8295, 4.274], [-52.8306, 4.2744], [-52.8315, 4.2748], [-52.8324, 4.2758], [-52.8327, 4.2767], [-52.8336, 4.277], [-52.8349, 4.2764], [-52.8364, 4.2761], [-52.8375, 4.2763], [-52.8385, 4.2769], [-52.8393, 4.2779], [-52.8386, 4.28], [-52.8381, 4.2813], [-52.8372, 4.2824], [-52.836, 4.2832], [-52.8343, 4.2841], [-52.8329, 4.2851], [-52.8318, 4.286], [-52.8308, 4.286], [-52.83, 4.2856], [-52.8291, 4.2853], [-52.8282, 4.286], [-52.8277, 4.2868], [-52.8277, 4.2879], [-52.828, 4.2887], [-52.8285, 4.2896], [-52.8279, 4.2905], [-52.827, 4.2913], [-52.8276, 4.2928], [-52.8277, 4.2937], [-52.8277, 4.2953], [-52.8279, 4.2963], [-52.8291, 4.2972], [-52.8294, 4.2982], [-52.8289, 4.2991], [-52.8282, 4.3003], [-52.8271, 4.3012], [-52.8261, 4.302], [-52.8249, 4.3015], [-52.8242, 4.3025], [-52.8247, 4.3035], [-52.8248, 4.3049], [-52.8243, 4.3062], [-52.8245, 4.308], [-52.8249, 4.309], [-52.8246, 4.3103], [-52.824, 4.3114], [-52.8236, 4.3125], [-52.8237, 4.314], [-52.8246, 4.3153], [-52.8254, 4.3158], [-52.8263, 4.3162], [-52.8273, 4.3176], [-52.8277, 4.3185], [-52.8277, 4.3202], [-52.8275, 4.3211], [-52.8282, 4.3226], [-52.8286, 4.3242], [-52.8296, 4.3256], [-52.8309, 4.3257], [-52.8321, 4.325], [-52.833, 4.3247], [-52.8341, 4.3248], [-52.8355, 4.3257], [-52.8364, 4.3282], [-52.8368, 4.3302], [-52.8372, 4.331], [-52.8383, 4.3318], [-52.84, 4.3319], [-52.8415, 4.3323], [-52.8427, 4.333], [-52.8433, 4.3349], [-52.8437, 4.3361], [-52.8446, 4.3373], [-52.8452, 4.3386], [-52.8454, 4.3399], [-52.8477, 4.3411], [-52.8486, 4.3415], [-52.8495, 4.3423], [-52.8497, 4.3432], [-52.8492, 4.3443], [-52.8496, 4.3455], [-52.8502, 4.3466], [-52.8509, 4.3474], [-52.8518, 4.3478], [-52.8531, 4.3479], [-52.8538, 4.3492], [-52.8548, 4.3503], [-52.8552, 4.3515], [-52.856, 4.3527], [-52.856, 4.3536], [-52.8551, 4.3543], [-52.8541, 4.3545], [-52.8535, 4.3554], [-52.8539, 4.3565], [-52.8537, 4.359], [-52.8535, 4.3605], [-52.8538, 4.3614], [-52.8547, 4.3615], [-52.8558, 4.3627], [-52.8565, 4.3637], [-52.8568, 4.3646], [-52.8572, 4.3665], [-52.8574, 4.3681], [-52.8573, 4.3696], [-52.8577, 4.3715], [-52.8581, 4.3725], [-52.8578, 4.3743], [-52.8563, 4.3755], [-52.8556, 4.3764], [-52.8561, 4.3777], [-52.8572, 4.3783], [-52.8577, 4.3793], [-52.8571, 4.3817], [-52.8565, 4.3832], [-52.8571, 4.3841], [-52.8571, 4.3853], [-52.8568, 4.3872], [-52.8567, 4.3882], [-52.8576, 4.3894], [-52.8584, 4.3895], [-52.8595, 4.3887], [-52.8603, 4.3886], [-52.8606, 4.3896], [-52.8614, 4.3906], [-52.8625, 4.3908], [-52.8632, 4.3897], [-52.8645, 4.3893], [-52.8657, 4.3911], [-52.8653, 4.3923], [-52.8658, 4.3933], [-52.8658, 4.3943], [-52.8665, 4.3953], [-52.8667, 4.3962], [-52.866, 4.3982], [-52.8653, 4.3994], [-52.8644, 4.4006], [-52.863, 4.4015], [-52.8613, 4.4025], [-52.86, 4.4037], [-52.8598, 4.4056], [-52.8601, 4.4066], [-52.8604, 4.4082], [-52.8602, 4.4092], [-52.8597, 4.4111], [-52.8597, 4.4122], [-52.8597, 4.4136], [-52.8586, 4.4148], [-52.8572, 4.4155], [-52.8561, 4.4161], [-52.8548, 4.4167], [-52.8544, 4.4175], [-52.8552, 4.4195], [-52.8553, 4.4205], [-52.8553, 4.4217], [-52.8551, 4.4232], [-52.8548, 4.4244], [-52.8543, 4.4257], [-52.8535, 4.4276], [-52.853, 4.4287], [-52.8523, 4.4296], [-52.8508, 4.4298], [-52.8497, 4.4298], [-52.8488, 4.4301], [-52.8477, 4.4309], [-52.8468, 4.4319], [-52.8459, 4.4327], [-52.8445, 4.4334], [-52.8426, 4.4344], [-52.8416, 4.4348], [-52.8406, 4.435], [-52.839, 4.4351], [-52.8378, 4.4348], [-52.8364, 4.4344], [-52.8345, 4.4344], [-52.8336, 4.4346], [-52.8319, 4.4362], [-52.8309, 4.4375], [-52.83, 4.4393], [-52.8293, 4.4405], [-52.8289, 4.4421], [-52.829, 4.4431], [-52.8282, 4.4442], [-52.8275, 4.4451], [-52.8281, 4.446], [-52.8297, 4.4466], [-52.8306, 4.4471], [-52.831, 4.4484], [-52.8309, 4.4496], [-52.8312, 4.4507], [-52.831, 4.4518], [-52.83, 4.4523], [-52.8288, 4.453], [-52.8274, 4.4529], [-52.8264, 4.4526], [-52.8254, 4.4521], [-52.8245, 4.4517], [-52.8234, 4.4514], [-52.822, 4.4508], [-52.8207, 4.4503], [-52.8197, 4.4497], [-52.8184, 4.4486], [-52.8166, 4.4472], [-52.8156, 4.4469], [-52.8148, 4.4474], [-52.8137, 4.4488], [-52.812, 4.4497], [-52.8111, 4.4499], [-52.8103, 4.4507], [-52.8102, 4.4517], [-52.8113, 4.4527], [-52.8119, 4.4542], [-52.8119, 4.4551], [-52.8117, 4.4565], [-52.8118, 4.459], [-52.8117, 4.4598], [-52.8107, 4.461], [-52.8099, 4.462], [-52.8096, 4.463], [-52.809, 4.465], [-52.8084, 4.4662], [-52.8076, 4.4672], [-52.8065, 4.4678], [-52.8056, 4.4677], [-52.8043, 4.4671], [-52.8031, 4.4662], [-52.8013, 4.4669], [-52.7992, 4.4681], [-52.7983, 4.4684], [-52.7965, 4.4687], [-52.7958, 4.4696], [-52.7966, 4.471], [-52.7992, 4.4734], [-52.8008, 4.4749], [-52.8012, 4.4758], [-52.8014, 4.4772], [-52.8013, 4.4788], [-52.8013, 4.4797], [-52.8013, 4.4806], [-52.8016, 4.4817], [-52.8003, 4.483], [-52.7981, 4.4838], [-52.7967, 4.484], [-52.7954, 4.484], [-52.7941, 4.4846], [-52.7936, 4.4856], [-52.7936, 4.4873], [-52.7924, 4.489], [-52.7909, 4.4911], [-52.7896, 4.4925], [-52.7887, 4.4937], [-52.789, 4.4951], [-52.79, 4.4967], [-52.7904, 4.498], [-52.7905, 4.499], [-52.7905, 4.5001], [-52.7902, 4.5016], [-52.7902, 4.5052], [-52.7902, 4.5077], [-52.7897, 4.509], [-52.7892, 4.5102], [-52.7882, 4.5114], [-52.7862, 4.5106], [-52.7852, 4.5105], [-52.7821, 4.5105], [-52.7811, 4.5105], [-52.7789, 4.5105], [-52.7776, 4.511], [-52.7766, 4.512], [-52.7758, 4.5134], [-52.7756, 4.5147], [-52.7753, 4.5161], [-52.7743, 4.5173], [-52.7742, 4.5182], [-52.774, 4.5195], [-52.7728, 4.5212], [-52.7725, 4.5225], [-52.7727, 4.5234], [-52.7729, 4.5243], [-52.7727, 4.5255], [-52.7721, 4.5268], [-52.7707, 4.5275], [-52.7694, 4.5281], [-52.7684, 4.5291], [-52.7676, 4.5307], [-52.7672, 4.5321], [-52.7669, 4.5333], [-52.7671, 4.5343], [-52.7669, 4.5367], [-52.7668, 4.5377], [-52.7664, 4.5393], [-52.7658, 4.5406], [-52.7635, 4.542], [-52.7606, 4.5433], [-52.7594, 4.5436], [-52.7585, 4.5437], [-52.7569, 4.5434], [-52.7555, 4.5427], [-52.7537, 4.5428], [-52.7526, 4.5433], [-52.7516, 4.5443], [-52.7512, 4.546], [-52.7511, 4.5469], [-52.7509, 4.5482], [-52.7502, 4.5494], [-52.7502, 4.5528], [-52.7501, 4.5537], [-52.748, 4.5549], [-52.7467, 4.5558], [-52.7466, 4.5569], [-52.7467, 4.5578], [-52.7456, 4.559], [-52.7445, 4.5592], [-52.7438, 4.5615], [-52.7432, 4.5625], [-52.7422, 4.5635], [-52.7404, 4.5647], [-52.7392, 4.566], [-52.7384, 4.5672], [-52.7379, 4.5683], [-52.7385, 4.5692], [-52.7404, 4.5708], [-52.7415, 4.572], [-52.7423, 4.5729], [-52.743, 4.5748], [-52.743, 4.5759], [-52.7429, 4.5768], [-52.7432, 4.5783], [-52.7438, 4.5795], [-52.7447, 4.58], [-52.7444, 4.5813], [-52.7445, 4.5826], [-52.7444, 4.584], [-52.7439, 4.5854], [-52.743, 4.5858], [-52.74, 4.5878], [-52.7392, 4.5883], [-52.7381, 4.5889], [-52.7377, 4.59], [-52.739, 4.5914], [-52.7396, 4.5924], [-52.7385, 4.5932], [-52.7362, 4.5945], [-52.7346, 4.596], [-52.7334, 4.5968], [-52.7322, 4.5969], [-52.731, 4.5965], [-52.7295, 4.596], [-52.7286, 4.5966], [-52.7285, 4.5976], [-52.7293, 4.5986], [-52.7302, 4.5992], [-52.7304, 4.6007], [-52.7295, 4.6019], [-52.7293, 4.6031], [-52.7289, 4.6043], [-52.728, 4.6044], [-52.7271, 4.6032], [-52.7259, 4.6022], [-52.7247, 4.6025], [-52.7236, 4.6028], [-52.7232, 4.6018], [-52.7228, 4.6008], [-52.7216, 4.6003], [-52.7211, 4.5988], [-52.7209, 4.5976], [-52.7199, 4.597], [-52.7188, 4.597], [-52.7179, 4.5971], [-52.7164, 4.5976], [-52.7155, 4.5991], [-52.7149, 4.6006], [-52.7134, 4.6015], [-52.7128, 4.6025], [-52.7129, 4.6052], [-52.7131, 4.6064], [-52.7134, 4.6073], [-52.7135, 4.6083], [-52.7129, 4.6094], [-52.7116, 4.61], [-52.7104, 4.6119], [-52.7094, 4.6128], [-52.7083, 4.6127], [-52.7074, 4.6129], [-52.7064, 4.6138], [-52.7056, 4.6136], [-52.7045, 4.613], [-52.7037, 4.6134], [-52.7028, 4.6136], [-52.702, 4.6133], [-52.7015, 4.6124], [-52.7006, 4.6115], [-52.6997, 4.6115], [-52.699, 4.6125], [-52.6983, 4.6136], [-52.6978, 4.6146], [-52.6979, 4.6155], [-52.6988, 4.6168], [-52.6997, 4.6177], [-52.7006, 4.6186], [-52.7012, 4.6198], [-52.7013, 4.6208], [-52.7007, 4.622], [-52.6998, 4.6224], [-52.6984, 4.6213], [-52.6982, 4.6222], [-52.6986, 4.6231], [-52.6988, 4.624], [-52.7, 4.6246], [-52.7009, 4.6255], [-52.7012, 4.6265], [-52.7006, 4.6289], [-52.7004, 4.6298], [-52.6999, 4.6309], [-52.6988, 4.6326], [-52.698, 4.6335], [-52.6971, 4.6333], [-52.6959, 4.6335], [-52.6952, 4.6344], [-52.6946, 4.6353], [-52.6939, 4.6362], [-52.693, 4.6375], [-52.693, 4.6391], [-52.692, 4.6398], [-52.691, 4.6397], [-52.6902, 4.64], [-52.6891, 4.6391], [-52.6879, 4.6389], [-52.687, 4.639], [-52.6873, 4.6401], [-52.6872, 4.6412], [-52.686, 4.6421], [-52.6856, 4.6433], [-52.685, 4.6446], [-52.6848, 4.6455], [-52.6843, 4.6468], [-52.6833, 4.6475], [-52.6824, 4.648], [-52.6816, 4.6492], [-52.6806, 4.6492], [-52.6794, 4.6504], [-52.6783, 4.6514], [-52.677, 4.6521], [-52.6761, 4.6529], [-52.6757, 4.6541], [-52.6754, 4.6555], [-52.6747, 4.6566], [-52.6738, 4.6567], [-52.6727, 4.6562], [-52.6717, 4.6559], [-52.6712, 4.6573], [-52.6714, 4.6583], [-52.6713, 4.6592], [-52.6705, 4.6599], [-52.6695, 4.6602], [-52.6695, 4.6614], [-52.6693, 4.6624], [-52.6708, 4.6626], [-52.6718, 4.6631], [-52.672, 4.6643], [-52.672, 4.6652], [-52.6717, 4.6667], [-52.6713, 4.6685], [-52.6703, 4.6698], [-52.6682, 4.6699], [-52.6674, 4.6711], [-52.6675, 4.672], [-52.6676, 4.6729], [-52.6684, 4.6739], [-52.6683, 4.6752], [-52.6676, 4.6761], [-52.6669, 4.6773], [-52.6665, 4.6786], [-52.6655, 4.6797], [-52.6642, 4.6809], [-52.6633, 4.6818], [-52.6621, 4.6824], [-52.6611, 4.682], [-52.6596, 4.6811], [-52.6584, 4.6812], [-52.6568, 4.6809], [-52.6557, 4.6804], [-52.6547, 4.6797], [-52.6535, 4.6791], [-52.6524, 4.6802], [-52.6515, 4.681], [-52.6499, 4.6808], [-52.649, 4.6808], [-52.6482, 4.682], [-52.6481, 4.6833], [-52.6478, 4.6842], [-52.647, 4.6851], [-52.6468, 4.6861], [-52.6475, 4.6872], [-52.6481, 4.6881], [-52.6458, 4.6883], [-52.6449, 4.6884], [-52.6434, 4.6889], [-52.6423, 4.6898], [-52.6415, 4.6907], [-52.6411, 4.6917], [-52.6406, 4.6931], [-52.6409, 4.6941], [-52.6418, 4.6951], [-52.6427, 4.6961], [-52.6436, 4.6975], [-52.6445, 4.6983], [-52.6462, 4.699], [-52.6464, 4.7003], [-52.6454, 4.7007], [-52.6442, 4.7011], [-52.6424, 4.7012], [-52.6413, 4.7013], [-52.6403, 4.7015], [-52.6393, 4.7019], [-52.6384, 4.702], [-52.6372, 4.7018], [-52.6359, 4.7017], [-52.6347, 4.7018], [-52.6335, 4.7018], [-52.6315, 4.7021], [-52.6302, 4.7025], [-52.6293, 4.7027], [-52.6283, 4.7033], [-52.6274, 4.7047], [-52.627, 4.7064], [-52.627, 4.7075], [-52.6264, 4.7085], [-52.6252, 4.709], [-52.6237, 4.7098], [-52.6228, 4.7107], [-52.6233, 4.7122], [-52.6236, 4.7137], [-52.6232, 4.7149], [-52.6227, 4.7161], [-52.6235, 4.7177], [-52.6236, 4.7186], [-52.6225, 4.7197], [-52.6211, 4.7201], [-52.6199, 4.7203], [-52.619, 4.7202], [-52.618, 4.7203], [-52.6171, 4.7202], [-52.6161, 4.7197], [-52.6157, 4.7181], [-52.615, 4.7165], [-52.6141, 4.7158], [-52.6134, 4.7168], [-52.6124, 4.7171], [-52.6114, 4.7166], [-52.61, 4.7156], [-52.6091, 4.7147], [-52.6076, 4.7146], [-52.6064, 4.7144], [-52.6049, 4.7134], [-52.6039, 4.713], [-52.6025, 4.7112], [-52.6016, 4.7104], [-52.6007, 4.7107], [-52.6004, 4.7118], [-52.6008, 4.7128], [-52.5997, 4.7136], [-52.598, 4.7126], [-52.5971, 4.7126], [-52.5962, 4.7135], [-52.5954, 4.7139], [-52.5944, 4.7143], [-52.5932, 4.7141], [-52.5918, 4.7135], [-52.5905, 4.7139], [-52.5895, 4.7149], [-52.5886, 4.7152], [-52.5876, 4.7156], [-52.5859, 4.716], [-52.5851, 4.7163], [-52.5841, 4.7166], [-52.5832, 4.7154], [-52.5829, 4.714], [-52.5809, 4.7134], [-52.5795, 4.7133], [-52.5785, 4.7131], [-52.5771, 4.7115], [-52.5758, 4.7109], [-52.5748, 4.7112], [-52.5739, 4.7118], [-52.5728, 4.7124], [-52.5719, 4.7124], [-52.5717, 4.7104], [-52.5719, 4.7095], [-52.5715, 4.7082], [-52.57, 4.7071], [-52.5685, 4.7066], [-52.5671, 4.7061], [-52.5655, 4.7049], [-52.5639, 4.7043], [-52.563, 4.7039], [-52.5621, 4.7046], [-52.5597, 4.7051], [-52.5578, 4.7062], [-52.5564, 4.7059], [-52.554, 4.7037], [-52.5534, 4.7025], [-52.5524, 4.7017], [-52.5505, 4.7016], [-52.5499, 4.7006], [-52.5503, 4.6993], [-52.5503, 4.6982], [-52.5513, 4.6968], [-52.5516, 4.6959], [-52.5507, 4.6953], [-52.5494, 4.6942], [-52.548, 4.6935], [-52.5472, 4.6927], [-52.546, 4.6919], [-52.5446, 4.6917], [-52.5438, 4.6914], [-52.5432, 4.6905], [-52.5417, 4.6898], [-52.5398, 4.6891], [-52.5374, 4.688], [-52.5348, 4.6868], [-52.5339, 4.6862], [-52.5332, 4.685], [-52.5324, 4.6839], [-52.5314, 4.6833], [-52.5309, 4.6824], [-52.5298, 4.6815], [-52.5285, 4.6813], [-52.5276, 4.68], [-52.5265, 4.6788], [-52.5246, 4.6782], [-52.5237, 4.6771], [-52.5225, 4.6763], [-52.5214, 4.6757], [-52.5201, 4.6759], [-52.5201, 4.6751], [-52.519, 4.6751], [-52.5184, 4.676], [-52.5168, 4.6752], [-52.516, 4.6748], [-52.5147, 4.6743], [-52.5133, 4.6741], [-52.5113, 4.6737], [-52.5108, 4.6726], [-52.5093, 4.6721], [-52.5074, 4.6726], [-52.506, 4.6729], [-52.5048, 4.672], [-52.5037, 4.6718], [-52.5017, 4.6725], [-52.5003, 4.6736], [-52.499, 4.6737], [-52.4981, 4.672], [-52.4976, 4.6709], [-52.4971, 4.6699], [-52.4961, 4.6681], [-52.4959, 4.6669], [-52.4957, 4.666], [-52.4953, 4.6652], [-52.4937, 4.6647], [-52.4928, 4.665], [-52.4917, 4.665], [-52.4908, 4.6642], [-52.4898, 4.6642], [-52.4889, 4.6649], [-52.4879, 4.6643], [-52.4872, 4.6633], [-52.4859, 4.6632], [-52.4849, 4.6631], [-52.4841, 4.6642], [-52.4825, 4.6645], [-52.4811, 4.6661], [-52.4796, 4.6661], [-52.478, 4.665], [-52.4758, 4.6638], [-52.4757, 4.6616], [-52.4723, 4.6602], [-52.4713, 4.6606], [-52.4698, 4.6595], [-52.4689, 4.659], [-52.4672, 4.6593], [-52.4652, 4.6601], [-52.4647, 4.6612], [-52.4649, 4.6621], [-52.4645, 4.6633], [-52.4635, 4.6643], [-52.4639, 4.6653], [-52.4634, 4.6667], [-52.4626, 4.6677], [-52.4616, 4.6682], [-52.4611, 4.6693], [-52.4611, 4.6705], [-52.4609, 4.6715], [-52.46, 4.672], [-52.4591, 4.6717], [-52.4583, 4.6733], [-52.4571, 4.6751], [-52.4573, 4.676], [-52.4576, 4.6772], [-52.4571, 4.6783], [-52.4576, 4.6796], [-52.4566, 4.6802], [-52.4558, 4.6815], [-52.4542, 4.6829], [-52.4535, 4.684], [-52.4523, 4.6848], [-52.4522, 4.6857], [-52.4523, 4.6872], [-52.4512, 4.6881], [-52.4506, 4.6893], [-52.4509, 4.691], [-52.4513, 4.6922], [-52.4521, 4.6938], [-52.4524, 4.6947], [-52.4526, 4.6957], [-52.4526, 4.697], [-52.4514, 4.6992], [-52.451, 4.7002], [-52.451, 4.7011], [-52.4507, 4.7023], [-52.4501, 4.7036], [-52.4495, 4.7053], [-52.4495, 4.7077], [-52.4493, 4.7089], [-52.4489, 4.7099], [-52.448, 4.7104], [-52.4471, 4.7105], [-52.4471, 4.7123], [-52.447, 4.7132], [-52.4464, 4.714], [-52.4451, 4.7147], [-52.4445, 4.7156], [-52.4442, 4.7168], [-52.4435, 4.7184], [-52.4418, 4.7175], [-52.4407, 4.7176], [-52.4398, 4.7184], [-52.4396, 4.7198], [-52.4391, 4.7207], [-52.4384, 4.7219], [-52.4383, 4.7228], [-52.4392, 4.7236], [-52.4388, 4.7245], [-52.4386, 4.7255], [-52.4386, 4.7267], [-52.4383, 4.7276], [-52.4384, 4.7296], [-52.4383, 4.7305], [-52.4367, 4.7329], [-52.4364, 4.7341], [-52.4364, 4.7352], [-52.4362, 4.7372], [-52.436, 4.738], [-52.4354, 4.7389], [-52.4344, 4.7384], [-52.4333, 4.7375], [-52.4307, 4.7375], [-52.4288, 4.7397], [-52.4279, 4.741], [-52.427, 4.7424], [-52.4266, 4.7434], [-52.4298, 4.7501], [-52.4324, 4.7551], [-52.4305, 4.7626], [-52.4278, 4.7629], [-52.4277, 4.764], [-52.4269, 4.7656], [-52.4269, 4.7666], [-52.4274, 4.7681], [-52.4277, 4.7692], [-52.4278, 4.7706], [-52.4277, 4.7721], [-52.4273, 4.7732], [-52.4266, 4.7741], [-52.4261, 4.7752], [-52.426, 4.7766], [-52.4256, 4.7775], [-52.4248, 4.7786], [-52.4241, 4.78], [-52.4236, 4.7814], [-52.4226, 4.7811], [-52.4218, 4.7806], [-52.4208, 4.7809], [-52.4206, 4.7788], [-52.4209, 4.778], [-52.421, 4.7769], [-52.4201, 4.7764], [-52.4196, 4.7751], [-52.4192, 4.7742], [-52.4187, 4.7733], [-52.4189, 4.7724], [-52.4186, 4.7713], [-52.4182, 4.7704], [-52.4184, 4.7695], [-52.4183, 4.7685], [-52.4178, 4.7676], [-52.4187, 4.7667], [-52.4196, 4.7665], [-52.4206, 4.767], [-52.4206, 4.766], [-52.4197, 4.7655], [-52.4188, 4.7651], [-52.4177, 4.765], [-52.4169, 4.7647], [-52.4155, 4.7648], [-52.4145, 4.765], [-52.4136, 4.7661], [-52.4127, 4.7667], [-52.4118, 4.7672], [-52.4107, 4.768], [-52.4097, 4.7672], [-52.4094, 4.7661], [-52.4084, 4.7653], [-52.4075, 4.7654], [-52.4066, 4.7657], [-52.4055, 4.7661], [-52.4045, 4.7667], [-52.4034, 4.7669], [-52.4024, 4.7666], [-52.4011, 4.7655], [-52.3999, 4.7649], [-52.3988, 4.7648], [-52.3978, 4.7648], [-52.3968, 4.7644], [-52.3959, 4.764], [-52.3954, 4.7631], [-52.396, 4.7618], [-52.3967, 4.7607], [-52.3969, 4.7597], [-52.3964, 4.7587], [-52.3953, 4.7586], [-52.3943, 4.7592], [-52.3933, 4.7593], [-52.3921, 4.7587], [-52.3907, 4.758], [-52.3899, 4.7575], [-52.3889, 4.7565], [-52.3881, 4.7556], [-52.3867, 4.7544], [-52.3849, 4.754], [-52.3841, 4.7541], [-52.3831, 4.7548], [-52.3821, 4.7559], [-52.3812, 4.7571], [-52.3806, 4.7582], [-52.3804, 4.7596], [-52.3801, 4.7605], [-52.3794, 4.7614], [-52.378, 4.7617], [-52.377, 4.7615], [-52.3755, 4.7607], [-52.3745, 4.7604], [-52.3734, 4.7606], [-52.3727, 4.7615], [-52.3726, 4.7626], [-52.3728, 4.7636], [-52.3729, 4.7646], [-52.3724, 4.7657], [-52.371, 4.7664], [-52.3701, 4.7663], [-52.3691, 4.7658], [-52.3681, 4.7652], [-52.3674, 4.7641], [-52.3668, 4.7631], [-52.3661, 4.7622], [-52.3654, 4.7613], [-52.3644, 4.7606], [-52.3636, 4.7602], [-52.3624, 4.7602], [-52.361, 4.7602], [-52.3599, 4.7601], [-52.3591, 4.7599], [-52.3578, 4.7598], [-52.3567, 4.7596], [-52.3555, 4.7593], [-52.3541, 4.7587], [-52.353, 4.7579], [-52.352, 4.7569], [-52.3507, 4.7554], [-52.3501, 4.7545], [-52.3492, 4.7531], [-52.3481, 4.7515], [-52.3472, 4.7499], [-52.3464, 4.7485], [-52.3456, 4.7473], [-52.3448, 4.7459], [-52.3439, 4.7445], [-52.3434, 4.7437], [-52.3422, 4.7423], [-52.3411, 4.7413], [-52.3402, 4.7409], [-52.338, 4.7405], [-52.3364, 4.7404], [-52.3352, 4.7414], [-52.3331, 4.7425], [-52.3318, 4.743], [-52.3309, 4.7435], [-52.3292, 4.7442], [-52.3282, 4.7449], [-52.3268, 4.7462], [-52.326, 4.7474], [-52.3255, 4.7483], [-52.3243, 4.7516], [-52.3238, 4.7531], [-52.3232, 4.7543], [-52.3221, 4.7561], [-52.3209, 4.7578], [-52.3181, 4.7613], [-52.3171, 4.7625], [-52.3156, 4.7643], [-52.3147, 4.7656], [-52.3137, 4.767], [-52.3129, 4.7682], [-52.3119, 4.77], [-52.3107, 4.7722], [-52.3102, 4.7732], [-52.3097, 4.7746], [-52.3091, 4.7768], [-52.3074, 4.7827], [-52.3068, 4.784], [-52.3057, 4.7861], [-52.304, 4.7892], [-52.3021, 4.7928], [-52.3003, 4.7975], [-52.299, 4.8011], [-52.2972, 4.8079], [-52.2969, 4.8096], [-52.297, 4.8107], [-52.2969, 4.815], [-52.2968, 4.8162], [-52.2967, 4.8195], [-52.2963, 4.8217], [-52.2958, 4.8236], [-52.2919, 4.822], [-52.2905, 4.8212], [-52.2878, 4.8199], [-52.2861, 4.8191], [-52.2852, 4.8186], [-52.2824, 4.8223], [-52.2811, 4.8243], [-52.281, 4.8261], [-52.281, 4.8274], [-52.2821, 4.828], [-52.2811, 4.8288], [-52.2802, 4.829], [-52.2743, 4.8246], [-52.2751, 4.827], [-52.2762, 4.828], [-52.2768, 4.8293], [-52.2774, 4.8307], [-52.2787, 4.8321], [-52.2793, 4.8335], [-52.2805, 4.8342], [-52.2816, 4.8334], [-52.2822, 4.8343], [-52.2813, 4.8346], [-52.281, 4.8355], [-52.2795, 4.8361], [-52.2785, 4.8364], [-52.2775, 4.8359], [-52.277, 4.8368], [-52.2768, 4.8378], [-52.2757, 4.8391], [-52.275, 4.8381], [-52.2747, 4.8368], [-52.2736, 4.8358], [-52.2723, 4.8349], [-52.2704, 4.8349], [-52.2699, 4.8338], [-52.2709, 4.8332], [-52.2704, 4.8319], [-52.2677, 4.8304], [-52.2666, 4.8293], [-52.2676, 4.8288], [-52.2692, 4.8292], [-52.2697, 4.8277], [-52.2692, 4.8262], [-52.2681, 4.8261], [-52.267, 4.8266], [-52.2662, 4.8256], [-52.2652, 4.826], [-52.2645, 4.8274], [-52.264, 4.8287], [-52.2627, 4.8287], [-52.2617, 4.8289], [-52.2628, 4.8297], [-52.2637, 4.8306], [-52.2642, 4.8317], [-52.263, 4.832], [-52.2621, 4.831], [-52.2618, 4.83], [-52.26, 4.8307], [-52.2569, 4.828], [-52.2553, 4.8266], [-52.2546, 4.8257], [-52.2553, 4.8248], [-52.2565, 4.8246], [-52.2557, 4.8233], [-52.2546, 4.8235], [-52.253, 4.8245], [-52.2527, 4.8255], [-52.2511, 4.8246], [-52.2498, 4.8236], [-52.2488, 4.8244], [-52.2479, 4.8257], [-52.2472, 4.8266], [-52.2462, 4.827], [-52.2453, 4.8269], [-52.2444, 4.8278], [-52.2441, 4.8288], [-52.2438, 4.8306], [-52.2427, 4.8309], [-52.2418, 4.8309], [-52.2407, 4.8309], [-52.2395, 4.8301], [-52.2383, 4.829], [-52.2374, 4.8294], [-52.2383, 4.8304], [-52.24, 4.8319], [-52.2422, 4.8327], [-52.2439, 4.8333], [-52.2445, 4.8343], [-52.2439, 4.8352], [-52.2452, 4.8366], [-52.2447, 4.8379], [-52.2437, 4.8384], [-52.2414, 4.8383], [-52.24, 4.8382], [-52.2392, 4.838], [-52.2382, 4.8381], [-52.2369, 4.8386], [-52.2356, 4.838], [-52.2343, 4.8377], [-52.2333, 4.8365], [-52.2324, 4.837], [-52.2318, 4.8379], [-52.2324, 4.8392], [-52.2339, 4.8399], [-52.233, 4.8407], [-52.2315, 4.8413], [-52.2302, 4.8412], [-52.2282, 4.8412], [-52.2275, 4.8402], [-52.2268, 4.8388], [-52.2258, 4.8395], [-52.2252, 4.8405], [-52.2241, 4.8413], [-52.2225, 4.8403], [-52.2215, 4.8404], [-52.2199, 4.8411], [-52.2184, 4.8403], [-52.2169, 4.8398], [-52.2155, 4.8388], [-52.2145, 4.8389], [-52.2137, 4.8376], [-52.2132, 4.8365], [-52.2112, 4.836], [-52.21, 4.8355], [-52.2102, 4.8339], [-52.2118, 4.8327], [-52.2123, 4.8316], [-52.2121, 4.8305], [-52.2118, 4.8296], [-52.2114, 4.8285], [-52.211, 4.8295], [-52.2102, 4.8305], [-52.2096, 4.8315], [-52.2086, 4.8323], [-52.2072, 4.8315], [-52.2062, 4.8312], [-52.2041, 4.8301], [-52.203, 4.8293], [-52.2024, 4.8284], [-52.2011, 4.8268], [-52.2004, 4.8256], [-52.2001, 4.8247], [-52.1999, 4.8238], [-52.2011, 4.8232], [-52.201, 4.8223], [-52.2013, 4.8214], [-52.2005, 4.8215], [-52.1999, 4.8224], [-52.199, 4.8229], [-52.1989, 4.8243], [-52.1992, 4.8256], [-52.1983, 4.8256], [-52.1975, 4.8254], [-52.1966, 4.8257], [-52.1959, 4.8246], [-52.1959, 4.8237], [-52.1954, 4.8224], [-52.1942, 4.8221], [-52.1931, 4.8206], [-52.192, 4.8194], [-52.1906, 4.8194], [-52.1897, 4.82], [-52.1892, 4.8191], [-52.1883, 4.8194], [-52.1877, 4.8182], [-52.1867, 4.8177], [-52.1856, 4.8182], [-52.1839, 4.8165], [-52.1838, 4.8155], [-52.1828, 4.8168], [-52.1826, 4.8156], [-52.1817, 4.8158], [-52.1815, 4.8144], [-52.1804, 4.8149], [-52.1805, 4.8138], [-52.1796, 4.8123], [-52.1786, 4.812], [-52.1783, 4.8111], [-52.1774, 4.8111], [-52.1767, 4.8102], [-52.1773, 4.809], [-52.1778, 4.808], [-52.1769, 4.808], [-52.1761, 4.8075], [-52.1748, 4.8059], [-52.1736, 4.8051], [-52.1735, 4.8043], [-52.1741, 4.8033], [-52.175, 4.8023], [-52.1752, 4.8014], [-52.174, 4.8009], [-52.1731, 4.7995], [-52.1736, 4.7983], [-52.1746, 4.7978], [-52.1748, 4.7968], [-52.1736, 4.7953], [-52.1729, 4.7938], [-52.1725, 4.7927], [-52.1725, 4.7917], [-52.1718, 4.7901], [-52.1711, 4.7884], [-52.1693, 4.7875], [-52.1684, 4.7871], [-52.1671, 4.786], [-52.1669, 4.7849], [-52.1669, 4.7839], [-52.1662, 4.7828], [-52.1668, 4.7816], [-52.1668, 4.7803], [-52.1669, 4.7794], [-52.1677, 4.778], [-52.168, 4.7771], [-52.168, 4.7768]]]}}, {"type": "Feature", "properties": {"nom": "Saint-Laurent-du-Maroni", "code": "97311", "codeDepartement": "973", "siren": "219733110", "codeEpci": "249730037", "codeRegion": "03", "codesPostaux": ["97320"], "population": 54429}, "geometry": {"type": "Polygon", "coordinates": [[[-53.794, 4.2732], [-53.7965, 4.2745], [-53.7981, 4.2734], [-53.7993, 4.2719], [-53.8007, 4.2715], [-53.8026, 4.2722], [-53.8025, 4.2738], [-53.7997, 4.2742], [-53.7995, 4.2756], [-53.8013, 4.2786], [-53.8016, 4.2809], [-53.8037, 4.281], [-53.806, 4.2829], [-53.8091, 4.283], [-53.8091, 4.2796], [-53.8157, 4.2797], [-53.8173, 4.2816], [-53.8169, 4.2841], [-53.8177, 4.2854], [-53.8221, 4.2842], [-53.8228, 4.2852], [-53.8218, 4.2872], [-53.8236, 4.2897], [-53.8264, 4.2892], [-53.8278, 4.2874], [-53.8294, 4.2866], [-53.8287, 4.2842], [-53.8305, 4.2836], [-53.8343, 4.2855], [-53.8375, 4.2892], [-53.8394, 4.2881], [-53.842, 4.2905], [-53.8449, 4.2886], [-53.8493, 4.2915], [-53.8563, 4.2889], [-53.858, 4.2898], [-53.8593, 4.2951], [-53.8628, 4.2947], [-53.8645, 4.2968], [-53.8644, 4.2998], [-53.8665, 4.3011], [-53.8669, 4.3028], [-53.8647, 4.3062], [-53.8657, 4.3089], [-53.8647, 4.311], [-53.8675, 4.3136], [-53.8722, 4.316], [-53.8762, 4.317], [-53.8786, 4.3197], [-53.8798, 4.3217], [-53.8793, 4.3262], [-53.8834, 4.3254], [-53.8859, 4.3278], [-53.8886, 4.3269], [-53.8899, 4.3297], [-53.8922, 4.3304], [-53.8943, 4.3326], [-53.8943, 4.3347], [-53.8968, 4.3367], [-53.8996, 4.3366], [-53.8977, 4.3408], [-53.8999, 4.3414], [-53.9001, 4.3448], [-53.901, 4.3466], [-53.8986, 4.3477], [-53.9022, 4.35], [-53.8997, 4.3542], [-53.9003, 4.3573], [-53.9063, 4.3583], [-53.9066, 4.3626], [-53.9059, 4.3644], [-53.9068, 4.3686], [-53.9089, 4.3717], [-53.9066, 4.3713], [-53.9054, 4.3745], [-53.9036, 4.3756], [-53.9023, 4.3787], [-53.9056, 4.3868], [-53.916, 4.3896], [-53.9169, 4.3934], [-53.9197, 4.395], [-53.9182, 4.4017], [-53.9145, 4.4023], [-53.914, 4.4046], [-53.9166, 4.4079], [-53.9177, 4.4143], [-53.9222, 4.4188], [-53.922, 4.4234], [-53.9251, 4.4238], [-53.9268, 4.4294], [-53.93, 4.4285], [-53.9302, 4.4365], [-53.9361, 4.437], [-53.9375, 4.4412], [-53.9463, 4.437], [-53.9445, 4.4299], [-53.9465, 4.428], [-53.9524, 4.4276], [-53.959, 4.4242], [-53.9638, 4.4301], [-53.9701, 4.4307], [-53.9724, 4.4356], [-53.9767, 4.4348], [-53.9765, 4.4418], [-53.9744, 4.4443], [-53.9763, 4.4463], [-53.9742, 4.4506], [-53.9746, 4.4548], [-53.9729, 4.4571], [-53.9747, 4.4611], [-53.9733, 4.4644], [-53.9707, 4.4666], [-53.9677, 4.4673], [-53.9671, 4.4706], [-53.9695, 4.4709], [-53.97, 4.4731], [-53.9702, 4.4762], [-53.9728, 4.478], [-53.9734, 4.4834], [-53.9746, 4.4842], [-53.9732, 4.4881], [-53.9749, 4.489], [-53.9736, 4.4919], [-53.9755, 4.4965], [-53.9816, 4.5018], [-53.9841, 4.5044], [-53.9811, 4.5086], [-53.9827, 4.5106], [-53.9819, 4.514], [-53.9825, 4.5171], [-53.9798, 4.5197], [-53.9837, 4.5224], [-53.9825, 4.5245], [-53.9846, 4.5331], [-53.9835, 4.5353], [-53.9851, 4.5369], [-53.982, 4.5423], [-53.9791, 4.5469], [-53.976, 4.5503], [-53.9759, 4.5522], [-53.9777, 4.5536], [-53.9754, 4.5564], [-53.9761, 4.5641], [-53.9751, 4.5667], [-53.9748, 4.5712], [-53.9732, 4.5734], [-53.9718, 4.5771], [-53.9689, 4.5774], [-53.9668, 4.5799], [-53.9665, 4.5828], [-53.9641, 4.584], [-53.9672, 4.5865], [-53.9684, 4.5912], [-53.9706, 4.593], [-53.9695, 4.5953], [-53.9726, 4.5964], [-53.9749, 4.5964], [-53.9775, 4.6005], [-53.9786, 4.6034], [-53.9787, 4.6058], [-53.9803, 4.6068], [-53.9786, 4.6099], [-53.9791, 4.6118], [-53.9783, 4.613], [-53.9795, 4.6139], [-53.9807, 4.6164], [-53.9779, 4.6178], [-53.9771, 4.6187], [-53.9794, 4.6199], [-53.9788, 4.6217], [-53.9811, 4.6228], [-53.9796, 4.6248], [-53.9783, 4.6276], [-53.976, 4.6281], [-53.9739, 4.6281], [-53.9727, 4.6287], [-53.9715, 4.63], [-53.9718, 4.6317], [-53.9713, 4.6339], [-53.9709, 4.6354], [-53.9698, 4.6378], [-53.9683, 4.6391], [-53.9652, 4.6402], [-53.9642, 4.6413], [-53.9644, 4.643], [-53.9627, 4.6449], [-53.9622, 4.6461], [-53.9632, 4.6495], [-53.9644, 4.6519], [-53.9643, 4.6545], [-53.9633, 4.6584], [-53.9617, 4.6607], [-53.9583, 4.6645], [-53.9565, 4.6656], [-53.9558, 4.6675], [-53.956, 4.6712], [-53.9552, 4.6725], [-53.9543, 4.6736], [-53.9531, 4.6759], [-53.9507, 4.6773], [-53.9486, 4.679], [-53.9471, 4.6811], [-53.9447, 4.6847], [-53.9448, 4.6886], [-53.9445, 4.6921], [-53.9452, 4.6932], [-53.951, 4.6946], [-53.9524, 4.6966], [-53.9547, 4.6968], [-53.9594, 4.6962], [-53.9646, 4.6945], [-53.9687, 4.6973], [-53.9742, 4.6991], [-53.9785, 4.6988], [-53.9804, 4.6967], [-53.9815, 4.6949], [-53.9822, 4.6914], [-53.9867, 4.687], [-53.9884, 4.6842], [-53.9907, 4.6828], [-53.9928, 4.6832], [-53.9967, 4.6831], [-54.0001, 4.6824], [-54.0016, 4.684], [-54.0029, 4.6848], [-54.0053, 4.6838], [-54.0075, 4.6846], [-54.0106, 4.6828], [-54.0128, 4.6804], [-54.0139, 4.6801], [-54.0154, 4.6816], [-54.016, 4.6842], [-54.0174, 4.6844], [-54.022, 4.6843], [-54.0251, 4.6852], [-54.0277, 4.6874], [-54.0293, 4.6913], [-54.0307, 4.6935], [-54.0325, 4.6952], [-54.034, 4.6949], [-54.0351, 4.6942], [-54.0387, 4.6922], [-54.0403, 4.6893], [-54.0416, 4.688], [-54.0432, 4.6896], [-54.0438, 4.6909], [-54.0428, 4.6932], [-54.0437, 4.694], [-54.0473, 4.6924], [-54.0507, 4.6925], [-54.0527, 4.6921], [-54.0538, 4.6949], [-54.0555, 4.6971], [-54.0573, 4.6985], [-54.0584, 4.6974], [-54.0603, 4.6946], [-54.0617, 4.6939], [-54.0652, 4.6922], [-54.0668, 4.6927], [-54.067, 4.695], [-54.0675, 4.6963], [-54.0727, 4.7007], [-54.0737, 4.7023], [-54.0738, 4.7036], [-54.0733, 4.7064], [-54.0735, 4.7076], [-54.0774, 4.7121], [-54.0787, 4.7128], [-54.0824, 4.7145], [-54.0847, 4.7155], [-54.0862, 4.7153], [-54.0892, 4.7139], [-54.0932, 4.7135], [-54.0969, 4.7152], [-54.0997, 4.714], [-54.1017, 4.7152], [-54.1029, 4.7147], [-54.1043, 4.7133], [-54.1067, 4.7131], [-54.1103, 4.7145], [-54.1135, 4.7147], [-54.1127, 4.7155], [-54.1103, 4.7168], [-54.1073, 4.7181], [-54.1057, 4.7204], [-54.104, 4.7215], [-54.1018, 4.724], [-54.1026, 4.7252], [-54.1047, 4.7267], [-54.1036, 4.7281], [-54.1034, 4.7295], [-54.1039, 4.733], [-54.1059, 4.7343], [-54.1062, 4.7377], [-54.1073, 4.7405], [-54.1085, 4.74], [-54.1103, 4.74], [-54.1114, 4.7388], [-54.1121, 4.7376], [-54.1136, 4.7364], [-54.1152, 4.7353], [-54.1157, 4.7334], [-54.1163, 4.7321], [-54.118, 4.7302], [-54.1193, 4.7296], [-54.1208, 4.7294], [-54.1235, 4.7299], [-54.1273, 4.7312], [-54.1286, 4.731], [-54.1295, 4.73], [-54.1311, 4.729], [-54.1333, 4.7287], [-54.1345, 4.7288], [-54.1384, 4.7302], [-54.1426, 4.7321], [-54.143, 4.7342], [-54.1449, 4.7361], [-54.1482, 4.7358], [-54.1523, 4.7361], [-54.1532, 4.7366], [-54.1542, 4.7392], [-54.1557, 4.7406], [-54.1561, 4.7426], [-54.1576, 4.7458], [-54.1588, 4.7477], [-54.1604, 4.7476], [-54.1639, 4.7477], [-54.1651, 4.7482], [-54.1666, 4.752], [-54.1673, 4.7508], [-54.1686, 4.7504], [-54.1707, 4.7509], [-54.1719, 4.7508], [-54.1732, 4.7512], [-54.174, 4.7524], [-54.1757, 4.7568], [-54.1756, 4.7587], [-54.176, 4.7601], [-54.1763, 4.7615], [-54.1771, 4.7624], [-54.1787, 4.7648], [-54.1789, 4.7659], [-54.1767, 4.7691], [-54.1766, 4.7707], [-54.1765, 4.7726], [-54.1761, 4.7738], [-54.1752, 4.7734], [-54.1742, 4.772], [-54.1733, 4.7735], [-54.1713, 4.7755], [-54.1701, 4.7763], [-54.1682, 4.7769], [-54.1647, 4.7742], [-54.1623, 4.7726], [-54.1609, 4.7729], [-54.1583, 4.774], [-54.1568, 4.7753], [-54.1569, 4.7768], [-54.1588, 4.7804], [-54.1578, 4.7818], [-54.1542, 4.7833], [-54.1503, 4.7845], [-54.1486, 4.7838], [-54.1468, 4.7808], [-54.1451, 4.7787], [-54.1435, 4.7786], [-54.1428, 4.7805], [-54.1431, 4.7817], [-54.1441, 4.7833], [-54.1445, 4.785], [-54.1464, 4.7872], [-54.1475, 4.7886], [-54.1484, 4.7897], [-54.1522, 4.7939], [-54.1559, 4.7939], [-54.1581, 4.7961], [-54.1584, 4.797], [-54.1589, 4.7984], [-54.1597, 4.8], [-54.1606, 4.8009], [-54.162, 4.8028], [-54.1625, 4.807], [-54.1634, 4.8078], [-54.1636, 4.8097], [-54.1634, 4.8114], [-54.1625, 4.8128], [-54.1625, 4.8142], [-54.1628, 4.8161], [-54.1639, 4.8172], [-54.1647, 4.8172], [-54.1656, 4.8175], [-54.1664, 4.8178], [-54.1672, 4.8192], [-54.17, 4.822], [-54.1717, 4.8236], [-54.1728, 4.8245], [-54.1747, 4.8264], [-54.1764, 4.8272], [-54.1806, 4.8272], [-54.1811, 4.8281], [-54.1842, 4.8281], [-54.1875, 4.8278], [-54.1884, 4.8272], [-54.1895, 4.8275], [-54.1897, 4.8284], [-54.1905, 4.8297], [-54.1906, 4.8309], [-54.1914, 4.832], [-54.19, 4.8336], [-54.1906, 4.8347], [-54.1919, 4.8355], [-54.192, 4.8364], [-54.1929, 4.8363], [-54.1937, 4.8372], [-54.1945, 4.8385], [-54.1953, 4.8381], [-54.1962, 4.8383], [-54.1969, 4.8392], [-54.198, 4.8395], [-54.1983, 4.8404], [-54.1979, 4.8414], [-54.197, 4.8416], [-54.1961, 4.8421], [-54.1956, 4.8435], [-54.1951, 4.8447], [-54.1948, 4.8455], [-54.1944, 4.8471], [-54.1943, 4.848], [-54.1942, 4.8491], [-54.1942, 4.85], [-54.1942, 4.851], [-54.1951, 4.8517], [-54.1957, 4.853], [-54.1967, 4.8537], [-54.1961, 4.8549], [-54.1951, 4.8556], [-54.194, 4.8564], [-54.1946, 4.8575], [-54.1955, 4.8582], [-54.1966, 4.8591], [-54.1974, 4.8598], [-54.1977, 4.8589], [-54.1985, 4.8591], [-54.1987, 4.8604], [-54.1998, 4.8613], [-54.2004, 4.8622], [-54.2013, 4.8618], [-54.2022, 4.862], [-54.2026, 4.8629], [-54.2035, 4.8637], [-54.2043, 4.8645], [-54.2042, 4.8653], [-54.2044, 4.8663], [-54.2047, 4.8675], [-54.2057, 4.8679], [-54.2065, 4.8688], [-54.2062, 4.8698], [-54.206, 4.8707], [-54.2061, 4.8717], [-54.2065, 4.8727], [-54.2068, 4.8736], [-54.2057, 4.8738], [-54.2052, 4.8748], [-54.205, 4.8757], [-54.2056, 4.8767], [-54.2051, 4.8776], [-54.2054, 4.8785], [-54.206, 4.8794], [-54.2064, 4.8804], [-54.2054, 4.8806], [-54.2062, 4.8817], [-54.2072, 4.8827], [-54.2086, 4.8829], [-54.209, 4.8838], [-54.2097, 4.885], [-54.21, 4.8881], [-54.2105, 4.8893], [-54.2113, 4.8902], [-54.2122, 4.8907], [-54.2124, 4.8918], [-54.2116, 4.8932], [-54.2124, 4.8938], [-54.2129, 4.8949], [-54.2133, 4.8958], [-54.2141, 4.8963], [-54.2142, 4.8973], [-54.215, 4.8978], [-54.2149, 4.8987], [-54.216, 4.8992], [-54.2167, 4.9002], [-54.2169, 4.9016], [-54.218, 4.902], [-54.2188, 4.9029], [-54.2191, 4.904], [-54.2201, 4.9047], [-54.2211, 4.9041], [-54.2214, 4.9051], [-54.2219, 4.9061], [-54.2227, 4.9064], [-54.2226, 4.9074], [-54.2238, 4.9078], [-54.225, 4.9081], [-54.2256, 4.9071], [-54.2265, 4.9076], [-54.2276, 4.9075], [-54.2285, 4.9077], [-54.2294, 4.9069], [-54.2296, 4.9059], [-54.2302, 4.9048], [-54.2311, 4.9038], [-54.232, 4.9037], [-54.2332, 4.9039], [-54.2336, 4.9048], [-54.235, 4.9041], [-54.2361, 4.9043], [-54.2373, 4.9046], [-54.2383, 4.9054], [-54.2393, 4.905], [-54.2402, 4.904], [-54.2411, 4.9042], [-54.242, 4.9048], [-54.2428, 4.9042], [-54.2428, 4.9051], [-54.2438, 4.9043], [-54.2448, 4.9043], [-54.2459, 4.9031], [-54.246, 4.9022], [-54.2469, 4.9026], [-54.2479, 4.9027], [-54.2482, 4.9037], [-54.2487, 4.9046], [-54.2477, 4.9053], [-54.2479, 4.9062], [-54.2477, 4.9071], [-54.2479, 4.908], [-54.2486, 4.9089], [-54.2497, 4.9095], [-54.2507, 4.9098], [-54.2514, 4.9109], [-54.2515, 4.9118], [-54.2524, 4.9112], [-54.253, 4.9123], [-54.2516, 4.9132], [-54.2508, 4.9133], [-54.2501, 4.9142], [-54.2496, 4.9151], [-54.2493, 4.916], [-54.2501, 4.916], [-54.2506, 4.9172], [-54.2507, 4.9184], [-54.2514, 4.9194], [-54.2522, 4.9189], [-54.2518, 4.9198], [-54.2518, 4.9207], [-54.2519, 4.9217], [-54.2529, 4.9214], [-54.2532, 4.9225], [-54.2543, 4.9222], [-54.2553, 4.9225], [-54.2561, 4.9234], [-54.2571, 4.9238], [-54.258, 4.9229], [-54.259, 4.9239], [-54.2599, 4.9241], [-54.2593, 4.9252], [-54.2603, 4.9253], [-54.2609, 4.9266], [-54.261, 4.9276], [-54.262, 4.9281], [-54.2633, 4.9279], [-54.2645, 4.9274], [-54.2649, 4.9283], [-54.264, 4.9286], [-54.2649, 4.9288], [-54.2658, 4.9289], [-54.2666, 4.9298], [-54.2655, 4.9309], [-54.2647, 4.9313], [-54.2642, 4.9323], [-54.2651, 4.9317], [-54.2661, 4.9316], [-54.267, 4.9322], [-54.2679, 4.9326], [-54.2688, 4.9324], [-54.27, 4.9326], [-54.2706, 4.9337], [-54.2697, 4.9342], [-54.268, 4.9348], [-54.2678, 4.936], [-54.2672, 4.9369], [-54.2666, 4.9378], [-54.266, 4.9388], [-54.2664, 4.9398], [-54.2658, 4.9408], [-54.2663, 4.9419], [-54.267, 4.9428], [-54.2661, 4.9435], [-54.2663, 4.9444], [-54.2661, 4.9457], [-54.2664, 4.9467], [-54.2668, 4.9476], [-54.2677, 4.9486], [-54.2676, 4.9495], [-54.2685, 4.9499], [-54.2691, 4.9489], [-54.27, 4.9488], [-54.2724, 4.948], [-54.2737, 4.9488], [-54.2749, 4.9493], [-54.276, 4.95], [-54.277, 4.9502], [-54.2783, 4.9502], [-54.2788, 4.9492], [-54.2796, 4.9488], [-54.2805, 4.9485], [-54.281, 4.9495], [-54.2812, 4.9503], [-54.2818, 4.9513], [-54.2805, 4.9515], [-54.2796, 4.951], [-54.2793, 4.952], [-54.2789, 4.9529], [-54.2785, 4.9539], [-54.2775, 4.9545], [-54.2771, 4.9555], [-54.276, 4.9563], [-54.2747, 4.9566], [-54.2737, 4.9564], [-54.2733, 4.9575], [-54.2744, 4.9581], [-54.2739, 4.9592], [-54.2748, 4.9593], [-54.2746, 4.9603], [-54.2745, 4.9613], [-54.2745, 4.9622], [-54.2754, 4.9628], [-54.2757, 4.9637], [-54.2757, 4.9647], [-54.2746, 4.9654], [-54.2733, 4.9655], [-54.2726, 4.9665], [-54.2718, 4.9675], [-54.271, 4.9685], [-54.2706, 4.9696], [-54.2701, 4.9713], [-54.2704, 4.9724], [-54.2698, 4.9733], [-54.2701, 4.9742], [-54.2698, 4.9753], [-54.2699, 4.9763], [-54.2705, 4.9772], [-54.2706, 4.9783], [-54.2698, 4.9785], [-54.2692, 4.9777], [-54.2681, 4.977], [-54.267, 4.9772], [-54.2661, 4.9776], [-54.2652, 4.9787], [-54.2645, 4.9797], [-54.2641, 4.9808], [-54.264, 4.982], [-54.2649, 4.9829], [-54.2639, 4.9831], [-54.2627, 4.9833], [-54.2625, 4.9842], [-54.2615, 4.9837], [-54.2607, 4.9846], [-54.2597, 4.9839], [-54.2588, 4.9843], [-54.2596, 4.9852], [-54.2586, 4.9861], [-54.2577, 4.987], [-54.2567, 4.987], [-54.2558, 4.9877], [-54.2547, 4.9883], [-54.2538, 4.9885], [-54.2529, 4.9881], [-54.2535, 4.9891], [-54.2532, 4.9901], [-54.2533, 4.9911], [-54.2525, 4.9917], [-54.2527, 4.9926], [-54.2517, 4.9928], [-54.2515, 4.9938], [-54.2508, 4.9951], [-54.2503, 4.9962], [-54.2499, 4.9972], [-54.249, 4.9978], [-54.2479, 4.9984], [-54.247, 4.9996], [-54.2463, 5.0007], [-54.2454, 5.0015], [-54.245, 5.0026], [-54.2443, 5.0035], [-54.2432, 5.0037], [-54.2422, 5.0035], [-54.2417, 5.0045], [-54.2408, 5.0045], [-54.2409, 5.0054], [-54.2419, 5.0055], [-54.2413, 5.0063], [-54.2404, 5.0059], [-54.2394, 5.0066], [-54.2384, 5.0061], [-54.2373, 5.0065], [-54.2373, 5.0077], [-54.2364, 5.0081], [-54.2365, 5.0091], [-54.2355, 5.0098], [-54.2347, 5.0099], [-54.2337, 5.009], [-54.2327, 5.009], [-54.2328, 5.0101], [-54.2326, 5.011], [-54.2323, 5.012], [-54.2328, 5.0131], [-54.2326, 5.0142], [-54.232, 5.0151], [-54.2312, 5.0162], [-54.2311, 5.0172], [-54.2309, 5.0183], [-54.2306, 5.0192], [-54.2315, 5.0201], [-54.23, 5.0209], [-54.2286, 5.0207], [-54.2277, 5.0203], [-54.2268, 5.0196], [-54.2259, 5.0189], [-54.225, 5.0189], [-54.2239, 5.0199], [-54.2229, 5.0203], [-54.2221, 5.0208], [-54.2211, 5.0222], [-54.2204, 5.0232], [-54.2195, 5.0237], [-54.2158, 5.0234], [-54.2148, 5.0235], [-54.2135, 5.0239], [-54.2126, 5.0242], [-54.2114, 5.0252], [-54.2113, 5.0263], [-54.2115, 5.0277], [-54.2116, 5.0291], [-54.2124, 5.0296], [-54.2134, 5.0296], [-54.2145, 5.0298], [-54.215, 5.0308], [-54.2155, 5.0318], [-54.2146, 5.0315], [-54.2145, 5.0324], [-54.2154, 5.0331], [-54.2152, 5.034], [-54.2161, 5.0343], [-54.2152, 5.0348], [-54.2151, 5.0358], [-54.215, 5.0367], [-54.2142, 5.0366], [-54.2132, 5.0368], [-54.2122, 5.0372], [-54.211, 5.0383], [-54.2099, 5.039], [-54.209, 5.0403], [-54.2093, 5.0413], [-54.2103, 5.0406], [-54.2105, 5.0417], [-54.2114, 5.0424], [-54.2114, 5.0433], [-54.2116, 5.0443], [-54.2115, 5.0452], [-54.211, 5.0461], [-54.2104, 5.047], [-54.2115, 5.0472], [-54.2124, 5.047], [-54.2123, 5.048], [-54.2133, 5.0491], [-54.2142, 5.0497], [-54.2143, 5.0509], [-54.2146, 5.0523], [-54.2149, 5.0535], [-54.2151, 5.0544], [-54.216, 5.0542], [-54.2157, 5.0552], [-54.2156, 5.0561], [-54.2165, 5.056], [-54.216, 5.0569], [-54.2175, 5.0575], [-54.2178, 5.0585], [-54.2179, 5.0594], [-54.2188, 5.0602], [-54.2198, 5.0595], [-54.2208, 5.0602], [-54.2196, 5.0609], [-54.2196, 5.0619], [-54.2186, 5.0629], [-54.2187, 5.0639], [-54.2186, 5.065], [-54.2183, 5.066], [-54.2187, 5.067], [-54.2194, 5.0679], [-54.2198, 5.0689], [-54.2189, 5.0684], [-54.219, 5.0693], [-54.2188, 5.0704], [-54.2183, 5.0713], [-54.2193, 5.0719], [-54.2201, 5.0726], [-54.221, 5.0723], [-54.2206, 5.0733], [-54.22, 5.0746], [-54.219, 5.0749], [-54.218, 5.0743], [-54.2171, 5.0748], [-54.2161, 5.0753], [-54.2157, 5.0763], [-54.2165, 5.0769], [-54.2166, 5.0778], [-54.2157, 5.0788], [-54.2155, 5.0799], [-54.2147, 5.0808], [-54.2143, 5.082], [-54.2135, 5.0829], [-54.2134, 5.0839], [-54.2131, 5.0848], [-54.2126, 5.084], [-54.2117, 5.0835], [-54.2108, 5.084], [-54.2117, 5.0843], [-54.2124, 5.0852], [-54.2116, 5.0857], [-54.2107, 5.0858], [-54.21, 5.0868], [-54.2091, 5.0872], [-54.209, 5.0883], [-54.208, 5.0883], [-54.207, 5.0889], [-54.2081, 5.09], [-54.2073, 5.0908], [-54.2071, 5.0919], [-54.2061, 5.0924], [-54.2063, 5.0934], [-54.2061, 5.0944], [-54.2056, 5.0953], [-54.2041, 5.0963], [-54.2031, 5.0972], [-54.2019, 5.0978], [-54.2011, 5.0983], [-54.2002, 5.0989], [-54.1994, 5.0995], [-54.1983, 5.1003], [-54.1976, 5.1012], [-54.1967, 5.1025], [-54.1959, 5.1015], [-54.1952, 5.1004], [-54.1943, 5.1004], [-54.1934, 5.1011], [-54.193, 5.1023], [-54.1931, 5.1034], [-54.1934, 5.1044], [-54.1934, 5.1054], [-54.1929, 5.1064], [-54.1923, 5.1073], [-54.191, 5.1073], [-54.19, 5.1077], [-54.1889, 5.1088], [-54.1877, 5.1098], [-54.1867, 5.1108], [-54.1858, 5.1117], [-54.1848, 5.1123], [-54.1838, 5.1129], [-54.183, 5.1144], [-54.1827, 5.1155], [-54.1821, 5.1164], [-54.1812, 5.117], [-54.1803, 5.1175], [-54.1795, 5.118], [-54.179, 5.1189], [-54.179, 5.1198], [-54.1794, 5.121], [-54.1797, 5.1223], [-54.1797, 5.1235], [-54.1793, 5.1244], [-54.1787, 5.1253], [-54.1779, 5.1262], [-54.1773, 5.1271], [-54.1765, 5.1278], [-54.1756, 5.1282], [-54.1745, 5.1285], [-54.1737, 5.129], [-54.1727, 5.1293], [-54.1725, 5.1302], [-54.1733, 5.1314], [-54.1739, 5.1327], [-54.1746, 5.1336], [-54.1749, 5.1348], [-54.1751, 5.1357], [-54.1753, 5.1368], [-54.1757, 5.1379], [-54.1747, 5.1382], [-54.1757, 5.1386], [-54.1767, 5.138], [-54.1773, 5.1389], [-54.1764, 5.139], [-54.1769, 5.1399], [-54.1778, 5.1405], [-54.1775, 5.1416], [-54.1785, 5.1424], [-54.179, 5.1436], [-54.179, 5.1446], [-54.1784, 5.1455], [-54.1774, 5.1452], [-54.1764, 5.145], [-54.1758, 5.1463], [-54.1752, 5.1473], [-54.1756, 5.1485], [-54.1766, 5.149], [-54.1756, 5.1497], [-54.1757, 5.1506], [-54.1747, 5.1505], [-54.1746, 5.1516], [-54.1754, 5.1524], [-54.1761, 5.1535], [-54.1769, 5.154], [-54.1773, 5.155], [-54.1783, 5.1555], [-54.1795, 5.1556], [-54.1806, 5.1556], [-54.1818, 5.1554], [-54.183, 5.1551], [-54.1842, 5.1548], [-54.1853, 5.1547], [-54.1864, 5.1549], [-54.1869, 5.1558], [-54.186, 5.1571], [-54.1865, 5.158], [-54.1866, 5.159], [-54.1877, 5.159], [-54.1887, 5.1595], [-54.1896, 5.1607], [-54.1902, 5.1617], [-54.1907, 5.1627], [-54.1908, 5.1637], [-54.1907, 5.1646], [-54.1901, 5.1655], [-54.191, 5.166], [-54.192, 5.1669], [-54.1929, 5.1674], [-54.1942, 5.1679], [-54.1952, 5.1689], [-54.1956, 5.1699], [-54.1965, 5.1704], [-54.1974, 5.1705], [-54.1985, 5.1704], [-54.1996, 5.17], [-54.2005, 5.1697], [-54.2017, 5.1692], [-54.2028, 5.1689], [-54.2039, 5.1686], [-54.2036, 5.1696], [-54.203, 5.1706], [-54.2027, 5.1717], [-54.2035, 5.1726], [-54.2044, 5.1735], [-54.2056, 5.1737], [-54.2066, 5.173], [-54.2075, 5.1726], [-54.2084, 5.1733], [-54.2083, 5.1746], [-54.2078, 5.1756], [-54.2075, 5.1766], [-54.2075, 5.1775], [-54.2086, 5.1783], [-54.2096, 5.1784], [-54.2115, 5.1783], [-54.2127, 5.1785], [-54.2138, 5.1786], [-54.2154, 5.1787], [-54.2163, 5.1787], [-54.2171, 5.1785], [-54.218, 5.179], [-54.2182, 5.1802], [-54.2183, 5.1813], [-54.2183, 5.1826], [-54.2178, 5.1836], [-54.2169, 5.1845], [-54.2161, 5.1853], [-54.2155, 5.1864], [-54.2148, 5.1874], [-54.2145, 5.1888], [-54.2143, 5.1896], [-54.214, 5.1909], [-54.2136, 5.1918], [-54.2132, 5.1928], [-54.2128, 5.1939], [-54.2137, 5.1948], [-54.2147, 5.1956], [-54.2155, 5.1967], [-54.216, 5.1979], [-54.216, 5.199], [-54.2156, 5.2007], [-54.2153, 5.2018], [-54.2154, 5.2031], [-54.2161, 5.2041], [-54.217, 5.2052], [-54.2173, 5.206], [-54.2162, 5.2059], [-54.2153, 5.2054], [-54.2142, 5.2056], [-54.2144, 5.2068], [-54.2152, 5.2086], [-54.2162, 5.2096], [-54.2173, 5.21], [-54.2182, 5.2101], [-54.2193, 5.2104], [-54.2189, 5.2114], [-54.2178, 5.2121], [-54.2187, 5.2127], [-54.2187, 5.2136], [-54.2184, 5.2146], [-54.2184, 5.2155], [-54.2173, 5.2165], [-54.2168, 5.2176], [-54.2172, 5.2186], [-54.2174, 5.2197], [-54.2182, 5.2203], [-54.2193, 5.2201], [-54.2199, 5.2192], [-54.2204, 5.2183], [-54.2209, 5.2169], [-54.2213, 5.215], [-54.2226, 5.2144], [-54.2245, 5.214], [-54.226, 5.2135], [-54.2275, 5.2132], [-54.2286, 5.2137], [-54.2298, 5.2143], [-54.2304, 5.2133], [-54.2315, 5.2127], [-54.2316, 5.2141], [-54.2334, 5.2149], [-54.2353, 5.2162], [-54.2361, 5.2173], [-54.237, 5.2184], [-54.2387, 5.2191], [-54.2397, 5.2196], [-54.2409, 5.2195], [-54.2418, 5.2191], [-54.2435, 5.2215], [-54.244, 5.2224], [-54.2449, 5.2226], [-54.2466, 5.2224], [-54.2475, 5.2224], [-54.2488, 5.2226], [-54.2499, 5.2238], [-54.251, 5.2252], [-54.2509, 5.2278], [-54.2502, 5.2297], [-54.2499, 5.231], [-54.2507, 5.2318], [-54.2518, 5.2325], [-54.2518, 5.2339], [-54.253, 5.2345], [-54.254, 5.2346], [-54.2551, 5.2344], [-54.2556, 5.2354], [-54.2559, 5.2368], [-54.2559, 5.238], [-54.2563, 5.2392], [-54.2567, 5.2401], [-54.2562, 5.241], [-54.2576, 5.241], [-54.2584, 5.241], [-54.2593, 5.2407], [-54.2596, 5.2416], [-54.2586, 5.2427], [-54.2586, 5.2437], [-54.2577, 5.2449], [-54.2569, 5.2464], [-54.2563, 5.2474], [-54.2555, 5.2477], [-54.2556, 5.2488], [-54.2556, 5.2497], [-54.2562, 5.2509], [-54.256, 5.2522], [-54.2562, 5.2532], [-54.2553, 5.2529], [-54.2551, 5.2519], [-54.2546, 5.2533], [-54.2545, 5.2549], [-54.255, 5.2564], [-54.2553, 5.2576], [-54.2561, 5.2582], [-54.2571, 5.2579], [-54.2573, 5.2588], [-54.2571, 5.2603], [-54.2564, 5.2615], [-54.2554, 5.2624], [-54.2561, 5.2633], [-54.2579, 5.2634], [-54.2589, 5.264], [-54.2587, 5.2653], [-54.2579, 5.2668], [-54.2575, 5.2679], [-54.2572, 5.2689], [-54.2576, 5.2704], [-54.2584, 5.2709], [-54.2602, 5.2705], [-54.2617, 5.2708], [-54.2629, 5.2727], [-54.2631, 5.2743], [-54.2629, 5.2761], [-54.2617, 5.2772], [-54.2595, 5.2786], [-54.2521, 5.2819], [-54.247, 5.2832], [-54.2437, 5.2839], [-54.2411, 5.2851], [-54.2395, 5.2868], [-54.2352, 5.2922], [-54.2275, 5.2989], [-54.2239, 5.3007], [-54.2202, 5.3016], [-54.214, 5.3018], [-54.2105, 5.3023], [-54.208, 5.3032], [-54.2066, 5.3047], [-54.2061, 5.3063], [-54.2045, 5.3113], [-54.2016, 5.3148], [-54.1978, 5.3184], [-54.1943, 5.3197], [-54.1899, 5.3206], [-54.1862, 5.3223], [-54.1825, 5.3256], [-54.1804, 5.3283], [-54.1753, 5.3391], [-54.1718, 5.3442], [-54.168, 5.348], [-54.1656, 5.3501], [-54.161, 5.352], [-54.1571, 5.3548], [-54.1526, 5.3583], [-54.1474, 5.3637], [-54.1435, 5.3684], [-54.1369, 5.3787], [-54.131, 5.3883], [-54.1302, 5.3909], [-54.1298, 5.3934], [-54.1299, 5.3954], [-54.1296, 5.3972], [-54.1291, 5.3982], [-54.1262, 5.4029], [-54.1243, 5.4063], [-54.1228, 5.4085], [-54.1223, 5.4095], [-54.1203, 5.4134], [-54.1194, 5.4142], [-54.1163, 5.418], [-54.1135, 5.421], [-54.1118, 5.4224], [-54.1073, 5.4248], [-54.0971, 5.4275], [-54.095, 5.4297], [-54.0939, 5.4318], [-54.0922, 5.4367], [-54.0908, 5.4411], [-54.0901, 5.444], [-54.0886, 5.4485], [-54.0873, 5.4508], [-54.0848, 5.4547], [-54.083, 5.457], [-54.0791, 5.4616], [-54.0749, 5.4673], [-54.072, 5.4718], [-54.0697, 5.4744], [-54.0668, 5.4771], [-54.0651, 5.4793], [-54.0642, 5.4811], [-54.0636, 5.4833], [-54.0627, 5.4851], [-54.0608, 5.4864], [-54.0594, 5.4872], [-54.0573, 5.4876], [-54.0539, 5.4882], [-54.0525, 5.4887], [-54.0513, 5.4894], [-54.0494, 5.4908], [-54.0474, 5.4934], [-54.046, 5.4958], [-54.043, 5.5017], [-54.0419, 5.5054], [-54.0405, 5.5085], [-54.038, 5.5111], [-54.0358, 5.5131], [-54.0302, 5.5158], [-54.0251, 5.5178], [-54.0222, 5.5197], [-54.0201, 5.5224], [-54.018, 5.526], [-54.0168, 5.5309], [-54.0165, 5.5364], [-54.0165, 5.5431], [-54.016, 5.5455], [-54.0146, 5.5482], [-54.0129, 5.55], [-54.0105, 5.5517], [-54.0092, 5.5536], [-54.0086, 5.5553], [-54.0083, 5.5574], [-54.0085, 5.5591], [-54.0092, 5.5609], [-54.011, 5.5637], [-54.0125, 5.5663], [-54.0135, 5.5687], [-54.0144, 5.5709], [-54.0152, 5.5741], [-54.0154, 5.5765], [-54.0157, 5.5814], [-54.0145, 5.5853], [-54.0142, 5.5873], [-54.014, 5.5918], [-54.0161, 5.5978], [-54.019, 5.6051], [-54.0209, 5.6086], [-54.0261, 5.6131], [-54.0282, 5.6179], [-54.0283, 5.6198], [-54.0274, 5.6241], [-54.0062, 5.6181], [-53.9987, 5.616], [-53.9959, 5.6145], [-53.9946, 5.6139], [-53.9932, 5.6136], [-53.9918, 5.6137], [-53.9903, 5.6141], [-53.9894, 5.6146], [-53.9884, 5.6153], [-53.9872, 5.6164], [-53.9858, 5.6176], [-53.9845, 5.6188], [-53.9827, 5.6208], [-53.9812, 5.6219], [-53.9795, 5.6227], [-53.9782, 5.623], [-53.9767, 5.6231], [-53.9752, 5.6228], [-53.9739, 5.6217], [-53.9732, 5.6205], [-53.973, 5.619], [-53.9732, 5.6176], [-53.9738, 5.6163], [-53.9749, 5.6147], [-53.9781, 5.6113], [-53.9788, 5.6103], [-53.9788, 5.6092], [-53.9782, 5.6082], [-53.9771, 5.6071], [-53.9754, 5.6059], [-53.9743, 5.6053], [-53.9709, 5.6036], [-53.9678, 5.6022], [-53.9669, 5.6017], [-53.9661, 5.6007], [-53.9656, 5.5991], [-53.9654, 5.5982], [-53.9654, 5.5965], [-53.9655, 5.595], [-53.9656, 5.5933], [-53.9658, 5.5918], [-53.966, 5.5908], [-53.9659, 5.5896], [-53.9656, 5.5885], [-53.9649, 5.5871], [-53.9639, 5.5859], [-53.9631, 5.5854], [-53.9616, 5.5845], [-53.9602, 5.5839], [-53.9589, 5.5834], [-53.9576, 5.583], [-53.9563, 5.5833], [-53.9552, 5.5837], [-53.9542, 5.5838], [-53.9529, 5.584], [-53.952, 5.5841], [-53.9502, 5.5839], [-53.9488, 5.5838], [-53.946, 5.5828], [-53.9447, 5.583], [-53.944, 5.5842], [-53.9441, 5.5854], [-53.9442, 5.587], [-53.9439, 5.5882], [-53.943, 5.5896], [-53.9418, 5.5904], [-53.9409, 5.5904], [-53.9396, 5.5898], [-53.9387, 5.5887], [-53.9384, 5.5878], [-53.9386, 5.5868], [-53.9395, 5.5855], [-53.9396, 5.5843], [-53.9384, 5.5834], [-53.9374, 5.5835], [-53.936, 5.5836], [-53.9349, 5.5831], [-53.9346, 5.5821], [-53.9344, 5.58], [-53.9341, 5.5787], [-53.9338, 5.5779], [-53.9327, 5.5764], [-53.9319, 5.5752], [-53.9316, 5.5743], [-53.9308, 5.5738], [-53.9294, 5.5736], [-53.9283, 5.5738], [-53.9274, 5.5745], [-53.9266, 5.5756], [-53.9262, 5.5766], [-53.9259, 5.5776], [-53.9259, 5.5787], [-53.9262, 5.5797], [-53.9277, 5.5809], [-53.929, 5.5816], [-53.9296, 5.5829], [-53.9296, 5.584], [-53.9293, 5.5851], [-53.9286, 5.5861], [-53.9278, 5.5867], [-53.9265, 5.5872], [-53.9256, 5.5877], [-53.9248, 5.5878], [-53.923, 5.5863], [-53.9223, 5.5854], [-53.9218, 5.5844], [-53.9216, 5.5833], [-53.9219, 5.5824], [-53.9217, 5.5813], [-53.9201, 5.5803], [-53.9183, 5.5791], [-53.917, 5.5782], [-53.9158, 5.5778], [-53.9148, 5.5775], [-53.9135, 5.5788], [-53.9129, 5.5797], [-53.9114, 5.5794], [-53.9102, 5.5789], [-53.9093, 5.5781], [-53.9085, 5.5778], [-53.9075, 5.578], [-53.9061, 5.5783], [-53.9053, 5.5785], [-53.9044, 5.5784], [-53.9048, 5.5774], [-53.9038, 5.5773], [-53.9027, 5.5773], [-53.9018, 5.5775], [-53.9018, 5.5785], [-53.9009, 5.5787], [-53.9002, 5.5779], [-53.8992, 5.5775], [-53.8981, 5.5772], [-53.8978, 5.5762], [-53.8977, 5.5753], [-53.8983, 5.5744], [-53.8994, 5.5744], [-53.8992, 5.5734], [-53.8989, 5.5719], [-53.8983, 5.571], [-53.8981, 5.5699], [-53.8975, 5.5689], [-53.8974, 5.5675], [-53.8974, 5.5665], [-53.8967, 5.5656], [-53.8959, 5.5656], [-53.895, 5.5661], [-53.8942, 5.5662], [-53.8931, 5.5661], [-53.8922, 5.5659], [-53.8912, 5.5664], [-53.8902, 5.5661], [-53.8897, 5.5649], [-53.8888, 5.5643], [-53.8883, 5.5633], [-53.8891, 5.5624], [-53.89, 5.5622], [-53.8905, 5.5613], [-53.8909, 5.5603], [-53.891, 5.5594], [-53.8917, 5.5583], [-53.8916, 5.5574], [-53.8926, 5.5563], [-53.8935, 5.5558], [-53.8942, 5.5549], [-53.8949, 5.554], [-53.8953, 5.553], [-53.8963, 5.5518], [-53.8965, 5.5506], [-53.8961, 5.5494], [-53.8954, 5.5485], [-53.8946, 5.5474], [-53.8937, 5.5474], [-53.8929, 5.5468], [-53.8919, 5.5462], [-53.8917, 5.5445], [-53.8919, 5.5427], [-53.8921, 5.5417], [-53.8917, 5.5403], [-53.8913, 5.5391], [-53.8901, 5.5384], [-53.8891, 5.5376], [-53.8888, 5.5366], [-53.8886, 5.5356], [-53.8882, 5.5341], [-53.8879, 5.5331], [-53.8879, 5.5321], [-53.8875, 5.531], [-53.8873, 5.53], [-53.8881, 5.5289], [-53.8891, 5.5285], [-53.89, 5.5279], [-53.8906, 5.5266], [-53.891, 5.5256], [-53.8921, 5.5249], [-53.8931, 5.5252], [-53.8937, 5.5263], [-53.8944, 5.5272], [-53.8954, 5.5278], [-53.8968, 5.528], [-53.8979, 5.5281], [-53.899, 5.5282], [-53.9006, 5.5282], [-53.9016, 5.5281], [-53.9034, 5.5277], [-53.9047, 5.5272], [-53.9057, 5.5265], [-53.9077, 5.5235], [-53.9094, 5.5224], [-53.9102, 5.5221], [-53.9112, 5.5216], [-53.9126, 5.5214], [-53.9139, 5.5213], [-53.9148, 5.5209], [-53.9155, 5.52], [-53.9157, 5.5179], [-53.9168, 5.5144], [-53.9169, 5.5133], [-53.9174, 5.512], [-53.9175, 5.5106], [-53.917, 5.5097], [-53.9159, 5.509], [-53.9155, 5.5081], [-53.9163, 5.5072], [-53.9175, 5.507], [-53.9184, 5.5068], [-53.9207, 5.506], [-53.9224, 5.5053], [-53.9237, 5.5046], [-53.9255, 5.5027], [-53.9264, 5.5019], [-53.9273, 5.501], [-53.9284, 5.4995], [-53.9291, 5.4985], [-53.9301, 5.498], [-53.9315, 5.4978], [-53.9332, 5.4977], [-53.9341, 5.4969], [-53.9355, 5.4959], [-53.9369, 5.4959], [-53.938, 5.4957], [-53.939, 5.495], [-53.94, 5.494], [-53.9397, 5.4929], [-53.9397, 5.4918], [-53.9413, 5.4912], [-53.9401, 5.4899], [-53.9383, 5.4885], [-53.937, 5.4868], [-53.9371, 5.4849], [-53.9372, 5.4836], [-53.9368, 5.4821], [-53.9371, 5.4811], [-53.9372, 5.48], [-53.9361, 5.479], [-53.9358, 5.4781], [-53.936, 5.477], [-53.9349, 5.4768], [-53.9339, 5.4768], [-53.9321, 5.4758], [-53.9314, 5.4748], [-53.9303, 5.4745], [-53.93, 5.4755], [-53.929, 5.4762], [-53.9276, 5.4766], [-53.9266, 5.4765], [-53.9252, 5.4776], [-53.9242, 5.4769], [-53.9235, 5.4758], [-53.9236, 5.4748], [-53.9238, 5.4738], [-53.9237, 5.4725], [-53.9235, 5.4716], [-53.9226, 5.4711], [-53.9214, 5.4707], [-53.9202, 5.4703], [-53.9188, 5.4698], [-53.9175, 5.4691], [-53.9181, 5.4678], [-53.9188, 5.4669], [-53.919, 5.466], [-53.9193, 5.465], [-53.9188, 5.4637], [-53.9192, 5.4628], [-53.9193, 5.4619], [-53.919, 5.4609], [-53.9181, 5.46], [-53.9169, 5.4598], [-53.9159, 5.4591], [-53.9162, 5.4581], [-53.9152, 5.4566], [-53.9142, 5.4552], [-53.9136, 5.4541], [-53.9128, 5.4535], [-53.9124, 5.4524], [-53.9132, 5.4515], [-53.9138, 5.4506], [-53.9126, 5.45], [-53.9116, 5.4493], [-53.911, 5.4482], [-53.9101, 5.4473], [-53.9085, 5.4465], [-53.9071, 5.4453], [-53.9062, 5.445], [-53.9052, 5.4457], [-53.904, 5.446], [-53.903, 5.4455], [-53.902, 5.4447], [-53.9017, 5.4434], [-53.9026, 5.4427], [-53.9031, 5.4414], [-53.9027, 5.4405], [-53.9025, 5.4395], [-53.9026, 5.4384], [-53.9028, 5.4372], [-53.9033, 5.4356], [-53.9032, 5.4347], [-53.904, 5.4334], [-53.9038, 5.4325], [-53.9042, 5.4312], [-53.9041, 5.4303], [-53.9034, 5.4293], [-53.9028, 5.4283], [-53.9018, 5.4281], [-53.9011, 5.4291], [-53.9, 5.4276], [-53.8997, 5.4264], [-53.8983, 5.4261], [-53.8968, 5.4265], [-53.8956, 5.4261], [-53.8943, 5.4259], [-53.8931, 5.4256], [-53.8918, 5.4252], [-53.891, 5.4244], [-53.89, 5.4239], [-53.8894, 5.4223], [-53.888, 5.4213], [-53.8868, 5.4213], [-53.8854, 5.4211], [-53.8845, 5.421], [-53.8841, 5.4198], [-53.8841, 5.419], [-53.8831, 5.4182], [-53.8821, 5.4185], [-53.8812, 5.4186], [-53.8803, 5.4175], [-53.8793, 5.4167], [-53.8787, 5.4156], [-53.8777, 5.4149], [-53.8768, 5.4145], [-53.876, 5.4149], [-53.8748, 5.4144], [-53.8741, 5.4132], [-53.8732, 5.4127], [-53.8723, 5.4121], [-53.8718, 5.4111], [-53.8709, 5.4102], [-53.8699, 5.4095], [-53.8679, 5.4088], [-53.867, 5.409], [-53.866, 5.4085], [-53.8655, 5.4076], [-53.8652, 5.4062], [-53.8642, 5.4051], [-53.8638, 5.4039], [-53.8648, 5.4026], [-53.8659, 5.4022], [-53.8669, 5.4018], [-53.8679, 5.4013], [-53.8676, 5.4002], [-53.8665, 5.3992], [-53.8653, 5.3982], [-53.8651, 5.3991], [-53.8644, 5.4002], [-53.8635, 5.4001], [-53.8628, 5.3986], [-53.8619, 5.3978], [-53.8607, 5.3977], [-53.8603, 5.3969], [-53.8588, 5.3955], [-53.858, 5.3952], [-53.8571, 5.3958], [-53.856, 5.3967], [-53.8545, 5.3985], [-53.8535, 5.3994], [-53.8522, 5.3996], [-53.8511, 5.4], [-53.8511, 5.3991], [-53.8501, 5.3987], [-53.8487, 5.3985], [-53.8476, 5.398], [-53.8466, 5.3982], [-53.846, 5.397], [-53.8471, 5.3958], [-53.8476, 5.3949], [-53.847, 5.3939], [-53.8475, 5.3923], [-53.8488, 5.3916], [-53.8495, 5.3904], [-53.8501, 5.3894], [-53.8492, 5.3886], [-53.8492, 5.3876], [-53.8499, 5.3866], [-53.8508, 5.3856], [-53.8509, 5.3847], [-53.8509, 5.3832], [-53.8511, 5.3818], [-53.8517, 5.3804], [-53.8523, 5.3795], [-53.8513, 5.3788], [-53.8509, 5.3779], [-53.8513, 5.3769], [-53.8518, 5.376], [-53.8529, 5.3748], [-53.8538, 5.3743], [-53.8551, 5.3748], [-53.8561, 5.3749], [-53.8568, 5.3738], [-53.8565, 5.3729], [-53.8562, 5.3717], [-53.8571, 5.3707], [-53.8584, 5.3702], [-53.8594, 5.3699], [-53.861, 5.37], [-53.862, 5.3688], [-53.8626, 5.3675], [-53.8623, 5.3666], [-53.8622, 5.3652], [-53.8616, 5.3638], [-53.8609, 5.3628], [-53.8605, 5.3617], [-53.8607, 5.3604], [-53.8605, 5.3595], [-53.8604, 5.3584], [-53.8595, 5.3581], [-53.8588, 5.3571], [-53.8591, 5.3554], [-53.8595, 5.3543], [-53.8593, 5.3531], [-53.8588, 5.3523], [-53.8587, 5.3514], [-53.8593, 5.3505], [-53.861, 5.3501], [-53.8618, 5.3498], [-53.8627, 5.3493], [-53.8635, 5.3488], [-53.8641, 5.3479], [-53.8636, 5.3468], [-53.8634, 5.3456], [-53.8629, 5.3441], [-53.8628, 5.3432], [-53.8632, 5.3424], [-53.8641, 5.341], [-53.8647, 5.3401], [-53.8656, 5.3392], [-53.8668, 5.3382], [-53.8677, 5.3373], [-53.8671, 5.3357], [-53.868, 5.3351], [-53.8684, 5.3339], [-53.8687, 5.333], [-53.8683, 5.3321], [-53.8674, 5.3313], [-53.8671, 5.3304], [-53.8684, 5.3294], [-53.8701, 5.3285], [-53.8711, 5.3281], [-53.8719, 5.327], [-53.8727, 5.3265], [-53.8734, 5.3249], [-53.873, 5.324], [-53.8732, 5.323], [-53.8732, 5.3221], [-53.8726, 5.3211], [-53.8729, 5.3203], [-53.8733, 5.3193], [-53.8739, 5.318], [-53.8747, 5.3171], [-53.8752, 5.3162], [-53.8744, 5.315], [-53.8744, 5.3141], [-53.8748, 5.313], [-53.8751, 5.3119], [-53.8757, 5.311], [-53.8761, 5.3098], [-53.8761, 5.3089], [-53.8767, 5.3079], [-53.8779, 5.3075], [-53.8787, 5.3072], [-53.8798, 5.3072], [-53.8808, 5.3075], [-53.8817, 5.3069], [-53.8827, 5.3066], [-53.8841, 5.3056], [-53.885, 5.3051], [-53.8864, 5.3052], [-53.8877, 5.3065], [-53.8895, 5.3072], [-53.8905, 5.3077], [-53.8915, 5.3078], [-53.8926, 5.3079], [-53.8933, 5.307], [-53.8942, 5.3064], [-53.8951, 5.3063], [-53.896, 5.3063], [-53.8969, 5.3067], [-53.8981, 5.3076], [-53.8995, 5.3086], [-53.9003, 5.3075], [-53.9002, 5.3066], [-53.8999, 5.3057], [-53.9009, 5.305], [-53.9022, 5.3044], [-53.9036, 5.3045], [-53.9044, 5.3047], [-53.9054, 5.3052], [-53.9063, 5.3045], [-53.9067, 5.3035], [-53.9075, 5.3025], [-53.9084, 5.3024], [-53.9093, 5.3024], [-53.9102, 5.3025], [-53.9112, 5.3023], [-53.9123, 5.3024], [-53.9132, 5.302], [-53.9141, 5.3011], [-53.9153, 5.3009], [-53.9167, 5.3007], [-53.9176, 5.2999], [-53.9176, 5.2988], [-53.9177, 5.2976], [-53.9183, 5.2963], [-53.919, 5.2949], [-53.9197, 5.294], [-53.9193, 5.2926], [-53.9196, 5.2915], [-53.9191, 5.2899], [-53.9196, 5.2889], [-53.9208, 5.2886], [-53.9223, 5.29], [-53.9243, 5.2906], [-53.9255, 5.2906], [-53.9267, 5.2911], [-53.928, 5.2922], [-53.9288, 5.2926], [-53.9298, 5.2923], [-53.9307, 5.2917], [-53.9316, 5.2921], [-53.9327, 5.2927], [-53.9336, 5.2928], [-53.9337, 5.2913], [-53.9339, 5.2904], [-53.9353, 5.2898], [-53.9362, 5.2897], [-53.9372, 5.2897], [-53.938, 5.2902], [-53.939, 5.2914], [-53.9399, 5.2916], [-53.9392, 5.2906], [-53.939, 5.2898], [-53.9391, 5.2887], [-53.9395, 5.2879], [-53.9392, 5.2865], [-53.9389, 5.2848], [-53.9389, 5.2839], [-53.9394, 5.2827], [-53.9405, 5.2816], [-53.9414, 5.2808], [-53.9424, 5.28], [-53.9433, 5.2791], [-53.9445, 5.28], [-53.9455, 5.2804], [-53.9464, 5.2805], [-53.9477, 5.2799], [-53.9491, 5.2794], [-53.9506, 5.2789], [-53.9515, 5.2789], [-53.9527, 5.2787], [-53.9536, 5.2786], [-53.9545, 5.2783], [-53.9549, 5.2771], [-53.9562, 5.2766], [-53.9571, 5.2776], [-53.9582, 5.2781], [-53.959, 5.2774], [-53.9597, 5.2765], [-53.9616, 5.2768], [-53.9628, 5.277], [-53.964, 5.2772], [-53.9653, 5.2773], [-53.9662, 5.2768], [-53.9664, 5.2758], [-53.9662, 5.2748], [-53.9675, 5.2739], [-53.9683, 5.2729], [-53.9692, 5.2735], [-53.9698, 5.2744], [-53.9707, 5.2749], [-53.9722, 5.2743], [-53.9737, 5.2736], [-53.9732, 5.2726], [-53.9728, 5.2714], [-53.9729, 5.2705], [-53.9738, 5.27], [-53.975, 5.2703], [-53.9761, 5.2698], [-53.9777, 5.2706], [-53.9787, 5.2708], [-53.9799, 5.2707], [-53.9811, 5.27], [-53.9816, 5.269], [-53.9814, 5.268], [-53.9819, 5.2667], [-53.9827, 5.2651], [-53.9833, 5.264], [-53.9845, 5.2638], [-53.9854, 5.2647], [-53.9863, 5.2656], [-53.9872, 5.2657], [-53.9883, 5.2654], [-53.9886, 5.2638], [-53.9892, 5.2623], [-53.9897, 5.2614], [-53.9903, 5.2599], [-53.9908, 5.2589], [-53.9918, 5.2577], [-53.9926, 5.2567], [-53.993, 5.2556], [-53.993, 5.2541], [-53.992, 5.2525], [-53.9918, 5.2516], [-53.9918, 5.2506], [-53.9922, 5.2498], [-53.9925, 5.2481], [-53.9917, 5.2469], [-53.991, 5.2457], [-53.9912, 5.2446], [-53.9926, 5.2436], [-53.9942, 5.2427], [-53.9951, 5.2418], [-53.9958, 5.2404], [-53.9959, 5.2393], [-53.9959, 5.2381], [-53.9961, 5.2369], [-53.9959, 5.2358], [-53.9967, 5.2348], [-53.9978, 5.2339], [-53.9986, 5.2329], [-53.9996, 5.2315], [-54.0006, 5.2324], [-54.0017, 5.2327], [-54.0028, 5.2321], [-54.0032, 5.2308], [-54.0037, 5.2296], [-54.0048, 5.2284], [-54.0059, 5.227], [-54.0074, 5.226], [-54.0083, 5.2255], [-54.0088, 5.2245], [-54.0102, 5.2237], [-54.011, 5.2234], [-54.0121, 5.2228], [-54.0129, 5.2237], [-54.0139, 5.2241], [-54.0151, 5.2233], [-54.0159, 5.2224], [-54.017, 5.2224], [-54.018, 5.2217], [-54.0186, 5.2228], [-54.0197, 5.2229], [-54.0206, 5.2227], [-54.0208, 5.2213], [-54.0218, 5.2207], [-54.0231, 5.22], [-54.0238, 5.2191], [-54.0242, 5.2182], [-54.0253, 5.2173], [-54.0255, 5.2159], [-54.0259, 5.2151], [-54.0267, 5.2142], [-54.0275, 5.2147], [-54.0286, 5.2158], [-54.0295, 5.2157], [-54.0312, 5.2144], [-54.032, 5.2136], [-54.0326, 5.2118], [-54.0325, 5.2107], [-54.0311, 5.21], [-54.03, 5.2089], [-54.0296, 5.208], [-54.0295, 5.2066], [-54.0303, 5.2056], [-54.0311, 5.2055], [-54.032, 5.2056], [-54.0328, 5.2045], [-54.032, 5.2035], [-54.0311, 5.2024], [-54.0307, 5.2012], [-54.0304, 5.2], [-54.0304, 5.1989], [-54.0305, 5.198], [-54.0309, 5.1966], [-54.0314, 5.1955], [-54.0312, 5.1928], [-54.0313, 5.1918], [-54.0319, 5.1895], [-54.0321, 5.1874], [-54.0326, 5.1857], [-54.0339, 5.1845], [-54.0348, 5.184], [-54.0356, 5.1845], [-54.036, 5.1854], [-54.0375, 5.1855], [-54.0385, 5.185], [-54.0392, 5.1837], [-54.0389, 5.182], [-54.0389, 5.1805], [-54.0388, 5.1796], [-54.0387, 5.1784], [-54.0387, 5.1766], [-54.0389, 5.1754], [-54.0401, 5.1745], [-54.0425, 5.175], [-54.0439, 5.1755], [-54.0448, 5.176], [-54.0457, 5.1756], [-54.0466, 5.1755], [-54.0474, 5.1749], [-54.0484, 5.1748], [-54.0489, 5.1757], [-54.0491, 5.1771], [-54.0492, 5.1782], [-54.0501, 5.1792], [-54.0513, 5.1787], [-54.0523, 5.1776], [-54.0531, 5.1767], [-54.054, 5.1761], [-54.0544, 5.1749], [-54.0544, 5.174], [-54.0544, 5.1729], [-54.0544, 5.172], [-54.0543, 5.171], [-54.0544, 5.1701], [-54.0548, 5.1686], [-54.0553, 5.1676], [-54.0553, 5.1666], [-54.0549, 5.1654], [-54.0549, 5.1643], [-54.0541, 5.1637], [-54.0535, 5.1629], [-54.053, 5.1604], [-54.0525, 5.1595], [-54.0506, 5.1591], [-54.0499, 5.158], [-54.0494, 5.1566], [-54.0487, 5.1551], [-54.0482, 5.1542], [-54.0477, 5.153], [-54.0468, 5.1517], [-54.0468, 5.1508], [-54.0477, 5.1499], [-54.0486, 5.1494], [-54.0487, 5.1483], [-54.0481, 5.1474], [-54.0474, 5.1465], [-54.0489, 5.1459], [-54.0494, 5.145], [-54.0492, 5.1436], [-54.0487, 5.1426], [-54.0476, 5.1416], [-54.0462, 5.1412], [-54.0456, 5.1402], [-54.0462, 5.1389], [-54.0466, 5.1379], [-54.0468, 5.1368], [-54.0476, 5.1348], [-54.0488, 5.1331], [-54.0497, 5.1322], [-54.0504, 5.1307], [-54.0504, 5.1298], [-54.0503, 5.1289], [-54.0505, 5.1277], [-54.0506, 5.1258], [-54.0507, 5.1247], [-54.0508, 5.1238], [-54.0513, 5.1229], [-54.0519, 5.121], [-54.0526, 5.1202], [-54.0533, 5.1188], [-54.0542, 5.1182], [-54.0551, 5.1173], [-54.0562, 5.1164], [-54.056, 5.1151], [-54.0559, 5.1142], [-54.0559, 5.1131], [-54.0553, 5.1122], [-54.0543, 5.1112], [-54.0536, 5.11], [-54.0534, 5.1087], [-54.0533, 5.1075], [-54.0538, 5.1063], [-54.0542, 5.1053], [-54.0545, 5.1043], [-54.0544, 5.1034], [-54.0537, 5.1024], [-54.0524, 5.1004], [-54.051, 5.0983], [-54.0498, 5.0966], [-54.0481, 5.0958], [-54.047, 5.0958], [-54.0467, 5.0944], [-54.0468, 5.0926], [-54.0462, 5.0905], [-54.0461, 5.0893], [-54.0466, 5.0874], [-54.0469, 5.0865], [-54.046, 5.0856], [-54.0451, 5.0854], [-54.0438, 5.0865], [-54.0424, 5.0877], [-54.0413, 5.0879], [-54.0387, 5.0849], [-54.0389, 5.084], [-54.0397, 5.0833], [-54.0407, 5.0829], [-54.0411, 5.0821], [-54.0411, 5.081], [-54.0408, 5.0802], [-54.041, 5.079], [-54.0421, 5.0781], [-54.0429, 5.0777], [-54.0437, 5.0765], [-54.0444, 5.0737], [-54.0456, 5.0718], [-54.0467, 5.0703], [-54.0474, 5.0692], [-54.0482, 5.0683], [-54.049, 5.0672], [-54.0485, 5.0659], [-54.0484, 5.065], [-54.0485, 5.0641], [-54.0493, 5.0631], [-54.0493, 5.0623], [-54.0486, 5.0614], [-54.0476, 5.0618], [-54.0462, 5.0611], [-54.044, 5.0605], [-54.0428, 5.0602], [-54.0429, 5.059], [-54.0431, 5.0579], [-54.042, 5.0574], [-54.0408, 5.0566], [-54.0404, 5.0553], [-54.0391, 5.0546], [-54.0381, 5.0557], [-54.0381, 5.0566], [-54.0384, 5.0575], [-54.0379, 5.0587], [-54.0368, 5.0594], [-54.0362, 5.0607], [-54.0361, 5.0618], [-54.0354, 5.0628], [-54.0349, 5.0637], [-54.0343, 5.0648], [-54.034, 5.0657], [-54.0336, 5.0667], [-54.0332, 5.0679], [-54.0325, 5.0689], [-54.0322, 5.0701], [-54.032, 5.071], [-54.0318, 5.072], [-54.0312, 5.0739], [-54.0307, 5.0754], [-54.0297, 5.0767], [-54.0291, 5.0776], [-54.0285, 5.0785], [-54.0278, 5.0807], [-54.0275, 5.0819], [-54.0272, 5.0833], [-54.027, 5.0842], [-54.0269, 5.0852], [-54.0267, 5.0863], [-54.0267, 5.0872], [-54.0256, 5.088], [-54.0239, 5.0877], [-54.023, 5.0881], [-54.0229, 5.089], [-54.0229, 5.0899], [-54.0231, 5.0909], [-54.0231, 5.0922], [-54.0233, 5.0931], [-54.0234, 5.0941], [-54.0233, 5.0951], [-54.0234, 5.0966], [-54.0231, 5.0976], [-54.0223, 5.0988], [-54.0216, 5.0999], [-54.0215, 5.1009], [-54.0214, 5.1036], [-54.0215, 5.1045], [-54.0215, 5.1056], [-54.0218, 5.107], [-54.0222, 5.1089], [-54.0224, 5.1098], [-54.0226, 5.1116], [-54.0225, 5.113], [-54.0222, 5.1141], [-54.0214, 5.115], [-54.0211, 5.1163], [-54.0217, 5.1174], [-54.0216, 5.119], [-54.0211, 5.1199], [-54.0198, 5.1208], [-54.0186, 5.1221], [-54.0178, 5.1233], [-54.0169, 5.1246], [-54.0163, 5.1257], [-54.0155, 5.1271], [-54.0147, 5.1274], [-54.0138, 5.1269], [-54.0138, 5.126], [-54.0131, 5.1249], [-54.0119, 5.1245], [-54.011, 5.125], [-54.0105, 5.1259], [-54.0095, 5.1278], [-54.0086, 5.1295], [-54.0075, 5.131], [-54.0064, 5.1316], [-54.0054, 5.1318], [-54.0043, 5.1324], [-54.0029, 5.1338], [-54.002, 5.1344], [-54.0011, 5.1352], [-54.0, 5.1361], [-53.9995, 5.1374], [-53.9987, 5.1386], [-53.9978, 5.1394], [-53.9968, 5.1396], [-53.9963, 5.1387], [-53.9959, 5.1375], [-53.9952, 5.134], [-53.9952, 5.1331], [-53.9952, 5.132], [-53.9956, 5.131], [-53.9962, 5.1299], [-53.997, 5.1283], [-53.9959, 5.1257], [-53.9956, 5.1245], [-53.9956, 5.1234], [-53.9957, 5.122], [-53.9958, 5.1211], [-53.9949, 5.1197], [-53.9937, 5.1195], [-53.9927, 5.1203], [-53.992, 5.1217], [-53.9911, 5.1238], [-53.99, 5.1247], [-53.9886, 5.1243], [-53.9875, 5.1234], [-53.9864, 5.1237], [-53.9855, 5.1243], [-53.9843, 5.1249], [-53.9834, 5.1254], [-53.983, 5.1266], [-53.9827, 5.1278], [-53.9828, 5.129], [-53.9823, 5.1298], [-53.9809, 5.1298], [-53.9797, 5.1312], [-53.979, 5.1321], [-53.978, 5.1327], [-53.9769, 5.1328], [-53.9758, 5.1327], [-53.9736, 5.1342], [-53.9725, 5.1351], [-53.9713, 5.1356], [-53.9703, 5.135], [-53.9701, 5.1329], [-53.9701, 5.132], [-53.9699, 5.1311], [-53.9689, 5.1304], [-53.9679, 5.1302], [-53.9661, 5.1304], [-53.965, 5.1302], [-53.9642, 5.1299], [-53.9637, 5.1285], [-53.9638, 5.1269], [-53.9635, 5.1259], [-53.9636, 5.1239], [-53.9634, 5.1227], [-53.9626, 5.1217], [-53.9618, 5.1218], [-53.9608, 5.1223], [-53.9599, 5.1223], [-53.9592, 5.1214], [-53.9593, 5.1203], [-53.9597, 5.1191], [-53.9575, 5.1194], [-53.9567, 5.1196], [-53.9554, 5.1206], [-53.9544, 5.1217], [-53.9539, 5.1228], [-53.9531, 5.1242], [-53.9518, 5.1249], [-53.9511, 5.1225], [-53.9508, 5.1213], [-53.9505, 5.1203], [-53.95, 5.119], [-53.9498, 5.1181], [-53.9496, 5.1168], [-53.9497, 5.1154], [-53.9498, 5.1145], [-53.9509, 5.1129], [-53.9516, 5.1116], [-53.952, 5.1094], [-53.952, 5.1081], [-53.952, 5.107], [-53.9523, 5.1056], [-53.9513, 5.1057], [-53.9505, 5.1064], [-53.9496, 5.1073], [-53.9481, 5.1082], [-53.9472, 5.1079], [-53.9467, 5.107], [-53.9457, 5.1072], [-53.9449, 5.1075], [-53.9439, 5.1081], [-53.9431, 5.1093], [-53.941, 5.1103], [-53.9398, 5.1102], [-53.9387, 5.109], [-53.9377, 5.1076], [-53.9367, 5.1068], [-53.935, 5.1075], [-53.9342, 5.1082], [-53.9328, 5.1079], [-53.9314, 5.1073], [-53.9301, 5.1073], [-53.9293, 5.107], [-53.9292, 5.1056], [-53.9279, 5.1047], [-53.9267, 5.1057], [-53.9257, 5.1066], [-53.9247, 5.1064], [-53.9241, 5.105], [-53.9237, 5.1042], [-53.9237, 5.1033], [-53.9244, 5.1024], [-53.9238, 5.1015], [-53.9211, 5.1005], [-53.9197, 5.0997], [-53.9188, 5.0987], [-53.9174, 5.0992], [-53.9167, 5.1003], [-53.9152, 5.101], [-53.9143, 5.1007], [-53.9139, 5.0995], [-53.9138, 5.0986], [-53.9138, 5.0974], [-53.9141, 5.096], [-53.9146, 5.0943], [-53.9141, 5.0931], [-53.914, 5.0921], [-53.913, 5.092], [-53.912, 5.0912], [-53.911, 5.0919], [-53.9101, 5.0925], [-53.9092, 5.093], [-53.908, 5.0934], [-53.9072, 5.0947], [-53.9076, 5.0964], [-53.9073, 5.0974], [-53.9062, 5.0992], [-53.9057, 5.1001], [-53.9055, 5.1012], [-53.9054, 5.1021], [-53.9054, 5.1033], [-53.9057, 5.1047], [-53.9062, 5.1066], [-53.9068, 5.1075], [-53.9078, 5.1085], [-53.9087, 5.1094], [-53.9088, 5.111], [-53.909, 5.1126], [-53.9092, 5.1136], [-53.9092, 5.1146], [-53.9083, 5.1156], [-53.9072, 5.1162], [-53.906, 5.1163], [-53.9049, 5.1163], [-53.9035, 5.1165], [-53.9012, 5.1179], [-53.9005, 5.1191], [-53.9007, 5.1205], [-53.9007, 5.1214], [-53.9006, 5.1225], [-53.9006, 5.1236], [-53.9006, 5.1248], [-53.9009, 5.1257], [-53.9009, 5.1269], [-53.9, 5.1281], [-53.8985, 5.1291], [-53.897, 5.1297], [-53.8957, 5.1295], [-53.8945, 5.1284], [-53.8934, 5.1284], [-53.8921, 5.1283], [-53.8911, 5.1282], [-53.8902, 5.1285], [-53.8892, 5.1278], [-53.8889, 5.1266], [-53.8884, 5.1256], [-53.8875, 5.1253], [-53.8864, 5.1248], [-53.8856, 5.1241], [-53.885, 5.123], [-53.8846, 5.1218], [-53.8834, 5.121], [-53.8824, 5.1214], [-53.8814, 5.1226], [-53.8803, 5.1236], [-53.8793, 5.1238], [-53.8776, 5.1242], [-53.8769, 5.1251], [-53.877, 5.1261], [-53.8762, 5.1267], [-53.8752, 5.127], [-53.8743, 5.1272], [-53.8728, 5.1273], [-53.8714, 5.1282], [-53.8695, 5.1292], [-53.8686, 5.1299], [-53.8678, 5.1308], [-53.8679, 5.1317], [-53.8678, 5.1328], [-53.8672, 5.1337], [-53.865, 5.1345], [-53.8642, 5.1349], [-53.8631, 5.1355], [-53.8622, 5.1363], [-53.8614, 5.1373], [-53.8604, 5.1386], [-53.8595, 5.1395], [-53.8588, 5.1406], [-53.8578, 5.1411], [-53.8559, 5.1417], [-53.8547, 5.1416], [-53.8535, 5.1415], [-53.8521, 5.1417], [-53.851, 5.1418], [-53.8493, 5.1415], [-53.8484, 5.142], [-53.8474, 5.1421], [-53.8459, 5.1416], [-53.8447, 5.1413], [-53.8437, 5.1409], [-53.8419, 5.1396], [-53.841, 5.1385], [-53.8406, 5.1376], [-53.8398, 5.1339], [-53.8396, 5.133], [-53.8397, 5.1318], [-53.8403, 5.1303], [-53.8406, 5.129], [-53.8406, 5.128], [-53.8405, 5.1268], [-53.8406, 5.1259], [-53.8406, 5.1245], [-53.8416, 5.1234], [-53.8431, 5.1217], [-53.8439, 5.1207], [-53.8433, 5.1198], [-53.8424, 5.1193], [-53.841, 5.1185], [-53.8395, 5.1178], [-53.8381, 5.117], [-53.8364, 5.1151], [-53.8354, 5.1138], [-53.835, 5.1124], [-53.8351, 5.1106], [-53.8355, 5.1094], [-53.8358, 5.1084], [-53.8363, 5.1072], [-53.8352, 5.106], [-53.834, 5.1056], [-53.8328, 5.1045], [-53.8324, 5.1034], [-53.8329, 5.1025], [-53.8331, 5.1013], [-53.833, 5.0997], [-53.8322, 5.0988], [-53.8298, 5.0971], [-53.8287, 5.0965], [-53.8276, 5.0958], [-53.8261, 5.095], [-53.8249, 5.0945], [-53.8238, 5.0941], [-53.8229, 5.094], [-53.8219, 5.0941], [-53.8202, 5.0942], [-53.8191, 5.0945], [-53.8177, 5.0944], [-53.8168, 5.0943], [-53.8159, 5.094], [-53.8149, 5.0936], [-53.8136, 5.0935], [-53.8123, 5.0931], [-53.8117, 5.0918], [-53.8112, 5.0909], [-53.8095, 5.0893], [-53.8085, 5.0892], [-53.8072, 5.09], [-53.8071, 5.0887], [-53.8069, 5.0874], [-53.8068, 5.0859], [-53.8067, 5.0848], [-53.8065, 5.0833], [-53.8065, 5.0824], [-53.8067, 5.0812], [-53.807, 5.0799], [-53.8082, 5.0776], [-53.8086, 5.0766], [-53.8094, 5.0751], [-53.8104, 5.074], [-53.8118, 5.0726], [-53.8126, 5.0716], [-53.8131, 5.0704], [-53.8135, 5.0692], [-53.8134, 5.0676], [-53.8137, 5.066], [-53.8137, 5.0641], [-53.8137, 5.063], [-53.8136, 5.0618], [-53.8133, 5.0601], [-53.8124, 5.0594], [-53.8113, 5.059], [-53.81, 5.059], [-53.8089, 5.0592], [-53.8078, 5.0594], [-53.8065, 5.0595], [-53.8053, 5.0595], [-53.8041, 5.0592], [-53.8031, 5.0589], [-53.802, 5.0579], [-53.8011, 5.0566], [-53.8003, 5.0555], [-53.7991, 5.0539], [-53.7986, 5.0529], [-53.7993, 5.0519], [-53.8002, 5.0512], [-53.8015, 5.0506], [-53.8029, 5.0501], [-53.8041, 5.0496], [-53.805, 5.049], [-53.8055, 5.048], [-53.8057, 5.0471], [-53.8053, 5.0456], [-53.8044, 5.0446], [-53.8035, 5.0443], [-53.8024, 5.0443], [-53.8013, 5.0444], [-53.7999, 5.0444], [-53.7984, 5.0447], [-53.7972, 5.0449], [-53.7959, 5.0455], [-53.7947, 5.0462], [-53.7934, 5.0467], [-53.7923, 5.0472], [-53.7909, 5.048], [-53.7893, 5.0484], [-53.7884, 5.0487], [-53.7876, 5.049], [-53.786, 5.0492], [-53.7847, 5.0491], [-53.783, 5.0486], [-53.7818, 5.0474], [-53.781, 5.0459], [-53.7808, 5.0448], [-53.7804, 5.0435], [-53.78, 5.0425], [-53.7794, 5.0409], [-53.7792, 5.0399], [-53.7791, 5.0389], [-53.7791, 5.0378], [-53.7788, 5.0363], [-53.7785, 5.035], [-53.7783, 5.0337], [-53.7779, 5.0323], [-53.7776, 5.0314], [-53.7771, 5.0305], [-53.7757, 5.0297], [-53.7746, 5.0292], [-53.7737, 5.029], [-53.7723, 5.0284], [-53.7705, 5.0276], [-53.7694, 5.0271], [-53.7683, 5.0264], [-53.7677, 5.0255], [-53.7671, 5.0242], [-53.7664, 5.0223], [-53.7664, 5.0215], [-53.7676, 5.02], [-53.7686, 5.0193], [-53.7698, 5.0187], [-53.771, 5.0184], [-53.7723, 5.0183], [-53.7741, 5.0183], [-53.7751, 5.0181], [-53.7761, 5.0181], [-53.778, 5.018], [-53.7793, 5.0179], [-53.7806, 5.0176], [-53.7818, 5.0168], [-53.7828, 5.0156], [-53.7835, 5.0147], [-53.7844, 5.0138], [-53.7853, 5.0131], [-53.7862, 5.0124], [-53.7875, 5.0114], [-53.7888, 5.0103], [-53.7895, 5.009], [-53.7895, 5.0078], [-53.789, 5.0063], [-53.7885, 5.0052], [-53.7879, 5.0042], [-53.7872, 5.003], [-53.7863, 5.002], [-53.7852, 5.0011], [-53.7839, 5.0006], [-53.7824, 5.0002], [-53.7811, 4.9999], [-53.7797, 4.9997], [-53.7786, 4.9996], [-53.7773, 4.9995], [-53.7763, 4.9995], [-53.7749, 4.9995], [-53.774, 4.9993], [-53.7729, 4.9991], [-53.7718, 4.9987], [-53.7703, 4.9978], [-53.7694, 4.997], [-53.7683, 4.9959], [-53.7673, 4.9949], [-53.7661, 4.9934], [-53.7649, 4.992], [-53.764, 4.9907], [-53.7637, 4.9898], [-53.7636, 4.9889], [-53.7639, 4.9875], [-53.7644, 4.9866], [-53.7653, 4.9856], [-53.7668, 4.985], [-53.7677, 4.9849], [-53.7686, 4.9848], [-53.7695, 4.9849], [-53.7715, 4.985], [-53.7732, 4.9846], [-53.7741, 4.9843], [-53.7762, 4.9829], [-53.7777, 4.9818], [-53.7794, 4.9805], [-53.7808, 4.9794], [-53.7815, 4.9782], [-53.782, 4.9766], [-53.7823, 4.9752], [-53.7827, 4.9743], [-53.7832, 4.9735], [-53.7841, 4.9719], [-53.7845, 4.971], [-53.7856, 4.9703], [-53.7867, 4.9704], [-53.7882, 4.9706], [-53.7894, 4.9706], [-53.7903, 4.9707], [-53.7927, 4.9712], [-53.7936, 4.9714], [-53.7944, 4.9716], [-53.7953, 4.9718], [-53.7963, 4.9722], [-53.7973, 4.9721], [-53.7978, 4.9708], [-53.7977, 4.9692], [-53.7973, 4.9681], [-53.7965, 4.9666], [-53.796, 4.9656], [-53.795, 4.9643], [-53.7942, 4.9628], [-53.7934, 4.9615], [-53.7926, 4.9603], [-53.7914, 4.9591], [-53.7902, 4.9581], [-53.7887, 4.958], [-53.7872, 4.9582], [-53.7859, 4.959], [-53.7856, 4.9604], [-53.7844, 4.9613], [-53.7827, 4.9608], [-53.7821, 4.9596], [-53.7818, 4.9582], [-53.7822, 4.9567], [-53.7829, 4.9553], [-53.784, 4.9543], [-53.7852, 4.9535], [-53.7864, 4.9532], [-53.7874, 4.9526], [-53.7877, 4.9514], [-53.7878, 4.9501], [-53.7882, 4.9477], [-53.789, 4.9466], [-53.7904, 4.9458], [-53.7918, 4.9459], [-53.7929, 4.9459], [-53.7935, 4.9449], [-53.7932, 4.9439], [-53.7921, 4.9437], [-53.7906, 4.9441], [-53.7879, 4.9442], [-53.7884, 4.9431], [-53.7876, 4.9421], [-53.7865, 4.9416], [-53.7852, 4.9412], [-53.7843, 4.9411], [-53.7835, 4.9402], [-53.7833, 4.9393], [-53.7833, 4.9384], [-53.7831, 4.9374], [-53.7821, 4.9375], [-53.7811, 4.9373], [-53.7797, 4.9374], [-53.7795, 4.9363], [-53.7805, 4.9354], [-53.7808, 4.9341], [-53.782, 4.9333], [-53.783, 4.9336], [-53.7829, 4.9325], [-53.7819, 4.9314], [-53.7812, 4.9302], [-53.7813, 4.9292], [-53.7813, 4.9282], [-53.7811, 4.9274], [-53.7803, 4.9268], [-53.7793, 4.9258], [-53.7785, 4.9248], [-53.7775, 4.9248], [-53.777, 4.9257], [-53.776, 4.9255], [-53.7763, 4.9247], [-53.7773, 4.924], [-53.7782, 4.9238], [-53.7791, 4.924], [-53.7806, 4.9233], [-53.7816, 4.9231], [-53.7825, 4.9224], [-53.7821, 4.9215], [-53.7823, 4.9204], [-53.7832, 4.92], [-53.7831, 4.9191], [-53.7818, 4.9185], [-53.7802, 4.9184], [-53.7793, 4.9175], [-53.7792, 4.9164], [-53.7794, 4.9153], [-53.7802, 4.9144], [-53.781, 4.9135], [-53.782, 4.9128], [-53.7829, 4.9124], [-53.7838, 4.9117], [-53.783, 4.9106], [-53.7827, 4.9088], [-53.7829, 4.9079], [-53.784, 4.9077], [-53.785, 4.9083], [-53.7854, 4.9073], [-53.7854, 4.9059], [-53.785, 4.9045], [-53.7841, 4.9033], [-53.7836, 4.9021], [-53.7835, 4.9011], [-53.7832, 4.9002], [-53.7823, 4.8993], [-53.7806, 4.8978], [-53.7796, 4.8973], [-53.7788, 4.897], [-53.7781, 4.8959], [-53.7783, 4.8949], [-53.7788, 4.8939], [-53.7795, 4.893], [-53.7784, 4.8923], [-53.7775, 4.8918], [-53.777, 4.8909], [-53.7781, 4.8898], [-53.7783, 4.8888], [-53.7777, 4.8873], [-53.777, 4.8864], [-53.7759, 4.8853], [-53.7749, 4.8844], [-53.7737, 4.8842], [-53.7722, 4.8843], [-53.7712, 4.8843], [-53.7701, 4.884], [-53.7699, 4.8831], [-53.7702, 4.8821], [-53.7711, 4.8815], [-53.7724, 4.8806], [-53.7734, 4.8801], [-53.7745, 4.8797], [-53.7756, 4.8784], [-53.7764, 4.8774], [-53.777, 4.8764], [-53.7762, 4.8755], [-53.7754, 4.8749], [-53.7743, 4.8743], [-53.7727, 4.8741], [-53.7717, 4.8743], [-53.7703, 4.8749], [-53.7694, 4.8751], [-53.7691, 4.874], [-53.7703, 4.8726], [-53.7711, 4.8716], [-53.7714, 4.87], [-53.7722, 4.8684], [-53.7719, 4.8675], [-53.7713, 4.8666], [-53.7706, 4.8655], [-53.7717, 4.8647], [-53.7732, 4.8647], [-53.7745, 4.8646], [-53.7759, 4.8641], [-53.7772, 4.8634], [-53.7781, 4.8627], [-53.7782, 4.8614], [-53.778, 4.8602], [-53.7773, 4.859], [-53.7765, 4.8577], [-53.7762, 4.856], [-53.7774, 4.8554], [-53.7783, 4.8553], [-53.7789, 4.854], [-53.7783, 4.853], [-53.7775, 4.8519], [-53.7765, 4.8508], [-53.7762, 4.8497], [-53.7762, 4.8487], [-53.7754, 4.8478], [-53.7746, 4.8465], [-53.7736, 4.8457], [-53.7727, 4.8465], [-53.7718, 4.8471], [-53.7709, 4.8471], [-53.77, 4.8464], [-53.769, 4.8458], [-53.7679, 4.8456], [-53.7674, 4.8444], [-53.7683, 4.8444], [-53.7692, 4.8443], [-53.7682, 4.8431], [-53.7672, 4.8425], [-53.7664, 4.8418], [-53.7655, 4.8408], [-53.7644, 4.8404], [-53.7635, 4.8405], [-53.763, 4.8396], [-53.764, 4.839], [-53.7648, 4.8381], [-53.7637, 4.8371], [-53.7628, 4.8369], [-53.7618, 4.8369], [-53.7609, 4.8366], [-53.7601, 4.8357], [-53.7596, 4.8348], [-53.7592, 4.834], [-53.7588, 4.833], [-53.7588, 4.8318], [-53.7591, 4.8307], [-53.7601, 4.8302], [-53.7595, 4.8293], [-53.7585, 4.8285], [-53.7575, 4.8288], [-53.7576, 4.8274], [-53.7577, 4.8265], [-53.7586, 4.8269], [-53.7599, 4.8272], [-53.7606, 4.8263], [-53.7593, 4.8256], [-53.7585, 4.8254], [-53.7576, 4.8252], [-53.7567, 4.8258], [-53.7557, 4.8268], [-53.7546, 4.8282], [-53.7535, 4.8284], [-53.7527, 4.828], [-53.7523, 4.8267], [-53.7527, 4.8255], [-53.753, 4.8246], [-53.754, 4.8244], [-53.7541, 4.8233], [-53.754, 4.822], [-53.7541, 4.8208], [-53.7536, 4.8198], [-53.7545, 4.8194], [-53.7551, 4.8184], [-53.7546, 4.8174], [-53.7533, 4.8171], [-53.7528, 4.8161], [-53.7519, 4.8155], [-53.7522, 4.8145], [-53.7522, 4.8135], [-53.7524, 4.8124], [-53.7523, 4.8115], [-53.7511, 4.8118], [-53.7516, 4.8108], [-53.7515, 4.81], [-53.7504, 4.8095], [-53.7503, 4.8086], [-53.7506, 4.8076], [-53.7497, 4.808], [-53.7494, 4.807], [-53.7494, 4.8062], [-53.7505, 4.8052], [-53.7513, 4.8043], [-53.7513, 4.8032], [-53.7515, 4.8021], [-53.752, 4.801], [-53.7532, 4.8002], [-53.754, 4.7993], [-53.7531, 4.799], [-53.7519, 4.7984], [-53.7523, 4.7973], [-53.7521, 4.7963], [-53.7526, 4.7953], [-53.7517, 4.7955], [-53.7507, 4.7958], [-53.7502, 4.7947], [-53.7495, 4.7935], [-53.7494, 4.7925], [-53.7496, 4.7914], [-53.7493, 4.7903], [-53.75, 4.7894], [-53.7506, 4.788], [-53.7502, 4.7866], [-53.7493, 4.7855], [-53.7484, 4.7846], [-53.7474, 4.7837], [-53.7469, 4.7825], [-53.747, 4.7816], [-53.7481, 4.7809], [-53.749, 4.7798], [-53.7494, 4.7789], [-53.7492, 4.7779], [-53.7503, 4.7782], [-53.751, 4.7794], [-53.7519, 4.7795], [-53.7528, 4.7781], [-53.7533, 4.777], [-53.753, 4.7761], [-53.752, 4.775], [-53.751, 4.7747], [-53.75, 4.7743], [-53.7489, 4.7748], [-53.748, 4.7741], [-53.7467, 4.7727], [-53.7468, 4.7715], [-53.7475, 4.7701], [-53.7478, 4.7691], [-53.7477, 4.7681], [-53.7488, 4.7683], [-53.7498, 4.7681], [-53.7491, 4.767], [-53.7497, 4.766], [-53.7498, 4.765], [-53.7494, 4.764], [-53.7496, 4.763], [-53.7499, 4.7621], [-53.7499, 4.7611], [-53.75, 4.7596], [-53.7506, 4.7581], [-53.751, 4.7571], [-53.7514, 4.7559], [-53.7522, 4.7555], [-53.7529, 4.7564], [-53.754, 4.7563], [-53.7552, 4.7554], [-53.7554, 4.7543], [-53.7565, 4.754], [-53.7574, 4.7539], [-53.7583, 4.7536], [-53.7592, 4.7529], [-53.7603, 4.7537], [-53.7607, 4.7527], [-53.7608, 4.7518], [-53.761, 4.75], [-53.7614, 4.749], [-53.7618, 4.748], [-53.7621, 4.747], [-53.763, 4.7463], [-53.7632, 4.7453], [-53.7633, 4.7441], [-53.7639, 4.743], [-53.7644, 4.742], [-53.7647, 4.7411], [-53.7646, 4.7402], [-53.7636, 4.74], [-53.7625, 4.7403], [-53.7619, 4.7395], [-53.7614, 4.7381], [-53.7612, 4.7371], [-53.7603, 4.7367], [-53.759, 4.7367], [-53.7581, 4.736], [-53.7566, 4.7348], [-53.7555, 4.7344], [-53.7545, 4.7338], [-53.7536, 4.7328], [-53.7529, 4.7318], [-53.7526, 4.7309], [-53.7522, 4.7299], [-53.7518, 4.7289], [-53.7514, 4.7279], [-53.7513, 4.7266], [-53.752, 4.7256], [-53.7527, 4.7246], [-53.7524, 4.7236], [-53.7512, 4.7229], [-53.7509, 4.722], [-53.7507, 4.7207], [-53.7502, 4.7192], [-53.7494, 4.7181], [-53.7498, 4.7172], [-53.7504, 4.7163], [-53.7514, 4.7156], [-53.7536, 4.7137], [-53.7539, 4.7128], [-53.7534, 4.7119], [-53.7519, 4.711], [-53.751, 4.7104], [-53.7498, 4.7099], [-53.7486, 4.7107], [-53.748, 4.7096], [-53.7481, 4.7085], [-53.7481, 4.7073], [-53.7472, 4.7066], [-53.7469, 4.7054], [-53.7467, 4.7045], [-53.7466, 4.7034], [-53.7473, 4.7024], [-53.7475, 4.7011], [-53.7485, 4.7005], [-53.7497, 4.7005], [-53.7505, 4.7005], [-53.7514, 4.7004], [-53.7529, 4.7004], [-53.7539, 4.7005], [-53.7542, 4.6996], [-53.7533, 4.6983], [-53.7526, 4.6972], [-53.7524, 4.6959], [-53.7523, 4.6948], [-53.7522, 4.6937], [-53.7527, 4.6925], [-53.7539, 4.692], [-53.7552, 4.6916], [-53.7559, 4.6905], [-53.7557, 4.6893], [-53.755, 4.6883], [-53.755, 4.6874], [-53.7547, 4.6861], [-53.7545, 4.6852], [-53.7534, 4.6846], [-53.7522, 4.6843], [-53.7522, 4.6833], [-53.7512, 4.6822], [-53.752, 4.6815], [-53.7531, 4.6818], [-53.7549, 4.6827], [-53.756, 4.6831], [-53.7573, 4.683], [-53.7583, 4.683], [-53.7596, 4.6826], [-53.7605, 4.6829], [-53.7609, 4.6819], [-53.7601, 4.6809], [-53.7592, 4.6796], [-53.7585, 4.6786], [-53.7574, 4.6774], [-53.7567, 4.6764], [-53.7569, 4.6755], [-53.7578, 4.6757], [-53.759, 4.6764], [-53.7599, 4.6768], [-53.7608, 4.676], [-53.7619, 4.675], [-53.7633, 4.6738], [-53.7637, 4.6726], [-53.763, 4.6716], [-53.7621, 4.6709], [-53.762, 4.6698], [-53.7632, 4.6702], [-53.764, 4.669], [-53.7649, 4.6687], [-53.766, 4.6688], [-53.7664, 4.6677], [-53.7664, 4.6666], [-53.7661, 4.6656], [-53.765, 4.6651], [-53.7648, 4.664], [-53.7639, 4.6634], [-53.7632, 4.6624], [-53.7621, 4.6613], [-53.7612, 4.6611], [-53.7603, 4.6609], [-53.7603, 4.6598], [-53.7606, 4.6588], [-53.7596, 4.6581], [-53.7594, 4.6571], [-53.7583, 4.6573], [-53.7574, 4.6572], [-53.7566, 4.6561], [-53.7562, 4.6552], [-53.7554, 4.654], [-53.7565, 4.6538], [-53.7565, 4.6525], [-53.7558, 4.6515], [-53.7569, 4.6511], [-53.7559, 4.6503], [-53.7545, 4.6502], [-53.7535, 4.6503], [-53.7535, 4.6494], [-53.7544, 4.6484], [-53.7548, 4.6475], [-53.7544, 4.6465], [-53.7535, 4.6457], [-53.7527, 4.6455], [-53.7514, 4.6464], [-53.7503, 4.6472], [-53.7499, 4.6462], [-53.7496, 4.6453], [-53.7484, 4.6445], [-53.7479, 4.6432], [-53.7479, 4.6421], [-53.7482, 4.6409], [-53.7483, 4.6387], [-53.7473, 4.638], [-53.7464, 4.6381], [-53.746, 4.6394], [-53.7456, 4.6381], [-53.746, 4.637], [-53.7459, 4.6358], [-53.7453, 4.6344], [-53.745, 4.6333], [-53.7454, 4.6322], [-53.7462, 4.6319], [-53.7454, 4.6313], [-53.7447, 4.6304], [-53.7438, 4.63], [-53.7436, 4.6291], [-53.7425, 4.6292], [-53.7412, 4.6284], [-53.7403, 4.6278], [-53.7407, 4.6269], [-53.7401, 4.6259], [-53.7406, 4.625], [-53.7409, 4.6238], [-53.7415, 4.6226], [-53.7415, 4.6215], [-53.741, 4.6205], [-53.7416, 4.6196], [-53.7423, 4.6187], [-53.7421, 4.6177], [-53.7422, 4.6164], [-53.7426, 4.6155], [-53.7418, 4.6149], [-53.7403, 4.6145], [-53.7394, 4.6139], [-53.7392, 4.613], [-53.7401, 4.613], [-53.7411, 4.6135], [-53.7415, 4.6124], [-53.7405, 4.6117], [-53.7395, 4.6114], [-53.7402, 4.6104], [-53.741, 4.6091], [-53.7413, 4.6082], [-53.7409, 4.6073], [-53.7418, 4.6073], [-53.7422, 4.6062], [-53.7414, 4.6052], [-53.743, 4.6043], [-53.7436, 4.6033], [-53.7438, 4.6022], [-53.7436, 4.6013], [-53.7426, 4.6005], [-53.7436, 4.5994], [-53.7448, 4.5986], [-53.7448, 4.5972], [-53.7454, 4.5963], [-53.7463, 4.5955], [-53.7471, 4.5956], [-53.7467, 4.5943], [-53.7457, 4.5934], [-53.7464, 4.5924], [-53.7477, 4.5914], [-53.7483, 4.5904], [-53.7486, 4.5894], [-53.7487, 4.5883], [-53.7492, 4.5873], [-53.7492, 4.5863], [-53.7491, 4.585], [-53.749, 4.5841], [-53.7499, 4.5829], [-53.7502, 4.5821], [-53.7504, 4.5812], [-53.751, 4.5801], [-53.7502, 4.5789], [-53.7501, 4.578], [-53.7497, 4.5771], [-53.7496, 4.5762], [-53.7499, 4.5751], [-53.7491, 4.5741], [-53.7489, 4.5725], [-53.7489, 4.5713], [-53.7478, 4.5705], [-53.7468, 4.5709], [-53.7476, 4.5699], [-53.7485, 4.5688], [-53.7482, 4.568], [-53.749, 4.5677], [-53.7499, 4.5676], [-53.75, 4.5667], [-53.7496, 4.5656], [-53.7511, 4.5658], [-53.7512, 4.5648], [-53.7522, 4.5654], [-53.7533, 4.5653], [-53.7536, 4.5644], [-53.7545, 4.564], [-53.7551, 4.563], [-53.7556, 4.5621], [-53.7549, 4.5608], [-53.7543, 4.5594], [-53.7544, 4.5584], [-53.7552, 4.5581], [-53.7561, 4.5579], [-53.7564, 4.5568], [-53.7559, 4.5559], [-53.7568, 4.5554], [-53.7576, 4.5545], [-53.7588, 4.554], [-53.7592, 4.5529], [-53.7596, 4.5519], [-53.7586, 4.5515], [-53.7595, 4.5505], [-53.7589, 4.5496], [-53.7597, 4.5487], [-53.7595, 4.5478], [-53.76, 4.5469], [-53.7604, 4.5458], [-53.7598, 4.5449], [-53.7591, 4.5438], [-53.758, 4.543], [-53.7583, 4.542], [-53.759, 4.5429], [-53.7594, 4.5418], [-53.7604, 4.5409], [-53.7613, 4.5401], [-53.7611, 4.5391], [-53.7621, 4.5392], [-53.7615, 4.5374], [-53.7613, 4.5365], [-53.7616, 4.5355], [-53.7613, 4.5344], [-53.7623, 4.5332], [-53.7625, 4.5322], [-53.7634, 4.5319], [-53.7642, 4.5321], [-53.7651, 4.5322], [-53.7659, 4.5322], [-53.7663, 4.5306], [-53.7664, 4.5291], [-53.7672, 4.5284], [-53.7674, 4.5276], [-53.7685, 4.5279], [-53.7691, 4.5269], [-53.7697, 4.526], [-53.7707, 4.5256], [-53.7716, 4.5253], [-53.7717, 4.5244], [-53.7709, 4.5234], [-53.7708, 4.5224], [-53.7706, 4.5214], [-53.772, 4.5211], [-53.7711, 4.5205], [-53.7713, 4.5195], [-53.7714, 4.5184], [-53.7705, 4.5176], [-53.7705, 4.5167], [-53.7718, 4.5163], [-53.7723, 4.5154], [-53.7715, 4.5138], [-53.772, 4.5128], [-53.7722, 4.5118], [-53.7729, 4.5108], [-53.772, 4.51], [-53.7692, 4.5072], [-53.7692, 4.5059], [-53.7686, 4.5045], [-53.7681, 4.5034], [-53.7689, 4.5025], [-53.7689, 4.4989], [-53.7692, 4.4931], [-53.7659, 4.4895], [-53.7656, 4.4861], [-53.7636, 4.4839], [-53.7636, 4.4789], [-53.7635, 4.4778], [-53.7636, 4.4747], [-53.7631, 4.4736], [-53.7628, 4.4725], [-53.7614, 4.4711], [-53.7609, 4.4689], [-53.7597, 4.4681], [-53.7597, 4.4672], [-53.7589, 4.4664], [-53.7589, 4.465], [-53.7578, 4.4647], [-53.7572, 4.4636], [-53.757, 4.4625], [-53.757, 4.4575], [-53.7556, 4.4561], [-53.7547, 4.4545], [-53.7536, 4.4531], [-53.7536, 4.4522], [-53.7545, 4.4514], [-53.7556, 4.4503], [-53.7556, 4.4495], [-53.755, 4.4478], [-53.7539, 4.4475], [-53.7539, 4.4453], [-53.7542, 4.4436], [-53.755, 4.4431], [-53.7559, 4.4428], [-53.7575, 4.4414], [-53.7578, 4.4403], [-53.7584, 4.4389], [-53.7586, 4.4361], [-53.7606, 4.4339], [-53.7614, 4.4322], [-53.7639, 4.4297], [-53.7639, 4.4286], [-53.7642, 4.4275], [-53.7639, 4.4242], [-53.7631, 4.42], [-53.7642, 4.4184], [-53.7647, 4.417], [-53.7661, 4.4153], [-53.767, 4.4142], [-53.767, 4.4092], [-53.7672, 4.4053], [-53.7675, 4.4045], [-53.7675, 4.4014], [-53.7686, 4.4003], [-53.7686, 4.3992], [-53.7689, 4.3984], [-53.7706, 4.397], [-53.7706, 4.3959], [-53.7711, 4.395], [-53.772, 4.3945], [-53.772, 4.3934], [-53.7725, 4.3925], [-53.7725, 4.3914], [-53.7734, 4.3906], [-53.7734, 4.3892], [-53.775, 4.3875], [-53.7759, 4.3864], [-53.7778, 4.3836], [-53.7778, 4.3828], [-53.7784, 4.3789], [-53.7789, 4.3772], [-53.7797, 4.3756], [-53.7797, 4.3742], [-53.7809, 4.3731], [-53.7811, 4.372], [-53.7828, 4.37], [-53.7831, 4.3684], [-53.7834, 4.3664], [-53.7839, 4.365], [-53.7861, 4.3625], [-53.7872, 4.3611], [-53.7872, 4.3539], [-53.7881, 4.3525], [-53.79, 4.3506], [-53.7906, 4.3497], [-53.7906, 4.3484], [-53.7922, 4.3467], [-53.7922, 4.3434], [-53.7934, 4.3425], [-53.7939, 4.3395], [-53.7947, 4.3384], [-53.7947, 4.3372], [-53.7961, 4.3359], [-53.7967, 4.3347], [-53.7972, 4.3336], [-53.7972, 4.3322], [-53.7964, 4.3303], [-53.7959, 4.3278], [-53.7953, 4.3225], [-53.7959, 4.3214], [-53.7925, 4.3178], [-53.7936, 4.3164], [-53.7947, 4.315], [-53.795, 4.3142], [-53.7947, 4.3097], [-53.7942, 4.3081], [-53.7945, 4.3067], [-53.7956, 4.3053], [-53.7953, 4.3042], [-53.7931, 4.302], [-53.7931, 4.3], [-53.7947, 4.2978], [-53.7959, 4.297], [-53.797, 4.2956], [-53.7967, 4.2942], [-53.7964, 4.2931], [-53.7961, 4.2922], [-53.7959, 4.2897], [-53.795, 4.2889], [-53.7964, 4.2867], [-53.7964, 4.285], [-53.797, 4.2836], [-53.7961, 4.282], [-53.7961, 4.2811], [-53.7961, 4.2795], [-53.7957, 4.2782], [-53.7942, 4.277], [-53.794, 4.2732]]]}}, {"type": "Feature", "properties": {"nom": "Sinnamary", "code": "97312", "codeDepartement": "973", "siren": "219733128", "codeEpci": "200027548", "codeRegion": "03", "codesPostaux": ["97315"], "population": 2756}, "geometry": {"type": "MultiPolygon", "coordinates": [[[[-53.2125, 5.0126], [-53.2119, 5.0149], [-53.2117, 5.0159], [-53.2113, 5.0169], [-53.2095, 5.0187], [-53.2097, 5.02], [-53.2096, 5.0214], [-53.2093, 5.0225], [-53.2086, 5.0235], [-53.2084, 5.0244], [-53.2085, 5.0253], [-53.2088, 5.0262], [-53.2095, 5.0273], [-53.2093, 5.0282], [-53.209, 5.0291], [-53.2088, 5.0301], [-53.2082, 5.0314], [-53.2084, 5.0327], [-53.2084, 5.0336], [-53.2076, 5.0349], [-53.208, 5.0359], [-53.2086, 5.0368], [-53.2097, 5.0379], [-53.2104, 5.0387], [-53.2102, 5.0409], [-53.21, 5.0419], [-53.2093, 5.0433], [-53.2077, 5.0447], [-53.2069, 5.0455], [-53.2058, 5.0468], [-53.205, 5.048], [-53.2032, 5.0482], [-53.2011, 5.0488], [-53.1992, 5.0494], [-53.1973, 5.0499], [-53.1959, 5.0502], [-53.1951, 5.0502], [-53.1924, 5.0503], [-53.1905, 5.0503], [-53.188, 5.0503], [-53.187, 5.0503], [-53.1854, 5.0506], [-53.1844, 5.0513], [-53.1829, 5.0532], [-53.1822, 5.0546], [-53.1819, 5.0559], [-53.1816, 5.0571], [-53.1815, 5.0582], [-53.1814, 5.0592], [-53.1814, 5.0604], [-53.1813, 5.0613], [-53.1814, 5.0628], [-53.1815, 5.0643], [-53.1816, 5.0653], [-53.1818, 5.0662], [-53.182, 5.0671], [-53.1822, 5.0685], [-53.1829, 5.0703], [-53.1833, 5.0721], [-53.1835, 5.073], [-53.1837, 5.0741], [-53.1846, 5.0763], [-53.1855, 5.0777], [-53.1859, 5.0789], [-53.1862, 5.0799], [-53.1862, 5.081], [-53.1862, 5.0825], [-53.1862, 5.0836], [-53.1865, 5.0847], [-53.1866, 5.0857], [-53.1865, 5.0867], [-53.186, 5.0877], [-53.1856, 5.0886], [-53.1858, 5.0895], [-53.1859, 5.0906], [-53.1862, 5.0922], [-53.1866, 5.0934], [-53.1864, 5.0955], [-53.1856, 5.0966], [-53.1854, 5.0976], [-53.185, 5.0986], [-53.1846, 5.0996], [-53.1831, 5.1002], [-53.1823, 5.1006], [-53.1814, 5.1019], [-53.1806, 5.1028], [-53.1798, 5.1037], [-53.1794, 5.1049], [-53.1782, 5.1057], [-53.1767, 5.1077], [-53.1759, 5.1087], [-53.1755, 5.1097], [-53.175, 5.1106], [-53.1754, 5.1117], [-53.1746, 5.1125], [-53.1729, 5.1135], [-53.1718, 5.1133], [-53.1705, 5.1133], [-53.1696, 5.1126], [-53.169, 5.1135], [-53.1683, 5.1151], [-53.1679, 5.116], [-53.1679, 5.1169], [-53.1682, 5.1179], [-53.1672, 5.1183], [-53.1664, 5.1191], [-53.1656, 5.1188], [-53.1647, 5.1194], [-53.1639, 5.1194], [-53.1639, 5.1203], [-53.163, 5.1204], [-53.1626, 5.1215], [-53.1618, 5.1224], [-53.1609, 5.1234], [-53.1605, 5.1244], [-53.1598, 5.1254], [-53.1589, 5.1258], [-53.1581, 5.1252], [-53.1571, 5.1252], [-53.1562, 5.1257], [-53.1551, 5.126], [-53.1542, 5.1261], [-53.1534, 5.1268], [-53.1519, 5.1267], [-53.151, 5.1264], [-53.1502, 5.1263], [-53.1493, 5.127], [-53.1489, 5.1282], [-53.1475, 5.1291], [-53.1469, 5.1303], [-53.1471, 5.1317], [-53.1469, 5.1332], [-53.1463, 5.1342], [-53.1466, 5.1353], [-53.1476, 5.1363], [-53.1474, 5.1377], [-53.147, 5.1389], [-53.147, 5.14], [-53.146, 5.1407], [-53.1451, 5.1401], [-53.1442, 5.14], [-53.1422, 5.1407], [-53.1414, 5.14], [-53.1411, 5.1411], [-53.1406, 5.1422], [-53.1408, 5.1438], [-53.1406, 5.1448], [-53.1405, 5.1459], [-53.1396, 5.1464], [-53.1387, 5.1458], [-53.1377, 5.1454], [-53.1369, 5.1458], [-53.1374, 5.1467], [-53.1373, 5.1478], [-53.1369, 5.149], [-53.1366, 5.1499], [-53.1353, 5.1494], [-53.1344, 5.1496], [-53.1343, 5.1505], [-53.1351, 5.1517], [-53.1359, 5.153], [-53.1359, 5.154], [-53.1353, 5.1551], [-53.1359, 5.1561], [-53.1359, 5.157], [-53.1353, 5.1579], [-53.1365, 5.1594], [-53.1372, 5.1606], [-53.1363, 5.1605], [-53.1352, 5.1603], [-53.1346, 5.1616], [-53.1336, 5.1623], [-53.1326, 5.1628], [-53.1319, 5.1638], [-53.1314, 5.1647], [-53.133, 5.1666], [-53.1336, 5.1683], [-53.1337, 5.1699], [-53.1333, 5.1708], [-53.1321, 5.1716], [-53.1321, 5.1725], [-53.1332, 5.1732], [-53.1343, 5.173], [-53.1349, 5.1739], [-53.1357, 5.1749], [-53.1364, 5.1759], [-53.1373, 5.1758], [-53.1383, 5.1777], [-53.1394, 5.1781], [-53.1395, 5.1791], [-53.1404, 5.1786], [-53.1404, 5.1795], [-53.1399, 5.1804], [-53.1408, 5.1811], [-53.1405, 5.1823], [-53.1399, 5.1835], [-53.1415, 5.1847], [-53.1425, 5.1843], [-53.1434, 5.1851], [-53.1436, 5.1841], [-53.1446, 5.1836], [-53.1457, 5.1845], [-53.1466, 5.1857], [-53.1476, 5.1868], [-53.1484, 5.1869], [-53.1484, 5.1877], [-53.1493, 5.1887], [-53.15, 5.1899], [-53.15, 5.1909], [-53.1506, 5.1918], [-53.1495, 5.1919], [-53.1487, 5.1923], [-53.1478, 5.1928], [-53.1473, 5.1937], [-53.1458, 5.1943], [-53.1448, 5.195], [-53.1441, 5.1962], [-53.144, 5.1978], [-53.1435, 5.1992], [-53.1435, 5.2004], [-53.1442, 5.2015], [-53.1443, 5.2035], [-53.1443, 5.2046], [-53.1453, 5.2057], [-53.146, 5.2067], [-53.1456, 5.2076], [-53.1448, 5.2077], [-53.1437, 5.2077], [-53.1439, 5.2087], [-53.144, 5.2096], [-53.1443, 5.2106], [-53.1441, 5.2116], [-53.1444, 5.2127], [-53.1446, 5.214], [-53.1454, 5.2151], [-53.1454, 5.2159], [-53.1461, 5.2171], [-53.146, 5.2183], [-53.1463, 5.2193], [-53.1465, 5.2201], [-53.1469, 5.221], [-53.1462, 5.2221], [-53.1453, 5.2229], [-53.1444, 5.2233], [-53.143, 5.2247], [-53.1426, 5.2261], [-53.143, 5.227], [-53.1436, 5.2283], [-53.1437, 5.2295], [-53.1439, 5.2305], [-53.1445, 5.2315], [-53.1455, 5.2324], [-53.1466, 5.2334], [-53.1463, 5.2351], [-53.146, 5.2361], [-53.1459, 5.2372], [-53.1459, 5.2383], [-53.1456, 5.2399], [-53.1453, 5.2408], [-53.1447, 5.2421], [-53.1443, 5.2431], [-53.1454, 5.2428], [-53.1463, 5.2426], [-53.1471, 5.2432], [-53.1459, 5.2444], [-53.1451, 5.2453], [-53.1458, 5.2464], [-53.1458, 5.2475], [-53.1455, 5.2489], [-53.1446, 5.2491], [-53.1448, 5.25], [-53.1442, 5.251], [-53.1439, 5.2524], [-53.1439, 5.2533], [-53.1439, 5.2545], [-53.1437, 5.2561], [-53.1438, 5.2577], [-53.1441, 5.2586], [-53.1451, 5.2599], [-53.144, 5.2603], [-53.143, 5.2601], [-53.1419, 5.2603], [-53.1409, 5.261], [-53.14, 5.2609], [-53.1391, 5.2603], [-53.1381, 5.2601], [-53.1369, 5.2593], [-53.1354, 5.2598], [-53.1343, 5.2598], [-53.1335, 5.259], [-53.1324, 5.2588], [-53.1318, 5.2577], [-53.1303, 5.2572], [-53.1294, 5.2568], [-53.1285, 5.2567], [-53.1271, 5.2565], [-53.1257, 5.2552], [-53.1249, 5.2545], [-53.122, 5.2534], [-53.1208, 5.2532], [-53.1198, 5.2534], [-53.1185, 5.2522], [-53.118, 5.251], [-53.1171, 5.2498], [-53.116, 5.2482], [-53.1158, 5.2472], [-53.1155, 5.2463], [-53.1149, 5.2454], [-53.1138, 5.244], [-53.1135, 5.2431], [-53.1128, 5.2421], [-53.1119, 5.2416], [-53.1113, 5.2404], [-53.1105, 5.2388], [-53.1102, 5.2376], [-53.1093, 5.2371], [-53.1087, 5.2361], [-53.1085, 5.2353], [-53.109, 5.2344], [-53.1083, 5.2333], [-53.1077, 5.2324], [-53.1078, 5.2314], [-53.1081, 5.2303], [-53.1074, 5.2293], [-53.1071, 5.2283], [-53.1068, 5.2271], [-53.1062, 5.2259], [-53.1065, 5.2249], [-53.1056, 5.2235], [-53.1044, 5.2221], [-53.1042, 5.2212], [-53.1032, 5.2202], [-53.1027, 5.2193], [-53.1024, 5.2184], [-53.1021, 5.2174], [-53.1008, 5.214], [-53.1007, 5.213], [-53.1012, 5.2115], [-53.1017, 5.2102], [-53.1014, 5.209], [-53.1008, 5.2079], [-53.1003, 5.2064], [-53.0997, 5.2054], [-53.0989, 5.2044], [-53.0976, 5.203], [-53.0965, 5.2018], [-53.0953, 5.2008], [-53.0939, 5.2001], [-53.0929, 5.1998], [-53.0917, 5.1991], [-53.0907, 5.1988], [-53.0895, 5.1984], [-53.0885, 5.1982], [-53.0876, 5.1982], [-53.0868, 5.1981], [-53.0859, 5.1981], [-53.085, 5.1979], [-53.0837, 5.1978], [-53.0828, 5.1978], [-53.0814, 5.1977], [-53.0803, 5.1976], [-53.0791, 5.1977], [-53.0769, 5.1973], [-53.076, 5.1972], [-53.0751, 5.1971], [-53.0741, 5.1968], [-53.0728, 5.1959], [-53.0716, 5.1954], [-53.0705, 5.1954], [-53.0696, 5.1953], [-53.0686, 5.195], [-53.0681, 5.196], [-53.0668, 5.1969], [-53.0659, 5.1975], [-53.065, 5.1999], [-53.0648, 5.2022], [-53.0665, 5.2032], [-53.0674, 5.2033], [-53.0686, 5.2033], [-53.0703, 5.2043], [-53.0717, 5.2043], [-53.0729, 5.2053], [-53.0742, 5.207], [-53.075, 5.2094], [-53.0753, 5.2104], [-53.0768, 5.211], [-53.0777, 5.2111], [-53.079, 5.2112], [-53.0795, 5.2123], [-53.0796, 5.2134], [-53.0796, 5.2143], [-53.0795, 5.2155], [-53.0794, 5.2168], [-53.0805, 5.2169], [-53.0817, 5.2164], [-53.0825, 5.2163], [-53.0833, 5.2175], [-53.0827, 5.2185], [-53.0816, 5.2199], [-53.0807, 5.2205], [-53.0797, 5.2209], [-53.0796, 5.223], [-53.0797, 5.2242], [-53.0797, 5.2258], [-53.0777, 5.2264], [-53.0769, 5.2288], [-53.0782, 5.2312], [-53.0795, 5.2332], [-53.0823, 5.2353], [-53.0833, 5.2351], [-53.0842, 5.2367], [-53.0851, 5.2373], [-53.0853, 5.2384], [-53.0853, 5.2393], [-53.0833, 5.2407], [-53.0834, 5.2419], [-53.0847, 5.2431], [-53.0853, 5.2443], [-53.0867, 5.2455], [-53.0884, 5.2461], [-53.0887, 5.2478], [-53.0875, 5.2482], [-53.0872, 5.2492], [-53.0883, 5.2498], [-53.0882, 5.251], [-53.0881, 5.252], [-53.0881, 5.2529], [-53.0883, 5.2539], [-53.0886, 5.2557], [-53.0894, 5.2568], [-53.0897, 5.2577], [-53.0894, 5.2589], [-53.0902, 5.2601], [-53.0901, 5.2612], [-53.0903, 5.2624], [-53.0899, 5.2636], [-53.0901, 5.265], [-53.0907, 5.2662], [-53.0909, 5.2674], [-53.0911, 5.2692], [-53.0925, 5.2728], [-53.0931, 5.2741], [-53.0942, 5.2758], [-53.0944, 5.277], [-53.094, 5.2787], [-53.0941, 5.2796], [-53.0941, 5.2811], [-53.0946, 5.282], [-53.0956, 5.2827], [-53.0948, 5.2839], [-53.0935, 5.2849], [-53.0917, 5.2863], [-53.0909, 5.2879], [-53.0905, 5.2887], [-53.0896, 5.2896], [-53.09, 5.2913], [-53.0898, 5.2924], [-53.0893, 5.2933], [-53.0895, 5.2954], [-53.0894, 5.2967], [-53.089, 5.298], [-53.0879, 5.2994], [-53.0876, 5.301], [-53.0873, 5.302], [-53.0869, 5.3029], [-53.0869, 5.3038], [-53.0861, 5.3048], [-53.0859, 5.3057], [-53.0858, 5.3067], [-53.0857, 5.3079], [-53.0857, 5.3089], [-53.0852, 5.3098], [-53.0843, 5.311], [-53.0833, 5.3113], [-53.082, 5.3118], [-53.0814, 5.313], [-53.0812, 5.3139], [-53.0812, 5.3151], [-53.081, 5.3162], [-53.0809, 5.3171], [-53.0806, 5.3181], [-53.0802, 5.319], [-53.0801, 5.3204], [-53.0806, 5.3216], [-53.0803, 5.3227], [-53.0796, 5.3236], [-53.0795, 5.3245], [-53.0791, 5.3254], [-53.0797, 5.3265], [-53.0802, 5.3274], [-53.0803, 5.3284], [-53.0805, 5.3295], [-53.0803, 5.3306], [-53.0799, 5.3315], [-53.079, 5.3321], [-53.0783, 5.333], [-53.0783, 5.3343], [-53.0781, 5.3352], [-53.0776, 5.3361], [-53.0774, 5.337], [-53.0777, 5.3381], [-53.0771, 5.3391], [-53.0762, 5.3401], [-53.0757, 5.3412], [-53.075, 5.3421], [-53.0745, 5.3433], [-53.0742, 5.3443], [-53.074, 5.3452], [-53.0736, 5.3463], [-53.0739, 5.3474], [-53.0739, 5.3483], [-53.0739, 5.3492], [-53.0734, 5.3501], [-53.0736, 5.351], [-53.074, 5.352], [-53.0739, 5.3529], [-53.0742, 5.3539], [-53.0747, 5.3549], [-53.075, 5.3559], [-53.075, 5.3572], [-53.0748, 5.3581], [-53.0746, 5.3592], [-53.0741, 5.3601], [-53.0735, 5.3611], [-53.0728, 5.3625], [-53.0729, 5.3634], [-53.0734, 5.3643], [-53.0733, 5.3657], [-53.0734, 5.3666], [-53.073, 5.3676], [-53.0719, 5.3685], [-53.071, 5.3691], [-53.0698, 5.3699], [-53.0696, 5.3708], [-53.069, 5.3717], [-53.0678, 5.3724], [-53.0673, 5.3736], [-53.0667, 5.3745], [-53.0658, 5.3744], [-53.0648, 5.3739], [-53.0639, 5.3739], [-53.0627, 5.3743], [-53.0621, 5.3754], [-53.0613, 5.3765], [-53.061, 5.3775], [-53.0599, 5.378], [-53.059, 5.3783], [-53.06, 5.3792], [-53.0609, 5.38], [-53.0617, 5.3808], [-53.0622, 5.3819], [-53.0608, 5.3823], [-53.0599, 5.3823], [-53.0591, 5.3833], [-53.0602, 5.3835], [-53.06, 5.3844], [-53.0602, 5.3854], [-53.0609, 5.3865], [-53.0613, 5.3876], [-53.0625, 5.3878], [-53.0637, 5.3878], [-53.0646, 5.3879], [-53.0658, 5.3884], [-53.0667, 5.3891], [-53.0671, 5.39], [-53.0676, 5.3916], [-53.0686, 5.3923], [-53.0697, 5.3917], [-53.0708, 5.3917], [-53.0717, 5.3922], [-53.0722, 5.3937], [-53.0723, 5.3948], [-53.0713, 5.3951], [-53.0714, 5.3962], [-53.0704, 5.3961], [-53.0701, 5.3951], [-53.0692, 5.3951], [-53.0683, 5.3953], [-53.0683, 5.3963], [-53.0674, 5.3967], [-53.0669, 5.3976], [-53.0675, 5.3987], [-53.0667, 5.3989], [-53.0658, 5.3988], [-53.0655, 5.3996], [-53.0665, 5.4005], [-53.0664, 5.4015], [-53.0655, 5.4014], [-53.0645, 5.4011], [-53.0632, 5.401], [-53.0624, 5.4013], [-53.0627, 5.4023], [-53.0626, 5.4032], [-53.0625, 5.4043], [-53.0616, 5.4049], [-53.0616, 5.4061], [-53.0618, 5.407], [-53.0607, 5.4082], [-53.06, 5.4095], [-53.0599, 5.4105], [-53.0594, 5.4117], [-53.0604, 5.4124], [-53.0601, 5.4133], [-53.0599, 5.4142], [-53.059, 5.4145], [-53.0581, 5.4156], [-53.0583, 5.4168], [-53.0587, 5.4177], [-53.0591, 5.4188], [-53.0592, 5.4198], [-53.0601, 5.4198], [-53.0611, 5.4206], [-53.0616, 5.4216], [-53.0619, 5.4225], [-53.0622, 5.4234], [-53.0629, 5.4244], [-53.0634, 5.4254], [-53.0647, 5.4265], [-53.0657, 5.4271], [-53.0662, 5.428], [-53.0672, 5.4286], [-53.0679, 5.43], [-53.0685, 5.4312], [-53.0684, 5.4327], [-53.069, 5.4339], [-53.0699, 5.4355], [-53.0695, 5.4368], [-53.067, 5.4375], [-53.0646, 5.4386], [-53.0631, 5.4405], [-53.0624, 5.4421], [-53.0617, 5.443], [-53.0601, 5.4433], [-53.0583, 5.4432], [-53.0573, 5.4448], [-53.0569, 5.4463], [-53.056, 5.4457], [-53.055, 5.4457], [-53.0543, 5.4471], [-53.0543, 5.446], [-53.055, 5.445], [-53.0561, 5.4443], [-53.0567, 5.4434], [-53.0579, 5.4423], [-53.0581, 5.4415], [-53.0585, 5.4404], [-53.0588, 5.439], [-53.0589, 5.4381], [-53.0588, 5.4373], [-53.0586, 5.4364], [-53.0585, 5.4351], [-53.0594, 5.4361], [-53.0602, 5.4365], [-53.0611, 5.4372], [-53.062, 5.4374], [-53.0625, 5.4388], [-53.0629, 5.4377], [-53.063, 5.4368], [-53.064, 5.4363], [-53.064, 5.4354], [-53.0651, 5.4358], [-53.066, 5.4351], [-53.0659, 5.4342], [-53.0646, 5.4336], [-53.0641, 5.4327], [-53.0637, 5.4312], [-53.0631, 5.4301], [-53.0622, 5.43], [-53.0617, 5.4311], [-53.0612, 5.4322], [-53.0608, 5.4331], [-53.0599, 5.4332], [-53.059, 5.4335], [-53.058, 5.4333], [-53.057, 5.4335], [-53.0558, 5.4338], [-53.0549, 5.4338], [-53.0541, 5.4341], [-53.0532, 5.4345], [-53.0521, 5.4345], [-53.0516, 5.4356], [-53.052, 5.4368], [-53.0518, 5.4377], [-53.0527, 5.4385], [-53.0516, 5.439], [-53.0506, 5.4392], [-53.0507, 5.4402], [-53.0503, 5.4412], [-53.0506, 5.4421], [-53.0505, 5.443], [-53.0507, 5.4438], [-53.0509, 5.4448], [-53.0511, 5.4458], [-53.0512, 5.4467], [-53.0508, 5.4476], [-53.0503, 5.4485], [-53.0494, 5.449], [-53.0481, 5.4492], [-53.0472, 5.4496], [-53.0459, 5.4497], [-53.0446, 5.4492], [-53.0437, 5.4479], [-53.043, 5.4469], [-53.0431, 5.4459], [-53.0428, 5.4448], [-53.0419, 5.444], [-53.0417, 5.4429], [-53.041, 5.4418], [-53.041, 5.4409], [-53.0421, 5.4402], [-53.043, 5.4397], [-53.0442, 5.4387], [-53.0438, 5.4376], [-53.043, 5.4366], [-53.0419, 5.4356], [-53.0407, 5.4353], [-53.0398, 5.4359], [-53.0389, 5.435], [-53.038, 5.4345], [-53.0387, 5.4334], [-53.0382, 5.4325], [-53.0376, 5.4313], [-53.0368, 5.4322], [-53.0377, 5.4335], [-53.0368, 5.4336], [-53.0351, 5.4333], [-53.0351, 5.4342], [-53.0352, 5.4351], [-53.0348, 5.436], [-53.0344, 5.4372], [-53.0337, 5.4384], [-53.0328, 5.4389], [-53.0316, 5.4385], [-53.0305, 5.438], [-53.0297, 5.4382], [-53.0286, 5.4386], [-53.0277, 5.4383], [-53.0265, 5.4379], [-53.0254, 5.438], [-53.0245, 5.4376], [-53.0236, 5.4369], [-53.0228, 5.4363], [-53.0214, 5.436], [-53.0207, 5.4349], [-53.02, 5.434], [-53.0197, 5.4329], [-53.0191, 5.432], [-53.0184, 5.4311], [-53.0181, 5.4302], [-53.017, 5.4293], [-53.016, 5.4286], [-53.0158, 5.4277], [-53.0167, 5.4272], [-53.019, 5.4279], [-53.0201, 5.4282], [-53.0159, 5.4263], [-53.0148, 5.4258], [-53.0137, 5.4255], [-53.0128, 5.4251], [-53.0117, 5.4251], [-53.0104, 5.4249], [-53.0092, 5.4247], [-53.0072, 5.4243], [-53.0053, 5.4241], [-53.0042, 5.4244], [-53.0021, 5.425], [-53.0011, 5.4258], [-53.0001, 5.4268], [-52.9987, 5.4266], [-52.9978, 5.4262], [-52.9968, 5.4253], [-52.9967, 5.4243], [-52.9962, 5.4234], [-52.9972, 5.4234], [-52.9982, 5.4235], [-52.9973, 5.4226], [-52.9965, 5.4228], [-52.9966, 5.4218], [-52.9966, 5.4209], [-52.9957, 5.4202], [-52.9953, 5.4211], [-52.9945, 5.4225], [-52.9947, 5.4235], [-52.9949, 5.4249], [-52.9959, 5.4257], [-52.9962, 5.4268], [-52.9973, 5.4279], [-52.9982, 5.4273], [-52.999, 5.4273], [-53.0, 5.4278], [-53.0008, 5.4291], [-53.0024, 5.4311], [-53.0013, 5.4324], [-52.9995, 5.431], [-52.998, 5.4297], [-52.9963, 5.4286], [-52.9939, 5.4271], [-52.9927, 5.4263], [-52.9914, 5.4255], [-52.99, 5.4246], [-52.9888, 5.4244], [-52.9879, 5.424], [-52.9867, 5.4228], [-52.9843, 5.4215], [-52.982, 5.4201], [-52.9784, 5.4181], [-52.9769, 5.4174], [-52.9759, 5.417], [-52.9727, 5.4146], [-52.9694, 5.4122], [-52.9675, 5.4098], [-52.9633, 5.406], [-52.9616, 5.4044], [-52.961, 5.4025], [-52.9606, 5.4007], [-52.9606, 5.3998], [-52.9602, 5.3989], [-52.9603, 5.3975], [-52.9603, 5.3965], [-52.9603, 5.3953], [-52.9603, 5.3943], [-52.9604, 5.3933], [-52.9607, 5.3924], [-52.961, 5.3913], [-52.9616, 5.3902], [-52.9622, 5.3893], [-52.963, 5.3885], [-52.9641, 5.3876], [-52.965, 5.3869], [-52.9659, 5.3862], [-52.9667, 5.3856], [-52.9676, 5.385], [-52.9686, 5.3843], [-52.9692, 5.3833], [-52.9697, 5.3824], [-52.9698, 5.3815], [-52.9696, 5.3806], [-52.9692, 5.3797], [-52.9686, 5.3787], [-52.9675, 5.3779], [-52.9666, 5.3778], [-52.9657, 5.3779], [-52.9648, 5.3781], [-52.9639, 5.3785], [-52.9629, 5.3787], [-52.962, 5.3786], [-52.9611, 5.3783], [-52.9602, 5.3775], [-52.9591, 5.3769], [-52.9593, 5.378], [-52.9598, 5.3789], [-52.9609, 5.3797], [-52.9621, 5.3799], [-52.963, 5.3799], [-52.9639, 5.3797], [-52.9648, 5.3796], [-52.966, 5.3792], [-52.9672, 5.3791], [-52.968, 5.38], [-52.9683, 5.3809], [-52.9684, 5.3818], [-52.9679, 5.3827], [-52.9674, 5.3836], [-52.9665, 5.3843], [-52.9653, 5.3849], [-52.9639, 5.3855], [-52.9627, 5.3863], [-52.9615, 5.3872], [-52.9607, 5.3882], [-52.96, 5.3892], [-52.9596, 5.3901], [-52.9592, 5.3911], [-52.9589, 5.3921], [-52.9586, 5.3932], [-52.9584, 5.3942], [-52.9583, 5.3952], [-52.9582, 5.3961], [-52.9581, 5.3971], [-52.958, 5.3981], [-52.9579, 5.3991], [-52.9578, 5.4], [-52.9578, 5.4011], [-52.9578, 5.4021], [-52.9566, 5.4027], [-52.9554, 5.4026], [-52.9545, 5.4024], [-52.9531, 5.4019], [-52.9509, 5.4007], [-52.9497, 5.3994], [-52.949, 5.3981], [-52.9458, 5.3963], [-52.942, 5.3944], [-52.9394, 5.3934], [-52.9383, 5.3929], [-52.9364, 5.3918], [-52.9351, 5.3906], [-52.9352, 5.3897], [-52.9344, 5.3891], [-52.9288, 5.386], [-52.9256, 5.3842], [-52.9235, 5.3829], [-52.9221, 5.3821], [-52.9199, 5.3809], [-52.9178, 5.3802], [-52.9155, 5.379], [-52.9134, 5.3775], [-52.9106, 5.3765], [-52.9093, 5.3766], [-52.908, 5.3763], [-52.9067, 5.3764], [-52.9055, 5.3757], [-52.9043, 5.3752], [-52.9035, 5.3761], [-52.9039, 5.3771], [-52.9025, 5.3775], [-52.901, 5.3774], [-52.9, 5.3768], [-52.8993, 5.3753], [-52.8991, 5.3743], [-52.8992, 5.3734], [-52.8984, 5.3721], [-52.8978, 5.373], [-52.8975, 5.3739], [-52.8966, 5.3747], [-52.8957, 5.3742], [-52.8947, 5.3735], [-52.8937, 5.373], [-52.8946, 5.3726], [-52.8931, 5.3716], [-52.892, 5.3711], [-52.8909, 5.3701], [-52.8899, 5.3692], [-52.889, 5.3683], [-52.8888, 5.3673], [-52.8881, 5.3663], [-52.8872, 5.3659], [-52.8873, 5.3646], [-52.8885, 5.3651], [-52.8894, 5.3652], [-52.8903, 5.3653], [-52.8898, 5.3664], [-52.8902, 5.3673], [-52.8911, 5.3679], [-52.8914, 5.3688], [-52.8917, 5.3698], [-52.8923, 5.3689], [-52.8928, 5.3678], [-52.8937, 5.3678], [-52.8946, 5.3676], [-52.8954, 5.3675], [-52.8958, 5.3686], [-52.8957, 5.3695], [-52.8965, 5.37], [-52.8974, 5.3692], [-52.8969, 5.368], [-52.8964, 5.367], [-52.8954, 5.3661], [-52.8966, 5.3665], [-52.8979, 5.3669], [-52.8983, 5.3659], [-52.8988, 5.3649], [-52.8993, 5.3636], [-52.8981, 5.3638], [-52.897, 5.3632], [-52.8965, 5.3623], [-52.8955, 5.3621], [-52.8943, 5.3625], [-52.8933, 5.3632], [-52.894, 5.3643], [-52.8931, 5.3642], [-52.8922, 5.3634], [-52.8914, 5.3629], [-52.8896, 5.3617], [-52.8887, 5.3609], [-52.8875, 5.36], [-52.8864, 5.3597], [-52.8855, 5.3598], [-52.8851, 5.3607], [-52.8842, 5.3603], [-52.8833, 5.3599], [-52.8828, 5.359], [-52.8819, 5.3588], [-52.881, 5.3585], [-52.8797, 5.3576], [-52.8806, 5.3573], [-52.8817, 5.3579], [-52.8829, 5.358], [-52.884, 5.3583], [-52.8849, 5.3586], [-52.8839, 5.3581], [-52.8805, 5.3566], [-52.8774, 5.3551], [-52.8741, 5.3538], [-52.8721, 5.3529], [-52.8701, 5.352], [-52.8692, 5.3516], [-52.8679, 5.3508], [-52.8675, 5.3498], [-52.8664, 5.349], [-52.8627, 5.3482], [-52.8603, 5.3483], [-52.8586, 5.3485], [-52.8575, 5.3482], [-52.8585, 5.3474], [-52.8575, 5.3469], [-52.8575, 5.346], [-52.8584, 5.346], [-52.8594, 5.3464], [-52.8604, 5.346], [-52.8613, 5.3458], [-52.8604, 5.3452], [-52.8593, 5.3455], [-52.8585, 5.3447], [-52.8594, 5.3447], [-52.8586, 5.3436], [-52.8596, 5.3434], [-52.8604, 5.3423], [-52.8592, 5.343], [-52.8583, 5.3433], [-52.8574, 5.3429], [-52.857, 5.342], [-52.8579, 5.3418], [-52.8571, 5.3409], [-52.8562, 5.3412], [-52.8558, 5.3403], [-52.8562, 5.3393], [-52.8559, 5.3384], [-52.8553, 5.3372], [-52.8562, 5.3372], [-52.8571, 5.3379], [-52.8565, 5.3369], [-52.8559, 5.3359], [-52.8559, 5.3349], [-52.8554, 5.3339], [-52.8549, 5.333], [-52.854, 5.3324], [-52.8529, 5.3327], [-52.8521, 5.3336], [-52.8511, 5.3335], [-52.8512, 5.3344], [-52.8521, 5.335], [-52.8531, 5.3355], [-52.8539, 5.3356], [-52.853, 5.3358], [-52.852, 5.3356], [-52.8521, 5.3366], [-52.8516, 5.3375], [-52.8507, 5.3382], [-52.8499, 5.3377], [-52.8489, 5.3388], [-52.8479, 5.339], [-52.8479, 5.3399], [-52.8471, 5.34], [-52.8467, 5.3391], [-52.8476, 5.3386], [-52.8469, 5.3377], [-52.8477, 5.337], [-52.8476, 5.336], [-52.8483, 5.3351], [-52.8475, 5.3343], [-52.8466, 5.3337], [-52.8457, 5.3333], [-52.8448, 5.3325], [-52.8439, 5.3317], [-52.8428, 5.331], [-52.8436, 5.3304], [-52.8445, 5.3305], [-52.8452, 5.3295], [-52.8443, 5.3294], [-52.8431, 5.3287], [-52.8433, 5.3278], [-52.8423, 5.3268], [-52.8417, 5.3256], [-52.8422, 5.3245], [-52.8435, 5.3238], [-52.8447, 5.3244], [-52.8448, 5.3235], [-52.8438, 5.3227], [-52.8432, 5.3218], [-52.8428, 5.3209], [-52.8418, 5.3207], [-52.8409, 5.3216], [-52.84, 5.3211], [-52.8389, 5.321], [-52.838, 5.3213], [-52.837, 5.3213], [-52.8366, 5.3204], [-52.8356, 5.3196], [-52.8344, 5.3193], [-52.8335, 5.3198], [-52.8325, 5.3197], [-52.8316, 5.3195], [-52.8306, 5.3194], [-52.8302, 5.3204], [-52.8293, 5.3203], [-52.829, 5.3212], [-52.8281, 5.3213], [-52.8274, 5.3222], [-52.8264, 5.3227], [-52.8255, 5.3228], [-52.8244, 5.3224], [-52.8233, 5.3213], [-52.8225, 5.3214], [-52.8218, 5.3205], [-52.8219, 5.3195], [-52.821, 5.32], [-52.8206, 5.3191], [-52.8208, 5.3182], [-52.8198, 5.3182], [-52.8187, 5.3178], [-52.8178, 5.3175], [-52.817, 5.3165], [-52.8164, 5.3173], [-52.8157, 5.3164], [-52.8147, 5.3168], [-52.8147, 5.3159], [-52.8156, 5.3154], [-52.8161, 5.3143], [-52.8152, 5.3134], [-52.8164, 5.3136], [-52.8168, 5.3145], [-52.8163, 5.3155], [-52.8171, 5.3162], [-52.8167, 5.3153], [-52.8175, 5.3152], [-52.8179, 5.3143], [-52.8188, 5.3133], [-52.8197, 5.3137], [-52.8199, 5.3147], [-52.8207, 5.3156], [-52.8216, 5.3152], [-52.8225, 5.3145], [-52.8223, 5.3135], [-52.823, 5.3126], [-52.8227, 5.3117], [-52.8217, 5.3123], [-52.8208, 5.3118], [-52.8209, 5.3109], [-52.8201, 5.3112], [-52.8192, 5.312], [-52.8182, 5.3128], [-52.8171, 5.3131], [-52.8171, 5.3123], [-52.8163, 5.3123], [-52.8154, 5.3117], [-52.8145, 5.3117], [-52.814, 5.3107], [-52.8129, 5.31], [-52.8119, 5.3109], [-52.8109, 5.3112], [-52.8095, 5.311], [-52.8086, 5.311], [-52.8084, 5.3099], [-52.8089, 5.3086], [-52.8076, 5.3077], [-52.8079, 5.3063], [-52.8069, 5.3056], [-52.8072, 5.3045], [-52.8082, 5.304], [-52.8087, 5.303], [-52.8086, 5.302], [-52.8083, 5.3011], [-52.8082, 5.3002], [-52.8081, 5.2993], [-52.809, 5.2989], [-52.8098, 5.2988], [-52.8104, 5.2979], [-52.8113, 5.2974], [-52.8104, 5.2964], [-52.8098, 5.2952], [-52.8103, 5.2943], [-52.8111, 5.2937], [-52.8119, 5.2928], [-52.8121, 5.2919], [-52.8122, 5.291], [-52.813, 5.29], [-52.8139, 5.2898], [-52.8148, 5.2898], [-52.8158, 5.2898], [-52.8169, 5.2895], [-52.8177, 5.2896], [-52.8187, 5.2885], [-52.8198, 5.2876], [-52.8208, 5.2872], [-52.8219, 5.2877], [-52.8231, 5.2887], [-52.8241, 5.2886], [-52.8244, 5.2875], [-52.8246, 5.2864], [-52.8254, 5.2861], [-52.8264, 5.2863], [-52.827, 5.2853], [-52.8278, 5.2852], [-52.8276, 5.2862], [-52.8277, 5.2872], [-52.8287, 5.2866], [-52.8295, 5.2864], [-52.8292, 5.2854], [-52.8289, 5.2845], [-52.8291, 5.2835], [-52.8293, 5.2826], [-52.8289, 5.2817], [-52.8279, 5.2811], [-52.8271, 5.2802], [-52.8267, 5.2793], [-52.8268, 5.2783], [-52.8273, 5.2773], [-52.8273, 5.2764], [-52.8259, 5.2757], [-52.8251, 5.2748], [-52.8247, 5.2739], [-52.8243, 5.2728], [-52.8243, 5.2719], [-52.8248, 5.2709], [-52.8255, 5.2699], [-52.8263, 5.2693], [-52.8272, 5.2687], [-52.8281, 5.268], [-52.8291, 5.2675], [-52.83, 5.2669], [-52.8307, 5.2659], [-52.8315, 5.2647], [-52.8321, 5.2639], [-52.8331, 5.2636], [-52.834, 5.2637], [-52.8349, 5.2631], [-52.8357, 5.2629], [-52.8368, 5.2624], [-52.8379, 5.2619], [-52.8391, 5.261], [-52.84, 5.2602], [-52.841, 5.2597], [-52.8419, 5.2592], [-52.8421, 5.258], [-52.8414, 5.2571], [-52.842, 5.2561], [-52.8419, 5.2552], [-52.8426, 5.2542], [-52.8428, 5.2533], [-52.8438, 5.2526], [-52.8438, 5.2517], [-52.8448, 5.2511], [-52.8459, 5.251], [-52.8469, 5.2515], [-52.8477, 5.2508], [-52.8482, 5.2499], [-52.849, 5.2489], [-52.8493, 5.2479], [-52.8499, 5.2468], [-52.8501, 5.2459], [-52.851, 5.2458], [-52.852, 5.2459], [-52.8528, 5.2453], [-52.8532, 5.2444], [-52.8547, 5.2442], [-52.8553, 5.2425], [-52.8566, 5.2413], [-52.8569, 5.2402], [-52.8583, 5.2398], [-52.8583, 5.2388], [-52.8594, 5.2365], [-52.861, 5.2359], [-52.8622, 5.2358], [-52.8628, 5.2345], [-52.8642, 5.2326], [-52.8653, 5.2322], [-52.8655, 5.2312], [-52.8659, 5.23], [-52.8667, 5.2289], [-52.8674, 5.228], [-52.8681, 5.227], [-52.869, 5.2268], [-52.8699, 5.2258], [-52.8708, 5.2252], [-52.8724, 5.225], [-52.8732, 5.2236], [-52.874, 5.2227], [-52.8751, 5.2223], [-52.8763, 5.2203], [-52.8771, 5.2184], [-52.877, 5.2173], [-52.8767, 5.2161], [-52.8767, 5.2148], [-52.8764, 5.2126], [-52.8769, 5.2117], [-52.8773, 5.2101], [-52.8779, 5.2088], [-52.8778, 5.2078], [-52.8789, 5.207], [-52.88, 5.2068], [-52.8817, 5.2058], [-52.8827, 5.2047], [-52.884, 5.2036], [-52.8849, 5.2028], [-52.8858, 5.2025], [-52.8868, 5.2022], [-52.8878, 5.2013], [-52.888, 5.2003], [-52.8877, 5.1995], [-52.8871, 5.1985], [-52.8869, 5.1974], [-52.8869, 5.1965], [-52.8869, 5.1952], [-52.887, 5.1941], [-52.8867, 5.1931], [-52.8861, 5.1922], [-52.8859, 5.1913], [-52.8861, 5.1904], [-52.8861, 5.1894], [-52.8861, 5.1885], [-52.8864, 5.1876], [-52.8864, 5.1862], [-52.8865, 5.1852], [-52.8867, 5.1842], [-52.8867, 5.1833], [-52.8867, 5.1822], [-52.8869, 5.1813], [-52.8873, 5.1804], [-52.8879, 5.1794], [-52.8888, 5.1784], [-52.889, 5.1775], [-52.8902, 5.176], [-52.8903, 5.1749], [-52.8905, 5.1733], [-52.8908, 5.1719], [-52.8907, 5.1708], [-52.8908, 5.1699], [-52.8908, 5.1689], [-52.8907, 5.1678], [-52.8909, 5.1669], [-52.8912, 5.1659], [-52.8922, 5.1649], [-52.8926, 5.164], [-52.893, 5.1631], [-52.8939, 5.1619], [-52.8939, 5.1609], [-52.8931, 5.1603], [-52.8939, 5.1599], [-52.8948, 5.1591], [-52.8957, 5.1587], [-52.8965, 5.1582], [-52.8975, 5.1571], [-52.9, 5.1554], [-52.9013, 5.155], [-52.9022, 5.155], [-52.9036, 5.1549], [-52.9054, 5.1544], [-52.9071, 5.1556], [-52.9081, 5.1559], [-52.9093, 5.1558], [-52.9104, 5.1545], [-52.9111, 5.1535], [-52.9114, 5.1522], [-52.9115, 5.1503], [-52.9119, 5.1491], [-52.9124, 5.1481], [-52.9133, 5.1476], [-52.9147, 5.1473], [-52.9161, 5.1476], [-52.9175, 5.1483], [-52.9185, 5.1484], [-52.9194, 5.148], [-52.9203, 5.1483], [-52.9215, 5.1491], [-52.9224, 5.1489], [-52.9244, 5.1488], [-52.9266, 5.1492], [-52.9277, 5.1491], [-52.929, 5.1476], [-52.9294, 5.1464], [-52.9313, 5.1457], [-52.9331, 5.1449], [-52.934, 5.1438], [-52.9343, 5.1428], [-52.9337, 5.1409], [-52.9333, 5.1399], [-52.9347, 5.1385], [-52.9384, 5.1373], [-52.9422, 5.134], [-52.9445, 5.1316], [-52.9468, 5.1295], [-52.9481, 5.1277], [-52.9491, 5.126], [-52.9519, 5.1246], [-52.9528, 5.1253], [-52.9543, 5.124], [-52.9561, 5.1236], [-52.9567, 5.1224], [-52.957, 5.1213], [-52.958, 5.1208], [-52.961, 5.1209], [-52.9627, 5.1204], [-52.9641, 5.1197], [-52.9649, 5.1183], [-52.9647, 5.1169], [-52.9641, 5.1149], [-52.964, 5.1133], [-52.9644, 5.1115], [-52.9654, 5.1103], [-52.9654, 5.1094], [-52.9654, 5.1071], [-52.9648, 5.1048], [-52.964, 5.1031], [-52.9628, 5.101], [-52.9628, 5.0991], [-52.9608, 5.096], [-52.9607, 5.0949], [-52.964, 5.0918], [-52.9672, 5.0886], [-52.9687, 5.0874], [-52.9705, 5.0854], [-52.9714, 5.0835], [-52.9728, 5.082], [-52.9743, 5.0811], [-52.9755, 5.0807], [-52.9766, 5.0796], [-52.9771, 5.0787], [-52.9772, 5.0774], [-52.979, 5.0758], [-52.9795, 5.0733], [-52.9798, 5.0722], [-52.9809, 5.0704], [-52.9809, 5.0685], [-52.9814, 5.0663], [-52.9811, 5.0648], [-52.9802, 5.0643], [-52.9783, 5.0635], [-52.977, 5.0624], [-52.9765, 5.0564], [-52.9767, 5.0542], [-52.9774, 5.0509], [-52.9762, 5.0496], [-52.9744, 5.0509], [-52.9741, 5.0548], [-52.9727, 5.0586], [-52.971, 5.0605], [-52.9698, 5.0606], [-52.9679, 5.0601], [-52.9683, 5.0581], [-52.9689, 5.0548], [-52.9643, 5.0542], [-52.9645, 5.0521], [-52.9636, 5.0516], [-52.9617, 5.052], [-52.9593, 5.0506], [-52.9591, 5.0494], [-52.9596, 5.0478], [-52.961, 5.0469], [-52.9607, 5.0455], [-52.9597, 5.0453], [-52.9582, 5.0459], [-52.9565, 5.0467], [-52.9556, 5.0457], [-52.9543, 5.0445], [-52.9538, 5.0429], [-52.9526, 5.043], [-52.9505, 5.0419], [-52.9488, 5.0404], [-52.9485, 5.0391], [-52.9495, 5.0373], [-52.9502, 5.0326], [-52.9501, 5.0301], [-52.9501, 5.0275], [-52.9503, 5.0235], [-52.9482, 5.0231], [-52.9467, 5.027], [-52.9448, 5.0322], [-52.9437, 5.0333], [-52.9424, 5.0331], [-52.9404, 5.0312], [-52.9393, 5.0299], [-52.9374, 5.0286], [-52.9373, 5.0268], [-52.9373, 5.0244], [-52.9359, 5.0237], [-52.9348, 5.0241], [-52.9328, 5.0235], [-52.931, 5.0231], [-52.9301, 5.0237], [-52.9294, 5.0249], [-52.9288, 5.0265], [-52.9279, 5.0259], [-52.9273, 5.0247], [-52.9274, 5.0233], [-52.9281, 5.0208], [-52.9287, 5.0181], [-52.929, 5.0161], [-52.9257, 5.0143], [-52.9232, 5.0136], [-52.9221, 5.0122], [-52.9216, 5.0098], [-52.9192, 5.0102], [-52.9176, 5.0102], [-52.9163, 5.0099], [-52.9152, 5.0092], [-52.9153, 5.0046], [-52.9148, 5.0034], [-52.9154, 5.0011], [-52.9151, 4.9993], [-52.9163, 4.9971], [-52.9169, 4.9959], [-52.917, 4.9949], [-52.9183, 4.9932], [-52.9188, 4.9944], [-52.9195, 4.9953], [-52.9201, 4.9963], [-52.92, 4.9972], [-52.9186, 4.9981], [-52.9182, 4.999], [-52.9186, 5.0002], [-52.9194, 5.0005], [-52.9205, 5.0004], [-52.9215, 5.0003], [-52.9224, 5.0005], [-52.9235, 5.0006], [-52.9244, 5.0007], [-52.9251, 5.0017], [-52.926, 5.002], [-52.927, 5.0019], [-52.9283, 5.0024], [-52.9294, 5.003], [-52.9306, 5.0041], [-52.9315, 5.0049], [-52.9324, 5.0052], [-52.9333, 5.0058], [-52.9342, 5.0066], [-52.9356, 5.0072], [-52.9365, 5.0082], [-52.9379, 5.0088], [-52.9392, 5.0092], [-52.9403, 5.0099], [-52.9412, 5.01], [-52.9422, 5.0109], [-52.9432, 5.0114], [-52.9442, 5.0116], [-52.9452, 5.0109], [-52.9461, 5.0112], [-52.9476, 5.0125], [-52.9487, 5.0137], [-52.9497, 5.0139], [-52.9507, 5.0137], [-52.9515, 5.0141], [-52.9524, 5.0149], [-52.9534, 5.0145], [-52.9546, 5.0152], [-52.9557, 5.0153], [-52.9568, 5.0156], [-52.9577, 5.0161], [-52.9591, 5.0159], [-52.9606, 5.0165], [-52.9615, 5.0174], [-52.9624, 5.0177], [-52.9635, 5.0186], [-52.9644, 5.0188], [-52.9653, 5.0192], [-52.9666, 5.0184], [-52.9676, 5.0187], [-52.9684, 5.0186], [-52.969, 5.0196], [-52.9699, 5.019], [-52.9709, 5.0195], [-52.9718, 5.0201], [-52.9728, 5.0195], [-52.9731, 5.0209], [-52.9741, 5.0216], [-52.9751, 5.021], [-52.9765, 5.0213], [-52.9774, 5.0211], [-52.977, 5.022], [-52.9779, 5.0223], [-52.9784, 5.0215], [-52.9796, 5.0216], [-52.9806, 5.021], [-52.9817, 5.0211], [-52.9821, 5.0201], [-52.9825, 5.0189], [-52.9837, 5.019], [-52.9847, 5.0189], [-52.9857, 5.019], [-52.9867, 5.0184], [-52.9869, 5.0173], [-52.9885, 5.017], [-52.9894, 5.0162], [-52.9895, 5.0153], [-52.9908, 5.0152], [-52.9918, 5.0156], [-52.9927, 5.0164], [-52.9934, 5.0176], [-52.9947, 5.0183], [-52.9956, 5.0189], [-52.9966, 5.019], [-52.9985, 5.0176], [-53.0002, 5.0169], [-53.0011, 5.0164], [-53.002, 5.0161], [-53.0029, 5.0172], [-53.0043, 5.0175], [-53.0054, 5.0173], [-53.0065, 5.016], [-53.0075, 5.015], [-53.0085, 5.0154], [-53.0095, 5.0162], [-53.0096, 5.0174], [-53.0106, 5.018], [-53.0119, 5.0173], [-53.0128, 5.0171], [-53.0138, 5.017], [-53.0139, 5.0182], [-53.0156, 5.0188], [-53.0165, 5.0189], [-53.0172, 5.0177], [-53.0184, 5.0178], [-53.0194, 5.0178], [-53.0202, 5.017], [-53.0212, 5.0179], [-53.022, 5.0188], [-53.0233, 5.0187], [-53.0245, 5.0182], [-53.0256, 5.018], [-53.0265, 5.0191], [-53.0274, 5.0192], [-53.0283, 5.0187], [-53.0294, 5.0177], [-53.0305, 5.0164], [-53.031, 5.0152], [-53.0322, 5.0132], [-53.0331, 5.013], [-53.0339, 5.0132], [-53.0349, 5.0135], [-53.0359, 5.0132], [-53.0367, 5.0135], [-53.0381, 5.0126], [-53.0395, 5.0119], [-53.0404, 5.0103], [-53.0417, 5.0105], [-53.0429, 5.0108], [-53.0438, 5.0107], [-53.0449, 5.0108], [-53.0462, 5.01], [-53.0473, 5.0091], [-53.048, 5.0081], [-53.0501, 5.0071], [-53.051, 5.0079], [-53.0515, 5.0096], [-53.0523, 5.01], [-53.0535, 5.0097], [-53.0547, 5.0092], [-53.0558, 5.0087], [-53.0554, 5.0068], [-53.0547, 5.0058], [-53.0551, 5.0042], [-53.056, 5.0033], [-53.057, 5.0018], [-53.0569, 5.0009], [-53.0569, 4.9995], [-53.057, 4.9986], [-53.0571, 4.9966], [-53.0562, 4.9955], [-53.055, 4.9942], [-53.0538, 4.9928], [-53.0516, 4.9905], [-53.0513, 4.9884], [-53.0529, 4.9882], [-53.0546, 4.9878], [-53.0556, 4.9871], [-53.0574, 4.9853], [-53.0584, 4.9843], [-53.0598, 4.9829], [-53.0607, 4.9821], [-53.0623, 4.983], [-53.0624, 4.9842], [-53.0625, 4.9867], [-53.063, 4.9876], [-53.0644, 4.9881], [-53.067, 4.9884], [-53.0681, 4.9885], [-53.0691, 4.9887], [-53.0724, 4.9884], [-53.0733, 4.9884], [-53.0744, 4.9882], [-53.0765, 4.988], [-53.0777, 4.9882], [-53.0787, 4.9887], [-53.0801, 4.9888], [-53.0813, 4.9898], [-53.0823, 4.9906], [-53.0831, 4.9913], [-53.0832, 4.995], [-53.0833, 4.9959], [-53.0818, 4.9975], [-53.081, 4.9984], [-53.0825, 5.0007], [-53.0831, 5.002], [-53.0842, 5.003], [-53.0834, 5.0041], [-53.0826, 5.005], [-53.0837, 5.0062], [-53.0847, 5.0065], [-53.086, 5.0062], [-53.0872, 5.0053], [-53.0881, 5.0048], [-53.0889, 5.005], [-53.0898, 5.0048], [-53.0909, 5.0042], [-53.0906, 5.0058], [-53.0901, 5.007], [-53.0901, 5.0092], [-53.0904, 5.0103], [-53.0915, 5.0105], [-53.0911, 5.0122], [-53.0947, 5.0137], [-53.0964, 5.0155], [-53.0975, 5.0157], [-53.0984, 5.0161], [-53.0997, 5.0169], [-53.1018, 5.0151], [-53.103, 5.0147], [-53.1042, 5.0131], [-53.1051, 5.0126], [-53.1063, 5.0123], [-53.1067, 5.0136], [-53.107, 5.0145], [-53.1077, 5.0161], [-53.1083, 5.0173], [-53.1086, 5.0183], [-53.1094, 5.0192], [-53.1104, 5.02], [-53.11, 5.0215], [-53.1088, 5.0225], [-53.1066, 5.0239], [-53.1069, 5.0256], [-53.108, 5.0261], [-53.1084, 5.0269], [-53.1087, 5.0281], [-53.11, 5.0284], [-53.1121, 5.0288], [-53.1129, 5.0281], [-53.1135, 5.0272], [-53.1146, 5.0263], [-53.1159, 5.0275], [-53.1162, 5.0284], [-53.1165, 5.0294], [-53.1159, 5.0307], [-53.1157, 5.0319], [-53.1162, 5.0332], [-53.1172, 5.0339], [-53.118, 5.0343], [-53.1192, 5.0361], [-53.1201, 5.0369], [-53.1212, 5.0363], [-53.1223, 5.0347], [-53.1234, 5.0338], [-53.1243, 5.0334], [-53.1239, 5.0343], [-53.1229, 5.0356], [-53.1231, 5.0369], [-53.1245, 5.0376], [-53.1254, 5.0379], [-53.1262, 5.0389], [-53.1275, 5.0391], [-53.1278, 5.0401], [-53.1278, 5.0411], [-53.1284, 5.042], [-53.1282, 5.0445], [-53.128, 5.0461], [-53.129, 5.0471], [-53.1294, 5.0481], [-53.1292, 5.049], [-53.129, 5.0502], [-53.1295, 5.0515], [-53.1299, 5.0526], [-53.1313, 5.0537], [-53.1323, 5.0544], [-53.1321, 5.0556], [-53.1326, 5.057], [-53.133, 5.0581], [-53.1323, 5.0593], [-53.1323, 5.0602], [-53.1324, 5.0613], [-53.1319, 5.0622], [-53.1303, 5.0636], [-53.1311, 5.0644], [-53.1324, 5.0645], [-53.1336, 5.0647], [-53.1351, 5.0642], [-53.1366, 5.0643], [-53.1375, 5.0643], [-53.1385, 5.0643], [-53.1401, 5.0639], [-53.1412, 5.0645], [-53.142, 5.0654], [-53.1438, 5.0656], [-53.145, 5.0649], [-53.1459, 5.0631], [-53.1469, 5.0623], [-53.148, 5.0627], [-53.1492, 5.0622], [-53.1521, 5.063], [-53.1538, 5.0637], [-53.1556, 5.0629], [-53.1562, 5.0612], [-53.1564, 5.0602], [-53.1567, 5.0592], [-53.1577, 5.0586], [-53.1581, 5.0574], [-53.1592, 5.056], [-53.1592, 5.0548], [-53.1592, 5.0529], [-53.1601, 5.0519], [-53.16, 5.0505], [-53.1596, 5.0497], [-53.1604, 5.0477], [-53.1613, 5.0457], [-53.1617, 5.0445], [-53.163, 5.0428], [-53.1641, 5.0414], [-53.165, 5.0401], [-53.1655, 5.0391], [-53.1651, 5.0379], [-53.1648, 5.0367], [-53.1651, 5.0353], [-53.1653, 5.0343], [-53.1652, 5.0334], [-53.165, 5.0325], [-53.1649, 5.0316], [-53.1635, 5.0309], [-53.1626, 5.0315], [-53.1617, 5.0301], [-53.1607, 5.0295], [-53.1598, 5.0293], [-53.1593, 5.0278], [-53.1596, 5.0259], [-53.1597, 5.025], [-53.1606, 5.0255], [-53.1618, 5.0244], [-53.163, 5.0241], [-53.164, 5.024], [-53.1644, 5.0222], [-53.1645, 5.0208], [-53.1642, 5.0198], [-53.1647, 5.0187], [-53.1654, 5.0178], [-53.1668, 5.0168], [-53.1677, 5.0158], [-53.1687, 5.0145], [-53.1699, 5.013], [-53.1705, 5.0144], [-53.1708, 5.0153], [-53.1721, 5.015], [-53.1728, 5.0159], [-53.1741, 5.0169], [-53.1752, 5.0175], [-53.1769, 5.0163], [-53.1781, 5.0152], [-53.1783, 5.0143], [-53.179, 5.0131], [-53.1803, 5.0118], [-53.1814, 5.0118], [-53.1822, 5.0122], [-53.1824, 5.0131], [-53.1826, 5.0142], [-53.1837, 5.0134], [-53.1849, 5.0127], [-53.186, 5.013], [-53.1867, 5.0142], [-53.1865, 5.0153], [-53.1874, 5.0164], [-53.1884, 5.0169], [-53.1894, 5.0165], [-53.1905, 5.0151], [-53.1916, 5.0137], [-53.1929, 5.0129], [-53.194, 5.0134], [-53.1953, 5.0142], [-53.1962, 5.0146], [-53.1979, 5.014], [-53.1988, 5.0141], [-53.1998, 5.0147], [-53.2007, 5.0147], [-53.2022, 5.0135], [-53.2023, 5.0125], [-53.2024, 5.0116], [-53.2035, 5.0106], [-53.2036, 5.0094], [-53.2042, 5.0085], [-53.2051, 5.0089], [-53.2065, 5.0082], [-53.2074, 5.0079], [-53.2087, 5.0094], [-53.2099, 5.0102], [-53.2114, 5.012], [-53.2125, 5.0126]]], [[[-52.8724, 5.3803], [-52.8723, 5.3794], [-52.8726, 5.3805], [-52.8724, 5.3803]]], [[[-53.0674, 5.4964], [-53.069, 5.4961], [-53.0698, 5.4973], [-53.0696, 5.4984], [-53.0684, 5.4986], [-53.0674, 5.4986], [-53.0659, 5.4986], [-53.0664, 5.5002], [-53.0675, 5.5005], [-53.0675, 5.5015], [-53.0664, 5.5018], [-53.0652, 5.5005], [-53.0638, 5.5008], [-53.0627, 5.5011], [-53.0616, 5.5003], [-53.0604, 5.5], [-53.0592, 5.499], [-53.058, 5.4985], [-53.0573, 5.4976], [-53.0559, 5.497], [-53.055, 5.4958], [-53.0564, 5.4949], [-53.0585, 5.495], [-53.06, 5.4948], [-53.0623, 5.4944], [-53.0643, 5.4946], [-53.0674, 5.4964]]], [[[-53.0429, 5.4905], [-53.0434, 5.4896], [-53.0452, 5.4892], [-53.0437, 5.4904], [-53.0429, 5.4905]]], [[[-53.0485, 5.4934], [-53.0472, 5.4938], [-53.0462, 5.4937], [-53.0451, 5.493], [-53.0458, 5.4921], [-53.0467, 5.4909], [-53.0476, 5.4907], [-53.0489, 5.4905], [-53.0506, 5.4907], [-53.0509, 5.4918], [-53.05, 5.4927], [-53.0485, 5.4934]]]]}}, {"type": "Feature", "properties": {"nom": "Montsin\u00e9ry-Tonnegrande", "code": "97313", "codeDepartement": "973", "siren": "219733136", "codeEpci": "249730045", "codeRegion": "03", "codesPostaux": ["97356"], "population": 3626}, "geometry": {"type": "Polygon", "coordinates": [[[-52.3748, 4.9032], [-52.3759, 4.8999], [-52.377, 4.8974], [-52.3783, 4.8954], [-52.3797, 4.8937], [-52.3808, 4.8925], [-52.3824, 4.8907], [-52.3839, 4.8893], [-52.3851, 4.8881], [-52.3865, 4.8868], [-52.3876, 4.8859], [-52.3887, 4.8847], [-52.3897, 4.8836], [-52.391, 4.8817], [-52.3916, 4.8808], [-52.3918, 4.8785], [-52.3916, 4.8774], [-52.3909, 4.8761], [-52.3897, 4.8742], [-52.3886, 4.8727], [-52.3869, 4.8703], [-52.3861, 4.8687], [-52.3855, 4.8663], [-52.3853, 4.8646], [-52.3855, 4.863], [-52.3861, 4.8614], [-52.3869, 4.8598], [-52.3875, 4.8589], [-52.3886, 4.8578], [-52.3901, 4.8567], [-52.3913, 4.856], [-52.3925, 4.8556], [-52.394, 4.8552], [-52.3957, 4.8552], [-52.3968, 4.8555], [-52.398, 4.856], [-52.3996, 4.8573], [-52.4008, 4.8589], [-52.4026, 4.8611], [-52.4036, 4.8623], [-52.4047, 4.8632], [-52.406, 4.864], [-52.4074, 4.8647], [-52.4084, 4.865], [-52.4096, 4.8651], [-52.4105, 4.8649], [-52.4114, 4.8645], [-52.4109, 4.8635], [-52.4101, 4.8623], [-52.4098, 4.8613], [-52.4095, 4.8601], [-52.4092, 4.8592], [-52.4088, 4.8584], [-52.4079, 4.8574], [-52.4076, 4.8564], [-52.4071, 4.8552], [-52.4063, 4.8542], [-52.4061, 4.8533], [-52.4068, 4.8524], [-52.4075, 4.8511], [-52.4078, 4.8502], [-52.4071, 4.8493], [-52.4072, 4.8483], [-52.4067, 4.8474], [-52.4053, 4.8481], [-52.4039, 4.8486], [-52.4014, 4.8492], [-52.3994, 4.8496], [-52.3979, 4.8499], [-52.3969, 4.8501], [-52.3957, 4.8502], [-52.3943, 4.8504], [-52.3934, 4.8502], [-52.3925, 4.8497], [-52.3917, 4.8487], [-52.3908, 4.8476], [-52.3903, 4.8467], [-52.3893, 4.8452], [-52.3881, 4.844], [-52.3876, 4.8431], [-52.3872, 4.8419], [-52.3867, 4.8407], [-52.387, 4.8396], [-52.3879, 4.8391], [-52.3891, 4.8386], [-52.39, 4.8384], [-52.3912, 4.8383], [-52.3918, 4.8374], [-52.391, 4.8363], [-52.3896, 4.8349], [-52.3885, 4.8345], [-52.3871, 4.8342], [-52.3861, 4.8343], [-52.3838, 4.8356], [-52.3828, 4.8362], [-52.3818, 4.8368], [-52.3808, 4.8372], [-52.3796, 4.8374], [-52.3783, 4.8371], [-52.3773, 4.8366], [-52.3767, 4.8357], [-52.3767, 4.8347], [-52.3774, 4.8335], [-52.3783, 4.8323], [-52.3794, 4.8317], [-52.3803, 4.8312], [-52.3812, 4.8307], [-52.382, 4.8298], [-52.382, 4.8288], [-52.3814, 4.8278], [-52.3802, 4.8269], [-52.3786, 4.8257], [-52.3779, 4.8248], [-52.3777, 4.8237], [-52.3778, 4.8227], [-52.378, 4.8212], [-52.3783, 4.8198], [-52.3783, 4.8188], [-52.3788, 4.8178], [-52.3796, 4.8167], [-52.3807, 4.8157], [-52.3817, 4.8146], [-52.3824, 4.8136], [-52.3829, 4.8125], [-52.3827, 4.8109], [-52.3828, 4.8091], [-52.3829, 4.8069], [-52.383, 4.8059], [-52.3831, 4.8046], [-52.3833, 4.8032], [-52.3837, 4.8017], [-52.3827, 4.8002], [-52.3816, 4.7995], [-52.381, 4.7984], [-52.3824, 4.7965], [-52.3828, 4.7955], [-52.3826, 4.7946], [-52.3816, 4.7939], [-52.3807, 4.7937], [-52.3795, 4.7936], [-52.3785, 4.7926], [-52.379, 4.7913], [-52.38, 4.7899], [-52.382, 4.7887], [-52.3833, 4.788], [-52.3836, 4.7871], [-52.3832, 4.786], [-52.3823, 4.7854], [-52.381, 4.7847], [-52.3804, 4.7835], [-52.3806, 4.7813], [-52.3808, 4.78], [-52.3805, 4.778], [-52.3802, 4.7762], [-52.3799, 4.7748], [-52.3796, 4.7739], [-52.3788, 4.7736], [-52.3779, 4.7734], [-52.3769, 4.7734], [-52.3756, 4.7738], [-52.3747, 4.7739], [-52.3737, 4.7737], [-52.3736, 4.7728], [-52.3738, 4.7718], [-52.3741, 4.7708], [-52.3745, 4.7699], [-52.375, 4.769], [-52.3754, 4.7678], [-52.3755, 4.7669], [-52.3743, 4.7659], [-52.373, 4.7657], [-52.3729, 4.7648], [-52.3728, 4.7636], [-52.3726, 4.7626], [-52.3727, 4.7617], [-52.3731, 4.7608], [-52.3741, 4.7604], [-52.3751, 4.7606], [-52.3765, 4.7612], [-52.3775, 4.7616], [-52.3786, 4.7616], [-52.3796, 4.7612], [-52.3803, 4.7601], [-52.3805, 4.7589], [-52.3809, 4.7575], [-52.3814, 4.7566], [-52.3831, 4.7548], [-52.3841, 4.7541], [-52.3849, 4.754], [-52.3859, 4.7541], [-52.3873, 4.7549], [-52.3889, 4.7565], [-52.3899, 4.7575], [-52.3907, 4.758], [-52.3921, 4.7587], [-52.3933, 4.7593], [-52.3943, 4.7592], [-52.3953, 4.7586], [-52.3964, 4.7587], [-52.3969, 4.7597], [-52.3967, 4.7607], [-52.396, 4.7618], [-52.3955, 4.7628], [-52.3957, 4.7638], [-52.3968, 4.7644], [-52.3978, 4.7648], [-52.3988, 4.7648], [-52.3999, 4.7649], [-52.4009, 4.7653], [-52.4021, 4.7664], [-52.403, 4.7668], [-52.4045, 4.7667], [-52.4055, 4.7661], [-52.4064, 4.7658], [-52.4075, 4.7654], [-52.4084, 4.7653], [-52.4093, 4.7658], [-52.4094, 4.7666], [-52.4103, 4.7678], [-52.4114, 4.7675], [-52.4123, 4.7669], [-52.4133, 4.7663], [-52.4145, 4.765], [-52.4155, 4.7648], [-52.4166, 4.7646], [-52.4175, 4.7649], [-52.4183, 4.765], [-52.4194, 4.7654], [-52.4203, 4.7658], [-52.4207, 4.7667], [-52.4198, 4.7665], [-52.419, 4.7665], [-52.4181, 4.7671], [-52.4178, 4.768], [-52.4187, 4.7687], [-52.4184, 4.7697], [-52.4181, 4.7707], [-52.4186, 4.7716], [-52.4189, 4.7727], [-52.4191, 4.7736], [-52.4195, 4.7747], [-52.4197, 4.7757], [-52.4206, 4.7765], [-52.4211, 4.7776], [-52.4208, 4.7784], [-52.42, 4.7802], [-52.421, 4.7808], [-52.422, 4.7808], [-52.4231, 4.7813], [-52.4241, 4.78], [-52.4245, 4.779], [-52.4256, 4.7775], [-52.426, 4.7766], [-52.426, 4.7756], [-52.4263, 4.7746], [-52.4273, 4.7732], [-52.4277, 4.7721], [-52.4278, 4.7706], [-52.4277, 4.7695], [-52.4274, 4.7681], [-52.4269, 4.7666], [-52.4269, 4.7656], [-52.4274, 4.7646], [-52.4278, 4.7637], [-52.4305, 4.7626], [-52.4324, 4.7551], [-52.4298, 4.7501], [-52.4266, 4.7441], [-52.4267, 4.743], [-52.4276, 4.7416], [-52.4288, 4.7397], [-52.43, 4.7383], [-52.433, 4.7373], [-52.4344, 4.7384], [-52.4354, 4.7389], [-52.436, 4.738], [-52.4362, 4.7372], [-52.4364, 4.7352], [-52.4364, 4.7341], [-52.4367, 4.7329], [-52.4379, 4.7313], [-52.4384, 4.7296], [-52.4383, 4.7281], [-52.4385, 4.7271], [-52.4385, 4.7261], [-52.4388, 4.7245], [-52.4392, 4.7236], [-52.4383, 4.7228], [-52.4384, 4.7219], [-52.4391, 4.7207], [-52.4396, 4.7198], [-52.4395, 4.7189], [-52.4407, 4.7176], [-52.4418, 4.7175], [-52.4428, 4.7185], [-52.4441, 4.7169], [-52.4445, 4.7156], [-52.4451, 4.7147], [-52.4464, 4.714], [-52.447, 4.7132], [-52.4471, 4.7123], [-52.4471, 4.7112], [-52.448, 4.7104], [-52.4489, 4.7099], [-52.4493, 4.7089], [-52.4495, 4.7077], [-52.4495, 4.706], [-52.4501, 4.7036], [-52.4507, 4.7023], [-52.451, 4.7011], [-52.451, 4.7002], [-52.4514, 4.6992], [-52.4524, 4.6975], [-52.4527, 4.6965], [-52.4524, 4.6947], [-52.4521, 4.6938], [-52.4513, 4.6922], [-52.4509, 4.691], [-52.4505, 4.6898], [-52.4507, 4.6885], [-52.4522, 4.6878], [-52.4523, 4.6863], [-52.452, 4.6851], [-52.4528, 4.6845], [-52.4542, 4.6829], [-52.4555, 4.6819], [-52.4564, 4.681], [-52.4573, 4.6802], [-52.4571, 4.6787], [-52.4576, 4.6773], [-52.4573, 4.676], [-52.4571, 4.6751], [-52.4578, 4.6739], [-52.4588, 4.6722], [-52.46, 4.672], [-52.4609, 4.6715], [-52.4611, 4.6705], [-52.4611, 4.6693], [-52.4616, 4.6682], [-52.4626, 4.6677], [-52.4634, 4.6667], [-52.4639, 4.6658], [-52.4636, 4.6648], [-52.4643, 4.6636], [-52.4649, 4.6621], [-52.4647, 4.6612], [-52.4652, 4.6601], [-52.4672, 4.6593], [-52.4687, 4.6589], [-52.4698, 4.6595], [-52.471, 4.6606], [-52.472, 4.6602], [-52.4754, 4.6612], [-52.4753, 4.6633], [-52.4772, 4.6645], [-52.479, 4.6658], [-52.4803, 4.6663], [-52.4821, 4.6648], [-52.4834, 4.6647], [-52.4843, 4.6635], [-52.4858, 4.6633], [-52.4866, 4.6627], [-52.4879, 4.6643], [-52.4889, 4.6649], [-52.4898, 4.6642], [-52.4907, 4.6641], [-52.4917, 4.665], [-52.4928, 4.665], [-52.4937, 4.6647], [-52.4946, 4.6645], [-52.4955, 4.6655], [-52.4958, 4.6664], [-52.4958, 4.6675], [-52.4971, 4.6699], [-52.4976, 4.6709], [-52.4981, 4.672], [-52.4984, 4.673], [-52.4997, 4.6739], [-52.5013, 4.6728], [-52.5032, 4.6719], [-52.5041, 4.6718], [-52.5052, 4.6723], [-52.5074, 4.6726], [-52.5086, 4.6722], [-52.5102, 4.6722], [-52.511, 4.6731], [-52.5133, 4.6741], [-52.5147, 4.6743], [-52.516, 4.6748], [-52.5168, 4.6752], [-52.5178, 4.6762], [-52.5188, 4.6756], [-52.5197, 4.6748], [-52.52, 4.6758], [-52.5209, 4.6755], [-52.5221, 4.676], [-52.5237, 4.6771], [-52.5245, 4.6781], [-52.526, 4.6786], [-52.5276, 4.68], [-52.5281, 4.681], [-52.5296, 4.6815], [-52.5309, 4.6824], [-52.5314, 4.6833], [-52.5324, 4.6839], [-52.5332, 4.685], [-52.5339, 4.6862], [-52.5348, 4.6868], [-52.5367, 4.6875], [-52.5398, 4.6891], [-52.541, 4.6895], [-52.543, 4.6903], [-52.5438, 4.6914], [-52.5446, 4.6917], [-52.546, 4.6919], [-52.5472, 4.6927], [-52.548, 4.6935], [-52.5494, 4.6942], [-52.5507, 4.6953], [-52.5516, 4.6959], [-52.5513, 4.6968], [-52.5503, 4.6978], [-52.5503, 4.6987], [-52.5499, 4.7006], [-52.5498, 4.7015], [-52.5519, 4.7015], [-52.5534, 4.7025], [-52.554, 4.7037], [-52.556, 4.7056], [-52.5573, 4.7062], [-52.5591, 4.7052], [-52.5616, 4.7048], [-52.5625, 4.7042], [-52.5639, 4.7043], [-52.5648, 4.7046], [-52.5671, 4.7061], [-52.568, 4.7062], [-52.5692, 4.7068], [-52.5708, 4.7076], [-52.5719, 4.7087], [-52.5717, 4.7102], [-52.5715, 4.7116], [-52.5723, 4.7125], [-52.5736, 4.712], [-52.5748, 4.7112], [-52.5758, 4.7109], [-52.5771, 4.7115], [-52.5781, 4.7127], [-52.579, 4.7132], [-52.5801, 4.7133], [-52.5825, 4.7136], [-52.5831, 4.7149], [-52.5833, 4.7159], [-52.5843, 4.7167], [-52.5856, 4.7162], [-52.5876, 4.7156], [-52.5886, 4.7152], [-52.5895, 4.7149], [-52.5905, 4.7139], [-52.5914, 4.7134], [-52.5925, 4.714], [-52.5937, 4.7142], [-52.595, 4.7142], [-52.5962, 4.7135], [-52.5971, 4.7126], [-52.598, 4.7126], [-52.5989, 4.7133], [-52.6001, 4.7136], [-52.6004, 4.7118], [-52.6007, 4.7107], [-52.6016, 4.7104], [-52.6025, 4.7112], [-52.6032, 4.7123], [-52.6041, 4.7131], [-52.606, 4.7141], [-52.6076, 4.7146], [-52.6087, 4.7147], [-52.61, 4.7156], [-52.611, 4.7163], [-52.6124, 4.7171], [-52.6134, 4.7168], [-52.6141, 4.7158], [-52.615, 4.7165], [-52.6156, 4.7176], [-52.6159, 4.7192], [-52.6164, 4.7203], [-52.6175, 4.7217], [-52.6197, 4.7228], [-52.6207, 4.7238], [-52.621, 4.7248], [-52.6211, 4.7259], [-52.6218, 4.7271], [-52.6235, 4.7274], [-52.6244, 4.7273], [-52.626, 4.7273], [-52.6268, 4.7282], [-52.6271, 4.7292], [-52.6273, 4.7303], [-52.6279, 4.7316], [-52.6286, 4.7326], [-52.6297, 4.7332], [-52.6307, 4.733], [-52.6315, 4.7331], [-52.6318, 4.734], [-52.6323, 4.7355], [-52.6329, 4.7366], [-52.6339, 4.7373], [-52.6348, 4.7375], [-52.6357, 4.7375], [-52.6362, 4.7387], [-52.6357, 4.7397], [-52.6358, 4.7406], [-52.6364, 4.7432], [-52.6371, 4.7456], [-52.6372, 4.7468], [-52.6368, 4.748], [-52.6364, 4.7489], [-52.6354, 4.75], [-52.635, 4.751], [-52.6337, 4.7527], [-52.6333, 4.7537], [-52.6332, 4.7551], [-52.6342, 4.7587], [-52.6343, 4.7601], [-52.6342, 4.7612], [-52.6342, 4.7626], [-52.6343, 4.7637], [-52.6345, 4.7646], [-52.6346, 4.7655], [-52.6345, 4.7667], [-52.6343, 4.7679], [-52.6349, 4.7698], [-52.6351, 4.7715], [-52.6356, 4.7729], [-52.6358, 4.7739], [-52.635, 4.7749], [-52.6349, 4.7762], [-52.635, 4.7771], [-52.6351, 4.7784], [-52.6357, 4.7813], [-52.6358, 4.7828], [-52.6358, 4.7842], [-52.636, 4.7853], [-52.6362, 4.787], [-52.6364, 4.7879], [-52.6367, 4.7889], [-52.6369, 4.7899], [-52.6376, 4.7931], [-52.6379, 4.7946], [-52.6391, 4.798], [-52.6394, 4.7992], [-52.6392, 4.8003], [-52.6387, 4.8012], [-52.6375, 4.8013], [-52.6369, 4.8004], [-52.6357, 4.7996], [-52.6347, 4.7999], [-52.6334, 4.8009], [-52.6326, 4.8013], [-52.6303, 4.8015], [-52.6293, 4.8018], [-52.6298, 4.8027], [-52.6303, 4.8036], [-52.63, 4.8045], [-52.6294, 4.8057], [-52.6296, 4.8067], [-52.63, 4.8083], [-52.6309, 4.8092], [-52.6312, 4.8102], [-52.6318, 4.8113], [-52.633, 4.8121], [-52.6336, 4.8132], [-52.6349, 4.8138], [-52.6344, 4.8148], [-52.6338, 4.8157], [-52.6327, 4.8166], [-52.6331, 4.8175], [-52.6336, 4.8189], [-52.6341, 4.8199], [-52.6349, 4.8211], [-52.6349, 4.8222], [-52.6342, 4.8234], [-52.6331, 4.8239], [-52.6321, 4.8249], [-52.6312, 4.8253], [-52.6307, 4.8262], [-52.6315, 4.8271], [-52.6327, 4.8275], [-52.6332, 4.8287], [-52.6331, 4.8296], [-52.6328, 4.8311], [-52.6323, 4.832], [-52.6313, 4.8323], [-52.6306, 4.8332], [-52.6303, 4.8342], [-52.6299, 4.8357], [-52.6293, 4.8374], [-52.6298, 4.8398], [-52.6296, 4.8407], [-52.6286, 4.8412], [-52.6274, 4.8412], [-52.6257, 4.8415], [-52.6249, 4.842], [-52.624, 4.8428], [-52.623, 4.8422], [-52.6228, 4.8404], [-52.6219, 4.8395], [-52.621, 4.8401], [-52.6204, 4.8412], [-52.6185, 4.8425], [-52.6175, 4.8435], [-52.6172, 4.8444], [-52.6163, 4.8455], [-52.615, 4.8465], [-52.613, 4.8473], [-52.612, 4.8488], [-52.6112, 4.8496], [-52.61, 4.8506], [-52.6093, 4.8518], [-52.6095, 4.8527], [-52.6105, 4.8537], [-52.6116, 4.8538], [-52.6125, 4.8543], [-52.6134, 4.8545], [-52.6141, 4.8558], [-52.6138, 4.8568], [-52.6145, 4.8577], [-52.6155, 4.8583], [-52.6158, 4.8592], [-52.6165, 4.8601], [-52.6182, 4.8604], [-52.619, 4.8615], [-52.62, 4.862], [-52.6198, 4.8632], [-52.62, 4.8642], [-52.6207, 4.8654], [-52.6198, 4.8664], [-52.62, 4.8672], [-52.6214, 4.8685], [-52.6225, 4.8697], [-52.6234, 4.8703], [-52.6227, 4.8713], [-52.6226, 4.8723], [-52.6221, 4.874], [-52.6217, 4.875], [-52.6213, 4.8762], [-52.6213, 4.8773], [-52.622, 4.8782], [-52.6221, 4.8792], [-52.6213, 4.8794], [-52.6203, 4.879], [-52.6194, 4.8789], [-52.619, 4.8799], [-52.6197, 4.8811], [-52.6195, 4.8825], [-52.6193, 4.8839], [-52.6189, 4.8849], [-52.6185, 4.8862], [-52.6162, 4.8875], [-52.6151, 4.8881], [-52.6145, 4.8892], [-52.6142, 4.8902], [-52.6129, 4.8912], [-52.6112, 4.8924], [-52.6101, 4.8929], [-52.6092, 4.8932], [-52.6081, 4.895], [-52.6078, 4.8963], [-52.6082, 4.8973], [-52.6088, 4.8984], [-52.6087, 4.8997], [-52.6083, 4.9009], [-52.6093, 4.9025], [-52.6088, 4.9037], [-52.6088, 4.9046], [-52.6084, 4.9057], [-52.6089, 4.9067], [-52.608, 4.9079], [-52.607, 4.9091], [-52.6073, 4.9113], [-52.6072, 4.9124], [-52.6066, 4.9135], [-52.6064, 4.9146], [-52.6053, 4.9154], [-52.6043, 4.916], [-52.6039, 4.9171], [-52.6029, 4.9171], [-52.6019, 4.9171], [-52.6011, 4.9161], [-52.6002, 4.9153], [-52.5985, 4.9148], [-52.5971, 4.9146], [-52.5963, 4.9133], [-52.596, 4.9123], [-52.5947, 4.9115], [-52.5938, 4.9114], [-52.5926, 4.9112], [-52.5915, 4.9112], [-52.5907, 4.9113], [-52.5896, 4.9113], [-52.5885, 4.9107], [-52.5877, 4.91], [-52.5867, 4.9096], [-52.5856, 4.9097], [-52.5835, 4.9106], [-52.5825, 4.9105], [-52.5817, 4.9097], [-52.5809, 4.9107], [-52.58, 4.9111], [-52.5787, 4.9096], [-52.5777, 4.9086], [-52.5772, 4.9075], [-52.5763, 4.908], [-52.5755, 4.9082], [-52.5746, 4.9079], [-52.5736, 4.9073], [-52.5727, 4.9061], [-52.5718, 4.9056], [-52.5706, 4.9064], [-52.5696, 4.9066], [-52.5686, 4.9063], [-52.5675, 4.9051], [-52.5665, 4.9055], [-52.5661, 4.9064], [-52.5657, 4.9073], [-52.5648, 4.9075], [-52.5639, 4.9071], [-52.5637, 4.9059], [-52.564, 4.905], [-52.5642, 4.904], [-52.5639, 4.903], [-52.5642, 4.9015], [-52.5645, 4.9007], [-52.5652, 4.8997], [-52.5641, 4.8998], [-52.5629, 4.8987], [-52.5615, 4.8981], [-52.5606, 4.8989], [-52.5597, 4.8993], [-52.5586, 4.9002], [-52.5577, 4.9004], [-52.5561, 4.8994], [-52.5549, 4.8989], [-52.5538, 4.8997], [-52.5532, 4.9006], [-52.554, 4.9014], [-52.5532, 4.9021], [-52.5525, 4.9033], [-52.552, 4.9045], [-52.5509, 4.905], [-52.5504, 4.906], [-52.55, 4.9072], [-52.5496, 4.9081], [-52.5498, 4.9091], [-52.5486, 4.9098], [-52.5472, 4.91], [-52.5472, 4.9109], [-52.5472, 4.9119], [-52.5463, 4.9125], [-52.5449, 4.9122], [-52.5442, 4.9134], [-52.5433, 4.9138], [-52.5423, 4.9134], [-52.5413, 4.9139], [-52.5404, 4.915], [-52.5399, 4.9162], [-52.5397, 4.9191], [-52.5381, 4.9189], [-52.5371, 4.9213], [-52.5366, 4.9222], [-52.5364, 4.9231], [-52.5364, 4.9248], [-52.5363, 4.927], [-52.5358, 4.9289], [-52.5353, 4.9298], [-52.5342, 4.9303], [-52.533, 4.9308], [-52.5321, 4.9308], [-52.5308, 4.9299], [-52.5297, 4.929], [-52.5287, 4.9287], [-52.5278, 4.9286], [-52.5262, 4.9286], [-52.5254, 4.9295], [-52.5251, 4.9304], [-52.5247, 4.9316], [-52.5234, 4.9324], [-52.5222, 4.9327], [-52.5213, 4.9331], [-52.5224, 4.9344], [-52.5223, 4.9375], [-52.5216, 4.9388], [-52.5208, 4.9396], [-52.5199, 4.9406], [-52.5185, 4.9413], [-52.5176, 4.9418], [-52.5168, 4.9427], [-52.5162, 4.9437], [-52.5157, 4.9448], [-52.5152, 4.946], [-52.5148, 4.9469], [-52.514, 4.9485], [-52.5132, 4.9496], [-52.5123, 4.9507], [-52.5108, 4.9513], [-52.5097, 4.9515], [-52.5086, 4.9513], [-52.5077, 4.9514], [-52.5066, 4.9518], [-52.5055, 4.9521], [-52.5044, 4.9524], [-52.5039, 4.9535], [-52.5033, 4.9546], [-52.5021, 4.9552], [-52.5011, 4.9554], [-52.5001, 4.9556], [-52.4991, 4.9556], [-52.4981, 4.9556], [-52.4969, 4.9554], [-52.4959, 4.955], [-52.495, 4.9547], [-52.4941, 4.9542], [-52.4925, 4.9498], [-52.4925, 4.9489], [-52.4926, 4.9465], [-52.4914, 4.9468], [-52.4887, 4.9475], [-52.4869, 4.9479], [-52.4856, 4.9483], [-52.4843, 4.9486], [-52.4823, 4.9491], [-52.4799, 4.9497], [-52.479, 4.95], [-52.4774, 4.9508], [-52.4765, 4.9515], [-52.4754, 4.9521], [-52.4745, 4.9528], [-52.4728, 4.9539], [-52.4718, 4.9545], [-52.4708, 4.9553], [-52.4703, 4.9564], [-52.4698, 4.9581], [-52.4693, 4.9597], [-52.4687, 4.9613], [-52.4685, 4.9621], [-52.4681, 4.9648], [-52.4679, 4.9658], [-52.4669, 4.9644], [-52.4659, 4.9626], [-52.4656, 4.9616], [-52.4651, 4.96], [-52.4648, 4.9589], [-52.4644, 4.9579], [-52.4621, 4.9547], [-52.4615, 4.9537], [-52.4607, 4.9527], [-52.4591, 4.9523], [-52.4577, 4.9523], [-52.4554, 4.9517], [-52.4537, 4.9512], [-52.4528, 4.9506], [-52.4511, 4.9484], [-52.4501, 4.948], [-52.4492, 4.9476], [-52.4475, 4.9482], [-52.4463, 4.9485], [-52.4447, 4.9485], [-52.4437, 4.9477], [-52.4445, 4.9467], [-52.4451, 4.9455], [-52.4461, 4.9442], [-52.4476, 4.9429], [-52.4488, 4.942], [-52.4499, 4.9415], [-52.4515, 4.9409], [-52.4524, 4.9404], [-52.4534, 4.9397], [-52.4543, 4.939], [-52.4546, 4.9381], [-52.4544, 4.9367], [-52.4537, 4.9354], [-52.4527, 4.9347], [-52.4539, 4.934], [-52.4559, 4.9328], [-52.4568, 4.9322], [-52.4577, 4.9313], [-52.4585, 4.93], [-52.4585, 4.9285], [-52.4588, 4.9271], [-52.4591, 4.9259], [-52.4606, 4.9259], [-52.4615, 4.9261], [-52.4625, 4.9269], [-52.4636, 4.9268], [-52.4645, 4.9264], [-52.4655, 4.9256], [-52.4664, 4.9248], [-52.4673, 4.924], [-52.4682, 4.9239], [-52.4687, 4.9229], [-52.4685, 4.9219], [-52.4691, 4.9207], [-52.4687, 4.9198], [-52.4678, 4.9193], [-52.4665, 4.9198], [-52.4656, 4.9192], [-52.4648, 4.9192], [-52.4647, 4.9183], [-52.4638, 4.918], [-52.4633, 4.9171], [-52.4624, 4.9169], [-52.4623, 4.916], [-52.4626, 4.9151], [-52.4627, 4.9139], [-52.4631, 4.9129], [-52.463, 4.9112], [-52.4638, 4.9102], [-52.4648, 4.9099], [-52.4658, 4.9107], [-52.467, 4.9117], [-52.468, 4.9119], [-52.4689, 4.9111], [-52.4684, 4.9101], [-52.4676, 4.9094], [-52.4673, 4.9085], [-52.4683, 4.9079], [-52.4693, 4.9084], [-52.4701, 4.9087], [-52.4704, 4.9076], [-52.4703, 4.9068], [-52.4701, 4.9048], [-52.4691, 4.9039], [-52.4676, 4.9045], [-52.4666, 4.9051], [-52.4656, 4.9053], [-52.4646, 4.9047], [-52.4644, 4.9032], [-52.4652, 4.9021], [-52.466, 4.9011], [-52.4672, 4.9005], [-52.468, 4.9006], [-52.4697, 4.9023], [-52.4706, 4.9024], [-52.4711, 4.9011], [-52.4711, 4.8997], [-52.4719, 4.8965], [-52.4715, 4.8949], [-52.4693, 4.8949], [-52.4674, 4.8946], [-52.4644, 4.894], [-52.4616, 4.8934], [-52.4588, 4.8929], [-52.4569, 4.8927], [-52.4554, 4.8931], [-52.4536, 4.8934], [-52.4525, 4.8935], [-52.4502, 4.8937], [-52.4485, 4.8936], [-52.4463, 4.8935], [-52.4442, 4.8927], [-52.4431, 4.8926], [-52.4416, 4.8919], [-52.4393, 4.8907], [-52.4377, 4.8898], [-52.4363, 4.8892], [-52.4343, 4.8887], [-52.4326, 4.8887], [-52.4317, 4.889], [-52.4305, 4.8895], [-52.4294, 4.8904], [-52.4285, 4.8914], [-52.4278, 4.8926], [-52.4273, 4.894], [-52.4268, 4.8972], [-52.4267, 4.9009], [-52.4264, 4.9039], [-52.426, 4.906], [-52.4253, 4.9074], [-52.4242, 4.9093], [-52.423, 4.911], [-52.4215, 4.9123], [-52.42, 4.9129], [-52.4188, 4.9134], [-52.4165, 4.9138], [-52.4144, 4.9139], [-52.4124, 4.9136], [-52.4107, 4.9128], [-52.4089, 4.9115], [-52.4069, 4.9097], [-52.4052, 4.9076], [-52.4036, 4.9056], [-52.402, 4.9035], [-52.3997, 4.9015], [-52.3976, 4.9004], [-52.3953, 4.8999], [-52.3941, 4.8999], [-52.3927, 4.8999], [-52.3906, 4.9002], [-52.3885, 4.9004], [-52.3839, 4.9008], [-52.3797, 4.9015], [-52.3768, 4.9024], [-52.3748, 4.9032]]]}}, {"type": "Feature", "properties": {"nom": "Ouanary", "code": "97314", "codeDepartement": "973", "siren": "219733144", "codeEpci": "249730052", "codeRegion": "03", "codesPostaux": ["97380"], "population": 150}, "geometry": {"type": "Polygon", "coordinates": [[[-51.963, 4.0037], [-51.9629, 4.0047], [-51.9629, 4.0064], [-51.9629, 4.008], [-51.9631, 4.0092], [-51.9636, 4.0102], [-51.9646, 4.0109], [-51.9658, 4.0119], [-51.9662, 4.0131], [-51.9661, 4.014], [-51.9661, 4.0149], [-51.9661, 4.0158], [-51.9662, 4.0182], [-51.9663, 4.0194], [-51.9665, 4.0206], [-51.967, 4.0216], [-51.9678, 4.0228], [-51.9691, 4.024], [-51.9702, 4.0249], [-51.971, 4.0259], [-51.9715, 4.0269], [-51.9713, 4.0282], [-51.9706, 4.0295], [-51.9709, 4.0307], [-51.9711, 4.0316], [-51.9717, 4.0338], [-51.972, 4.0348], [-51.9728, 4.036], [-51.9735, 4.0375], [-51.9738, 4.0385], [-51.9742, 4.0395], [-51.9747, 4.041], [-51.9753, 4.0427], [-51.9757, 4.0436], [-51.976, 4.0445], [-51.9762, 4.0455], [-51.9766, 4.0467], [-51.9768, 4.0476], [-51.9773, 4.0497], [-51.9775, 4.0509], [-51.9776, 4.052], [-51.9778, 4.0532], [-51.9778, 4.0541], [-51.9778, 4.0552], [-51.9774, 4.0577], [-51.9775, 4.0586], [-51.9784, 4.059], [-51.9794, 4.0591], [-51.9802, 4.0599], [-51.9816, 4.0619], [-51.982, 4.0628], [-51.9822, 4.0641], [-51.9836, 4.0646], [-51.985, 4.0637], [-51.9862, 4.0624], [-51.987, 4.062], [-51.988, 4.062], [-51.989, 4.0625], [-51.9898, 4.0632], [-51.9904, 4.0643], [-51.9905, 4.0655], [-51.9906, 4.068], [-51.9908, 4.0689], [-51.9921, 4.0695], [-51.9931, 4.0696], [-51.9941, 4.07], [-51.995, 4.0705], [-51.9954, 4.0714], [-51.9953, 4.0726], [-51.9948, 4.0741], [-51.995, 4.0753], [-51.9956, 4.0764], [-51.9946, 4.0772], [-51.9937, 4.0776], [-51.9929, 4.0794], [-51.9919, 4.0807], [-51.991, 4.082], [-51.9908, 4.0836], [-51.9908, 4.0847], [-51.9911, 4.0863], [-51.9915, 4.0876], [-51.9935, 4.0884], [-51.9952, 4.0898], [-51.9972, 4.0909], [-51.9982, 4.0918], [-51.9989, 4.093], [-51.9994, 4.0939], [-52.0011, 4.0948], [-52.0024, 4.0949], [-52.0038, 4.095], [-52.0057, 4.0948], [-52.0074, 4.0945], [-52.009, 4.0938], [-52.0104, 4.0934], [-52.0112, 4.0933], [-52.0112, 4.0947], [-52.0107, 4.0956], [-52.0095, 4.0972], [-52.0099, 4.0992], [-52.0105, 4.1006], [-52.0107, 4.1017], [-52.0105, 4.103], [-52.0099, 4.1056], [-52.0086, 4.1082], [-52.0076, 4.1096], [-52.007, 4.1107], [-52.0064, 4.1115], [-52.0033, 4.1126], [-52.0021, 4.1133], [-52.0009, 4.1144], [-52.0001, 4.1165], [-51.9996, 4.1181], [-51.9995, 4.1209], [-52.0, 4.122], [-52.001, 4.1234], [-52.0001, 4.1248], [-51.9995, 4.1256], [-51.9986, 4.1274], [-51.9984, 4.1283], [-51.9985, 4.1297], [-51.9983, 4.1308], [-51.998, 4.132], [-51.997, 4.1331], [-51.9961, 4.1333], [-51.9946, 4.133], [-51.9937, 4.1331], [-51.9928, 4.1332], [-51.9917, 4.1332], [-51.9906, 4.1336], [-51.99, 4.1345], [-51.9895, 4.1355], [-51.9892, 4.1365], [-51.9887, 4.138], [-51.9873, 4.1409], [-51.9864, 4.1423], [-51.9849, 4.1433], [-51.9841, 4.1434], [-51.9822, 4.1431], [-51.9812, 4.1428], [-51.9798, 4.1425], [-51.9784, 4.1424], [-51.9775, 4.1426], [-51.976, 4.143], [-51.9748, 4.1438], [-51.974, 4.1445], [-51.9731, 4.1454], [-51.9723, 4.1463], [-51.9715, 4.1473], [-51.97, 4.1479], [-51.9691, 4.1471], [-51.9687, 4.1461], [-51.9684, 4.1452], [-51.9674, 4.1435], [-51.9662, 4.143], [-51.9653, 4.1433], [-51.9637, 4.1451], [-51.9626, 4.1462], [-51.9618, 4.1474], [-51.9607, 4.1484], [-51.96, 4.1498], [-51.9592, 4.1515], [-51.9585, 4.1525], [-51.9575, 4.1542], [-51.9569, 4.1551], [-51.9552, 4.1564], [-51.9543, 4.1567], [-51.9532, 4.1572], [-51.9523, 4.1575], [-51.9511, 4.1573], [-51.9501, 4.1568], [-51.949, 4.1555], [-51.9481, 4.1546], [-51.9473, 4.1534], [-51.9465, 4.1522], [-51.9456, 4.1511], [-51.9445, 4.1499], [-51.9434, 4.1487], [-51.9429, 4.1476], [-51.9427, 4.1464], [-51.9416, 4.1453], [-51.9404, 4.1449], [-51.9392, 4.1446], [-51.9382, 4.1442], [-51.9375, 4.1432], [-51.9371, 4.1422], [-51.9369, 4.1413], [-51.9368, 4.1402], [-51.9365, 4.1392], [-51.9361, 4.1383], [-51.9351, 4.137], [-51.9342, 4.1359], [-51.9333, 4.1349], [-51.9319, 4.1343], [-51.9304, 4.135], [-51.9289, 4.1354], [-51.928, 4.1353], [-51.9269, 4.1345], [-51.9266, 4.1336], [-51.9266, 4.1322], [-51.9267, 4.1313], [-51.9271, 4.1292], [-51.9258, 4.1281], [-51.9239, 4.1273], [-51.923, 4.1271], [-51.9216, 4.1269], [-51.9204, 4.1267], [-51.9195, 4.1266], [-51.9185, 4.1266], [-51.9172, 4.1267], [-51.914, 4.1279], [-51.9126, 4.1287], [-51.9115, 4.1302], [-51.9112, 4.1311], [-51.9102, 4.1321], [-51.9094, 4.1323], [-51.908, 4.132], [-51.9072, 4.1333], [-51.9069, 4.1342], [-51.9061, 4.1354], [-51.9053, 4.1363], [-51.9051, 4.1372], [-51.9043, 4.1384], [-51.9032, 4.1389], [-51.9022, 4.1386], [-51.9012, 4.1382], [-51.9001, 4.1376], [-51.8989, 4.1377], [-51.8978, 4.1386], [-51.8967, 4.1401], [-51.8962, 4.1412], [-51.896, 4.1424], [-51.8958, 4.1434], [-51.8957, 4.1447], [-51.8955, 4.1462], [-51.8955, 4.1473], [-51.8958, 4.1488], [-51.8961, 4.1499], [-51.8965, 4.1514], [-51.8968, 4.1524], [-51.8969, 4.1535], [-51.8967, 4.1547], [-51.8964, 4.1557], [-51.8958, 4.1568], [-51.8943, 4.1577], [-51.8927, 4.1579], [-51.8914, 4.1586], [-51.8908, 4.1596], [-51.8889, 4.1609], [-51.888, 4.1612], [-51.887, 4.1614], [-51.8857, 4.162], [-51.8846, 4.1622], [-51.8829, 4.1617], [-51.8816, 4.1612], [-51.8798, 4.1618], [-51.879, 4.1622], [-51.8778, 4.1629], [-51.8764, 4.1635], [-51.8755, 4.1632], [-51.8748, 4.1619], [-51.8743, 4.161], [-51.8739, 4.1598], [-51.8725, 4.1587], [-51.8711, 4.1586], [-51.8694, 4.1588], [-51.868, 4.1591], [-51.8671, 4.1595], [-51.8661, 4.1603], [-51.8638, 4.1623], [-51.8628, 4.1633], [-51.8609, 4.1646], [-51.8599, 4.1645], [-51.859, 4.1633], [-51.8579, 4.1629], [-51.8569, 4.163], [-51.8558, 4.1629], [-51.8539, 4.162], [-51.8529, 4.1616], [-51.852, 4.1614], [-51.851, 4.1617], [-51.8494, 4.163], [-51.8484, 4.1636], [-51.8475, 4.1629], [-51.8474, 4.162], [-51.8477, 4.1604], [-51.848, 4.1594], [-51.8478, 4.1579], [-51.8476, 4.1569], [-51.8456, 4.1559], [-51.8447, 4.1557], [-51.8436, 4.1558], [-51.8421, 4.156], [-51.8405, 4.1568], [-51.8396, 4.1576], [-51.8385, 4.1583], [-51.8375, 4.1593], [-51.8372, 4.1603], [-51.8373, 4.1612], [-51.8374, 4.1623], [-51.8368, 4.1639], [-51.8369, 4.1653], [-51.8376, 4.1664], [-51.8377, 4.1675], [-51.837, 4.1689], [-51.8354, 4.1696], [-51.8345, 4.1706], [-51.8339, 4.1716], [-51.8325, 4.1727], [-51.8311, 4.1731], [-51.8296, 4.1732], [-51.828, 4.1724], [-51.827, 4.1719], [-51.8261, 4.1718], [-51.8249, 4.1717], [-51.8231, 4.1714], [-51.8215, 4.1706], [-51.8203, 4.1707], [-51.8182, 4.1716], [-51.8167, 4.1722], [-51.8157, 4.1725], [-51.8147, 4.1732], [-51.8142, 4.174], [-51.8141, 4.1754], [-51.8126, 4.1761], [-51.8115, 4.1762], [-51.8106, 4.1763], [-51.8093, 4.1774], [-51.8084, 4.1781], [-51.807, 4.1797], [-51.8067, 4.1807], [-51.8066, 4.1818], [-51.8067, 4.183], [-51.8073, 4.1858], [-51.8075, 4.1867], [-51.8085, 4.1888], [-51.8088, 4.1896], [-51.8094, 4.1909], [-51.8094, 4.1922], [-51.8098, 4.1939], [-51.81, 4.1948], [-51.8102, 4.1966], [-51.8108, 4.1975], [-51.8118, 4.1976], [-51.8128, 4.1971], [-51.8142, 4.1963], [-51.8157, 4.1967], [-51.8167, 4.1969], [-51.8177, 4.1981], [-51.8182, 4.1994], [-51.8191, 4.2009], [-51.8194, 4.2018], [-51.8199, 4.2027], [-51.8209, 4.204], [-51.8222, 4.2049], [-51.8233, 4.2054], [-51.8242, 4.2052], [-51.8256, 4.2045], [-51.8265, 4.2045], [-51.8275, 4.205], [-51.8285, 4.205], [-51.8294, 4.2052], [-51.8302, 4.2063], [-51.8309, 4.2073], [-51.8322, 4.2079], [-51.8336, 4.2072], [-51.8349, 4.2066], [-51.8359, 4.2067], [-51.8373, 4.2071], [-51.8387, 4.2066], [-51.8399, 4.2057], [-51.8411, 4.2051], [-51.8422, 4.205], [-51.8435, 4.2057], [-51.8451, 4.2071], [-51.8468, 4.2078], [-51.848, 4.2085], [-51.8497, 4.2091], [-51.8509, 4.2094], [-51.8518, 4.2099], [-51.8528, 4.2111], [-51.8528, 4.212], [-51.8522, 4.2129], [-51.8517, 4.2138], [-51.8513, 4.215], [-51.8509, 4.2167], [-51.8509, 4.2194], [-51.8509, 4.2205], [-51.851, 4.2214], [-51.851, 4.2223], [-51.8511, 4.2233], [-51.851, 4.225], [-51.8511, 4.2259], [-51.8511, 4.2271], [-51.8512, 4.228], [-51.8514, 4.2289], [-51.8517, 4.2306], [-51.851, 4.2315], [-51.8506, 4.2325], [-51.8509, 4.2339], [-51.8512, 4.235], [-51.8516, 4.2361], [-51.8515, 4.2376], [-51.851, 4.2387], [-51.8503, 4.2396], [-51.85, 4.2406], [-51.8507, 4.2422], [-51.8508, 4.2433], [-51.8512, 4.2448], [-51.8521, 4.2466], [-51.853, 4.2483], [-51.8533, 4.2497], [-51.8535, 4.2506], [-51.8535, 4.2515], [-51.8539, 4.2534], [-51.8558, 4.2634], [-51.8563, 4.2655], [-51.8565, 4.2667], [-51.8567, 4.2679], [-51.8569, 4.2688], [-51.8576, 4.273], [-51.8584, 4.2767], [-51.8585, 4.2776], [-51.8593, 4.2814], [-51.8602, 4.2865], [-51.8605, 4.2877], [-51.8606, 4.2886], [-51.8608, 4.2895], [-51.8612, 4.2916], [-51.8613, 4.2925], [-51.8619, 4.2951], [-51.8621, 4.2963], [-51.8623, 4.2972], [-51.8626, 4.299], [-51.8629, 4.3006], [-51.8632, 4.3018], [-51.8638, 4.3051], [-51.8639, 4.306], [-51.8644, 4.3081], [-51.8645, 4.309], [-51.8627, 4.316], [-51.8612, 4.3215], [-51.8592, 4.3283], [-51.8587, 4.3303], [-51.8583, 4.3315], [-51.8584, 4.3326], [-51.8594, 4.334], [-51.8594, 4.3351], [-51.8594, 4.336], [-51.8603, 4.3371], [-51.8608, 4.3382], [-51.861, 4.3396], [-51.8628, 4.3411], [-51.8653, 4.3419], [-51.8663, 4.3423], [-51.8676, 4.3429], [-51.8689, 4.3436], [-51.8696, 4.3446], [-51.8699, 4.3456], [-51.8701, 4.3468], [-51.8703, 4.3488], [-51.8685, 4.3514], [-51.8673, 4.3528], [-51.8662, 4.3542], [-51.8654, 4.3551], [-51.8645, 4.3557], [-51.8635, 4.3572], [-51.8618, 4.3588], [-51.8611, 4.3596], [-51.8603, 4.3612], [-51.8603, 4.3655], [-51.8603, 4.3664], [-51.8604, 4.3673], [-51.8605, 4.3682], [-51.8605, 4.3697], [-51.8606, 4.3707], [-51.8606, 4.3716], [-51.8607, 4.3731], [-51.8608, 4.3743], [-51.8609, 4.3756], [-51.861, 4.3765], [-51.861, 4.3774], [-51.8611, 4.3784], [-51.8611, 4.3795], [-51.8612, 4.3804], [-51.8613, 4.3816], [-51.8614, 4.3829], [-51.8615, 4.3845], [-51.8616, 4.3856], [-51.8616, 4.3873], [-51.8618, 4.3888], [-51.8618, 4.3898], [-51.8619, 4.3911], [-51.862, 4.392], [-51.8621, 4.3932], [-51.8621, 4.3941], [-51.8622, 4.3963], [-51.8623, 4.3973], [-51.8624, 4.3982], [-51.8625, 4.4004], [-51.8626, 4.4021], [-51.8627, 4.403], [-51.8627, 4.4039], [-51.8628, 4.4054], [-51.8629, 4.4063], [-51.863, 4.4079], [-51.8624, 4.4091], [-51.8619, 4.4101], [-51.8613, 4.411], [-51.8609, 4.4118], [-51.8601, 4.4131], [-51.8599, 4.414], [-51.8605, 4.4152], [-51.8608, 4.4161], [-51.8611, 4.4179], [-51.8612, 4.4188], [-51.8622, 4.4198], [-51.8628, 4.421], [-51.8625, 4.422], [-51.8615, 4.4226], [-51.8608, 4.4238], [-51.8596, 4.4249], [-51.8584, 4.4257], [-51.8574, 4.4276], [-51.8547, 4.4294], [-51.8538, 4.4299], [-51.8516, 4.4307], [-51.8503, 4.4313], [-51.8435, 4.4334], [-51.8409, 4.4339], [-51.8395, 4.4341], [-51.8386, 4.4342], [-51.8375, 4.4343], [-51.8365, 4.4345], [-51.8353, 4.4346], [-51.8335, 4.4348], [-51.8326, 4.435], [-51.8316, 4.4351], [-51.8294, 4.4353], [-51.8278, 4.4356], [-51.8262, 4.4357], [-51.8243, 4.436], [-51.8206, 4.4364], [-51.8192, 4.4366], [-51.8181, 4.4368], [-51.8162, 4.437], [-51.815, 4.4373], [-51.8141, 4.4378], [-51.8128, 4.4385], [-51.8114, 4.4396], [-51.8103, 4.4402], [-51.8091, 4.4407], [-51.8074, 4.4406], [-51.8063, 4.4406], [-51.8047, 4.4405], [-51.8035, 4.4405], [-51.8021, 4.4405], [-51.7999, 4.4408], [-51.7985, 4.4409], [-51.7973, 4.4411], [-51.7954, 4.4413], [-51.7945, 4.4414], [-51.7929, 4.4417], [-51.7918, 4.4418], [-51.7909, 4.4419], [-51.7888, 4.4421], [-51.7869, 4.4424], [-51.786, 4.4425], [-51.7842, 4.4427], [-51.7832, 4.4428], [-51.7821, 4.4429], [-51.7811, 4.4431], [-51.7788, 4.4433], [-51.7777, 4.4435], [-51.7761, 4.4437], [-51.7733, 4.444], [-51.7696, 4.4445], [-51.7686, 4.4446], [-51.7674, 4.4448], [-51.7663, 4.4449], [-51.7654, 4.445], [-51.7635, 4.4452], [-51.7624, 4.4454], [-51.7601, 4.4456], [-51.7555, 4.4462], [-51.7545, 4.4463], [-51.7533, 4.4465], [-51.7518, 4.4466], [-51.7506, 4.4468], [-51.7494, 4.4456], [-51.7485, 4.4452], [-51.7486, 4.4443], [-51.7485, 4.4433], [-51.7476, 4.4424], [-51.7473, 4.4413], [-51.7473, 4.4402], [-51.7474, 4.439], [-51.7486, 4.4384], [-51.7497, 4.4384], [-51.751, 4.4384], [-51.7519, 4.4378], [-51.7526, 4.4369], [-51.7529, 4.436], [-51.7531, 4.435], [-51.7532, 4.4335], [-51.7531, 4.4327], [-51.753, 4.4317], [-51.7526, 4.43], [-51.7523, 4.4288], [-51.7531, 4.4287], [-51.7544, 4.4269], [-51.7552, 4.426], [-51.7556, 4.4247], [-51.7547, 4.4236], [-51.7542, 4.4228], [-51.7535, 4.4219], [-51.7537, 4.4208], [-51.7533, 4.4199], [-51.7528, 4.419], [-51.7514, 4.4191], [-51.7504, 4.4193], [-51.7493, 4.4194], [-51.7482, 4.4193], [-51.7472, 4.4197], [-51.7474, 4.4188], [-51.7475, 4.4179], [-51.7487, 4.4176], [-51.7489, 4.4162], [-51.7478, 4.4155], [-51.7468, 4.4159], [-51.7457, 4.4178], [-51.7461, 4.4166], [-51.745, 4.4165], [-51.7441, 4.4167], [-51.7436, 4.4158], [-51.7448, 4.4161], [-51.7461, 4.416], [-51.7456, 4.4152], [-51.745, 4.414], [-51.744, 4.4131], [-51.7429, 4.4122], [-51.7423, 4.4111], [-51.7418, 4.41], [-51.7406, 4.4086], [-51.7409, 4.4073], [-51.7415, 4.4064], [-51.7406, 4.4055], [-51.7394, 4.4046], [-51.7382, 4.4036], [-51.7372, 4.4029], [-51.7363, 4.4022], [-51.7347, 4.4017], [-51.7335, 4.4009], [-51.7323, 4.4001], [-51.7309, 4.3989], [-51.7297, 4.3979], [-51.7284, 4.3973], [-51.7273, 4.3966], [-51.7249, 4.3964], [-51.7232, 4.3964], [-51.7229, 4.3954], [-51.7221, 4.3958], [-51.7226, 4.3967], [-51.7212, 4.396], [-51.7216, 4.3951], [-51.7218, 4.3942], [-51.7208, 4.3948], [-51.7198, 4.3942], [-51.7186, 4.3939], [-51.7178, 4.3934], [-51.7168, 4.3933], [-51.7166, 4.3923], [-51.7156, 4.3929], [-51.7143, 4.3919], [-51.7137, 4.3909], [-51.7128, 4.39], [-51.7121, 4.3889], [-51.7117, 4.3879], [-51.7099, 4.3879], [-51.709, 4.3881], [-51.7079, 4.3886], [-51.7069, 4.3891], [-51.7054, 4.3893], [-51.7045, 4.3899], [-51.7036, 4.3901], [-51.7025, 4.3902], [-51.702, 4.3914], [-51.7016, 4.3929], [-51.7011, 4.3938], [-51.7004, 4.3948], [-51.7, 4.3959], [-51.6991, 4.396], [-51.6981, 4.3957], [-51.6972, 4.3954], [-51.6963, 4.3952], [-51.6953, 4.3949], [-51.6945, 4.3953], [-51.6935, 4.3952], [-51.6922, 4.3952], [-51.692, 4.3943], [-51.6912, 4.3933], [-51.691, 4.3917], [-51.6913, 4.3908], [-51.6912, 4.3898], [-51.692, 4.3886], [-51.6919, 4.3877], [-51.6922, 4.3866], [-51.6926, 4.3856], [-51.6925, 4.3845], [-51.692, 4.3836], [-51.692, 4.3827], [-51.6933, 4.3824], [-51.695, 4.3831], [-51.6961, 4.3838], [-51.6973, 4.3835], [-51.6992, 4.383], [-51.7, 4.3824], [-51.7013, 4.3817], [-51.7022, 4.3811], [-51.7031, 4.3801], [-51.7042, 4.3797], [-51.7045, 4.3788], [-51.7055, 4.3786], [-51.7055, 4.3777], [-51.7065, 4.3771], [-51.7068, 4.3763], [-51.7075, 4.3749], [-51.7085, 4.3736], [-51.709, 4.3714], [-51.7091, 4.3704], [-51.7095, 4.3695], [-51.7099, 4.3683], [-51.7105, 4.3667], [-51.7108, 4.3657], [-51.7112, 4.3649], [-51.7129, 4.364], [-51.7137, 4.3637], [-51.7134, 4.3628], [-51.7124, 4.3627], [-51.7129, 4.3616], [-51.714, 4.362], [-51.7153, 4.3614], [-51.7166, 4.3599], [-51.7169, 4.359], [-51.718, 4.358], [-51.7178, 4.3571], [-51.7186, 4.3568], [-51.7185, 4.3558], [-51.7178, 4.3549], [-51.7186, 4.354], [-51.7193, 4.3531], [-51.7191, 4.3522], [-51.719, 4.3512], [-51.7189, 4.3504], [-51.7192, 4.3489], [-51.7187, 4.3472], [-51.7181, 4.3461], [-51.7186, 4.345], [-51.718, 4.344], [-51.7182, 4.3428], [-51.718, 4.3418], [-51.7186, 4.3408], [-51.7185, 4.3398], [-51.7183, 4.3389], [-51.7181, 4.3379], [-51.7176, 4.3368], [-51.7176, 4.3358], [-51.7174, 4.3349], [-51.717, 4.3338], [-51.7168, 4.3328], [-51.7165, 4.3317], [-51.7166, 4.3308], [-51.7159, 4.3298], [-51.7159, 4.3289], [-51.7146, 4.3264], [-51.7142, 4.3244], [-51.7141, 4.3232], [-51.713, 4.3208], [-51.7126, 4.3195], [-51.7123, 4.3178], [-51.7116, 4.3161], [-51.7113, 4.3146], [-51.7106, 4.3138], [-51.7105, 4.3124], [-51.7096, 4.3115], [-51.7087, 4.3105], [-51.7082, 4.3096], [-51.7083, 4.3086], [-51.7079, 4.3072], [-51.7074, 4.3054], [-51.7066, 4.3042], [-51.7056, 4.3021], [-51.7051, 4.3012], [-51.7045, 4.3002], [-51.7035, 4.2991], [-51.7031, 4.2982], [-51.7029, 4.2973], [-51.7025, 4.2963], [-51.7017, 4.2952], [-51.7009, 4.2944], [-51.7009, 4.2936], [-51.6998, 4.2926], [-51.6993, 4.2914], [-51.6985, 4.29], [-51.6977, 4.2892], [-51.6966, 4.2887], [-51.6957, 4.2875], [-51.6947, 4.2861], [-51.6938, 4.2848], [-51.6929, 4.2834], [-51.692, 4.2821], [-51.6915, 4.2811], [-51.6906, 4.2791], [-51.6899, 4.2782], [-51.6893, 4.277], [-51.6887, 4.2761], [-51.6878, 4.2751], [-51.687, 4.2744], [-51.6863, 4.2735], [-51.6855, 4.2729], [-51.6846, 4.2729], [-51.6844, 4.2719], [-51.6835, 4.271], [-51.683, 4.27], [-51.6827, 4.2691], [-51.6817, 4.2685], [-51.6807, 4.2689], [-51.6798, 4.2692], [-51.6799, 4.2683], [-51.6793, 4.2672], [-51.6784, 4.2673], [-51.6775, 4.2668], [-51.6784, 4.2663], [-51.6794, 4.2659], [-51.6801, 4.265], [-51.6804, 4.264], [-51.6798, 4.2631], [-51.6797, 4.2622], [-51.6791, 4.2613], [-51.6786, 4.2604], [-51.6779, 4.2592], [-51.6772, 4.2583], [-51.6768, 4.2574], [-51.6766, 4.2565], [-51.6756, 4.2556], [-51.6753, 4.2545], [-51.6745, 4.2536], [-51.6739, 4.2525], [-51.6731, 4.252], [-51.6722, 4.2515], [-51.6714, 4.2506], [-51.6704, 4.2502], [-51.6706, 4.2493], [-51.6697, 4.2492], [-51.6696, 4.2483], [-51.6688, 4.2483], [-51.6679, 4.2477], [-51.6666, 4.247], [-51.6657, 4.2471], [-51.6648, 4.247], [-51.6639, 4.2473], [-51.6642, 4.2462], [-51.6633, 4.2458], [-51.663, 4.2449], [-51.6621, 4.2444], [-51.6613, 4.2439], [-51.6606, 4.2428], [-51.6604, 4.2419], [-51.6601, 4.241], [-51.6598, 4.24], [-51.6595, 4.239], [-51.6592, 4.238], [-51.6593, 4.2368], [-51.6591, 4.2359], [-51.6582, 4.2354], [-51.6575, 4.2345], [-51.6575, 4.2336], [-51.6576, 4.2326], [-51.658, 4.2317], [-51.6585, 4.2307], [-51.6591, 4.2297], [-51.6599, 4.2283], [-51.6604, 4.2273], [-51.6612, 4.2258], [-51.6618, 4.2245], [-51.6622, 4.2234], [-51.6628, 4.222], [-51.6632, 4.221], [-51.6635, 4.22], [-51.6637, 4.2191], [-51.6638, 4.218], [-51.6639, 4.2167], [-51.6637, 4.2154], [-51.6637, 4.2144], [-51.6637, 4.2126], [-51.6636, 4.2117], [-51.6637, 4.2104], [-51.6639, 4.2094], [-51.6644, 4.2077], [-51.6645, 4.2066], [-51.6648, 4.2056], [-51.6654, 4.2047], [-51.6658, 4.2038], [-51.6663, 4.2029], [-51.6668, 4.2018], [-51.6674, 4.2007], [-51.6678, 4.1998], [-51.6683, 4.1987], [-51.6689, 4.1977], [-51.6694, 4.1968], [-51.6689, 4.1955], [-51.6681, 4.1967], [-51.6676, 4.1977], [-51.667, 4.1989], [-51.6662, 4.2005], [-51.6657, 4.2014], [-51.6652, 4.2025], [-51.6647, 4.2035], [-51.6639, 4.2047], [-51.663, 4.2045], [-51.6635, 4.2055], [-51.6632, 4.2065], [-51.6632, 4.2076], [-51.6628, 4.2087], [-51.6626, 4.2101], [-51.6625, 4.2111], [-51.6625, 4.2122], [-51.6625, 4.2134], [-51.6625, 4.2146], [-51.6625, 4.2155], [-51.6625, 4.2163], [-51.6615, 4.2168], [-51.6623, 4.2167], [-51.6626, 4.2179], [-51.6625, 4.2189], [-51.6622, 4.2203], [-51.6618, 4.2214], [-51.6614, 4.2225], [-51.6609, 4.2239], [-51.6604, 4.2248], [-51.6598, 4.2257], [-51.6588, 4.2262], [-51.6578, 4.2264], [-51.657, 4.2264], [-51.6561, 4.2262], [-51.6552, 4.2257], [-51.6541, 4.2251], [-51.6531, 4.2248], [-51.6521, 4.2241], [-51.6511, 4.2236], [-51.6501, 4.2226], [-51.6489, 4.2216], [-51.6484, 4.2207], [-51.6476, 4.2204], [-51.6469, 4.2195], [-51.6461, 4.219], [-51.6454, 4.2181], [-51.6451, 4.2172], [-51.6445, 4.2162], [-51.6435, 4.2158], [-51.6433, 4.2149], [-51.6425, 4.2144], [-51.6416, 4.2139], [-51.641, 4.213], [-51.6466, 4.2049], [-51.648, 4.203], [-51.6523, 4.1972], [-51.6541, 4.1948], [-51.655, 4.1935], [-51.6619, 4.1841], [-51.6628, 4.1829], [-51.6639, 4.1813], [-51.6721, 4.1701], [-51.6796, 4.16], [-51.6826, 4.156], [-51.6834, 4.1548], [-51.6851, 4.1527], [-51.6862, 4.1511], [-51.6876, 4.1492], [-51.6888, 4.1476], [-51.6903, 4.1456], [-51.6913, 4.1442], [-51.6921, 4.1434], [-51.6926, 4.1424], [-51.6933, 4.1415], [-51.6942, 4.1403], [-51.6948, 4.1394], [-51.6961, 4.1382], [-51.697, 4.1376], [-51.6987, 4.1365], [-51.7, 4.1356], [-51.701, 4.1346], [-51.7019, 4.1344], [-51.7032, 4.1352], [-51.7045, 4.1355], [-51.7055, 4.135], [-51.706, 4.1341], [-51.707, 4.1331], [-51.7084, 4.1323], [-51.7095, 4.1316], [-51.7102, 4.1305], [-51.7093, 4.1297], [-51.7083, 4.1293], [-51.7066, 4.1289], [-51.7054, 4.1282], [-51.7044, 4.1269], [-51.7041, 4.1253], [-51.7041, 4.1228], [-51.7045, 4.1213], [-51.7051, 4.1203], [-51.706, 4.1195], [-51.7076, 4.1186], [-51.7095, 4.1174], [-51.7108, 4.1162], [-51.7119, 4.1153], [-51.7128, 4.1144], [-51.7137, 4.1131], [-51.7142, 4.1122], [-51.7148, 4.1109], [-51.715, 4.11], [-51.7151, 4.1088], [-51.7151, 4.1068], [-51.7148, 4.1058], [-51.7137, 4.1048], [-51.7084, 4.1046], [-51.7068, 4.1046], [-51.7046, 4.1046], [-51.7023, 4.1045], [-51.7013, 4.1043], [-51.7004, 4.1041], [-51.6989, 4.1036], [-51.6973, 4.1028], [-51.6959, 4.102], [-51.6952, 4.1011], [-51.6941, 4.0983], [-51.6936, 4.0962], [-51.6935, 4.0948], [-51.6934, 4.0932], [-51.6934, 4.0923], [-51.6935, 4.0908], [-51.6965, 4.0819], [-51.6972, 4.0804], [-51.6985, 4.0787], [-51.6995, 4.0779], [-51.7015, 4.0769], [-51.7067, 4.0744], [-51.7087, 4.0736], [-51.7121, 4.0726], [-51.7142, 4.072], [-51.7189, 4.0709], [-51.7204, 4.0704], [-51.7218, 4.0696], [-51.7229, 4.0687], [-51.724, 4.0675], [-51.7248, 4.0665], [-51.7261, 4.0651], [-51.727, 4.0633], [-51.7274, 4.0623], [-51.7285, 4.0612], [-51.7311, 4.0605], [-51.7326, 4.06], [-51.7338, 4.0595], [-51.7354, 4.0588], [-51.737, 4.0578], [-51.7382, 4.0565], [-51.739, 4.0549], [-51.7397, 4.0534], [-51.7413, 4.0533], [-51.7422, 4.0532], [-51.744, 4.0531], [-51.7452, 4.053], [-51.7465, 4.0529], [-51.7474, 4.0529], [-51.749, 4.0528], [-51.7502, 4.0527], [-51.7511, 4.0521], [-51.752, 4.051], [-51.7521, 4.05], [-51.7516, 4.0491], [-51.7511, 4.0482], [-51.752, 4.0455], [-51.7522, 4.0443], [-51.7526, 4.0433], [-51.7531, 4.0424], [-51.7546, 4.0421], [-51.7555, 4.0424], [-51.7563, 4.0427], [-51.7572, 4.0428], [-51.758, 4.0427], [-51.759, 4.0423], [-51.76, 4.0418], [-51.7612, 4.0411], [-51.7624, 4.0402], [-51.7646, 4.0406], [-51.7663, 4.0412], [-51.7677, 4.0414], [-51.7691, 4.0414], [-51.7702, 4.0417], [-51.7713, 4.0425], [-51.7719, 4.0434], [-51.7727, 4.0443], [-51.7738, 4.045], [-51.7757, 4.0441], [-51.7767, 4.0437], [-51.7781, 4.0433], [-51.779, 4.0432], [-51.7805, 4.0425], [-51.7815, 4.0422], [-51.7828, 4.0423], [-51.784, 4.0425], [-51.7849, 4.0425], [-51.7861, 4.0425], [-51.7869, 4.0422], [-51.788, 4.0411], [-51.7877, 4.04], [-51.7873, 4.0391], [-51.7872, 4.0378], [-51.788, 4.0364], [-51.7888, 4.0357], [-51.7895, 4.0346], [-51.7903, 4.0335], [-51.7913, 4.0329], [-51.7922, 4.0325], [-51.7935, 4.0315], [-51.7941, 4.0306], [-51.794, 4.0296], [-51.7931, 4.0291], [-51.7923, 4.0284], [-51.7919, 4.0276], [-51.7915, 4.0266], [-51.7912, 4.0252], [-51.7907, 4.0238], [-51.7907, 4.0228], [-51.7909, 4.0219], [-51.7912, 4.0209], [-51.7916, 4.0195], [-51.7916, 4.0185], [-51.7915, 4.0174], [-51.792, 4.0164], [-51.7936, 4.0157], [-51.7943, 4.0146], [-51.794, 4.0134], [-51.7928, 4.0125], [-51.7916, 4.0118], [-51.7905, 4.0118], [-51.7895, 4.0119], [-51.789, 4.0094], [-51.7879, 4.0099], [-51.7863, 4.0096], [-51.7854, 4.0091], [-51.7841, 4.0084], [-51.7831, 4.0075], [-51.7826, 4.0061], [-51.782, 4.0048], [-51.7818, 4.0038], [-51.7822, 4.0028], [-51.7845, 4.0017], [-51.7855, 4.0015], [-51.7871, 4.0013], [-51.788, 4.0014], [-51.7892, 4.0017], [-51.7902, 4.0025], [-51.7941, 4.0009], [-51.7938, 3.9997], [-51.7945, 3.9982], [-51.7946, 3.9973], [-51.7959, 3.997], [-51.7971, 3.9967], [-51.7973, 3.9951], [-51.7973, 3.9942], [-51.7976, 3.9931], [-51.7986, 3.9924], [-51.7998, 3.9923], [-51.8008, 3.9924], [-51.802, 3.9919], [-51.8031, 3.991], [-51.8054, 3.9901], [-51.8066, 3.9894], [-51.8068, 3.9884], [-51.807, 3.9875], [-51.8087, 3.9869], [-51.8097, 3.987], [-51.811, 3.9871], [-51.8125, 3.9879], [-51.8131, 3.9888], [-51.8143, 3.9895], [-51.8153, 3.9896], [-51.8162, 3.9897], [-51.8166, 3.9908], [-51.8164, 3.9922], [-51.8166, 3.9931], [-51.8175, 3.9935], [-51.8196, 3.9931], [-51.8206, 3.9916], [-51.8215, 3.99], [-51.8226, 3.9896], [-51.8239, 3.9895], [-51.8249, 3.9901], [-51.8259, 3.9912], [-51.8273, 3.9928], [-51.8283, 3.9933], [-51.8292, 3.9933], [-51.8304, 3.9931], [-51.8313, 3.9917], [-51.8321, 3.9898], [-51.8332, 3.9893], [-51.8344, 3.9895], [-51.8355, 3.9907], [-51.8365, 3.9914], [-51.8374, 3.9914], [-51.8377, 3.9905], [-51.8375, 3.9894], [-51.8386, 3.9891], [-51.8398, 3.9895], [-51.8407, 3.9896], [-51.8419, 3.9895], [-51.8431, 3.9887], [-51.8443, 3.9885], [-51.8454, 3.9885], [-51.8468, 3.9904], [-51.8478, 3.9909], [-51.8488, 3.9897], [-51.8496, 3.9893], [-51.8509, 3.9896], [-51.8518, 3.9897], [-51.8527, 3.9896], [-51.8534, 3.9882], [-51.8534, 3.9873], [-51.8532, 3.9861], [-51.8539, 3.9841], [-51.8545, 3.9832], [-51.8552, 3.9822], [-51.8553, 3.9813], [-51.8543, 3.9806], [-51.854, 3.9792], [-51.8542, 3.978], [-51.8546, 3.9768], [-51.8555, 3.9762], [-51.8564, 3.9763], [-51.8577, 3.9783], [-51.8589, 3.9798], [-51.8598, 3.9799], [-51.8604, 3.979], [-51.8614, 3.9782], [-51.8618, 3.9774], [-51.862, 3.9756], [-51.8621, 3.9747], [-51.8635, 3.9741], [-51.8658, 3.976], [-51.8665, 3.977], [-51.8666, 3.9779], [-51.8676, 3.9782], [-51.8686, 3.9777], [-51.8696, 3.9773], [-51.8708, 3.9769], [-51.8718, 3.9765], [-51.8728, 3.9762], [-51.8739, 3.9763], [-51.875, 3.9777], [-51.8753, 3.9786], [-51.8756, 3.9796], [-51.8761, 3.9805], [-51.8774, 3.9807], [-51.8784, 3.981], [-51.8795, 3.9817], [-51.8805, 3.9819], [-51.8814, 3.9809], [-51.8825, 3.9814], [-51.8833, 3.9824], [-51.8844, 3.9823], [-51.8853, 3.9817], [-51.8863, 3.9826], [-51.8876, 3.9841], [-51.8885, 3.9848], [-51.8896, 3.9854], [-51.8903, 3.9866], [-51.8904, 3.9882], [-51.8909, 3.9893], [-51.8935, 3.9902], [-51.8944, 3.9902], [-51.8968, 3.9903], [-51.8978, 3.99], [-51.8985, 3.9892], [-51.8994, 3.9886], [-51.9012, 3.9891], [-51.9021, 3.9894], [-51.9031, 3.9895], [-51.9042, 3.9895], [-51.9052, 3.99], [-51.9066, 3.991], [-51.908, 3.9912], [-51.909, 3.9915], [-51.9103, 3.9925], [-51.9108, 3.9936], [-51.9111, 3.9946], [-51.9114, 3.9955], [-51.9121, 3.9963], [-51.9133, 3.9978], [-51.9147, 3.9989], [-51.9163, 3.9992], [-51.9188, 3.9991], [-51.9197, 3.9993], [-51.9207, 3.9995], [-51.9215, 4.0002], [-51.9218, 4.0017], [-51.9227, 4.0025], [-51.9239, 4.0024], [-51.9252, 4.0023], [-51.9266, 4.0023], [-51.9284, 4.002], [-51.93, 4.0027], [-51.9312, 4.0034], [-51.9328, 4.0015], [-51.9334, 4.0001], [-51.9338, 3.9991], [-51.9338, 3.9976], [-51.9341, 3.9964], [-51.936, 3.9967], [-51.9376, 3.9969], [-51.9385, 3.9968], [-51.938, 3.9986], [-51.9375, 4.0001], [-51.9377, 4.0018], [-51.9382, 4.0038], [-51.9385, 4.0048], [-51.9396, 4.0051], [-51.9405, 4.0046], [-51.942, 4.0032], [-51.9433, 4.002], [-51.9432, 4.0009], [-51.9432, 3.9988], [-51.9438, 3.9977], [-51.9448, 3.9973], [-51.9457, 3.9973], [-51.9473, 3.9973], [-51.9483, 3.9975], [-51.9492, 3.9986], [-51.9502, 3.9997], [-51.9511, 3.9999], [-51.952, 3.9989], [-51.9533, 3.9991], [-51.9547, 4.0001], [-51.9553, 4.0014], [-51.956, 4.0025], [-51.9572, 4.0033], [-51.9582, 4.0039], [-51.9603, 4.0033], [-51.9613, 4.0031], [-51.9625, 4.0035], [-51.963, 4.0037]]]}}, {"type": "Feature", "properties": {"nom": "Sa\u00fcl", "code": "97352", "codeDepartement": "973", "siren": "219733524", "codeEpci": "249730037", "codeRegion": "03", "codesPostaux": ["97314"], "population": 277}, "geometry": {"type": "Polygon", "coordinates": [[[-53.3514, 4.3606], [-53.3437, 4.3452], [-53.3438, 4.332], [-53.3346, 4.3261], [-53.3201, 4.3277], [-53.3118, 4.3171], [-53.3074, 4.3106], [-53.3032, 4.304], [-53.3052, 4.2943], [-53.313, 4.2893], [-53.3184, 4.2861], [-53.317, 4.2772], [-53.3103, 4.2694], [-53.3081, 4.2597], [-53.3176, 4.2539], [-53.3018, 4.2504], [-53.2927, 4.2542], [-53.2869, 4.2528], [-53.2829, 4.246], [-53.2808, 4.2402], [-53.2542, 4.2312], [-53.2503, 4.2208], [-53.2522, 4.2111], [-53.2492, 4.1947], [-53.2361, 4.1937], [-53.2272, 4.1841], [-53.2213, 4.1576], [-53.2083, 4.1441], [-53.2092, 4.1397], [-53.2134, 4.1198], [-53.2204, 4.1129], [-53.2331, 4.1065], [-53.2408, 4.0951], [-53.2416, 4.0822], [-53.2397, 4.0671], [-53.2353, 4.0541], [-53.2276, 4.0436], [-53.2178, 4.0372], [-53.2088, 4.0347], [-53.2074, 4.0223], [-53.2041, 4.0164], [-53.1972, 4.0084], [-53.199, 3.9997], [-53.1961, 3.9915], [-53.1859, 3.9747], [-53.1784, 3.9529], [-53.172, 3.9298], [-53.1642, 3.9129], [-53.1549, 3.9045], [-53.1472, 3.8987], [-53.1377, 3.8962], [-53.1321, 3.888], [-53.1333, 3.8718], [-53.1404, 3.8623], [-53.1511, 3.8607], [-53.1608, 3.8582], [-53.1699, 3.8497], [-53.1941, 3.8256], [-53.1964, 3.8164], [-53.2052, 3.8113], [-53.2155, 3.813], [-53.2276, 3.8099], [-53.2284, 3.8016], [-53.2213, 3.7915], [-53.2112, 3.7791], [-53.2049, 3.7694], [-53.1978, 3.7644], [-53.1835, 3.7619], [-53.1786, 3.7554], [-53.1753, 3.7427], [-53.1633, 3.7261], [-53.1395, 3.7019], [-53.1337, 3.6889], [-53.1316, 3.671], [-53.1295, 3.6531], [-53.1274, 3.6352], [-53.1298, 3.6253], [-53.1372, 3.6135], [-53.1341, 3.6065], [-53.122, 3.601], [-53.1159, 3.6053], [-53.109, 3.6135], [-53.1001, 3.6156], [-53.089, 3.6095], [-53.0862, 3.6014], [-53.0941, 3.5937], [-53.1017, 3.587], [-53.1027, 3.5793], [-53.0974, 3.5641], [-53.0984, 3.5468], [-53.1067, 3.5332], [-53.1234, 3.521], [-53.1285, 3.5143], [-53.1296, 3.5018], [-53.1381, 3.4874], [-53.1429, 3.4782], [-53.1392, 3.4717], [-53.1265, 3.4608], [-53.1252, 3.4501], [-53.1275, 3.4435], [-53.1214, 3.4342], [-53.1251, 3.4271], [-53.1343, 3.423], [-53.1471, 3.4144], [-53.1575, 3.4069], [-53.162, 3.3944], [-53.1615, 3.3823], [-53.1548, 3.3616], [-53.1533, 3.3503], [-53.1591, 3.3341], [-53.1711, 3.3167], [-53.1626, 3.3031], [-53.1541, 3.2895], [-53.1457, 3.2759], [-53.1372, 3.2702], [-53.1182, 3.2635], [-53.111, 3.2636], [-53.1123, 3.2502], [-53.1039, 3.2368], [-53.1009, 3.2299], [-53.1131, 3.2317], [-53.1189, 3.2317], [-53.1197, 3.232], [-53.1211, 3.2322], [-53.1217, 3.2331], [-53.1225, 3.2331], [-53.1253, 3.2331], [-53.1267, 3.2334], [-53.1275, 3.2345], [-53.1284, 3.2356], [-53.1289, 3.2364], [-53.1297, 3.2406], [-53.1311, 3.242], [-53.1334, 3.242], [-53.135, 3.2422], [-53.1359, 3.2425], [-53.1378, 3.2428], [-53.1389, 3.2431], [-53.1403, 3.2442], [-53.1403, 3.2459], [-53.142, 3.2464], [-53.1431, 3.2472], [-53.1428, 3.2481], [-53.1425, 3.2492], [-53.1428, 3.2503], [-53.1447, 3.2531], [-53.1464, 3.2531], [-53.1497, 3.257], [-53.1517, 3.257], [-53.1525, 3.2575], [-53.1567, 3.2575], [-53.1595, 3.2581], [-53.1611, 3.2595], [-53.165, 3.2634], [-53.1664, 3.2645], [-53.1672, 3.2659], [-53.1681, 3.2661], [-53.1697, 3.2672], [-53.1714, 3.2684], [-53.1722, 3.27], [-53.1725, 3.2714], [-53.1734, 3.272], [-53.1747, 3.2734], [-53.1747, 3.2747], [-53.1747, 3.2759], [-53.1747, 3.2781], [-53.1756, 3.2789], [-53.1756, 3.28], [-53.1761, 3.2814], [-53.1759, 3.2825], [-53.1761, 3.2845], [-53.1784, 3.2867], [-53.1784, 3.2889], [-53.18, 3.2895], [-53.1811, 3.2906], [-53.1828, 3.2906], [-53.1853, 3.29], [-53.187, 3.2917], [-53.1881, 3.2917], [-53.1886, 3.2931], [-53.19, 3.2936], [-53.1911, 3.295], [-53.192, 3.2959], [-53.1934, 3.2964], [-53.1947, 3.2964], [-53.1956, 3.2972], [-53.1975, 3.2972], [-53.1984, 3.2975], [-53.2009, 3.2981], [-53.2017, 3.2989], [-53.2028, 3.2992], [-53.2072, 3.2992], [-53.2117, 3.3], [-53.2131, 3.3003], [-53.215, 3.3017], [-53.2164, 3.3028], [-53.2175, 3.3036], [-53.2189, 3.3036], [-53.2203, 3.305], [-53.2222, 3.3061], [-53.2234, 3.307], [-53.225, 3.3072], [-53.2311, 3.3075], [-53.2325, 3.3078], [-53.2336, 3.3086], [-53.2345, 3.3092], [-53.2364, 3.3092], [-53.2384, 3.3111], [-53.2392, 3.3122], [-53.2403, 3.3134], [-53.2428, 3.3164], [-53.2428, 3.3181], [-53.2425, 3.3203], [-53.2445, 3.3222], [-53.2445, 3.325], [-53.2453, 3.3331], [-53.2461, 3.3347], [-53.2459, 3.3356], [-53.2447, 3.3356], [-53.2439, 3.3359], [-53.2426, 3.3352], [-53.2418, 3.3352], [-53.2424, 3.3361], [-53.2427, 3.3372], [-53.2429, 3.3385], [-53.2428, 3.3394], [-53.2429, 3.3405], [-53.243, 3.3414], [-53.2425, 3.3423], [-53.242, 3.3431], [-53.2412, 3.344], [-53.241, 3.3448], [-53.2419, 3.346], [-53.2417, 3.347], [-53.2422, 3.3479], [-53.242, 3.3492], [-53.2422, 3.3502], [-53.2416, 3.3516], [-53.2414, 3.3528], [-53.2411, 3.354], [-53.2411, 3.3552], [-53.2405, 3.3561], [-53.2396, 3.356], [-53.2388, 3.3567], [-53.2396, 3.3573], [-53.2405, 3.3576], [-53.2399, 3.3585], [-53.2389, 3.3592], [-53.2386, 3.3607], [-53.2392, 3.3618], [-53.2392, 3.3628], [-53.2389, 3.3639], [-53.2385, 3.3649], [-53.2384, 3.3659], [-53.2393, 3.3666], [-53.2388, 3.368], [-53.2386, 3.369], [-53.239, 3.3701], [-53.2378, 3.3708], [-53.2376, 3.3718], [-53.2371, 3.373], [-53.2366, 3.3741], [-53.2364, 3.3751], [-53.2354, 3.3761], [-53.2355, 3.3771], [-53.2358, 3.378], [-53.2365, 3.379], [-53.2365, 3.3803], [-53.2362, 3.3812], [-53.2365, 3.3822], [-53.2355, 3.3831], [-53.2355, 3.3843], [-53.2364, 3.3853], [-53.2361, 3.3866], [-53.2361, 3.3875], [-53.237, 3.3879], [-53.2366, 3.3889], [-53.2358, 3.389], [-53.2347, 3.3892], [-53.2338, 3.3896], [-53.2329, 3.3894], [-53.2333, 3.3904], [-53.234, 3.3913], [-53.2356, 3.3925], [-53.2364, 3.393], [-53.2366, 3.3941], [-53.236, 3.395], [-53.235, 3.3957], [-53.2354, 3.397], [-53.2365, 3.3975], [-53.2363, 3.3966], [-53.2374, 3.3968], [-53.2383, 3.397], [-53.2396, 3.3976], [-53.2407, 3.3987], [-53.2416, 3.399], [-53.2424, 3.3991], [-53.2434, 3.3994], [-53.2453, 3.4002], [-53.2463, 3.4006], [-53.248, 3.4013], [-53.2491, 3.4014], [-53.25, 3.4013], [-53.2511, 3.4018], [-53.2517, 3.4027], [-53.2526, 3.4029], [-53.2536, 3.4032], [-53.2546, 3.4024], [-53.2556, 3.4027], [-53.2566, 3.403], [-53.2575, 3.4029], [-53.2584, 3.4032], [-53.2596, 3.404], [-53.2605, 3.4044], [-53.2608, 3.4055], [-53.2606, 3.4066], [-53.2612, 3.4076], [-53.2626, 3.4085], [-53.2637, 3.4087], [-53.2649, 3.4085], [-53.2657, 3.4083], [-53.2667, 3.4081], [-53.2678, 3.4069], [-53.2687, 3.4072], [-53.2696, 3.4083], [-53.2707, 3.4089], [-53.2711, 3.4099], [-53.2711, 3.411], [-53.272, 3.4119], [-53.2729, 3.4118], [-53.2739, 3.4112], [-53.2749, 3.4108], [-53.2755, 3.4099], [-53.2756, 3.4087], [-53.2759, 3.4076], [-53.2777, 3.4072], [-53.2794, 3.4068], [-53.2804, 3.4061], [-53.2812, 3.4051], [-53.282, 3.4042], [-53.2828, 3.404], [-53.2839, 3.4036], [-53.2849, 3.4039], [-53.2859, 3.4043], [-53.2861, 3.4053], [-53.2861, 3.4064], [-53.2872, 3.4075], [-53.2871, 3.4084], [-53.2882, 3.409], [-53.2891, 3.4096], [-53.2894, 3.4105], [-53.2904, 3.4108], [-53.2914, 3.4104], [-53.2923, 3.41], [-53.2925, 3.4091], [-53.2933, 3.4087], [-53.2944, 3.4081], [-53.2954, 3.4084], [-53.2953, 3.4075], [-53.2961, 3.4076], [-53.2958, 3.4067], [-53.2969, 3.4068], [-53.2978, 3.4063], [-53.298, 3.4052], [-53.298, 3.404], [-53.2987, 3.4031], [-53.2997, 3.4028], [-53.3006, 3.4029], [-53.3003, 3.4037], [-53.3015, 3.4042], [-53.3025, 3.4043], [-53.3034, 3.4035], [-53.3043, 3.4034], [-53.3053, 3.4031], [-53.3062, 3.4034], [-53.3062, 3.4024], [-53.307, 3.403], [-53.3074, 3.4039], [-53.3082, 3.4049], [-53.3089, 3.4061], [-53.3098, 3.4067], [-53.3108, 3.4065], [-53.3119, 3.406], [-53.313, 3.4053], [-53.314, 3.4044], [-53.3149, 3.4042], [-53.3143, 3.4051], [-53.3152, 3.4053], [-53.315, 3.4063], [-53.3151, 3.4075], [-53.3153, 3.4088], [-53.3158, 3.4097], [-53.316, 3.4106], [-53.3171, 3.4104], [-53.3182, 3.4104], [-53.3185, 3.4115], [-53.3197, 3.413], [-53.3205, 3.4134], [-53.3216, 3.4137], [-53.3223, 3.4147], [-53.3224, 3.4158], [-53.3221, 3.4175], [-53.3223, 3.4184], [-53.3231, 3.4175], [-53.324, 3.4161], [-53.3249, 3.4152], [-53.326, 3.4142], [-53.3272, 3.4135], [-53.3284, 3.4133], [-53.3294, 3.4133], [-53.3303, 3.4126], [-53.3303, 3.4112], [-53.331, 3.4122], [-53.3315, 3.4132], [-53.3322, 3.4141], [-53.3325, 3.4151], [-53.3326, 3.4161], [-53.3326, 3.417], [-53.3332, 3.4178], [-53.3341, 3.418], [-53.3344, 3.4171], [-53.3352, 3.4161], [-53.3361, 3.4157], [-53.3371, 3.416], [-53.338, 3.4162], [-53.3385, 3.4171], [-53.3394, 3.4178], [-53.3403, 3.4179], [-53.3413, 3.4184], [-53.3415, 3.4195], [-53.3419, 3.4204], [-53.3428, 3.4215], [-53.3434, 3.4225], [-53.3445, 3.4233], [-53.3451, 3.4223], [-53.3453, 3.421], [-53.3462, 3.4214], [-53.3475, 3.4226], [-53.3484, 3.4227], [-53.3493, 3.4229], [-53.3504, 3.4236], [-53.3513, 3.4241], [-53.3522, 3.4236], [-53.3529, 3.4246], [-53.3539, 3.425], [-53.3548, 3.4249], [-53.3557, 3.4232], [-53.3564, 3.4222], [-53.3574, 3.4217], [-53.3588, 3.4215], [-53.3599, 3.4217], [-53.3608, 3.4223], [-53.3617, 3.4228], [-53.3626, 3.4234], [-53.3635, 3.4232], [-53.3637, 3.4241], [-53.3648, 3.4243], [-53.3659, 3.4247], [-53.3667, 3.4259], [-53.3669, 3.427], [-53.3666, 3.4279], [-53.3674, 3.4284], [-53.3683, 3.4284], [-53.3694, 3.4283], [-53.3702, 3.4292], [-53.371, 3.4293], [-53.3722, 3.4291], [-53.373, 3.4282], [-53.3738, 3.4276], [-53.3747, 3.4273], [-53.3756, 3.4275], [-53.3766, 3.4275], [-53.3776, 3.4271], [-53.3787, 3.427], [-53.3795, 3.4281], [-53.3806, 3.4293], [-53.3815, 3.4295], [-53.3828, 3.4284], [-53.3839, 3.4274], [-53.3849, 3.427], [-53.386, 3.4274], [-53.387, 3.4272], [-53.3879, 3.4275], [-53.3889, 3.4267], [-53.39, 3.428], [-53.3909, 3.4283], [-53.3923, 3.4279], [-53.393, 3.4271], [-53.3943, 3.4263], [-53.3954, 3.4263], [-53.3965, 3.4268], [-53.3975, 3.4273], [-53.3987, 3.4278], [-53.3996, 3.4279], [-53.4009, 3.4286], [-53.4022, 3.4293], [-53.4031, 3.4296], [-53.4031, 3.4308], [-53.4023, 3.4319], [-53.4019, 3.4328], [-53.4021, 3.4336], [-53.4029, 3.4343], [-53.4041, 3.4347], [-53.4052, 3.4348], [-53.4064, 3.435], [-53.4076, 3.435], [-53.4088, 3.4346], [-53.4098, 3.4335], [-53.4096, 3.4323], [-53.4087, 3.4308], [-53.4088, 3.4297], [-53.4099, 3.4295], [-53.4108, 3.4304], [-53.4117, 3.4309], [-53.4127, 3.4307], [-53.414, 3.4304], [-53.4151, 3.43], [-53.4157, 3.4291], [-53.4156, 3.4281], [-53.4164, 3.4274], [-53.4173, 3.4276], [-53.4182, 3.4276], [-53.4192, 3.4272], [-53.42, 3.4271], [-53.4209, 3.4264], [-53.4218, 3.4264], [-53.4226, 3.4263], [-53.4223, 3.4254], [-53.4234, 3.4244], [-53.4246, 3.4234], [-53.4247, 3.4225], [-53.4248, 3.4214], [-53.4253, 3.4206], [-53.4262, 3.42], [-53.4265, 3.4212], [-53.4266, 3.4226], [-53.4267, 3.4239], [-53.4272, 3.4249], [-53.4282, 3.4257], [-53.4291, 3.4259], [-53.4294, 3.4268], [-53.4285, 3.4279], [-53.4294, 3.4292], [-53.4296, 3.43], [-53.4285, 3.4297], [-53.4284, 3.4306], [-53.4297, 3.4313], [-53.4299, 3.4321], [-53.4291, 3.432], [-53.4286, 3.4334], [-53.429, 3.4342], [-53.43, 3.4348], [-53.4308, 3.436], [-53.4299, 3.4367], [-53.4297, 3.438], [-53.4293, 3.439], [-53.4293, 3.44], [-53.4294, 3.4413], [-53.4285, 3.4417], [-53.4276, 3.4419], [-53.4268, 3.441], [-53.4259, 3.44], [-53.425, 3.44], [-53.4241, 3.4403], [-53.4231, 3.4414], [-53.4232, 3.4423], [-53.4226, 3.4434], [-53.4227, 3.4443], [-53.4217, 3.4445], [-53.4206, 3.4449], [-53.4196, 3.4459], [-53.4193, 3.4468], [-53.4193, 3.4478], [-53.4196, 3.449], [-53.4201, 3.45], [-53.4199, 3.451], [-53.4198, 3.4519], [-53.4198, 3.4528], [-53.4198, 3.4537], [-53.4199, 3.4548], [-53.42, 3.4557], [-53.4195, 3.4568], [-53.4187, 3.4579], [-53.4184, 3.4588], [-53.4179, 3.4597], [-53.4171, 3.4595], [-53.4166, 3.4607], [-53.4166, 3.4617], [-53.4179, 3.4622], [-53.4179, 3.4633], [-53.4171, 3.4638], [-53.416, 3.4646], [-53.4163, 3.466], [-53.417, 3.4669], [-53.4179, 3.4675], [-53.4188, 3.4681], [-53.4184, 3.4692], [-53.4181, 3.47], [-53.4184, 3.471], [-53.4175, 3.471], [-53.4165, 3.4717], [-53.4162, 3.4725], [-53.4153, 3.4721], [-53.4145, 3.4721], [-53.4135, 3.4728], [-53.4126, 3.4733], [-53.4132, 3.4742], [-53.4127, 3.4751], [-53.4133, 3.4761], [-53.4131, 3.4771], [-53.4119, 3.4778], [-53.4114, 3.4787], [-53.4115, 3.4796], [-53.4123, 3.4805], [-53.4133, 3.4811], [-53.4129, 3.4821], [-53.4118, 3.4826], [-53.4108, 3.4832], [-53.4097, 3.4831], [-53.4087, 3.4837], [-53.4084, 3.4846], [-53.4085, 3.4857], [-53.4076, 3.4862], [-53.4067, 3.4868], [-53.4073, 3.4878], [-53.4076, 3.4889], [-53.4063, 3.4892], [-53.4066, 3.49], [-53.4067, 3.4911], [-53.4069, 3.492], [-53.4064, 3.493], [-53.4061, 3.494], [-53.4049, 3.4942], [-53.4044, 3.4934], [-53.4035, 3.493], [-53.4025, 3.4938], [-53.4016, 3.4934], [-53.4019, 3.4942], [-53.4009, 3.4944], [-53.4, 3.495], [-53.3995, 3.4962], [-53.3986, 3.497], [-53.398, 3.4979], [-53.3981, 3.4988], [-53.3986, 3.4999], [-53.3988, 3.5011], [-53.3994, 3.5025], [-53.3997, 3.5035], [-53.3995, 3.5044], [-53.3985, 3.5052], [-53.3974, 3.5055], [-53.3963, 3.5059], [-53.3968, 3.5068], [-53.3983, 3.5065], [-53.3993, 3.5066], [-53.4002, 3.5068], [-53.3996, 3.5077], [-53.3985, 3.5081], [-53.3978, 3.5092], [-53.3976, 3.5105], [-53.3972, 3.5117], [-53.3973, 3.5126], [-53.3978, 3.5139], [-53.3978, 3.5148], [-53.3984, 3.5162], [-53.3982, 3.5174], [-53.3984, 3.5184], [-53.3975, 3.5188], [-53.3974, 3.5197], [-53.3981, 3.5205], [-53.3984, 3.5214], [-53.3995, 3.5215], [-53.4004, 3.5219], [-53.4007, 3.5228], [-53.4007, 3.5238], [-53.3995, 3.5243], [-53.3987, 3.5252], [-53.3974, 3.5255], [-53.3979, 3.5265], [-53.3983, 3.5275], [-53.3979, 3.5288], [-53.3969, 3.5298], [-53.3961, 3.5313], [-53.3964, 3.5324], [-53.3965, 3.5336], [-53.3954, 3.5338], [-53.3946, 3.5333], [-53.395, 3.5342], [-53.3953, 3.5351], [-53.3966, 3.535], [-53.3975, 3.5358], [-53.3965, 3.5359], [-53.3965, 3.5368], [-53.3965, 3.5377], [-53.3959, 3.539], [-53.3956, 3.5399], [-53.3947, 3.5413], [-53.3941, 3.5422], [-53.3945, 3.543], [-53.3956, 3.543], [-53.3965, 3.5438], [-53.3958, 3.5448], [-53.3963, 3.5458], [-53.3951, 3.546], [-53.3943, 3.5468], [-53.3933, 3.5475], [-53.3925, 3.548], [-53.3916, 3.5486], [-53.3918, 3.5495], [-53.3919, 3.5504], [-53.3908, 3.5511], [-53.3904, 3.552], [-53.3902, 3.5529], [-53.3911, 3.5538], [-53.3909, 3.5546], [-53.3916, 3.5555], [-53.392, 3.557], [-53.3922, 3.5581], [-53.3939, 3.5584], [-53.3953, 3.5595], [-53.3953, 3.5617], [-53.395, 3.5631], [-53.3945, 3.5642], [-53.3947, 3.5692], [-53.3959, 3.5709], [-53.3959, 3.5731], [-53.395, 3.5739], [-53.395, 3.5775], [-53.3953, 3.5789], [-53.3934, 3.5811], [-53.3939, 3.582], [-53.3934, 3.5828], [-53.3934, 3.5839], [-53.3925, 3.5842], [-53.3917, 3.5859], [-53.392, 3.592], [-53.3911, 3.5925], [-53.3911, 3.5947], [-53.3892, 3.5967], [-53.3892, 3.5981], [-53.3878, 3.5997], [-53.3859, 3.6017], [-53.3847, 3.6022], [-53.385, 3.6034], [-53.3856, 3.6045], [-53.3859, 3.6084], [-53.385, 3.6109], [-53.3859, 3.6114], [-53.3872, 3.6139], [-53.3878, 3.6161], [-53.3886, 3.617], [-53.3886, 3.6195], [-53.3895, 3.6203], [-53.3909, 3.6203], [-53.392, 3.6214], [-53.3961, 3.625], [-53.3964, 3.6261], [-53.3964, 3.6322], [-53.397, 3.6347], [-53.3992, 3.6372], [-53.3992, 3.6381], [-53.3997, 3.6392], [-53.4009, 3.6397], [-53.402, 3.6386], [-53.4031, 3.6386], [-53.4042, 3.6395], [-53.4067, 3.6395], [-53.4089, 3.64], [-53.4117, 3.6395], [-53.4131, 3.64], [-53.4131, 3.6428], [-53.4139, 3.6436], [-53.4161, 3.6436], [-53.4167, 3.6461], [-53.4159, 3.647], [-53.4164, 3.6478], [-53.4163, 3.6487], [-53.4164, 3.6517], [-53.4167, 3.6559], [-53.4178, 3.6572], [-53.4181, 3.6581], [-53.4184, 3.6603], [-53.4167, 3.6614], [-53.4167, 3.6634], [-53.417, 3.6678], [-53.417, 3.6706], [-53.4164, 3.672], [-53.4172, 3.6731], [-53.4172, 3.6756], [-53.4184, 3.6767], [-53.4184, 3.6786], [-53.4184, 3.6795], [-53.4189, 3.6814], [-53.42, 3.6856], [-53.4198, 3.6905], [-53.418, 3.6936], [-53.4157, 3.697], [-53.414, 3.6988], [-53.4123, 3.7012], [-53.4106, 3.7051], [-53.409, 3.7089], [-53.4092, 3.7139], [-53.4114, 3.719], [-53.4154, 3.7224], [-53.4194, 3.7256], [-53.4231, 3.733], [-53.4267, 3.7402], [-53.4315, 3.7471], [-53.4343, 3.7512], [-53.4388, 3.7528], [-53.4422, 3.7614], [-53.4461, 3.7643], [-53.4495, 3.7657], [-53.4554, 3.7679], [-53.461, 3.7682], [-53.4656, 3.77], [-53.4727, 3.7731], [-53.4779, 3.778], [-53.4826, 3.7822], [-53.4887, 3.7886], [-53.4933, 3.7942], [-53.4964, 3.7967], [-53.5022, 3.8041], [-53.5053, 3.8074], [-53.5085, 3.8099], [-53.5113, 3.8113], [-53.5118, 3.817], [-53.5122, 3.8222], [-53.5136, 3.8291], [-53.5169, 3.8317], [-53.5172, 3.8335], [-53.5184, 3.8357], [-53.5175, 3.84], [-53.5179, 3.8418], [-53.5197, 3.842], [-53.5221, 3.8413], [-53.524, 3.843], [-53.5264, 3.8417], [-53.5274, 3.8419], [-53.5279, 3.8434], [-53.5268, 3.8446], [-53.5244, 3.8463], [-53.5234, 3.8476], [-53.5231, 3.8512], [-53.5205, 3.853], [-53.5188, 3.8545], [-53.5174, 3.8567], [-53.5154, 3.8607], [-53.5167, 3.8617], [-53.5187, 3.8601], [-53.5213, 3.8607], [-53.5241, 3.8611], [-53.5256, 3.8618], [-53.5274, 3.8616], [-53.5279, 3.8637], [-53.5283, 3.8681], [-53.5329, 3.8685], [-53.532, 3.8721], [-53.5298, 3.876], [-53.5322, 3.8788], [-53.534, 3.8788], [-53.5357, 3.8774], [-53.5367, 3.8775], [-53.5376, 3.8779], [-53.5375, 3.8789], [-53.5364, 3.8804], [-53.5343, 3.8821], [-53.5355, 3.8828], [-53.5408, 3.8821], [-53.5427, 3.8821], [-53.5434, 3.883], [-53.5431, 3.8846], [-53.5407, 3.8871], [-53.5411, 3.8889], [-53.5421, 3.8902], [-53.5431, 3.8901], [-53.5443, 3.889], [-53.5461, 3.8871], [-53.5479, 3.887], [-53.5509, 3.8887], [-53.5551, 3.8906], [-53.5553, 3.8935], [-53.5567, 3.8937], [-53.558, 3.8949], [-53.5603, 3.8934], [-53.5621, 3.8914], [-53.5638, 3.8908], [-53.5655, 3.8913], [-53.5664, 3.8949], [-53.5663, 3.8982], [-53.5656, 3.9011], [-53.5636, 3.903], [-53.5623, 3.9063], [-53.5626, 3.9072], [-53.5646, 3.9086], [-53.5683, 3.9097], [-53.5687, 3.9112], [-53.5667, 3.913], [-53.567, 3.9147], [-53.5641, 3.9144], [-53.5621, 3.9179], [-53.5607, 3.9179], [-53.5574, 3.9208], [-53.5549, 3.921], [-53.554, 3.9235], [-53.5522, 3.9256], [-53.552, 3.9279], [-53.5511, 3.9281], [-53.5508, 3.9301], [-53.5537, 3.9313], [-53.5563, 3.9314], [-53.5587, 3.9331], [-53.5604, 3.9334], [-53.5629, 3.9323], [-53.5643, 3.9336], [-53.5661, 3.9342], [-53.5688, 3.9345], [-53.569, 3.9361], [-53.5685, 3.9396], [-53.5692, 3.9412], [-53.5718, 3.9418], [-53.5763, 3.9428], [-53.578, 3.9427], [-53.5782, 3.9442], [-53.5796, 3.9448], [-53.5816, 3.9407], [-53.5828, 3.9395], [-53.5844, 3.9387], [-53.586, 3.9363], [-53.5875, 3.9366], [-53.5889, 3.9381], [-53.5905, 3.9384], [-53.5913, 3.9372], [-53.5899, 3.9349], [-53.5927, 3.9327], [-53.5945, 3.9326], [-53.5963, 3.9331], [-53.599, 3.9325], [-53.6006, 3.9329], [-53.603, 3.9343], [-53.6056, 3.934], [-53.6089, 3.9327], [-53.6109, 3.9325], [-53.6114, 3.9344], [-53.6126, 3.9354], [-53.6153, 3.9357], [-53.6153, 3.9366], [-53.613, 3.9381], [-53.6104, 3.9381], [-53.6099, 3.9393], [-53.6117, 3.9412], [-53.612, 3.9422], [-53.6118, 3.944], [-53.6107, 3.9454], [-53.6105, 3.948], [-53.6113, 3.9496], [-53.6146, 3.9541], [-53.6177, 3.957], [-53.6202, 3.9575], [-53.6215, 3.9563], [-53.6226, 3.9564], [-53.6249, 3.9576], [-53.6275, 3.9579], [-53.627, 3.9557], [-53.6261, 3.9541], [-53.6282, 3.953], [-53.63, 3.9531], [-53.6333, 3.9502], [-53.6361, 3.9499], [-53.6437, 3.9534], [-53.6467, 3.9555], [-53.6482, 3.9577], [-53.6527, 3.9622], [-53.6547, 3.9638], [-53.6581, 3.9652], [-53.6607, 3.9647], [-53.663, 3.9634], [-53.6641, 3.961], [-53.6674, 3.9597], [-53.6691, 3.9605], [-53.6708, 3.9604], [-53.6719, 3.9606], [-53.6721, 3.9632], [-53.6754, 3.9636], [-53.6771, 3.9668], [-53.6787, 3.9675], [-53.6811, 3.9683], [-53.6817, 3.9704], [-53.6793, 3.9726], [-53.6806, 3.974], [-53.681, 3.9757], [-53.6838, 3.9748], [-53.6847, 3.9748], [-53.6868, 3.977], [-53.689, 3.9786], [-53.6908, 3.9787], [-53.6929, 3.9758], [-53.6946, 3.9761], [-53.6964, 3.978], [-53.6972, 3.9779], [-53.6995, 3.9767], [-53.7018, 3.9797], [-53.7042, 3.9809], [-53.706, 3.9827], [-53.708, 3.9828], [-53.7101, 3.9815], [-53.7111, 3.98], [-53.7131, 3.9772], [-53.7143, 3.9772], [-53.715, 3.9808], [-53.7154, 3.9817], [-53.7163, 3.9819], [-53.7189, 3.9813], [-53.7198, 3.9816], [-53.7206, 3.9831], [-53.7222, 3.9833], [-53.7223, 3.9852], [-53.7229, 3.9868], [-53.7244, 3.9864], [-53.7255, 3.9849], [-53.7277, 3.9852], [-53.7288, 3.9849], [-53.7304, 3.9857], [-53.7343, 3.9824], [-53.7364, 3.98], [-53.7377, 3.9783], [-53.7391, 3.977], [-53.7405, 3.9769], [-53.7413, 3.9766], [-53.743, 3.9758], [-53.7444, 3.9765], [-53.7461, 3.977], [-53.7472, 3.9783], [-53.7499, 3.9809], [-53.7507, 3.9822], [-53.7498, 3.9838], [-53.7488, 3.9853], [-53.7476, 3.9866], [-53.7467, 3.9882], [-53.7485, 3.9909], [-53.7491, 3.9933], [-53.7499, 3.9943], [-53.7512, 3.9953], [-53.7521, 3.9956], [-53.7536, 3.9946], [-53.7552, 3.9938], [-53.7561, 3.9941], [-53.7573, 3.9953], [-53.7577, 3.9962], [-53.7573, 3.9979], [-53.757, 3.9988], [-53.7558, 3.9999], [-53.7557, 4.0009], [-53.7548, 4.0014], [-53.7539, 4.0007], [-53.7532, 4.0022], [-53.7519, 4.0035], [-53.7509, 4.0049], [-53.7519, 4.0061], [-53.7532, 4.007], [-53.753, 4.0079], [-53.7529, 4.0093], [-53.7537, 4.0097], [-53.7542, 4.0113], [-53.7547, 4.0122], [-53.7563, 4.0127], [-53.7564, 4.0143], [-53.7566, 4.0152], [-53.7573, 4.0166], [-53.7561, 4.018], [-53.7552, 4.0196], [-53.7534, 4.0193], [-53.753, 4.0209], [-53.7531, 4.0226], [-53.7534, 4.0235], [-53.7537, 4.0244], [-53.7537, 4.026], [-53.7526, 4.0273], [-53.7531, 4.0286], [-53.7541, 4.03], [-53.7531, 4.0309], [-53.7519, 4.0314], [-53.7506, 4.0325], [-53.7506, 4.0335], [-53.7513, 4.035], [-53.7522, 4.0367], [-53.7513, 4.0383], [-53.7515, 4.0391], [-53.7544, 4.0409], [-53.7559, 4.042], [-53.7567, 4.0425], [-53.7583, 4.0432], [-53.7574, 4.0445], [-53.7568, 4.0458], [-53.7577, 4.0473], [-53.7584, 4.0517], [-53.7582, 4.0533], [-53.7569, 4.0546], [-53.7552, 4.0549], [-53.7542, 4.055], [-53.7517, 4.0557], [-53.7502, 4.0566], [-53.7498, 4.0587], [-53.7487, 4.0597], [-53.7473, 4.0608], [-53.7462, 4.062], [-53.7454, 4.0618], [-53.7439, 4.0626], [-53.743, 4.0628], [-53.7422, 4.0631], [-53.74, 4.0643], [-53.7389, 4.0657], [-53.7374, 4.0667], [-53.7362, 4.0661], [-53.7346, 4.0666], [-53.7337, 4.0663], [-53.7328, 4.0664], [-53.7331, 4.0673], [-53.7345, 4.0684], [-53.7347, 4.0694], [-53.7337, 4.0719], [-53.7326, 4.0737], [-53.7313, 4.0746], [-53.7303, 4.0761], [-53.7315, 4.0773], [-53.732, 4.0782], [-53.732, 4.0791], [-53.7319, 4.0807], [-53.7319, 4.0816], [-53.7306, 4.0829], [-53.7304, 4.0838], [-53.7316, 4.085], [-53.7327, 4.0861], [-53.7365, 4.088], [-53.7374, 4.0881], [-53.7395, 4.0865], [-53.7405, 4.0865], [-53.742, 4.0874], [-53.7423, 4.0883], [-53.7421, 4.0892], [-53.7417, 4.0909], [-53.7433, 4.0926], [-53.7436, 4.0942], [-53.7445, 4.0944], [-53.7462, 4.0937], [-53.7477, 4.0931], [-53.7489, 4.0946], [-53.7493, 4.0962], [-53.7491, 4.097], [-53.7492, 4.098], [-53.7508, 4.0986], [-53.7511, 4.0995], [-53.7513, 4.1012], [-53.7517, 4.1021], [-53.753, 4.1032], [-53.7539, 4.1029], [-53.7554, 4.1018], [-53.757, 4.1011], [-53.7579, 4.1009], [-53.7596, 4.1014], [-53.7618, 4.1029], [-53.7627, 4.1032], [-53.7644, 4.1033], [-53.7656, 4.1045], [-53.7667, 4.1059], [-53.7669, 4.1068], [-53.7661, 4.108], [-53.7652, 4.1082], [-53.7643, 4.1082], [-53.7633, 4.1082], [-53.7617, 4.1085], [-53.761, 4.1102], [-53.7599, 4.1116], [-53.7591, 4.1118], [-53.7585, 4.1135], [-53.7579, 4.1149], [-53.7564, 4.1162], [-53.7549, 4.1171], [-53.754, 4.1181], [-53.754, 4.1191], [-53.7549, 4.1206], [-53.7563, 4.1217], [-53.7566, 4.1226], [-53.7553, 4.1234], [-53.7544, 4.1235], [-53.754, 4.1253], [-53.7541, 4.1262], [-53.7543, 4.1271], [-53.7545, 4.1288], [-53.7539, 4.1305], [-53.7525, 4.1317], [-53.7513, 4.1324], [-53.7534, 4.1342], [-53.7547, 4.1355], [-53.7555, 4.137], [-53.7558, 4.1379], [-53.7553, 4.1432], [-53.7526, 4.1455], [-53.7538, 4.1497], [-53.7522, 4.1518], [-53.7521, 4.1532], [-53.7537, 4.1541], [-53.7545, 4.1566], [-53.7547, 4.1589], [-53.7532, 4.1594], [-53.7522, 4.1581], [-53.7511, 4.1582], [-53.7494, 4.16], [-53.7495, 4.1636], [-53.7506, 4.1661], [-53.75, 4.1687], [-53.7518, 4.1697], [-53.754, 4.172], [-53.757, 4.1719], [-53.7593, 4.1733], [-53.7606, 4.1755], [-53.7615, 4.1779], [-53.7593, 4.1801], [-53.759, 4.1828], [-53.7575, 4.1837], [-53.7557, 4.1837], [-53.7543, 4.1846], [-53.754, 4.1873], [-53.7558, 4.1893], [-53.7598, 4.1915], [-53.7598, 4.193], [-53.7575, 4.1942], [-53.7554, 4.196], [-53.7576, 4.1995], [-53.7572, 4.2029], [-53.7586, 4.2071], [-53.7574, 4.2084], [-53.7578, 4.2111], [-53.7591, 4.2122], [-53.7607, 4.2153], [-53.7622, 4.2159], [-53.7623, 4.2177], [-53.7636, 4.2189], [-53.7673, 4.2169], [-53.767, 4.2193], [-53.7677, 4.2209], [-53.7679, 4.2228], [-53.7698, 4.227], [-53.7712, 4.231], [-53.7703, 4.2336], [-53.771, 4.2351], [-53.7698, 4.2364], [-53.7695, 4.2381], [-53.7677, 4.2383], [-53.7685, 4.2406], [-53.771, 4.2416], [-53.7716, 4.2448], [-53.7731, 4.2459], [-53.7735, 4.2471], [-53.7725, 4.2498], [-53.7725, 4.2542], [-53.7741, 4.2542], [-53.7758, 4.2556], [-53.7773, 4.2539], [-53.7782, 4.2537], [-53.7798, 4.2544], [-53.7804, 4.2559], [-53.78, 4.2577], [-53.7803, 4.2587], [-53.7798, 4.2611], [-53.7771, 4.2619], [-53.7764, 4.2636], [-53.77, 4.2636], [-53.7675, 4.2664], [-53.767, 4.2684], [-53.7639, 4.2717], [-53.7622, 4.2731], [-53.762, 4.2747], [-53.76, 4.2764], [-53.7597, 4.2775], [-53.7597, 4.2784], [-53.7564, 4.282], [-53.7564, 4.2831], [-53.7556, 4.2842], [-53.7542, 4.285], [-53.7528, 4.2853], [-53.7503, 4.2878], [-53.7486, 4.2878], [-53.7475, 4.2886], [-53.7442, 4.2914], [-53.7428, 4.292], [-53.7406, 4.292], [-53.7361, 4.2964], [-53.7361, 4.2975], [-53.7359, 4.2986], [-53.7342, 4.3006], [-53.7328, 4.3025], [-53.7328, 4.3034], [-53.7311, 4.3047], [-53.73, 4.3047], [-53.7289, 4.3059], [-53.7272, 4.307], [-53.7239, 4.307], [-53.7225, 4.3075], [-53.7186, 4.3106], [-53.717, 4.3106], [-53.7142, 4.3109], [-53.7092, 4.3109], [-53.7084, 4.3111], [-53.707, 4.3111], [-53.697, 4.3106], [-53.6928, 4.3142], [-53.6917, 4.3142], [-53.6903, 4.3145], [-53.6892, 4.3136], [-53.6853, 4.3136], [-53.6831, 4.3142], [-53.6797, 4.3145], [-53.6786, 4.3156], [-53.677, 4.3156], [-53.6756, 4.3172], [-53.6728, 4.3172], [-53.6714, 4.3178], [-53.6692, 4.3175], [-53.667, 4.3197], [-53.6645, 4.3197], [-53.6631, 4.3211], [-53.6599, 4.3243], [-53.6589, 4.3244], [-53.6581, 4.3252], [-53.6584, 4.3262], [-53.6575, 4.3263], [-53.6566, 4.3257], [-53.6565, 4.3266], [-53.657, 4.3276], [-53.6561, 4.3277], [-53.6553, 4.3285], [-53.6541, 4.3292], [-53.6536, 4.3301], [-53.6537, 4.331], [-53.6526, 4.3306], [-53.6515, 4.3311], [-53.6505, 4.3316], [-53.649, 4.3322], [-53.6481, 4.3329], [-53.6471, 4.333], [-53.6463, 4.3331], [-53.6459, 4.3341], [-53.6445, 4.334], [-53.6435, 4.3342], [-53.6441, 4.3353], [-53.6424, 4.3345], [-53.6416, 4.3344], [-53.6407, 4.3348], [-53.6411, 4.334], [-53.6402, 4.3332], [-53.6393, 4.3331], [-53.6383, 4.334], [-53.6379, 4.3331], [-53.637, 4.3335], [-53.636, 4.3336], [-53.6351, 4.3344], [-53.634, 4.3348], [-53.6334, 4.3357], [-53.6328, 4.337], [-53.6315, 4.3377], [-53.6307, 4.3389], [-53.6298, 4.3397], [-53.629, 4.3401], [-53.6283, 4.3411], [-53.6279, 4.342], [-53.6268, 4.3427], [-53.6267, 4.3436], [-53.6266, 4.3446], [-53.6258, 4.345], [-53.626, 4.3462], [-53.6261, 4.3471], [-53.6263, 4.348], [-53.6257, 4.3489], [-53.6249, 4.3498], [-53.6242, 4.3508], [-53.6234, 4.3513], [-53.6223, 4.3517], [-53.6218, 4.3526], [-53.6208, 4.3533], [-53.6198, 4.3537], [-53.62, 4.3549], [-53.6196, 4.356], [-53.6195, 4.3573], [-53.6186, 4.358], [-53.6176, 4.3587], [-53.6166, 4.3594], [-53.6155, 4.3601], [-53.6154, 4.3611], [-53.6142, 4.3618], [-53.615, 4.3621], [-53.6151, 4.363], [-53.6142, 4.3628], [-53.6137, 4.3637], [-53.6135, 4.3646], [-53.6137, 4.3656], [-53.6127, 4.3657], [-53.6117, 4.3667], [-53.6106, 4.3669], [-53.6096, 4.367], [-53.6086, 4.3676], [-53.6078, 4.3674], [-53.607, 4.3687], [-53.6067, 4.3697], [-53.6058, 4.3693], [-53.6061, 4.3702], [-53.6055, 4.371], [-53.6059, 4.372], [-53.6048, 4.3731], [-53.6056, 4.374], [-53.6048, 4.3742], [-53.6038, 4.375], [-53.6029, 4.3752], [-53.602, 4.3759], [-53.6026, 4.3769], [-53.6016, 4.377], [-53.6007, 4.3764], [-53.6002, 4.3774], [-53.5993, 4.3782], [-53.5984, 4.3787], [-53.5984, 4.3796], [-53.5981, 4.3805], [-53.5975, 4.3813], [-53.5966, 4.3821], [-53.5957, 4.3829], [-53.5946, 4.3838], [-53.5937, 4.3846], [-53.5927, 4.385], [-53.5917, 4.3858], [-53.5909, 4.3868], [-53.5903, 4.3884], [-53.5901, 4.3895], [-53.5899, 4.3905], [-53.5892, 4.3915], [-53.5889, 4.3924], [-53.589, 4.3933], [-53.5881, 4.3934], [-53.5871, 4.3935], [-53.5861, 4.3937], [-53.5852, 4.3934], [-53.5848, 4.3925], [-53.5839, 4.3927], [-53.5829, 4.3933], [-53.5815, 4.3928], [-53.5805, 4.3926], [-53.5792, 4.3922], [-53.5783, 4.3926], [-53.5774, 4.3944], [-53.5777, 4.3953], [-53.5766, 4.3961], [-53.5754, 4.396], [-53.5746, 4.3965], [-53.5737, 4.3958], [-53.5729, 4.3956], [-53.5729, 4.3965], [-53.5724, 4.3973], [-53.5728, 4.3982], [-53.5718, 4.3982], [-53.5709, 4.3979], [-53.5711, 4.3989], [-53.5704, 4.3998], [-53.57, 4.401], [-53.569, 4.4015], [-53.5692, 4.4025], [-53.5694, 4.4037], [-53.5694, 4.4046], [-53.5703, 4.4044], [-53.5715, 4.4055], [-53.5706, 4.4057], [-53.5691, 4.4055], [-53.5678, 4.4047], [-53.5673, 4.4035], [-53.5672, 4.4025], [-53.5664, 4.4012], [-53.5657, 4.4002], [-53.5652, 4.3992], [-53.5645, 4.3981], [-53.5635, 4.3969], [-53.5631, 4.3959], [-53.5628, 4.3947], [-53.5625, 4.3936], [-53.5612, 4.3936], [-53.5597, 4.3942], [-53.5586, 4.3938], [-53.5577, 4.393], [-53.5569, 4.3919], [-53.5559, 4.3906], [-53.5553, 4.389], [-53.5551, 4.3879], [-53.5545, 4.3866], [-53.5544, 4.3855], [-53.5546, 4.384], [-53.5542, 4.383], [-53.5531, 4.3821], [-53.552, 4.3811], [-53.5513, 4.3801], [-53.5504, 4.3791], [-53.5498, 4.3778], [-53.5507, 4.3768], [-53.5513, 4.3757], [-53.552, 4.3743], [-53.5525, 4.373], [-53.5531, 4.3719], [-53.5537, 4.3706], [-53.5545, 4.369], [-53.5548, 4.3678], [-53.5557, 4.3673], [-53.5566, 4.3675], [-53.5571, 4.3684], [-53.5584, 4.369], [-53.5593, 4.3685], [-53.5591, 4.3674], [-53.5584, 4.3665], [-53.5594, 4.3656], [-53.5602, 4.3656], [-53.5613, 4.3658], [-53.5622, 4.3667], [-53.5628, 4.3678], [-53.5644, 4.3686], [-53.5655, 4.3689], [-53.5667, 4.369], [-53.5675, 4.3686], [-53.5675, 4.3675], [-53.5674, 4.3664], [-53.5676, 4.3655], [-53.5682, 4.3644], [-53.5691, 4.3623], [-53.5699, 4.3607], [-53.5702, 4.3595], [-53.5698, 4.3584], [-53.569, 4.3573], [-53.5679, 4.3566], [-53.5669, 4.3564], [-53.5656, 4.3565], [-53.5648, 4.3563], [-53.5638, 4.3558], [-53.5629, 4.3548], [-53.5618, 4.3532], [-53.5612, 4.3517], [-53.5611, 4.3506], [-53.5613, 4.3495], [-53.5617, 4.3486], [-53.5623, 4.3471], [-53.5635, 4.3458], [-53.5645, 4.3447], [-53.5652, 4.3435], [-53.5659, 4.3426], [-53.5672, 4.3418], [-53.5682, 4.3414], [-53.5697, 4.3406], [-53.5705, 4.3397], [-53.5694, 4.3395], [-53.5676, 4.3404], [-53.5662, 4.3406], [-53.5651, 4.3412], [-53.5642, 4.3419], [-53.5632, 4.3414], [-53.5628, 4.3403], [-53.5629, 4.3391], [-53.563, 4.3379], [-53.5634, 4.3364], [-53.5638, 4.3349], [-53.5644, 4.3328], [-53.5651, 4.3317], [-53.5657, 4.3306], [-53.5658, 4.3295], [-53.5656, 4.3271], [-53.5656, 4.3259], [-53.5654, 4.3238], [-53.5657, 4.3225], [-53.5667, 4.3219], [-53.5677, 4.3208], [-53.5682, 4.3194], [-53.5687, 4.3183], [-53.5696, 4.3175], [-53.5693, 4.3165], [-53.5683, 4.3166], [-53.5671, 4.3169], [-53.5661, 4.3174], [-53.5655, 4.3184], [-53.5642, 4.3182], [-53.5634, 4.3173], [-53.5627, 4.3163], [-53.562, 4.3152], [-53.5613, 4.3142], [-53.5607, 4.3129], [-53.5598, 4.3119], [-53.5589, 4.3112], [-53.5571, 4.3105], [-53.5555, 4.3101], [-53.5541, 4.3098], [-53.5537, 4.3088], [-53.5534, 4.3071], [-53.553, 4.3056], [-53.5531, 4.3047], [-53.5541, 4.3045], [-53.5551, 4.305], [-53.5563, 4.3052], [-53.5569, 4.304], [-53.5572, 4.3026], [-53.5573, 4.3012], [-53.5573, 4.2993], [-53.5565, 4.2983], [-53.5556, 4.2977], [-53.554, 4.2974], [-53.5528, 4.2973], [-53.5515, 4.2983], [-53.5506, 4.2989], [-53.5494, 4.2994], [-53.549, 4.3005], [-53.549, 4.3014], [-53.5492, 4.3023], [-53.5483, 4.3027], [-53.5482, 4.3037], [-53.5475, 4.3046], [-53.546, 4.3043], [-53.545, 4.3043], [-53.544, 4.304], [-53.5429, 4.304], [-53.5419, 4.3034], [-53.5416, 4.3024], [-53.5408, 4.3019], [-53.5396, 4.302], [-53.5383, 4.3018], [-53.5378, 4.3009], [-53.5367, 4.3003], [-53.5364, 4.2993], [-53.5363, 4.2984], [-53.5351, 4.298], [-53.5339, 4.2983], [-53.5327, 4.2984], [-53.5319, 4.2973], [-53.5314, 4.2963], [-53.5305, 4.2956], [-53.5294, 4.2959], [-53.5286, 4.296], [-53.5271, 4.2948], [-53.526, 4.2943], [-53.5251, 4.2945], [-53.5243, 4.2952], [-53.5234, 4.2957], [-53.5226, 4.2962], [-53.5215, 4.2969], [-53.5207, 4.2972], [-53.5198, 4.2973], [-53.5187, 4.297], [-53.5178, 4.2972], [-53.5169, 4.2982], [-53.516, 4.2974], [-53.5151, 4.2973], [-53.5145, 4.2982], [-53.5136, 4.2975], [-53.5126, 4.2971], [-53.5117, 4.2977], [-53.5111, 4.2986], [-53.511, 4.2995], [-53.5104, 4.3007], [-53.5092, 4.3019], [-53.508, 4.3028], [-53.5071, 4.3033], [-53.5062, 4.3039], [-53.5056, 4.3049], [-53.5046, 4.3058], [-53.5036, 4.3061], [-53.5029, 4.307], [-53.5022, 4.3062], [-53.5009, 4.3057], [-53.4998, 4.3055], [-53.4989, 4.3052], [-53.498, 4.3049], [-53.4971, 4.3051], [-53.4963, 4.3043], [-53.4951, 4.3038], [-53.4942, 4.3034], [-53.4931, 4.3024], [-53.4918, 4.3017], [-53.4905, 4.3016], [-53.4902, 4.3025], [-53.4893, 4.3024], [-53.4881, 4.3014], [-53.4883, 4.3002], [-53.4883, 4.2993], [-53.4875, 4.2992], [-53.4869, 4.2983], [-53.486, 4.2987], [-53.4851, 4.2998], [-53.4842, 4.2999], [-53.4834, 4.2989], [-53.4838, 4.2979], [-53.4829, 4.2971], [-53.482, 4.2967], [-53.4809, 4.2967], [-53.4805, 4.2958], [-53.4808, 4.2946], [-53.4791, 4.2943], [-53.478, 4.2949], [-53.4769, 4.2958], [-53.476, 4.2972], [-53.4749, 4.2977], [-53.4738, 4.2974], [-53.4729, 4.2979], [-53.4714, 4.2979], [-53.4705, 4.298], [-53.4696, 4.2981], [-53.4687, 4.2991], [-53.4678, 4.2989], [-53.4667, 4.2996], [-53.4657, 4.2996], [-53.4646, 4.2992], [-53.4637, 4.2999], [-53.4628, 4.2999], [-53.4618, 4.2998], [-53.4609, 4.3006], [-53.4598, 4.3016], [-53.4589, 4.3019], [-53.4577, 4.3024], [-53.4568, 4.3026], [-53.4562, 4.3038], [-53.4555, 4.3048], [-53.4546, 4.3052], [-53.4529, 4.3053], [-53.4519, 4.3064], [-53.4507, 4.3061], [-53.4496, 4.307], [-53.4487, 4.3073], [-53.4477, 4.307], [-53.4475, 4.3061], [-53.4472, 4.305], [-53.4464, 4.3059], [-53.4439, 4.3053], [-53.4428, 4.3039], [-53.4417, 4.3028], [-53.44, 4.3028], [-53.4392, 4.302], [-53.4381, 4.3017], [-53.4364, 4.3017], [-53.435, 4.3014], [-53.4325, 4.2989], [-53.4234, 4.2989], [-53.4225, 4.2992], [-53.4214, 4.2995], [-53.4186, 4.3], [-53.417, 4.3017], [-53.4142, 4.3017], [-53.4125, 4.3028], [-53.4111, 4.3031], [-53.4097, 4.3042], [-53.4067, 4.3042], [-53.4053, 4.305], [-53.4042, 4.3059], [-53.4034, 4.3061], [-53.4022, 4.307], [-53.395, 4.307], [-53.3925, 4.3067], [-53.3911, 4.3072], [-53.3892, 4.3086], [-53.3895, 4.3095], [-53.3897, 4.3106], [-53.3892, 4.312], [-53.3861, 4.315], [-53.3831, 4.3178], [-53.3814, 4.3197], [-53.3792, 4.3222], [-53.3789, 4.3231], [-53.3781, 4.3242], [-53.3772, 4.3256], [-53.3761, 4.327], [-53.3734, 4.33], [-53.3728, 4.3325], [-53.372, 4.3334], [-53.3709, 4.3336], [-53.3695, 4.3339], [-53.3681, 4.3353], [-53.3681, 4.3367], [-53.3678, 4.3381], [-53.3634, 4.3425], [-53.3634, 4.3447], [-53.3628, 4.3461], [-53.3617, 4.3478], [-53.3606, 4.3489], [-53.3595, 4.35], [-53.3572, 4.3522], [-53.3563, 4.3538], [-53.3514, 4.3606]]]}}, {"type": "Feature", "properties": {"nom": "Maripasoula", "code": "97353", "codeDepartement": "973", "siren": "219733532", "codeEpci": "249730037", "codeRegion": "03", "codesPostaux": ["97370"], "population": 9579}, "geometry": {"type": "Polygon", "coordinates": [[[-54.0992, 3.7453], [-54.0978, 3.7461], [-54.0935, 3.7469], [-54.0858, 3.7516], [-54.0798, 3.7556], [-54.078, 3.7576], [-54.0779, 3.7603], [-54.0775, 3.7629], [-54.0741, 3.767], [-54.0705, 3.7697], [-54.066, 3.7704], [-54.0598, 3.7698], [-54.0562, 3.77], [-54.0532, 3.772], [-54.0428, 3.7748], [-54.0405, 3.7762], [-54.038, 3.7768], [-54.0264, 3.7715], [-54.0235, 3.7798], [-54.0183, 3.788], [-54.0148, 3.7896], [-54.0182, 3.7952], [-54.0136, 3.799], [-54.0102, 3.8044], [-54.0093, 3.8089], [-54.003, 3.8117], [-54.0001, 3.8113], [-53.9966, 3.8175], [-53.9944, 3.8233], [-53.9873, 3.8204], [-53.9875, 3.8182], [-53.9816, 3.817], [-53.9795, 3.8199], [-53.9753, 3.8215], [-53.97, 3.8215], [-53.9693, 3.8229], [-53.9723, 3.8301], [-53.9679, 3.8344], [-53.9672, 3.8394], [-53.9624, 3.8419], [-53.9585, 3.8422], [-53.955, 3.8373], [-53.9532, 3.8316], [-53.9504, 3.8285], [-53.9483, 3.8293], [-53.9477, 3.8354], [-53.9457, 3.8371], [-53.9441, 3.8368], [-53.938, 3.8318], [-53.9329, 3.8341], [-53.9313, 3.8392], [-53.9271, 3.8422], [-53.9253, 3.8415], [-53.922, 3.8376], [-53.9169, 3.8367], [-53.9145, 3.8394], [-53.9104, 3.8404], [-53.9081, 3.8389], [-53.9035, 3.8436], [-53.9023, 3.8468], [-53.8982, 3.8503], [-53.8983, 3.8516], [-53.9002, 3.8526], [-53.9018, 3.8567], [-53.8985, 3.8608], [-53.8986, 3.8664], [-53.8911, 3.8753], [-53.8902, 3.875], [-53.8887, 3.8754], [-53.8878, 3.8757], [-53.8861, 3.8763], [-53.8852, 3.8761], [-53.8835, 3.8757], [-53.882, 3.8748], [-53.881, 3.8747], [-53.8797, 3.8757], [-53.8783, 3.877], [-53.8778, 3.8786], [-53.878, 3.8803], [-53.8782, 3.8813], [-53.8782, 3.8831], [-53.8775, 3.8848], [-53.8771, 3.8856], [-53.8761, 3.8872], [-53.8768, 3.8887], [-53.8777, 3.8903], [-53.8789, 3.8914], [-53.8798, 3.8918], [-53.8799, 3.8935], [-53.8798, 3.8944], [-53.879, 3.8958], [-53.8775, 3.8969], [-53.8764, 3.8983], [-53.8748, 3.8986], [-53.8738, 3.8986], [-53.8723, 3.8993], [-53.8715, 3.9003], [-53.8703, 3.9011], [-53.8698, 3.902], [-53.8685, 3.9033], [-53.8667, 3.9038], [-53.8656, 3.905], [-53.8645, 3.9058], [-53.8628, 3.9056], [-53.8612, 3.9065], [-53.8602, 3.9077], [-53.8602, 3.9086], [-53.8579, 3.9097], [-53.8561, 3.911], [-53.8554, 3.9123], [-53.8554, 3.9132], [-53.8556, 3.914], [-53.8571, 3.9149], [-53.8582, 3.916], [-53.8569, 3.9172], [-53.856, 3.9173], [-53.8551, 3.9174], [-53.8542, 3.9173], [-53.8533, 3.9176], [-53.8529, 3.9193], [-53.8533, 3.9201], [-53.852, 3.921], [-53.8511, 3.9208], [-53.8498, 3.9195], [-53.8485, 3.9187], [-53.8472, 3.918], [-53.8456, 3.9171], [-53.8447, 3.9169], [-53.8437, 3.9169], [-53.8421, 3.9171], [-53.8408, 3.9183], [-53.8398, 3.9185], [-53.8385, 3.9193], [-53.8383, 3.9201], [-53.8382, 3.921], [-53.8383, 3.9219], [-53.8383, 3.9229], [-53.8371, 3.9238], [-53.8362, 3.9241], [-53.8346, 3.9249], [-53.8337, 3.925], [-53.8325, 3.924], [-53.8321, 3.9231], [-53.8302, 3.9219], [-53.83, 3.921], [-53.8299, 3.9201], [-53.8298, 3.9182], [-53.8292, 3.9167], [-53.8283, 3.9164], [-53.8264, 3.9184], [-53.8265, 3.9193], [-53.8253, 3.9199], [-53.8242, 3.9183], [-53.8229, 3.9181], [-53.8211, 3.9202], [-53.8201, 3.9217], [-53.8189, 3.9231], [-53.8178, 3.9241], [-53.8169, 3.9245], [-53.8154, 3.9238], [-53.8144, 3.9262], [-53.8128, 3.9267], [-53.812, 3.9265], [-53.8106, 3.9263], [-53.8093, 3.9273], [-53.8084, 3.9272], [-53.807, 3.9281], [-53.8066, 3.9291], [-53.8055, 3.9304], [-53.8041, 3.9317], [-53.8024, 3.932], [-53.8022, 3.9335], [-53.8025, 3.9344], [-53.8026, 3.9354], [-53.8024, 3.9367], [-53.8005, 3.9368], [-53.8007, 3.9381], [-53.8016, 3.9386], [-53.801, 3.9401], [-53.7996, 3.9413], [-53.798, 3.942], [-53.7971, 3.9423], [-53.7962, 3.9425], [-53.7953, 3.9425], [-53.7936, 3.9419], [-53.7915, 3.9403], [-53.7905, 3.9415], [-53.7905, 3.9424], [-53.7895, 3.9437], [-53.7885, 3.9437], [-53.7872, 3.9448], [-53.7868, 3.9457], [-53.7856, 3.9471], [-53.7848, 3.9474], [-53.7831, 3.9478], [-53.7821, 3.9489], [-53.7825, 3.9498], [-53.7841, 3.9504], [-53.785, 3.9507], [-53.7857, 3.9523], [-53.7846, 3.954], [-53.7828, 3.9559], [-53.7822, 3.9568], [-53.7812, 3.9582], [-53.7802, 3.9597], [-53.7787, 3.9608], [-53.7768, 3.9626], [-53.7758, 3.9641], [-53.7746, 3.9655], [-53.773, 3.9663], [-53.7721, 3.9677], [-53.7716, 3.9685], [-53.7706, 3.97], [-53.7695, 3.9714], [-53.7671, 3.9741], [-53.7657, 3.975], [-53.7646, 3.9755], [-53.7611, 3.9761], [-53.7595, 3.9756], [-53.7582, 3.9743], [-53.7573, 3.9744], [-53.7558, 3.9754], [-53.7549, 3.9754], [-53.7535, 3.9747], [-53.752, 3.9751], [-53.7512, 3.9755], [-53.7496, 3.9763], [-53.748, 3.9759], [-53.7465, 3.9749], [-53.7452, 3.9737], [-53.7442, 3.9722], [-53.7428, 3.9732], [-53.7422, 3.974], [-53.7402, 3.9757], [-53.7391, 3.977], [-53.7377, 3.9783], [-53.7364, 3.98], [-53.7343, 3.9824], [-53.7311, 3.9855], [-53.7288, 3.9849], [-53.7277, 3.9852], [-53.7255, 3.9849], [-53.7244, 3.9864], [-53.7236, 3.9869], [-53.7223, 3.9852], [-53.7222, 3.9833], [-53.7206, 3.9831], [-53.7198, 3.9816], [-53.7189, 3.9813], [-53.7163, 3.9819], [-53.7154, 3.9817], [-53.715, 3.9808], [-53.7143, 3.9772], [-53.7131, 3.9772], [-53.7111, 3.98], [-53.7101, 3.9815], [-53.708, 3.9828], [-53.706, 3.9827], [-53.7042, 3.9809], [-53.7018, 3.9797], [-53.6995, 3.9767], [-53.6972, 3.9779], [-53.6964, 3.978], [-53.6946, 3.9761], [-53.6935, 3.9758], [-53.6914, 3.978], [-53.689, 3.9786], [-53.6868, 3.977], [-53.6847, 3.9748], [-53.6838, 3.9748], [-53.6815, 3.9761], [-53.6806, 3.974], [-53.6793, 3.9726], [-53.6812, 3.971], [-53.6811, 3.9683], [-53.6787, 3.9675], [-53.6771, 3.9668], [-53.6754, 3.9636], [-53.6727, 3.9637], [-53.6719, 3.9606], [-53.6708, 3.9604], [-53.6691, 3.9605], [-53.6674, 3.9597], [-53.6641, 3.961], [-53.663, 3.9634], [-53.6607, 3.9647], [-53.6581, 3.9652], [-53.6547, 3.9638], [-53.6527, 3.9622], [-53.6482, 3.9577], [-53.6467, 3.9555], [-53.6437, 3.9534], [-53.6361, 3.9499], [-53.6333, 3.9502], [-53.6308, 3.9527], [-53.6282, 3.953], [-53.6261, 3.9541], [-53.627, 3.9557], [-53.628, 3.9572], [-53.6249, 3.9576], [-53.6226, 3.9564], [-53.6215, 3.9563], [-53.6202, 3.9575], [-53.6177, 3.957], [-53.6146, 3.9541], [-53.6113, 3.9496], [-53.6105, 3.948], [-53.6107, 3.9454], [-53.6118, 3.944], [-53.612, 3.9422], [-53.6117, 3.9412], [-53.6099, 3.9393], [-53.6104, 3.9381], [-53.613, 3.9381], [-53.6147, 3.9374], [-53.6153, 3.9357], [-53.6126, 3.9354], [-53.6114, 3.9344], [-53.6117, 3.9327], [-53.6089, 3.9327], [-53.6056, 3.934], [-53.603, 3.9343], [-53.6006, 3.9329], [-53.599, 3.9325], [-53.5963, 3.9331], [-53.5945, 3.9326], [-53.5927, 3.9327], [-53.5899, 3.9349], [-53.5906, 3.9364], [-53.5913, 3.938], [-53.5889, 3.9381], [-53.5875, 3.9366], [-53.586, 3.9363], [-53.5844, 3.9387], [-53.5828, 3.9395], [-53.5816, 3.9407], [-53.5803, 3.9442], [-53.5787, 3.9447], [-53.578, 3.9427], [-53.5763, 3.9428], [-53.5718, 3.9418], [-53.5692, 3.9412], [-53.5685, 3.9396], [-53.569, 3.9361], [-53.5688, 3.9345], [-53.5661, 3.9342], [-53.5643, 3.9336], [-53.5629, 3.9323], [-53.5604, 3.9334], [-53.5587, 3.9331], [-53.5563, 3.9314], [-53.5537, 3.9313], [-53.5508, 3.9301], [-53.5511, 3.9281], [-53.552, 3.9279], [-53.5522, 3.9256], [-53.554, 3.9235], [-53.5549, 3.921], [-53.5574, 3.9208], [-53.5607, 3.9179], [-53.5621, 3.9179], [-53.5641, 3.9144], [-53.5664, 3.9153], [-53.5667, 3.913], [-53.5687, 3.9112], [-53.5688, 3.9103], [-53.5646, 3.9086], [-53.5626, 3.9072], [-53.5623, 3.9063], [-53.5636, 3.903], [-53.5656, 3.9011], [-53.5663, 3.8982], [-53.5664, 3.8949], [-53.5659, 3.8921], [-53.5638, 3.8908], [-53.5621, 3.8914], [-53.5603, 3.8934], [-53.558, 3.8949], [-53.5567, 3.8937], [-53.5553, 3.8935], [-53.5551, 3.8906], [-53.5509, 3.8887], [-53.5479, 3.887], [-53.5461, 3.8871], [-53.5443, 3.889], [-53.5431, 3.8901], [-53.5421, 3.8902], [-53.5411, 3.8889], [-53.5407, 3.8871], [-53.5431, 3.8846], [-53.5434, 3.883], [-53.5427, 3.8821], [-53.5408, 3.8821], [-53.5355, 3.8828], [-53.5346, 3.8828], [-53.5364, 3.8804], [-53.5375, 3.8789], [-53.5376, 3.8779], [-53.5367, 3.8775], [-53.5357, 3.8774], [-53.534, 3.8788], [-53.5322, 3.8788], [-53.53, 3.8768], [-53.532, 3.8721], [-53.5336, 3.8691], [-53.5288, 3.8686], [-53.5279, 3.8637], [-53.5278, 3.8621], [-53.5256, 3.8618], [-53.5241, 3.8611], [-53.5213, 3.8607], [-53.5187, 3.8601], [-53.5175, 3.8614], [-53.5157, 3.8614], [-53.5174, 3.8567], [-53.5188, 3.8545], [-53.5205, 3.853], [-53.5231, 3.8512], [-53.5234, 3.8476], [-53.5244, 3.8463], [-53.5268, 3.8446], [-53.5279, 3.8434], [-53.5279, 3.8423], [-53.5264, 3.8417], [-53.524, 3.843], [-53.5226, 3.8421], [-53.5197, 3.842], [-53.5179, 3.8418], [-53.5175, 3.84], [-53.5184, 3.8357], [-53.5172, 3.8335], [-53.5169, 3.8317], [-53.5136, 3.8291], [-53.5122, 3.8222], [-53.5118, 3.817], [-53.5113, 3.8113], [-53.5085, 3.8099], [-53.5053, 3.8074], [-53.5022, 3.8041], [-53.4964, 3.7967], [-53.4933, 3.7942], [-53.4887, 3.7886], [-53.4826, 3.7822], [-53.4779, 3.778], [-53.4727, 3.7731], [-53.4656, 3.77], [-53.461, 3.7682], [-53.4554, 3.7679], [-53.4495, 3.7657], [-53.4461, 3.7643], [-53.4422, 3.7614], [-53.4388, 3.7528], [-53.4343, 3.7512], [-53.4315, 3.7471], [-53.4267, 3.7402], [-53.4231, 3.733], [-53.4194, 3.7256], [-53.4154, 3.7224], [-53.4114, 3.719], [-53.4092, 3.7139], [-53.409, 3.7089], [-53.4106, 3.7051], [-53.4123, 3.7012], [-53.414, 3.6988], [-53.4157, 3.697], [-53.418, 3.6936], [-53.4198, 3.6905], [-53.42, 3.6856], [-53.4192, 3.6817], [-53.4189, 3.68], [-53.4181, 3.6789], [-53.4184, 3.6767], [-53.4172, 3.6756], [-53.4172, 3.6731], [-53.4164, 3.672], [-53.4164, 3.6711], [-53.417, 3.6678], [-53.4167, 3.6634], [-53.4167, 3.6614], [-53.4178, 3.6603], [-53.4184, 3.6584], [-53.4181, 3.6575], [-53.417, 3.6567], [-53.4167, 3.652], [-53.4163, 3.6487], [-53.4164, 3.6478], [-53.4159, 3.647], [-53.4167, 3.6461], [-53.4167, 3.6442], [-53.4139, 3.6436], [-53.4131, 3.6428], [-53.4131, 3.64], [-53.4122, 3.6397], [-53.4095, 3.6395], [-53.4072, 3.64], [-53.4042, 3.6395], [-53.4031, 3.6386], [-53.402, 3.6386], [-53.4009, 3.6397], [-53.3997, 3.6392], [-53.3992, 3.6381], [-53.3992, 3.6372], [-53.3972, 3.6353], [-53.397, 3.6328], [-53.3964, 3.6261], [-53.3961, 3.625], [-53.3928, 3.6214], [-53.3909, 3.6203], [-53.3895, 3.6203], [-53.3886, 3.6195], [-53.3886, 3.617], [-53.3878, 3.6161], [-53.3878, 3.6145], [-53.3859, 3.6122], [-53.385, 3.6109], [-53.3853, 3.6092], [-53.3859, 3.6047], [-53.385, 3.6034], [-53.3847, 3.6022], [-53.3859, 3.6017], [-53.3878, 3.5997], [-53.3892, 3.5981], [-53.3892, 3.5967], [-53.3911, 3.5947], [-53.3911, 3.5925], [-53.392, 3.592], [-53.3917, 3.5859], [-53.392, 3.5847], [-53.3931, 3.5842], [-53.3934, 3.5828], [-53.3939, 3.582], [-53.3934, 3.5811], [-53.3945, 3.5797], [-53.3953, 3.5781], [-53.395, 3.5739], [-53.3959, 3.5731], [-53.3959, 3.5709], [-53.395, 3.57], [-53.3947, 3.5645], [-53.3945, 3.5636], [-53.395, 3.562], [-53.3953, 3.5595], [-53.3939, 3.5584], [-53.3925, 3.5584], [-53.3922, 3.5572], [-53.3916, 3.556], [-53.3912, 3.5551], [-53.3913, 3.554], [-53.3903, 3.5531], [-53.3904, 3.552], [-53.3908, 3.5511], [-53.3918, 3.5507], [-53.3919, 3.5497], [-53.3916, 3.5486], [-53.3925, 3.548], [-53.3933, 3.5475], [-53.3943, 3.5468], [-53.3951, 3.546], [-53.396, 3.546], [-53.3959, 3.545], [-53.3965, 3.5438], [-53.3956, 3.543], [-53.3945, 3.543], [-53.3941, 3.5422], [-53.3947, 3.5413], [-53.3954, 3.5401], [-53.3959, 3.539], [-53.3963, 3.5381], [-53.3965, 3.5368], [-53.3965, 3.5359], [-53.3975, 3.5366], [-53.397, 3.5353], [-53.3961, 3.5349], [-53.3951, 3.5348], [-53.3949, 3.5339], [-53.3959, 3.5339], [-53.3966, 3.5329], [-53.3963, 3.5321], [-53.3962, 3.5305], [-53.3973, 3.5295], [-53.398, 3.5282], [-53.3982, 3.5273], [-53.3976, 3.5262], [-53.3984, 3.5254], [-53.3992, 3.5245], [-53.4003, 3.5242], [-53.4007, 3.5231], [-53.4004, 3.5219], [-53.3995, 3.5215], [-53.3984, 3.5214], [-53.3981, 3.5205], [-53.3974, 3.5197], [-53.3975, 3.5188], [-53.3984, 3.5184], [-53.3982, 3.5174], [-53.3984, 3.5162], [-53.3978, 3.5148], [-53.3978, 3.5139], [-53.3975, 3.513], [-53.3971, 3.5121], [-53.3974, 3.5113], [-53.3977, 3.5099], [-53.398, 3.5088], [-53.3989, 3.5082], [-53.4001, 3.5074], [-53.3993, 3.5066], [-53.3983, 3.5065], [-53.3968, 3.5068], [-53.3963, 3.5059], [-53.3974, 3.5055], [-53.3985, 3.5052], [-53.3995, 3.5044], [-53.3997, 3.5035], [-53.3994, 3.5025], [-53.399, 3.5016], [-53.3987, 3.5006], [-53.3982, 3.4995], [-53.398, 3.4984], [-53.3981, 3.4976], [-53.399, 3.4966], [-53.3997, 3.4955], [-53.4005, 3.4946], [-53.4015, 3.4944], [-53.4015, 3.4936], [-53.4025, 3.4938], [-53.4034, 3.4937], [-53.403, 3.4928], [-53.4039, 3.4932], [-53.4045, 3.494], [-53.4056, 3.4942], [-53.406, 3.4933], [-53.4069, 3.4922], [-53.4068, 3.4913], [-53.4066, 3.4902], [-53.4058, 3.4893], [-53.4073, 3.4892], [-53.4075, 3.4883], [-53.4066, 3.4874], [-53.4073, 3.4864], [-53.4085, 3.4862], [-53.4084, 3.4852], [-53.4084, 3.4841], [-53.4091, 3.4832], [-53.4101, 3.4832], [-53.4113, 3.4828], [-53.4123, 3.4826], [-53.4133, 3.4815], [-53.4123, 3.4805], [-53.4115, 3.4796], [-53.4114, 3.4787], [-53.4119, 3.4778], [-53.4129, 3.4773], [-53.4134, 3.4764], [-53.4127, 3.4753], [-53.4133, 3.4744], [-53.4121, 3.4739], [-53.413, 3.4729], [-53.4139, 3.4725], [-53.4148, 3.4721], [-53.4157, 3.4725], [-53.4165, 3.4717], [-53.4174, 3.4714], [-53.4183, 3.471], [-53.4181, 3.47], [-53.4184, 3.4692], [-53.4188, 3.4683], [-53.4179, 3.4675], [-53.417, 3.4669], [-53.4163, 3.466], [-53.4159, 3.4651], [-53.4163, 3.4642], [-53.4173, 3.4638], [-53.4181, 3.4626], [-53.417, 3.4619], [-53.4167, 3.461], [-53.4164, 3.46], [-53.4176, 3.4596], [-53.4186, 3.4582], [-53.419, 3.4574], [-53.4198, 3.4564], [-53.42, 3.4553], [-53.4198, 3.4544], [-53.4199, 3.4535], [-53.4194, 3.4525], [-53.4199, 3.4516], [-53.4202, 3.4505], [-53.42, 3.4496], [-53.4195, 3.4485], [-53.4193, 3.4468], [-53.4196, 3.4459], [-53.4206, 3.4449], [-53.4217, 3.4445], [-53.4227, 3.4443], [-53.4226, 3.4434], [-53.4232, 3.4423], [-53.4231, 3.4414], [-53.4239, 3.4405], [-53.425, 3.44], [-53.4259, 3.44], [-53.4268, 3.441], [-53.4273, 3.4418], [-53.4285, 3.4417], [-53.4294, 3.4413], [-53.4293, 3.44], [-53.4293, 3.439], [-53.4297, 3.438], [-53.4297, 3.4369], [-53.4305, 3.4367], [-53.4308, 3.4355], [-53.4295, 3.4346], [-53.4287, 3.4337], [-53.4286, 3.4327], [-53.4295, 3.432], [-53.429, 3.431], [-53.4283, 3.4297], [-53.4293, 3.43], [-53.4294, 3.4292], [-53.4286, 3.4283], [-53.4288, 3.4274], [-53.4294, 3.4263], [-53.4284, 3.4257], [-53.4276, 3.4249], [-53.4267, 3.4239], [-53.4266, 3.4226], [-53.4266, 3.4217], [-53.4264, 3.4207], [-53.4253, 3.4206], [-53.4248, 3.4214], [-53.4247, 3.4223], [-53.4247, 3.4232], [-53.4237, 3.4242], [-53.4228, 3.4249], [-53.4223, 3.4258], [-53.4209, 3.4264], [-53.42, 3.4271], [-53.4192, 3.4272], [-53.4182, 3.4276], [-53.4173, 3.4276], [-53.4164, 3.4274], [-53.4156, 3.4281], [-53.4157, 3.4291], [-53.4151, 3.43], [-53.4143, 3.4303], [-53.413, 3.4306], [-53.412, 3.4308], [-53.4111, 3.4307], [-53.4105, 3.4298], [-53.4095, 3.4295], [-53.4085, 3.43], [-53.4091, 3.4315], [-53.4098, 3.4327], [-53.4096, 3.4339], [-53.408, 3.4349], [-53.4071, 3.4351], [-53.406, 3.435], [-53.4047, 3.4348], [-53.4036, 3.4345], [-53.4027, 3.4341], [-53.4019, 3.4332], [-53.4021, 3.4322], [-53.4029, 3.4311], [-53.4034, 3.4301], [-53.4022, 3.4293], [-53.4009, 3.4286], [-53.3996, 3.4279], [-53.3987, 3.4278], [-53.3975, 3.4273], [-53.3965, 3.4268], [-53.3954, 3.4263], [-53.3943, 3.4263], [-53.3934, 3.4267], [-53.3927, 3.4276], [-53.3917, 3.4281], [-53.3906, 3.4284], [-53.3896, 3.4273], [-53.3887, 3.427], [-53.3874, 3.4273], [-53.3865, 3.4273], [-53.3854, 3.4272], [-53.3842, 3.4272], [-53.3833, 3.4279], [-53.3823, 3.429], [-53.3812, 3.4295], [-53.3801, 3.4289], [-53.3794, 3.4278], [-53.3783, 3.4269], [-53.3769, 3.4274], [-53.3756, 3.4275], [-53.3747, 3.4273], [-53.3738, 3.4276], [-53.373, 3.4282], [-53.3722, 3.4291], [-53.3713, 3.4292], [-53.3702, 3.4292], [-53.3694, 3.4283], [-53.3685, 3.4283], [-53.368, 3.4292], [-53.3673, 3.4283], [-53.3669, 3.4273], [-53.3667, 3.4263], [-53.3663, 3.425], [-53.3653, 3.4245], [-53.3643, 3.4239], [-53.3633, 3.4232], [-53.3624, 3.4233], [-53.3614, 3.4228], [-53.3604, 3.4219], [-53.3593, 3.4215], [-53.3582, 3.4215], [-53.357, 3.4219], [-53.3561, 3.4225], [-53.3553, 3.4242], [-53.3539, 3.425], [-53.3531, 3.4249], [-53.3525, 3.4239], [-53.3516, 3.4242], [-53.3504, 3.4236], [-53.3493, 3.4229], [-53.3484, 3.4227], [-53.3475, 3.4226], [-53.3464, 3.4217], [-53.3456, 3.4209], [-53.3452, 3.4219], [-53.345, 3.4228], [-53.3439, 3.423], [-53.3429, 3.4218], [-53.3427, 3.421], [-53.3417, 3.4203], [-53.3415, 3.4191], [-53.341, 3.4181], [-53.3399, 3.4179], [-53.339, 3.4176], [-53.3385, 3.4168], [-53.3376, 3.4162], [-53.3367, 3.4157], [-53.3358, 3.4157], [-53.3345, 3.4168], [-53.3342, 3.4177], [-53.3332, 3.4178], [-53.3326, 3.417], [-53.3326, 3.4161], [-53.3325, 3.4151], [-53.3322, 3.4141], [-53.3315, 3.4132], [-53.331, 3.4122], [-53.331, 3.4113], [-53.3303, 3.4123], [-53.3301, 3.4132], [-53.3291, 3.4133], [-53.3278, 3.4133], [-53.3267, 3.4137], [-53.3257, 3.4144], [-53.3246, 3.4156], [-53.3235, 3.4168], [-53.3228, 3.418], [-53.3224, 3.4165], [-53.3224, 3.4151], [-53.322, 3.4141], [-53.3211, 3.4134], [-53.3201, 3.4134], [-53.3192, 3.4123], [-53.3184, 3.4112], [-53.3174, 3.4104], [-53.3163, 3.4108], [-53.3158, 3.4097], [-53.3153, 3.4088], [-53.3151, 3.4079], [-53.3151, 3.407], [-53.3152, 3.4054], [-53.3143, 3.4053], [-53.315, 3.4043], [-53.314, 3.4044], [-53.3134, 3.4053], [-53.3124, 3.4057], [-53.3115, 3.4062], [-53.3106, 3.4066], [-53.3096, 3.4066], [-53.3086, 3.4057], [-53.3079, 3.4047], [-53.3072, 3.4034], [-53.3067, 3.4024], [-53.3065, 3.4033], [-53.3055, 3.4031], [-53.3043, 3.4034], [-53.3034, 3.4035], [-53.3025, 3.4043], [-53.3015, 3.4042], [-53.3005, 3.4042], [-53.3005, 3.4032], [-53.2994, 3.4027], [-53.2985, 3.4033], [-53.298, 3.4045], [-53.298, 3.4056], [-53.2976, 3.4066], [-53.2965, 3.4068], [-53.2955, 3.4073], [-53.2955, 3.4083], [-53.2944, 3.4081], [-53.2933, 3.4087], [-53.2925, 3.4091], [-53.2923, 3.41], [-53.2914, 3.4104], [-53.2904, 3.4108], [-53.2895, 3.4107], [-53.2894, 3.4098], [-53.2884, 3.4091], [-53.2871, 3.4088], [-53.2874, 3.4079], [-53.2864, 3.407], [-53.286, 3.4061], [-53.2862, 3.405], [-53.2857, 3.4041], [-53.2843, 3.4036], [-53.2831, 3.4039], [-53.282, 3.4042], [-53.2812, 3.4051], [-53.2804, 3.4061], [-53.2794, 3.4068], [-53.2784, 3.4069], [-53.2765, 3.4072], [-53.2757, 3.4082], [-53.2755, 3.4093], [-53.2755, 3.4103], [-53.2745, 3.4109], [-53.2736, 3.4115], [-53.2725, 3.4119], [-53.2715, 3.4116], [-53.271, 3.4104], [-53.2711, 3.4093], [-53.2702, 3.4087], [-53.2691, 3.4078], [-53.2686, 3.4069], [-53.2674, 3.4073], [-53.2664, 3.4082], [-53.2653, 3.4083], [-53.2644, 3.4086], [-53.2633, 3.4087], [-53.262, 3.4081], [-53.2608, 3.4073], [-53.2606, 3.4063], [-53.2608, 3.4052], [-53.2603, 3.4042], [-53.2588, 3.4035], [-53.2579, 3.4029], [-53.257, 3.403], [-53.2559, 3.4027], [-53.255, 3.4023], [-53.2541, 3.4029], [-53.2532, 3.4031], [-53.2517, 3.4027], [-53.2511, 3.4018], [-53.25, 3.4013], [-53.2491, 3.4014], [-53.248, 3.4013], [-53.2467, 3.4008], [-53.2457, 3.4004], [-53.2442, 3.3998], [-53.2429, 3.3992], [-53.2416, 3.399], [-53.2407, 3.3987], [-53.2398, 3.3977], [-53.2387, 3.397], [-53.2377, 3.3969], [-53.2367, 3.3962], [-53.2367, 3.3972], [-53.2358, 3.3976], [-53.2354, 3.3965], [-53.2353, 3.3955], [-53.2363, 3.3948], [-53.2366, 3.3935], [-53.2356, 3.3925], [-53.2346, 3.3921], [-53.234, 3.391], [-53.233, 3.3901], [-53.2338, 3.3896], [-53.2347, 3.3892], [-53.2358, 3.389], [-53.2366, 3.3889], [-53.237, 3.3879], [-53.2361, 3.3875], [-53.2361, 3.3866], [-53.2364, 3.3853], [-53.2355, 3.3843], [-53.2355, 3.3831], [-53.2365, 3.3822], [-53.2362, 3.3812], [-53.2365, 3.3803], [-53.2367, 3.3794], [-53.2359, 3.3784], [-53.2358, 3.3775], [-53.2352, 3.3765], [-53.236, 3.3756], [-53.2365, 3.3747], [-53.2368, 3.3736], [-53.2374, 3.3726], [-53.2376, 3.3711], [-53.2385, 3.3709], [-53.2389, 3.3696], [-53.2386, 3.3685], [-53.2394, 3.3674], [-53.2388, 3.3662], [-53.2383, 3.3653], [-53.2389, 3.3639], [-53.2392, 3.3628], [-53.2392, 3.3618], [-53.2386, 3.3607], [-53.2386, 3.3596], [-53.2396, 3.3586], [-53.2405, 3.3576], [-53.2396, 3.3573], [-53.2388, 3.3567], [-53.2396, 3.356], [-53.2405, 3.3561], [-53.2411, 3.3552], [-53.2411, 3.354], [-53.2414, 3.3528], [-53.2416, 3.3516], [-53.242, 3.3507], [-53.242, 3.3497], [-53.2422, 3.3483], [-53.2419, 3.3474], [-53.2412, 3.3465], [-53.2412, 3.3454], [-53.241, 3.3443], [-53.242, 3.3431], [-53.2425, 3.3423], [-53.243, 3.3414], [-53.2429, 3.3405], [-53.2428, 3.3394], [-53.2429, 3.3385], [-53.2429, 3.3376], [-53.2426, 3.3364], [-53.2416, 3.3357], [-53.2426, 3.3352], [-53.2439, 3.3359], [-53.2447, 3.3356], [-53.2459, 3.3356], [-53.2461, 3.3347], [-53.2453, 3.3336], [-53.245, 3.3256], [-53.2445, 3.3222], [-53.2425, 3.3203], [-53.2425, 3.3184], [-53.2428, 3.3164], [-53.2403, 3.3139], [-53.2392, 3.3122], [-53.2384, 3.3111], [-53.2364, 3.3092], [-53.2345, 3.3092], [-53.2336, 3.3086], [-53.2325, 3.3078], [-53.2314, 3.3078], [-53.2253, 3.3075], [-53.2239, 3.3072], [-53.2222, 3.3061], [-53.2211, 3.305], [-53.2189, 3.3036], [-53.2175, 3.3036], [-53.2164, 3.3028], [-53.215, 3.3017], [-53.2131, 3.3003], [-53.2117, 3.3], [-53.2072, 3.2992], [-53.2028, 3.2992], [-53.2017, 3.2989], [-53.2009, 3.2981], [-53.1989, 3.2981], [-53.1978, 3.2975], [-53.1956, 3.2972], [-53.1947, 3.2964], [-53.1934, 3.2964], [-53.1925, 3.2959], [-53.1911, 3.295], [-53.1903, 3.2939], [-53.1892, 3.2936], [-53.1886, 3.2922], [-53.187, 3.2917], [-53.1853, 3.29], [-53.1836, 3.29], [-53.1811, 3.2906], [-53.18, 3.2895], [-53.1789, 3.2895], [-53.1784, 3.2867], [-53.1761, 3.2845], [-53.1761, 3.2828], [-53.1759, 3.2817], [-53.1761, 3.2806], [-53.1756, 3.2789], [-53.1747, 3.2781], [-53.1747, 3.2759], [-53.1747, 3.2747], [-53.1747, 3.2734], [-53.1734, 3.272], [-53.1725, 3.2714], [-53.1725, 3.2703], [-53.1717, 3.2692], [-53.1703, 3.2672], [-53.1686, 3.2667], [-53.1675, 3.2661], [-53.1672, 3.265], [-53.165, 3.2634], [-53.1611, 3.2595], [-53.1595, 3.2581], [-53.157, 3.2581], [-53.1525, 3.2575], [-53.1517, 3.257], [-53.1497, 3.257], [-53.1472, 3.2539], [-53.1447, 3.2531], [-53.1428, 3.2511], [-53.1425, 3.25], [-53.1428, 3.2489], [-53.1431, 3.2478], [-53.142, 3.2464], [-53.1406, 3.2464], [-53.1403, 3.2442], [-53.1397, 3.2434], [-53.1381, 3.2431], [-53.1361, 3.2428], [-53.135, 3.2422], [-53.1336, 3.2422], [-53.1311, 3.242], [-53.1297, 3.2406], [-53.1297, 3.2372], [-53.1289, 3.2359], [-53.1275, 3.2345], [-53.1267, 3.2334], [-53.1256, 3.2334], [-53.1225, 3.2331], [-53.1217, 3.2331], [-53.1211, 3.2322], [-53.12, 3.2322], [-53.1189, 3.2317], [-53.1131, 3.2317], [-53.1009, 3.2299], [-53.1014, 3.2116], [-53.0978, 3.2053], [-53.0878, 3.204], [-53.0803, 3.2136], [-53.0584, 3.1946], [-53.0527, 3.1732], [-53.0562, 3.1493], [-53.0724, 3.1248], [-53.0857, 3.0995], [-53.0866, 3.0886], [-53.0875, 3.0776], [-53.0884, 3.0667], [-53.0876, 3.0412], [-53.0826, 3.0312], [-53.0847, 3.0094], [-53.091, 3.0132], [-53.1026, 3.0103], [-53.1157, 3.0034], [-53.1189, 2.997], [-53.121, 2.9853], [-53.1258, 2.9791], [-53.1409, 2.9721], [-53.1656, 2.9621], [-53.1755, 2.9549], [-53.1798, 2.9437], [-53.1809, 2.9271], [-53.1842, 2.9198], [-53.1961, 2.9115], [-53.2024, 2.9039], [-53.2054, 2.8934], [-53.2148, 2.8839], [-53.2217, 2.8729], [-53.2228, 2.8624], [-53.2195, 2.8509], [-53.2133, 2.8384], [-53.2145, 2.8299], [-53.224, 2.8233], [-53.2413, 2.8147], [-53.2504, 2.8054], [-53.2565, 2.7936], [-53.2688, 2.7802], [-53.2869, 2.7574], [-53.2859, 2.7529], [-53.2771, 2.7437], [-53.2738, 2.736], [-53.2757, 2.7278], [-53.2862, 2.7264], [-53.3061, 2.7242], [-53.3083, 2.7008], [-53.3028, 2.6925], [-53.3031, 2.6791], [-53.3103, 2.6716], [-53.315, 2.6662], [-53.3116, 2.6643], [-53.3133, 2.6518], [-53.3088, 2.6458], [-53.2979, 2.6399], [-53.3027, 2.6297], [-53.3114, 2.626], [-53.3303, 2.6222], [-53.3395, 2.6132], [-53.3386, 2.6068], [-53.328, 2.5909], [-53.3219, 2.5871], [-53.3084, 2.5841], [-53.3078, 2.5639], [-53.3108, 2.5487], [-53.3183, 2.5453], [-53.328, 2.5392], [-53.333, 2.5294], [-53.3277, 2.5238], [-53.3202, 2.5172], [-53.3189, 2.4929], [-53.3, 2.4884], [-53.2902, 2.4814], [-53.2806, 2.4643], [-53.2715, 2.4531], [-53.2562, 2.4479], [-53.2433, 2.4475], [-53.2327, 2.442], [-53.24, 2.4389], [-53.253, 2.4338], [-53.258, 2.4187], [-53.265, 2.402], [-53.2773, 2.3927], [-53.2897, 2.3833], [-53.2935, 2.3723], [-53.2911, 2.3591], [-53.2941, 2.3546], [-53.2953, 2.3539], [-53.2964, 2.3536], [-53.3005, 2.3523], [-53.3016, 2.3517], [-53.3025, 2.3507], [-53.3029, 2.3492], [-53.3031, 2.3481], [-53.3036, 2.3468], [-53.3041, 2.3459], [-53.3051, 2.345], [-53.3063, 2.3444], [-53.3083, 2.344], [-53.3101, 2.3437], [-53.3124, 2.343], [-53.3145, 2.3418], [-53.3172, 2.3401], [-53.3183, 2.342], [-53.3192, 2.3451], [-53.3217, 2.343], [-53.3209, 2.3411], [-53.3209, 2.3402], [-53.3208, 2.3387], [-53.3209, 2.3375], [-53.3224, 2.3378], [-53.3234, 2.338], [-53.3265, 2.338], [-53.3278, 2.3379], [-53.3282, 2.3367], [-53.3283, 2.3354], [-53.3297, 2.3343], [-53.3311, 2.3341], [-53.3319, 2.335], [-53.3319, 2.3362], [-53.332, 2.3371], [-53.3324, 2.3385], [-53.333, 2.3394], [-53.3335, 2.3405], [-53.3331, 2.346], [-53.3357, 2.3477], [-53.3377, 2.349], [-53.3386, 2.3496], [-53.3393, 2.3506], [-53.3401, 2.352], [-53.3416, 2.3516], [-53.3427, 2.3511], [-53.344, 2.3514], [-53.3457, 2.3494], [-53.3459, 2.3484], [-53.3457, 2.3473], [-53.3467, 2.3466], [-53.3477, 2.3464], [-53.3489, 2.3463], [-53.3501, 2.3463], [-53.3519, 2.347], [-53.3531, 2.3475], [-53.3546, 2.348], [-53.3555, 2.3481], [-53.3564, 2.3479], [-53.3573, 2.347], [-53.358, 2.3461], [-53.3591, 2.3457], [-53.3599, 2.3451], [-53.361, 2.344], [-53.3616, 2.3426], [-53.3615, 2.3412], [-53.3606, 2.3402], [-53.3593, 2.3393], [-53.3582, 2.3378], [-53.358, 2.3363], [-53.3582, 2.3353], [-53.3593, 2.3344], [-53.3596, 2.3333], [-53.3587, 2.3321], [-53.358, 2.3303], [-53.3587, 2.3279], [-53.3595, 2.327], [-53.3606, 2.3264], [-53.3614, 2.3258], [-53.3616, 2.3246], [-53.3623, 2.3236], [-53.3647, 2.3211], [-53.367, 2.3185], [-53.3686, 2.3167], [-53.3721, 2.313], [-53.3733, 2.3121], [-53.3747, 2.3118], [-53.3759, 2.312], [-53.3769, 2.3125], [-53.3782, 2.313], [-53.3792, 2.3129], [-53.3802, 2.3125], [-53.382, 2.3111], [-53.3831, 2.3101], [-53.3842, 2.309], [-53.3859, 2.3083], [-53.3869, 2.3081], [-53.387, 2.307], [-53.3871, 2.3061], [-53.3872, 2.3051], [-53.3876, 2.3042], [-53.3888, 2.3038], [-53.3899, 2.3038], [-53.3907, 2.3038], [-53.3922, 2.3047], [-53.3935, 2.3059], [-53.3946, 2.3068], [-53.3954, 2.3064], [-53.3963, 2.3061], [-53.3971, 2.3058], [-53.3986, 2.3053], [-53.3996, 2.3046], [-53.4002, 2.3034], [-53.4005, 2.3022], [-53.4012, 2.3009], [-53.402, 2.3], [-53.4023, 2.299], [-53.4026, 2.2981], [-53.4043, 2.2973], [-53.4051, 2.2964], [-53.4055, 2.2955], [-53.4047, 2.2937], [-53.4045, 2.2924], [-53.405, 2.2914], [-53.4057, 2.2903], [-53.4072, 2.2897], [-53.4083, 2.2893], [-53.4094, 2.2883], [-53.4107, 2.2873], [-53.4116, 2.2872], [-53.4131, 2.2877], [-53.4141, 2.2878], [-53.4157, 2.287], [-53.4168, 2.2865], [-53.4179, 2.2867], [-53.4188, 2.2869], [-53.4202, 2.2855], [-53.4216, 2.2847], [-53.4223, 2.2858], [-53.4234, 2.2871], [-53.4247, 2.2876], [-53.426, 2.2876], [-53.4269, 2.2878], [-53.4282, 2.2884], [-53.4308, 2.2886], [-53.4321, 2.2874], [-53.4321, 2.2857], [-53.4313, 2.2845], [-53.4311, 2.2831], [-53.4313, 2.2821], [-53.4324, 2.2824], [-53.434, 2.2828], [-53.435, 2.2836], [-53.4359, 2.2824], [-53.4359, 2.2813], [-53.4363, 2.2802], [-53.4374, 2.2789], [-53.4376, 2.278], [-53.4403, 2.2774], [-53.4419, 2.2761], [-53.4428, 2.2755], [-53.4439, 2.2754], [-53.4456, 2.2738], [-53.4448, 2.2729], [-53.4449, 2.2718], [-53.445, 2.2706], [-53.4449, 2.2689], [-53.4449, 2.2673], [-53.447, 2.2674], [-53.4479, 2.2666], [-53.449, 2.2649], [-53.4495, 2.2638], [-53.4505, 2.2626], [-53.4506, 2.2597], [-53.4521, 2.2596], [-53.4537, 2.2591], [-53.4542, 2.2581], [-53.4556, 2.2577], [-53.4566, 2.2579], [-53.4581, 2.2577], [-53.4593, 2.2566], [-53.4605, 2.2552], [-53.4609, 2.2539], [-53.4624, 2.2528], [-53.4638, 2.2523], [-53.4649, 2.2522], [-53.4657, 2.2532], [-53.4671, 2.2542], [-53.4679, 2.2532], [-53.4689, 2.252], [-53.4697, 2.252], [-53.4706, 2.2521], [-53.4712, 2.2532], [-53.4725, 2.254], [-53.4743, 2.2545], [-53.4762, 2.2549], [-53.4786, 2.2556], [-53.4799, 2.2562], [-53.4811, 2.2573], [-53.4814, 2.2597], [-53.4824, 2.2601], [-53.4836, 2.2613], [-53.484, 2.2621], [-53.4852, 2.2621], [-53.4871, 2.2619], [-53.4887, 2.2619], [-53.4898, 2.2618], [-53.4904, 2.2603], [-53.4905, 2.2591], [-53.4907, 2.2581], [-53.4916, 2.257], [-53.4947, 2.2567], [-53.4953, 2.258], [-53.4957, 2.2594], [-53.4959, 2.2605], [-53.4968, 2.2603], [-53.4982, 2.2594], [-53.5004, 2.2586], [-53.5017, 2.2581], [-53.5026, 2.258], [-53.5042, 2.2583], [-53.505, 2.2584], [-53.5067, 2.258], [-53.5089, 2.2574], [-53.5106, 2.2569], [-53.512, 2.2572], [-53.5134, 2.2581], [-53.5141, 2.2596], [-53.5151, 2.2611], [-53.516, 2.2616], [-53.5197, 2.2609], [-53.5206, 2.2604], [-53.5214, 2.259], [-53.524, 2.259], [-53.5248, 2.258], [-53.5251, 2.2567], [-53.5251, 2.2558], [-53.525, 2.2548], [-53.525, 2.2539], [-53.5259, 2.253], [-53.5281, 2.2522], [-53.532, 2.2513], [-53.5335, 2.2514], [-53.5347, 2.2516], [-53.5357, 2.2527], [-53.5366, 2.2543], [-53.5377, 2.2546], [-53.5375, 2.2565], [-53.5393, 2.2554], [-53.5401, 2.2549], [-53.541, 2.2533], [-53.542, 2.2522], [-53.543, 2.2523], [-53.5428, 2.2532], [-53.5426, 2.2545], [-53.5448, 2.2555], [-53.5454, 2.2541], [-53.546, 2.2532], [-53.5475, 2.2525], [-53.549, 2.2525], [-53.5492, 2.2547], [-53.5526, 2.2572], [-53.5548, 2.2572], [-53.5554, 2.2582], [-53.5565, 2.2588], [-53.5574, 2.2601], [-53.5593, 2.2609], [-53.5586, 2.2624], [-53.5589, 2.2639], [-53.56, 2.2647], [-53.561, 2.2643], [-53.5621, 2.2641], [-53.5633, 2.2646], [-53.5641, 2.2645], [-53.5658, 2.2639], [-53.5668, 2.2637], [-53.5675, 2.2672], [-53.5689, 2.2669], [-53.5725, 2.2675], [-53.5737, 2.2682], [-53.5748, 2.2687], [-53.576, 2.2678], [-53.5784, 2.2677], [-53.579, 2.2699], [-53.5804, 2.2698], [-53.581, 2.2688], [-53.5818, 2.267], [-53.5818, 2.266], [-53.5818, 2.2648], [-53.5816, 2.2631], [-53.5836, 2.2631], [-53.5858, 2.2631], [-53.5867, 2.2644], [-53.5874, 2.2657], [-53.5876, 2.2665], [-53.5875, 2.2676], [-53.5881, 2.2686], [-53.5885, 2.2697], [-53.5892, 2.2709], [-53.5903, 2.2718], [-53.592, 2.2717], [-53.5929, 2.2719], [-53.5943, 2.2727], [-53.5952, 2.2732], [-53.5963, 2.2736], [-53.5978, 2.2742], [-53.5981, 2.2757], [-53.5983, 2.2768], [-53.5993, 2.2779], [-53.6005, 2.2792], [-53.6028, 2.2802], [-53.6045, 2.2807], [-53.6061, 2.279], [-53.6069, 2.2784], [-53.6083, 2.2778], [-53.6095, 2.2782], [-53.6101, 2.2792], [-53.6093, 2.2804], [-53.6113, 2.2814], [-53.6123, 2.2802], [-53.6126, 2.2787], [-53.6132, 2.2778], [-53.6146, 2.2773], [-53.6157, 2.2764], [-53.616, 2.2752], [-53.6167, 2.274], [-53.6175, 2.2731], [-53.6189, 2.2723], [-53.6194, 2.2735], [-53.6197, 2.2743], [-53.6212, 2.275], [-53.6223, 2.2753], [-53.6236, 2.2756], [-53.6241, 2.2764], [-53.6236, 2.2781], [-53.6232, 2.2789], [-53.6241, 2.279], [-53.6251, 2.279], [-53.6261, 2.2792], [-53.6276, 2.2799], [-53.6285, 2.28], [-53.6304, 2.2797], [-53.6316, 2.2787], [-53.6327, 2.2781], [-53.6335, 2.277], [-53.6345, 2.2764], [-53.6355, 2.2765], [-53.6369, 2.2768], [-53.638, 2.2778], [-53.6389, 2.2788], [-53.6406, 2.2799], [-53.6419, 2.2798], [-53.6433, 2.2798], [-53.644, 2.2787], [-53.6447, 2.2778], [-53.6464, 2.2777], [-53.6481, 2.278], [-53.6502, 2.2782], [-53.6517, 2.2782], [-53.6526, 2.2782], [-53.6536, 2.2786], [-53.6546, 2.279], [-53.6556, 2.2791], [-53.6569, 2.2795], [-53.6573, 2.2806], [-53.6571, 2.2821], [-53.6573, 2.2835], [-53.6576, 2.2846], [-53.6566, 2.2849], [-53.6557, 2.2869], [-53.6549, 2.2879], [-53.6549, 2.2892], [-53.6549, 2.2906], [-53.6547, 2.2919], [-53.6542, 2.293], [-53.6529, 2.2937], [-53.652, 2.2945], [-53.6518, 2.2957], [-53.6524, 2.2966], [-53.6534, 2.2971], [-53.6545, 2.2985], [-53.6555, 2.2984], [-53.6565, 2.2977], [-53.6583, 2.2976], [-53.6594, 2.2962], [-53.6606, 2.2954], [-53.6615, 2.296], [-53.6628, 2.2967], [-53.6634, 2.2976], [-53.663, 2.2988], [-53.6632, 2.3004], [-53.6639, 2.3014], [-53.6655, 2.3021], [-53.6668, 2.3021], [-53.668, 2.3015], [-53.6689, 2.3017], [-53.6689, 2.3028], [-53.6692, 2.3037], [-53.6702, 2.3035], [-53.6719, 2.3023], [-53.6733, 2.2999], [-53.6738, 2.2987], [-53.6741, 2.2975], [-53.6754, 2.2971], [-53.6763, 2.2966], [-53.6772, 2.2961], [-53.6783, 2.2967], [-53.6791, 2.2978], [-53.6806, 2.2987], [-53.6815, 2.2993], [-53.6825, 2.3], [-53.6837, 2.2999], [-53.6841, 2.2988], [-53.6837, 2.2978], [-53.6825, 2.2973], [-53.6814, 2.2966], [-53.6812, 2.2958], [-53.6815, 2.2947], [-53.6823, 2.2938], [-53.6828, 2.2928], [-53.684, 2.2923], [-53.6854, 2.2923], [-53.6866, 2.2932], [-53.6877, 2.2942], [-53.6889, 2.2948], [-53.6892, 2.296], [-53.6887, 2.2974], [-53.6889, 2.2983], [-53.6898, 2.2985], [-53.6908, 2.2994], [-53.6913, 2.3009], [-53.6916, 2.3018], [-53.6917, 2.3036], [-53.6911, 2.3049], [-53.6905, 2.3059], [-53.6906, 2.3068], [-53.6914, 2.3078], [-53.6928, 2.3086], [-53.6937, 2.309], [-53.6946, 2.3093], [-53.6959, 2.3092], [-53.6968, 2.3088], [-53.6978, 2.3099], [-53.6987, 2.311], [-53.7002, 2.3111], [-53.7016, 2.3109], [-53.7031, 2.3111], [-53.704, 2.3107], [-53.7042, 2.3098], [-53.7049, 2.3085], [-53.7048, 2.3073], [-53.7045, 2.3059], [-53.706, 2.3059], [-53.708, 2.3059], [-53.7094, 2.3059], [-53.7105, 2.306], [-53.7115, 2.307], [-53.712, 2.3085], [-53.7124, 2.31], [-53.7134, 2.3106], [-53.7145, 2.3106], [-53.7155, 2.3101], [-53.7167, 2.3096], [-53.7178, 2.3094], [-53.7186, 2.309], [-53.7199, 2.3095], [-53.7211, 2.3106], [-53.7216, 2.3119], [-53.7217, 2.3129], [-53.7227, 2.3125], [-53.7233, 2.3115], [-53.7236, 2.3106], [-53.7249, 2.3098], [-53.726, 2.3106], [-53.7269, 2.3111], [-53.728, 2.3111], [-53.729, 2.3109], [-53.7297, 2.3097], [-53.7298, 2.3088], [-53.7299, 2.3078], [-53.7302, 2.3069], [-53.7307, 2.3059], [-53.7321, 2.3051], [-53.7343, 2.3051], [-53.7367, 2.3053], [-53.7385, 2.3055], [-53.7396, 2.3058], [-53.7417, 2.3075], [-53.7427, 2.3078], [-53.7434, 2.3091], [-53.7446, 2.3098], [-53.7456, 2.3099], [-53.7465, 2.3101], [-53.7471, 2.3109], [-53.7463, 2.3116], [-53.7451, 2.312], [-53.7447, 2.3129], [-53.7449, 2.3138], [-53.7458, 2.3142], [-53.7469, 2.3148], [-53.7479, 2.3157], [-53.7483, 2.3168], [-53.748, 2.3186], [-53.7477, 2.3198], [-53.7468, 2.3202], [-53.7459, 2.3199], [-53.7449, 2.3202], [-53.744, 2.3207], [-53.743, 2.3211], [-53.7421, 2.3215], [-53.7411, 2.3217], [-53.7399, 2.3213], [-53.7384, 2.321], [-53.7365, 2.321], [-53.7354, 2.3212], [-53.7344, 2.3215], [-53.7332, 2.3224], [-53.7331, 2.3235], [-53.734, 2.3247], [-53.735, 2.3259], [-53.7358, 2.3273], [-53.736, 2.3282], [-53.7364, 2.329], [-53.7372, 2.3299], [-53.7381, 2.3308], [-53.7384, 2.3317], [-53.738, 2.3327], [-53.7368, 2.3335], [-53.7356, 2.3344], [-53.7344, 2.3353], [-53.7333, 2.3356], [-53.7318, 2.3355], [-53.7303, 2.3358], [-53.7288, 2.3366], [-53.7272, 2.3378], [-53.726, 2.3389], [-53.7252, 2.3402], [-53.7249, 2.3412], [-53.7242, 2.3422], [-53.7235, 2.3434], [-53.7229, 2.3451], [-53.7224, 2.3462], [-53.7221, 2.3472], [-53.7214, 2.3485], [-53.7213, 2.3494], [-53.7207, 2.3504], [-53.7221, 2.3516], [-53.723, 2.3502], [-53.7245, 2.3493], [-53.7261, 2.349], [-53.7276, 2.3484], [-53.7286, 2.3479], [-53.7286, 2.3489], [-53.7287, 2.3509], [-53.7286, 2.3523], [-53.7298, 2.3533], [-53.7308, 2.354], [-53.732, 2.3553], [-53.7331, 2.3562], [-53.7333, 2.3578], [-53.7336, 2.359], [-53.7347, 2.3591], [-53.7356, 2.3584], [-53.7364, 2.3583], [-53.7372, 2.3598], [-53.7382, 2.3611], [-53.7394, 2.3605], [-53.7399, 2.3596], [-53.7409, 2.359], [-53.7418, 2.359], [-53.7429, 2.3577], [-53.7434, 2.3568], [-53.7439, 2.3555], [-53.745, 2.3547], [-53.7459, 2.3549], [-53.7469, 2.3556], [-53.747, 2.3569], [-53.747, 2.3579], [-53.7482, 2.3581], [-53.7495, 2.3581], [-53.7504, 2.3577], [-53.7513, 2.359], [-53.7517, 2.3601], [-53.7515, 2.3611], [-53.7505, 2.3618], [-53.7488, 2.3627], [-53.747, 2.3633], [-53.7459, 2.3637], [-53.7447, 2.364], [-53.7433, 2.3644], [-53.7417, 2.3647], [-53.7405, 2.365], [-53.7387, 2.3655], [-53.7376, 2.3661], [-53.7371, 2.3671], [-53.7368, 2.368], [-53.7364, 2.3694], [-53.736, 2.3711], [-53.736, 2.3722], [-53.7375, 2.3737], [-53.7386, 2.3742], [-53.7395, 2.3742], [-53.7412, 2.3739], [-53.742, 2.3729], [-53.7421, 2.3718], [-53.7425, 2.3704], [-53.7434, 2.3695], [-53.7444, 2.3694], [-53.7457, 2.37], [-53.7468, 2.37], [-53.7482, 2.37], [-53.7491, 2.37], [-53.7508, 2.3698], [-53.7519, 2.3701], [-53.7529, 2.3707], [-53.7537, 2.3708], [-53.7546, 2.3708], [-53.7558, 2.3711], [-53.7565, 2.3725], [-53.7565, 2.3738], [-53.7572, 2.3748], [-53.7581, 2.3752], [-53.7594, 2.3748], [-53.7608, 2.3741], [-53.7623, 2.3742], [-53.7634, 2.3745], [-53.7642, 2.3748], [-53.7653, 2.3754], [-53.7667, 2.3756], [-53.7677, 2.3755], [-53.7685, 2.3755], [-53.7697, 2.3752], [-53.7704, 2.3742], [-53.7704, 2.3733], [-53.7704, 2.3724], [-53.7703, 2.3715], [-53.7708, 2.3707], [-53.7718, 2.3699], [-53.7733, 2.369], [-53.7745, 2.369], [-53.7767, 2.3702], [-53.7776, 2.3704], [-53.7798, 2.3704], [-53.781, 2.37], [-53.7823, 2.3691], [-53.7832, 2.3682], [-53.7846, 2.3679], [-53.785, 2.3668], [-53.7841, 2.3658], [-53.7836, 2.3648], [-53.7826, 2.3635], [-53.7818, 2.3622], [-53.782, 2.3613], [-53.7833, 2.3612], [-53.7843, 2.3612], [-53.7855, 2.3615], [-53.7869, 2.3616], [-53.7874, 2.3607], [-53.7884, 2.3603], [-53.7894, 2.3611], [-53.7897, 2.3622], [-53.7908, 2.3624], [-53.7924, 2.3619], [-53.7933, 2.3617], [-53.7951, 2.3617], [-53.7959, 2.3617], [-53.7969, 2.3615], [-53.7979, 2.3603], [-53.7986, 2.3582], [-53.7989, 2.3568], [-53.7996, 2.3551], [-53.7999, 2.3542], [-53.8012, 2.3541], [-53.8027, 2.354], [-53.8041, 2.3538], [-53.8055, 2.3542], [-53.8064, 2.3543], [-53.8073, 2.3536], [-53.8091, 2.3529], [-53.8102, 2.3525], [-53.8106, 2.3513], [-53.8098, 2.3502], [-53.8089, 2.3491], [-53.8092, 2.3476], [-53.8097, 2.3465], [-53.8093, 2.3455], [-53.8089, 2.3443], [-53.8089, 2.3423], [-53.8092, 2.3414], [-53.8103, 2.3407], [-53.8111, 2.3404], [-53.8123, 2.34], [-53.8139, 2.339], [-53.815, 2.3385], [-53.8158, 2.3381], [-53.8172, 2.3377], [-53.8187, 2.3366], [-53.8196, 2.3361], [-53.8207, 2.3357], [-53.8223, 2.3353], [-53.8234, 2.3353], [-53.8264, 2.3354], [-53.8274, 2.3354], [-53.8285, 2.3349], [-53.8305, 2.3342], [-53.8315, 2.3339], [-53.8327, 2.3337], [-53.8341, 2.3329], [-53.8349, 2.3319], [-53.8347, 2.3307], [-53.8352, 2.3294], [-53.8359, 2.3282], [-53.8358, 2.327], [-53.8345, 2.3266], [-53.8334, 2.3271], [-53.8325, 2.3271], [-53.8316, 2.3263], [-53.8312, 2.325], [-53.8305, 2.3239], [-53.8289, 2.3232], [-53.8279, 2.3229], [-53.8266, 2.3229], [-53.8246, 2.3232], [-53.823, 2.3232], [-53.8219, 2.3244], [-53.821, 2.3249], [-53.8197, 2.3248], [-53.8181, 2.3237], [-53.8172, 2.3232], [-53.8159, 2.3228], [-53.8148, 2.3218], [-53.8145, 2.3201], [-53.8147, 2.3188], [-53.8144, 2.3178], [-53.8136, 2.3168], [-53.8134, 2.316], [-53.8131, 2.3142], [-53.8129, 2.3133], [-53.8129, 2.3123], [-53.8133, 2.3114], [-53.8145, 2.3111], [-53.8157, 2.3111], [-53.8169, 2.3105], [-53.8177, 2.3103], [-53.8192, 2.3105], [-53.8206, 2.3111], [-53.8217, 2.3119], [-53.8226, 2.3125], [-53.8236, 2.3123], [-53.8237, 2.3109], [-53.8237, 2.3099], [-53.8241, 2.309], [-53.8252, 2.3082], [-53.8262, 2.3082], [-53.8272, 2.3083], [-53.8285, 2.3083], [-53.8297, 2.3083], [-53.831, 2.3082], [-53.8319, 2.3073], [-53.8332, 2.3055], [-53.8345, 2.3057], [-53.8359, 2.305], [-53.8371, 2.3039], [-53.8379, 2.3027], [-53.8391, 2.302], [-53.8401, 2.3023], [-53.8412, 2.3035], [-53.8417, 2.3044], [-53.8428, 2.3046], [-53.8441, 2.3041], [-53.8455, 2.3036], [-53.8464, 2.3033], [-53.8473, 2.303], [-53.8486, 2.303], [-53.8499, 2.3037], [-53.8508, 2.3039], [-53.8518, 2.3031], [-53.8526, 2.3034], [-53.8528, 2.3044], [-53.853, 2.3053], [-53.8529, 2.3062], [-53.8528, 2.3072], [-53.8532, 2.3083], [-53.8543, 2.3099], [-53.8549, 2.3112], [-53.8553, 2.3122], [-53.8556, 2.3133], [-53.8569, 2.3125], [-53.8583, 2.3117], [-53.8597, 2.3113], [-53.8609, 2.311], [-53.8622, 2.3104], [-53.8627, 2.3094], [-53.8625, 2.3077], [-53.8632, 2.3066], [-53.864, 2.3052], [-53.8651, 2.3041], [-53.8664, 2.3042], [-53.8671, 2.3051], [-53.8673, 2.3063], [-53.8682, 2.307], [-53.8691, 2.3074], [-53.8705, 2.3083], [-53.8717, 2.3082], [-53.8737, 2.3075], [-53.8746, 2.3075], [-53.8756, 2.3076], [-53.8765, 2.3079], [-53.8782, 2.3086], [-53.8797, 2.3087], [-53.881, 2.3088], [-53.8821, 2.3088], [-53.883, 2.3081], [-53.8835, 2.3064], [-53.8842, 2.3047], [-53.8848, 2.3035], [-53.885, 2.302], [-53.8851, 2.3008], [-53.8856, 2.2995], [-53.8858, 2.2986], [-53.8867, 2.2973], [-53.8873, 2.2964], [-53.8863, 2.2952], [-53.8861, 2.2943], [-53.8857, 2.2933], [-53.8859, 2.2921], [-53.8852, 2.2908], [-53.8844, 2.2895], [-53.8839, 2.2884], [-53.8835, 2.2874], [-53.885, 2.2865], [-53.8859, 2.2861], [-53.8859, 2.2851], [-53.8858, 2.284], [-53.8867, 2.2833], [-53.888, 2.2829], [-53.8888, 2.2824], [-53.8886, 2.2814], [-53.8887, 2.2801], [-53.889, 2.2789], [-53.8885, 2.2779], [-53.8868, 2.2767], [-53.8852, 2.2751], [-53.8855, 2.2739], [-53.8863, 2.2729], [-53.8872, 2.2731], [-53.8881, 2.2731], [-53.8889, 2.2718], [-53.8901, 2.2711], [-53.8913, 2.2714], [-53.8919, 2.2722], [-53.8921, 2.2735], [-53.892, 2.2743], [-53.8918, 2.2757], [-53.892, 2.2768], [-53.8934, 2.2767], [-53.8944, 2.2759], [-53.8956, 2.2744], [-53.8963, 2.2733], [-53.8966, 2.2723], [-53.8961, 2.271], [-53.8958, 2.2695], [-53.8959, 2.2682], [-53.8973, 2.2674], [-53.8984, 2.2673], [-53.8994, 2.2674], [-53.9005, 2.2681], [-53.9018, 2.267], [-53.9024, 2.2657], [-53.9024, 2.2648], [-53.9027, 2.2636], [-53.903, 2.2627], [-53.9037, 2.2619], [-53.9046, 2.2612], [-53.9055, 2.2607], [-53.9065, 2.2608], [-53.9081, 2.2612], [-53.9092, 2.2612], [-53.9103, 2.2607], [-53.9114, 2.2607], [-53.9128, 2.2613], [-53.9137, 2.2616], [-53.915, 2.262], [-53.915, 2.263], [-53.9146, 2.2641], [-53.9146, 2.2658], [-53.9147, 2.2667], [-53.915, 2.268], [-53.9152, 2.269], [-53.9143, 2.27], [-53.9132, 2.2707], [-53.912, 2.2714], [-53.9114, 2.2723], [-53.9119, 2.2736], [-53.9122, 2.2747], [-53.9124, 2.2756], [-53.913, 2.2764], [-53.9142, 2.2775], [-53.9151, 2.2782], [-53.916, 2.2784], [-53.9168, 2.2782], [-53.9177, 2.2776], [-53.9186, 2.2772], [-53.9193, 2.2781], [-53.9204, 2.2775], [-53.9214, 2.2765], [-53.9227, 2.2755], [-53.9239, 2.2743], [-53.925, 2.2747], [-53.926, 2.2749], [-53.9272, 2.276], [-53.9282, 2.2771], [-53.9292, 2.2777], [-53.9301, 2.2782], [-53.9308, 2.2791], [-53.9308, 2.2807], [-53.9309, 2.2817], [-53.9319, 2.2819], [-53.9328, 2.2818], [-53.9338, 2.2816], [-53.9346, 2.2807], [-53.9347, 2.2793], [-53.9348, 2.2784], [-53.9353, 2.2773], [-53.9366, 2.2761], [-53.9375, 2.2755], [-53.9385, 2.2749], [-53.9374, 2.274], [-53.9362, 2.2734], [-53.9348, 2.2733], [-53.934, 2.2729], [-53.9339, 2.2714], [-53.9335, 2.2703], [-53.9337, 2.2694], [-53.9347, 2.2684], [-53.9357, 2.2678], [-53.9365, 2.2666], [-53.9365, 2.2653], [-53.9365, 2.2641], [-53.9368, 2.2627], [-53.9376, 2.2617], [-53.9392, 2.2606], [-53.9402, 2.2601], [-53.9413, 2.2595], [-53.9409, 2.2579], [-53.9403, 2.2562], [-53.9396, 2.2544], [-53.9391, 2.2534], [-53.9379, 2.2521], [-53.9369, 2.2505], [-53.9357, 2.2496], [-53.9348, 2.2489], [-53.9342, 2.248], [-53.9345, 2.2472], [-53.9361, 2.2455], [-53.9372, 2.2437], [-53.9378, 2.2427], [-53.9377, 2.2419], [-53.9368, 2.2413], [-53.9359, 2.2407], [-53.9349, 2.2397], [-53.9342, 2.2387], [-53.9331, 2.2375], [-53.9328, 2.2365], [-53.9338, 2.2361], [-53.9348, 2.2356], [-53.9356, 2.2346], [-53.9371, 2.2341], [-53.9383, 2.2344], [-53.9392, 2.2347], [-53.9406, 2.2336], [-53.9412, 2.2327], [-53.9413, 2.2311], [-53.9414, 2.2297], [-53.9414, 2.2287], [-53.9414, 2.2276], [-53.9414, 2.2267], [-53.9411, 2.2257], [-53.9412, 2.2245], [-53.9413, 2.2235], [-53.9408, 2.2226], [-53.94, 2.2214], [-53.9406, 2.2202], [-53.9416, 2.2195], [-53.9425, 2.2189], [-53.943, 2.2178], [-53.9433, 2.2166], [-53.9439, 2.2156], [-53.9448, 2.2152], [-53.9458, 2.2153], [-53.9471, 2.2162], [-53.9482, 2.2173], [-53.9496, 2.2182], [-53.9504, 2.2194], [-53.9508, 2.2205], [-53.9517, 2.2196], [-53.9526, 2.2188], [-53.9542, 2.2184], [-53.9553, 2.2175], [-53.9563, 2.217], [-53.9572, 2.217], [-53.9586, 2.2173], [-53.96, 2.2182], [-53.9619, 2.2191], [-53.9628, 2.2194], [-53.9637, 2.2192], [-53.9647, 2.218], [-53.9658, 2.217], [-53.9664, 2.2161], [-53.9667, 2.2147], [-53.9672, 2.2138], [-53.9681, 2.2132], [-53.9692, 2.2129], [-53.9703, 2.212], [-53.9708, 2.2111], [-53.9715, 2.2101], [-53.9725, 2.2087], [-53.973, 2.2072], [-53.9735, 2.2062], [-53.9748, 2.2065], [-53.9767, 2.2065], [-53.9778, 2.2066], [-53.9788, 2.2068], [-53.98, 2.2073], [-53.9811, 2.2082], [-53.982, 2.2091], [-53.9833, 2.2093], [-53.9844, 2.209], [-53.9855, 2.2084], [-53.9869, 2.2082], [-53.9882, 2.2085], [-53.9891, 2.209], [-53.9904, 2.2091], [-53.9915, 2.2085], [-53.9925, 2.2075], [-53.9934, 2.2064], [-53.9941, 2.2054], [-53.9953, 2.2053], [-53.9963, 2.205], [-53.9973, 2.2034], [-53.998, 2.2024], [-53.9985, 2.2014], [-53.9991, 2.2005], [-54.0, 2.2005], [-54.0009, 2.2012], [-54.0014, 2.2025], [-54.0017, 2.2034], [-54.0038, 2.2042], [-54.0044, 2.203], [-54.0044, 2.2015], [-54.004, 2.2003], [-54.0036, 2.199], [-54.0035, 2.1981], [-54.0041, 2.1973], [-54.0054, 2.1965], [-54.0063, 2.1955], [-54.007, 2.1932], [-54.0077, 2.1918], [-54.0083, 2.1908], [-54.0088, 2.1899], [-54.0098, 2.1887], [-54.0108, 2.1881], [-54.0122, 2.1881], [-54.0127, 2.1868], [-54.0136, 2.1862], [-54.0145, 2.1865], [-54.0147, 2.1855], [-54.0149, 2.1847], [-54.0152, 2.1837], [-54.0159, 2.1825], [-54.0174, 2.1821], [-54.0187, 2.1822], [-54.0202, 2.1825], [-54.0214, 2.1821], [-54.0228, 2.1813], [-54.0236, 2.1818], [-54.0243, 2.184], [-54.0248, 2.1851], [-54.0251, 2.1859], [-54.0263, 2.1871], [-54.0273, 2.1871], [-54.0282, 2.1861], [-54.029, 2.1852], [-54.03, 2.1853], [-54.0315, 2.1865], [-54.0328, 2.1881], [-54.0342, 2.188], [-54.0351, 2.1879], [-54.0365, 2.188], [-54.0373, 2.1879], [-54.0383, 2.1876], [-54.0394, 2.1873], [-54.0406, 2.1872], [-54.0414, 2.1874], [-54.0424, 2.1873], [-54.0434, 2.1868], [-54.0447, 2.1865], [-54.0459, 2.1864], [-54.0482, 2.1885], [-54.0493, 2.1892], [-54.0505, 2.1891], [-54.0516, 2.1894], [-54.0525, 2.1899], [-54.0536, 2.1896], [-54.0547, 2.1893], [-54.0555, 2.1896], [-54.0573, 2.1913], [-54.0581, 2.1927], [-54.058, 2.1945], [-54.0579, 2.1962], [-54.0586, 2.1977], [-54.0596, 2.1979], [-54.0612, 2.1969], [-54.0621, 2.1965], [-54.0638, 2.1964], [-54.0651, 2.1967], [-54.0653, 2.1955], [-54.0654, 2.1946], [-54.0659, 2.1934], [-54.0664, 2.1917], [-54.0664, 2.1904], [-54.0667, 2.1894], [-54.0677, 2.189], [-54.0685, 2.1877], [-54.0695, 2.1869], [-54.0703, 2.1862], [-54.0727, 2.1837], [-54.0732, 2.1827], [-54.0727, 2.1814], [-54.0724, 2.1804], [-54.0721, 2.1792], [-54.0737, 2.1779], [-54.0754, 2.1771], [-54.0766, 2.1762], [-54.0773, 2.1749], [-54.0786, 2.1743], [-54.0798, 2.1744], [-54.0809, 2.1746], [-54.0819, 2.1741], [-54.0826, 2.1731], [-54.083, 2.1719], [-54.083, 2.1702], [-54.0828, 2.1691], [-54.0821, 2.1676], [-54.0817, 2.1667], [-54.0816, 2.1652], [-54.0823, 2.1635], [-54.0837, 2.1623], [-54.0845, 2.1608], [-54.0857, 2.1595], [-54.0864, 2.1585], [-54.0866, 2.1576], [-54.0868, 2.1563], [-54.0873, 2.1554], [-54.0879, 2.1541], [-54.0873, 2.153], [-54.086, 2.1522], [-54.0849, 2.1512], [-54.0844, 2.1502], [-54.0853, 2.1492], [-54.0855, 2.1483], [-54.0856, 2.1468], [-54.0858, 2.1457], [-54.0867, 2.1454], [-54.0877, 2.1453], [-54.0882, 2.1443], [-54.0878, 2.1428], [-54.087, 2.1417], [-54.0861, 2.1413], [-54.0838, 2.1402], [-54.0837, 2.1389], [-54.084, 2.1379], [-54.0842, 2.1367], [-54.0852, 2.1364], [-54.0867, 2.1365], [-54.0876, 2.1366], [-54.0887, 2.138], [-54.0898, 2.1393], [-54.091, 2.1395], [-54.0921, 2.1401], [-54.0932, 2.1401], [-54.0939, 2.1392], [-54.0937, 2.138], [-54.0936, 2.1366], [-54.0943, 2.1355], [-54.0949, 2.1344], [-54.0949, 2.1331], [-54.0954, 2.1321], [-54.0967, 2.1316], [-54.0981, 2.1316], [-54.0989, 2.1304], [-54.0988, 2.1289], [-54.1001, 2.1282], [-54.1011, 2.1279], [-54.102, 2.1267], [-54.103, 2.1254], [-54.1035, 2.1245], [-54.1048, 2.1232], [-54.1057, 2.1221], [-54.1065, 2.121], [-54.1059, 2.1201], [-54.1049, 2.1186], [-54.1045, 2.1172], [-54.1031, 2.1166], [-54.1023, 2.1155], [-54.102, 2.1145], [-54.1011, 2.1127], [-54.1014, 2.1118], [-54.1024, 2.1115], [-54.1038, 2.1112], [-54.1057, 2.1111], [-54.107, 2.1112], [-54.1077, 2.1121], [-54.1082, 2.113], [-54.1092, 2.1138], [-54.1093, 2.1147], [-54.1101, 2.1156], [-54.1111, 2.1164], [-54.1121, 2.1176], [-54.1133, 2.1178], [-54.1148, 2.1176], [-54.1161, 2.1176], [-54.1176, 2.1187], [-54.1185, 2.12], [-54.1189, 2.1214], [-54.1197, 2.1217], [-54.1214, 2.1218], [-54.1224, 2.1217], [-54.1235, 2.1217], [-54.1242, 2.1228], [-54.1246, 2.1242], [-54.1249, 2.1233], [-54.1257, 2.1235], [-54.1269, 2.1242], [-54.1278, 2.1232], [-54.1281, 2.1224], [-54.1292, 2.1215], [-54.1307, 2.1206], [-54.1316, 2.1205], [-54.1329, 2.1215], [-54.1342, 2.122], [-54.1354, 2.1219], [-54.1364, 2.121], [-54.1374, 2.1198], [-54.1383, 2.1191], [-54.1392, 2.1178], [-54.1394, 2.1169], [-54.1386, 2.1162], [-54.1394, 2.1153], [-54.1408, 2.1143], [-54.1416, 2.1131], [-54.1424, 2.1137], [-54.1434, 2.1147], [-54.1439, 2.1159], [-54.1445, 2.1168], [-54.1447, 2.1178], [-54.1446, 2.119], [-54.1442, 2.12], [-54.1454, 2.121], [-54.1467, 2.1217], [-54.1477, 2.1216], [-54.1492, 2.1201], [-54.1501, 2.1195], [-54.1512, 2.1195], [-54.1524, 2.1196], [-54.1532, 2.1205], [-54.1532, 2.1216], [-54.1541, 2.1221], [-54.1554, 2.1221], [-54.1579, 2.122], [-54.1589, 2.1225], [-54.1594, 2.1235], [-54.1584, 2.1252], [-54.1578, 2.1263], [-54.1575, 2.1277], [-54.1579, 2.1287], [-54.1589, 2.1293], [-54.1598, 2.1294], [-54.1608, 2.1295], [-54.1622, 2.1295], [-54.1631, 2.1295], [-54.1642, 2.1293], [-54.1652, 2.1282], [-54.1663, 2.1279], [-54.1666, 2.1292], [-54.1676, 2.1294], [-54.1686, 2.1295], [-54.1688, 2.1307], [-54.1687, 2.1321], [-54.169, 2.1334], [-54.1702, 2.1338], [-54.1715, 2.1345], [-54.1731, 2.1355], [-54.1741, 2.1367], [-54.1743, 2.1377], [-54.1745, 2.1386], [-54.1745, 2.1396], [-54.1745, 2.1405], [-54.1743, 2.1413], [-54.1736, 2.1433], [-54.1732, 2.1442], [-54.1737, 2.1454], [-54.1743, 2.1464], [-54.1749, 2.1473], [-54.1755, 2.1489], [-54.1755, 2.1498], [-54.1765, 2.1495], [-54.1773, 2.1494], [-54.1782, 2.1493], [-54.1791, 2.1494], [-54.1804, 2.1504], [-54.1817, 2.1512], [-54.1819, 2.1527], [-54.1817, 2.1542], [-54.1817, 2.1555], [-54.1825, 2.1564], [-54.1835, 2.1585], [-54.1837, 2.1596], [-54.1837, 2.1606], [-54.1838, 2.1617], [-54.1845, 2.1626], [-54.1853, 2.1639], [-54.1857, 2.1651], [-54.1856, 2.1661], [-54.1852, 2.1677], [-54.1849, 2.1688], [-54.185, 2.1698], [-54.1852, 2.1714], [-54.1852, 2.1727], [-54.1847, 2.1737], [-54.1839, 2.1748], [-54.1842, 2.1756], [-54.1838, 2.177], [-54.1837, 2.1781], [-54.1847, 2.1786], [-54.1857, 2.1782], [-54.1865, 2.1786], [-54.188, 2.1789], [-54.1892, 2.1785], [-54.19, 2.1775], [-54.1903, 2.1767], [-54.1904, 2.175], [-54.1904, 2.1736], [-54.1904, 2.1727], [-54.1903, 2.1713], [-54.1912, 2.1705], [-54.1921, 2.1701], [-54.1933, 2.1699], [-54.1942, 2.1698], [-54.195, 2.1689], [-54.1961, 2.1682], [-54.1974, 2.168], [-54.1984, 2.168], [-54.1995, 2.1682], [-54.2002, 2.1673], [-54.2011, 2.167], [-54.2016, 2.1661], [-54.2016, 2.1652], [-54.2027, 2.1641], [-54.2036, 2.1632], [-54.2049, 2.1628], [-54.2065, 2.1621], [-54.2077, 2.1614], [-54.2088, 2.1604], [-54.2096, 2.1599], [-54.2106, 2.1595], [-54.2103, 2.1584], [-54.2108, 2.1571], [-54.2114, 2.1562], [-54.2122, 2.1565], [-54.2133, 2.1575], [-54.2149, 2.1584], [-54.2159, 2.1582], [-54.2171, 2.1568], [-54.2181, 2.1557], [-54.2199, 2.1538], [-54.2208, 2.1531], [-54.2221, 2.1522], [-54.223, 2.1507], [-54.2241, 2.1498], [-54.2252, 2.1497], [-54.2265, 2.1507], [-54.2276, 2.1517], [-54.2291, 2.1524], [-54.2304, 2.1522], [-54.2315, 2.1512], [-54.2326, 2.1498], [-54.2334, 2.1486], [-54.2345, 2.1501], [-54.2353, 2.1509], [-54.2372, 2.1513], [-54.2383, 2.1518], [-54.2396, 2.1518], [-54.2429, 2.1536], [-54.2452, 2.1561], [-54.246, 2.1561], [-54.247, 2.1552], [-54.248, 2.1552], [-54.2492, 2.1543], [-54.2501, 2.1536], [-54.251, 2.1533], [-54.2521, 2.154], [-54.2531, 2.1546], [-54.2541, 2.1558], [-54.2552, 2.1554], [-54.2567, 2.1549], [-54.2581, 2.1537], [-54.2593, 2.152], [-54.2603, 2.1508], [-54.261, 2.1497], [-54.2621, 2.1487], [-54.2637, 2.1484], [-54.2646, 2.148], [-54.2654, 2.1469], [-54.2655, 2.1458], [-54.2667, 2.1447], [-54.2676, 2.1443], [-54.2685, 2.1444], [-54.2698, 2.1445], [-54.2707, 2.1445], [-54.2714, 2.1455], [-54.2724, 2.1462], [-54.2734, 2.1462], [-54.2752, 2.1462], [-54.2763, 2.1462], [-54.2773, 2.1462], [-54.2786, 2.1464], [-54.2796, 2.1464], [-54.2805, 2.1464], [-54.2815, 2.147], [-54.2827, 2.1474], [-54.2845, 2.1474], [-54.2856, 2.1475], [-54.2867, 2.1474], [-54.2877, 2.1475], [-54.2888, 2.1481], [-54.2902, 2.149], [-54.2912, 2.1495], [-54.2923, 2.1501], [-54.2933, 2.1504], [-54.2942, 2.1507], [-54.2952, 2.151], [-54.2963, 2.1515], [-54.2973, 2.152], [-54.2984, 2.1523], [-54.2993, 2.1527], [-54.3002, 2.1529], [-54.301, 2.1531], [-54.3021, 2.1538], [-54.3028, 2.1547], [-54.3037, 2.1553], [-54.3054, 2.155], [-54.3067, 2.1547], [-54.308, 2.1542], [-54.3101, 2.1555], [-54.3107, 2.1564], [-54.311, 2.1575], [-54.3129, 2.158], [-54.3139, 2.1581], [-54.315, 2.1579], [-54.3158, 2.1576], [-54.3169, 2.1582], [-54.3177, 2.1587], [-54.3193, 2.1596], [-54.3202, 2.1596], [-54.3212, 2.1584], [-54.3218, 2.1573], [-54.3222, 2.1559], [-54.3227, 2.1548], [-54.3238, 2.1542], [-54.3248, 2.1543], [-54.3258, 2.1549], [-54.3267, 2.1555], [-54.328, 2.1549], [-54.3291, 2.1543], [-54.3301, 2.1541], [-54.3316, 2.1551], [-54.3327, 2.1548], [-54.3344, 2.1542], [-54.3354, 2.1538], [-54.3365, 2.1535], [-54.3376, 2.1533], [-54.3387, 2.1531], [-54.3405, 2.1525], [-54.3419, 2.1518], [-54.3431, 2.1522], [-54.3432, 2.1534], [-54.3427, 2.1545], [-54.3432, 2.1557], [-54.3437, 2.1569], [-54.3439, 2.1584], [-54.3442, 2.1605], [-54.3436, 2.1614], [-54.3426, 2.1624], [-54.3421, 2.1634], [-54.3416, 2.1643], [-54.3406, 2.1654], [-54.3401, 2.167], [-54.3399, 2.1678], [-54.3391, 2.169], [-54.3399, 2.17], [-54.3408, 2.1709], [-54.342, 2.1707], [-54.3433, 2.1706], [-54.3445, 2.1711], [-54.3458, 2.1723], [-54.3469, 2.1728], [-54.3478, 2.1735], [-54.3489, 2.1736], [-54.3501, 2.1734], [-54.3505, 2.1723], [-54.3507, 2.171], [-54.3517, 2.1702], [-54.3529, 2.1704], [-54.3538, 2.1714], [-54.3544, 2.1723], [-54.3555, 2.1732], [-54.3566, 2.1736], [-54.3574, 2.1745], [-54.3584, 2.175], [-54.3596, 2.1749], [-54.3607, 2.1749], [-54.3616, 2.1761], [-54.3623, 2.1776], [-54.3629, 2.1792], [-54.3631, 2.1801], [-54.3629, 2.1811], [-54.3626, 2.182], [-54.3624, 2.183], [-54.3634, 2.184], [-54.3644, 2.1846], [-54.365, 2.1855], [-54.365, 2.1867], [-54.364, 2.1873], [-54.3624, 2.1879], [-54.3611, 2.1881], [-54.3608, 2.1892], [-54.3609, 2.1901], [-54.3618, 2.1915], [-54.3621, 2.1924], [-54.3623, 2.1936], [-54.3624, 2.1945], [-54.3612, 2.1954], [-54.36, 2.1958], [-54.3588, 2.1965], [-54.3578, 2.1974], [-54.3574, 2.1986], [-54.3574, 2.1998], [-54.3571, 2.2009], [-54.3558, 2.2018], [-54.3547, 2.2025], [-54.3547, 2.2037], [-54.3553, 2.2048], [-54.3561, 2.2058], [-54.357, 2.2067], [-54.3582, 2.2071], [-54.359, 2.2073], [-54.36, 2.2084], [-54.3604, 2.2096], [-54.361, 2.2105], [-54.3619, 2.2115], [-54.363, 2.2115], [-54.3638, 2.2104], [-54.3653, 2.2091], [-54.3663, 2.2083], [-54.3674, 2.2078], [-54.3684, 2.2074], [-54.3693, 2.2065], [-54.3712, 2.2056], [-54.3726, 2.2055], [-54.3738, 2.2052], [-54.3749, 2.2048], [-54.3762, 2.2035], [-54.3774, 2.2031], [-54.3783, 2.2031], [-54.3794, 2.2027], [-54.3803, 2.2027], [-54.3812, 2.2031], [-54.3825, 2.2045], [-54.3833, 2.2055], [-54.3845, 2.2058], [-54.3854, 2.206], [-54.3864, 2.2058], [-54.3873, 2.2049], [-54.3883, 2.2045], [-54.3894, 2.2049], [-54.3903, 2.2052], [-54.3913, 2.2049], [-54.3924, 2.2036], [-54.3928, 2.2027], [-54.3938, 2.2023], [-54.395, 2.2019], [-54.3959, 2.2009], [-54.3963, 2.1996], [-54.3968, 2.1981], [-54.3974, 2.197], [-54.3985, 2.1972], [-54.3995, 2.1976], [-54.4009, 2.1977], [-54.4021, 2.1977], [-54.4031, 2.1979], [-54.4042, 2.1984], [-54.4051, 2.1992], [-54.4061, 2.1985], [-54.4074, 2.1974], [-54.4083, 2.1973], [-54.4093, 2.198], [-54.4104, 2.1987], [-54.4119, 2.1981], [-54.413, 2.1974], [-54.4139, 2.1966], [-54.4143, 2.1957], [-54.4153, 2.1949], [-54.4163, 2.195], [-54.4174, 2.1957], [-54.4183, 2.1965], [-54.4192, 2.1968], [-54.4197, 2.198], [-54.4205, 2.1993], [-54.421, 2.2006], [-54.4206, 2.2016], [-54.4199, 2.203], [-54.4191, 2.2045], [-54.4178, 2.2056], [-54.4169, 2.2062], [-54.4162, 2.2073], [-54.4159, 2.2085], [-54.4171, 2.2095], [-54.4176, 2.2107], [-54.4189, 2.2119], [-54.4188, 2.2133], [-54.4196, 2.2142], [-54.4205, 2.214], [-54.4213, 2.213], [-54.4225, 2.2134], [-54.4236, 2.2139], [-54.4251, 2.2142], [-54.426, 2.2144], [-54.4272, 2.2146], [-54.4283, 2.2146], [-54.4301, 2.2145], [-54.4312, 2.2143], [-54.4325, 2.2137], [-54.4338, 2.2126], [-54.435, 2.2112], [-54.436, 2.2101], [-54.437, 2.2097], [-54.4381, 2.2092], [-54.439, 2.2081], [-54.4402, 2.2065], [-54.4417, 2.2052], [-54.4429, 2.2047], [-54.4445, 2.2044], [-54.4464, 2.2043], [-54.4474, 2.2042], [-54.4483, 2.2037], [-54.4494, 2.2039], [-54.4503, 2.2045], [-54.4514, 2.2053], [-54.4526, 2.2054], [-54.4529, 2.2063], [-54.4532, 2.2078], [-54.4549, 2.2087], [-54.456, 2.2093], [-54.4571, 2.2098], [-54.458, 2.2091], [-54.4592, 2.2089], [-54.4601, 2.2082], [-54.4609, 2.2075], [-54.4624, 2.2082], [-54.4635, 2.2087], [-54.4648, 2.2093], [-54.4656, 2.21], [-54.4669, 2.2106], [-54.4682, 2.2113], [-54.4693, 2.2121], [-54.4703, 2.2121], [-54.4713, 2.2121], [-54.4723, 2.213], [-54.4727, 2.214], [-54.4736, 2.2142], [-54.4744, 2.214], [-54.4754, 2.2138], [-54.4763, 2.2135], [-54.4772, 2.2133], [-54.4776, 2.2147], [-54.478, 2.2156], [-54.4781, 2.2167], [-54.4779, 2.218], [-54.4777, 2.2197], [-54.4776, 2.2207], [-54.4773, 2.2216], [-54.4768, 2.223], [-54.4766, 2.224], [-54.4763, 2.2255], [-54.4769, 2.2267], [-54.4776, 2.228], [-54.4787, 2.2287], [-54.4804, 2.2289], [-54.4816, 2.2291], [-54.4829, 2.2291], [-54.4836, 2.2304], [-54.4842, 2.2314], [-54.4845, 2.2323], [-54.4852, 2.2332], [-54.4866, 2.2333], [-54.4877, 2.233], [-54.489, 2.2328], [-54.49, 2.2329], [-54.491, 2.2329], [-54.4921, 2.2322], [-54.4931, 2.2312], [-54.4942, 2.2315], [-54.4953, 2.2323], [-54.4961, 2.2332], [-54.4967, 2.2345], [-54.4965, 2.2355], [-54.4961, 2.2367], [-54.4965, 2.2376], [-54.4973, 2.2379], [-54.4985, 2.2398], [-54.4985, 2.2407], [-54.4972, 2.2415], [-54.4962, 2.2424], [-54.4952, 2.2432], [-54.4944, 2.244], [-54.4948, 2.2449], [-54.4961, 2.2458], [-54.4961, 2.2468], [-54.4959, 2.248], [-54.4968, 2.249], [-54.4977, 2.2492], [-54.4987, 2.2496], [-54.4991, 2.2508], [-54.4995, 2.2523], [-54.5006, 2.2524], [-54.5016, 2.2529], [-54.5032, 2.254], [-54.5044, 2.2548], [-54.5053, 2.255], [-54.5063, 2.2549], [-54.5073, 2.2548], [-54.5084, 2.2547], [-54.5096, 2.254], [-54.5108, 2.2533], [-54.5122, 2.2529], [-54.5133, 2.2528], [-54.5145, 2.2527], [-54.5156, 2.2527], [-54.5173, 2.2528], [-54.5198, 2.2526], [-54.5206, 2.2525], [-54.5221, 2.2522], [-54.5231, 2.252], [-54.5234, 2.2534], [-54.5244, 2.2545], [-54.5253, 2.2553], [-54.5256, 2.2567], [-54.5257, 2.2576], [-54.5259, 2.2588], [-54.5265, 2.26], [-54.5271, 2.2609], [-54.5281, 2.2612], [-54.529, 2.2612], [-54.5307, 2.2615], [-54.5316, 2.2615], [-54.5324, 2.2612], [-54.5339, 2.2604], [-54.5352, 2.2604], [-54.5365, 2.2612], [-54.5379, 2.2623], [-54.5389, 2.2631], [-54.5397, 2.2639], [-54.5408, 2.2641], [-54.5411, 2.2651], [-54.5412, 2.2662], [-54.545, 2.268], [-54.5466, 2.2689], [-54.5475, 2.2692], [-54.5485, 2.2697], [-54.549, 2.2706], [-54.549, 2.2716], [-54.5478, 2.2725], [-54.5466, 2.2724], [-54.5457, 2.2722], [-54.5448, 2.2721], [-54.5438, 2.2724], [-54.5427, 2.2725], [-54.5418, 2.2727], [-54.5404, 2.2726], [-54.5393, 2.2725], [-54.5383, 2.2727], [-54.5374, 2.2729], [-54.5351, 2.2737], [-54.5336, 2.274], [-54.5317, 2.2746], [-54.5304, 2.2754], [-54.5293, 2.2756], [-54.5287, 2.2764], [-54.5279, 2.2776], [-54.5272, 2.2786], [-54.526, 2.2788], [-54.525, 2.2787], [-54.5239, 2.2782], [-54.5229, 2.2778], [-54.5216, 2.2772], [-54.5203, 2.2769], [-54.5193, 2.2767], [-54.5178, 2.2767], [-54.5166, 2.2772], [-54.5156, 2.2778], [-54.5146, 2.2779], [-54.5143, 2.2787], [-54.5138, 2.28], [-54.5139, 2.2808], [-54.5145, 2.282], [-54.5151, 2.2832], [-54.5161, 2.2843], [-54.517, 2.2861], [-54.5175, 2.2873], [-54.5186, 2.2886], [-54.5198, 2.2895], [-54.5211, 2.2895], [-54.5232, 2.2896], [-54.5242, 2.2898], [-54.5251, 2.2902], [-54.5262, 2.2903], [-54.5273, 2.2902], [-54.5282, 2.2908], [-54.5291, 2.2914], [-54.5307, 2.2918], [-54.5322, 2.292], [-54.5332, 2.2922], [-54.534, 2.2932], [-54.5346, 2.2947], [-54.5352, 2.2958], [-54.5359, 2.2968], [-54.5357, 2.2977], [-54.5352, 2.2986], [-54.5352, 2.2997], [-54.5358, 2.3009], [-54.5369, 2.3015], [-54.5375, 2.3026], [-54.5377, 2.3036], [-54.5381, 2.3045], [-54.5387, 2.3055], [-54.5377, 2.3062], [-54.5367, 2.3072], [-54.5366, 2.3084], [-54.5367, 2.3094], [-54.5363, 2.3103], [-54.5349, 2.3109], [-54.534, 2.3119], [-54.5335, 2.3131], [-54.5329, 2.3146], [-54.5326, 2.3157], [-54.5327, 2.3169], [-54.5336, 2.3179], [-54.5345, 2.3186], [-54.5354, 2.3195], [-54.5367, 2.3202], [-54.538, 2.3204], [-54.539, 2.3207], [-54.5392, 2.3219], [-54.5388, 2.3232], [-54.5389, 2.3245], [-54.54, 2.3254], [-54.541, 2.3257], [-54.5423, 2.3266], [-54.5431, 2.3269], [-54.5443, 2.3268], [-54.5453, 2.3258], [-54.5465, 2.3257], [-54.548, 2.3254], [-54.5491, 2.3254], [-54.55, 2.3257], [-54.5513, 2.3263], [-54.5525, 2.3262], [-54.5537, 2.326], [-54.5546, 2.3257], [-54.5547, 2.3273], [-54.5549, 2.3283], [-54.5553, 2.3295], [-54.5565, 2.3303], [-54.5575, 2.3301], [-54.5585, 2.3289], [-54.5596, 2.3278], [-54.5609, 2.327], [-54.562, 2.3268], [-54.5633, 2.3265], [-54.5645, 2.3261], [-54.5674, 2.326], [-54.5688, 2.3265], [-54.5699, 2.3272], [-54.5712, 2.3277], [-54.5726, 2.3277], [-54.5739, 2.3271], [-54.5749, 2.3273], [-54.5759, 2.3272], [-54.5769, 2.3264], [-54.5778, 2.3254], [-54.579, 2.3243], [-54.5803, 2.3239], [-54.5815, 2.3238], [-54.5826, 2.324], [-54.5836, 2.3242], [-54.5845, 2.3238], [-54.5858, 2.3226], [-54.587, 2.3217], [-54.5879, 2.3218], [-54.5882, 2.3228], [-54.5891, 2.3235], [-54.5901, 2.3239], [-54.5912, 2.3244], [-54.5921, 2.3254], [-54.5928, 2.3265], [-54.593, 2.3274], [-54.5931, 2.3285], [-54.5932, 2.3294], [-54.5954, 2.3308], [-54.5961, 2.3322], [-54.5974, 2.3331], [-54.5983, 2.3334], [-54.601, 2.333], [-54.6024, 2.3336], [-54.6024, 2.335], [-54.6016, 2.3367], [-54.6003, 2.3373], [-54.5992, 2.338], [-54.5982, 2.3388], [-54.5977, 2.3399], [-54.5972, 2.341], [-54.596, 2.3416], [-54.5949, 2.3415], [-54.5941, 2.3411], [-54.5931, 2.3411], [-54.5922, 2.3415], [-54.5917, 2.3436], [-54.5932, 2.3456], [-54.5937, 2.3465], [-54.5936, 2.3473], [-54.5931, 2.3483], [-54.592, 2.3495], [-54.5909, 2.351], [-54.5905, 2.352], [-54.5878, 2.352], [-54.587, 2.3511], [-54.5861, 2.3511], [-54.5847, 2.3495], [-54.5792, 2.3497], [-54.5778, 2.3503], [-54.5761, 2.352], [-54.5756, 2.3531], [-54.5747, 2.3539], [-54.5717, 2.3539], [-54.5697, 2.3542], [-54.5681, 2.3531], [-54.5667, 2.3531], [-54.5647, 2.3528], [-54.5636, 2.3525], [-54.5584, 2.3517], [-54.5575, 2.3514], [-54.5559, 2.3503], [-54.5539, 2.35], [-54.5522, 2.3486], [-54.5503, 2.3486], [-54.5486, 2.347], [-54.5467, 2.3467], [-54.5453, 2.3464], [-54.5434, 2.3445], [-54.542, 2.3442], [-54.5406, 2.3436], [-54.5395, 2.3431], [-54.5378, 2.3414], [-54.5353, 2.3414], [-54.5334, 2.3392], [-54.5334, 2.3381], [-54.5336, 2.3356], [-54.5345, 2.3347], [-54.5336, 2.3336], [-54.532, 2.3336], [-54.5306, 2.3331], [-54.5297, 2.3325], [-54.5272, 2.3322], [-54.5261, 2.3331], [-54.5236, 2.3347], [-54.5231, 2.3359], [-54.5222, 2.337], [-54.5145, 2.337], [-54.51, 2.3367], [-54.5086, 2.3359], [-54.5064, 2.3381], [-54.5064, 2.3389], [-54.5056, 2.3406], [-54.5056, 2.3422], [-54.5064, 2.3431], [-54.507, 2.3442], [-54.5072, 2.3456], [-54.5075, 2.3467], [-54.5081, 2.3475], [-54.5075, 2.3489], [-54.5092, 2.3506], [-54.5095, 2.3525], [-54.51, 2.3584], [-54.5109, 2.3592], [-54.5114, 2.3622], [-54.5114, 2.3642], [-54.5103, 2.3653], [-54.5103, 2.3714], [-54.5086, 2.3728], [-54.507, 2.3753], [-54.5059, 2.3759], [-54.505, 2.3775], [-54.505, 2.38], [-54.5059, 2.3809], [-54.5056, 2.382], [-54.5056, 2.3856], [-54.5053, 2.39], [-54.505, 2.3911], [-54.5039, 2.3922], [-54.5034, 2.3934], [-54.502, 2.3953], [-54.502, 2.397], [-54.5009, 2.3978], [-54.5003, 2.4003], [-54.5, 2.4017], [-54.4961, 2.4056], [-54.4947, 2.4064], [-54.4936, 2.4067], [-54.4903, 2.4097], [-54.4881, 2.4097], [-54.4856, 2.4122], [-54.4856, 2.4136], [-54.485, 2.4147], [-54.4847, 2.4161], [-54.4842, 2.4181], [-54.4839, 2.4192], [-54.4825, 2.4206], [-54.4828, 2.4214], [-54.4817, 2.422], [-54.4814, 2.4231], [-54.4778, 2.4267], [-54.4778, 2.4275], [-54.4767, 2.4286], [-54.4754, 2.43], [-54.475, 2.4312], [-54.4752, 2.4324], [-54.4758, 2.4342], [-54.4761, 2.4353], [-54.4749, 2.4364], [-54.4738, 2.4367], [-54.4729, 2.4362], [-54.4722, 2.4346], [-54.4712, 2.434], [-54.4713, 2.435], [-54.47, 2.4352], [-54.4691, 2.4343], [-54.4684, 2.4333], [-54.4682, 2.4346], [-54.4687, 2.4356], [-54.4676, 2.4356], [-54.4668, 2.4345], [-54.4658, 2.435], [-54.4645, 2.4352], [-54.4635, 2.4362], [-54.4626, 2.4354], [-54.4615, 2.4355], [-54.4612, 2.4347], [-54.4602, 2.4338], [-54.4594, 2.4329], [-54.4585, 2.4328], [-54.4578, 2.4336], [-54.4571, 2.4349], [-54.4571, 2.4357], [-54.4561, 2.4349], [-54.4552, 2.4338], [-54.455, 2.4329], [-54.4541, 2.4327], [-54.4532, 2.4325], [-54.4522, 2.4321], [-54.4522, 2.4331], [-54.4516, 2.4342], [-54.4507, 2.4353], [-54.4498, 2.4344], [-54.4487, 2.4345], [-54.4479, 2.4352], [-54.4469, 2.4346], [-54.4467, 2.4335], [-54.4456, 2.433], [-54.4448, 2.4338], [-54.4438, 2.4339], [-54.4429, 2.4334], [-54.4418, 2.4327], [-54.4412, 2.4318], [-54.4403, 2.4311], [-54.4394, 2.4307], [-54.4383, 2.4304], [-54.4373, 2.4305], [-54.4368, 2.4315], [-54.4363, 2.4324], [-54.4349, 2.4339], [-54.434, 2.4351], [-54.4329, 2.436], [-54.432, 2.4365], [-54.4309, 2.4375], [-54.4303, 2.4364], [-54.4292, 2.4361], [-54.4285, 2.4372], [-54.4289, 2.438], [-54.4279, 2.4381], [-54.427, 2.4376], [-54.4257, 2.4379], [-54.4246, 2.438], [-54.4235, 2.4373], [-54.4221, 2.4374], [-54.4215, 2.4364], [-54.4204, 2.4364], [-54.4192, 2.4373], [-54.4187, 2.4382], [-54.4176, 2.4395], [-54.4167, 2.4403], [-54.4161, 2.4412], [-54.4157, 2.4421], [-54.4155, 2.4432], [-54.4154, 2.4443], [-54.415, 2.4452], [-54.414, 2.4456], [-54.4131, 2.4454], [-54.412, 2.4454], [-54.4114, 2.4464], [-54.4113, 2.4477], [-54.4116, 2.4486], [-54.4118, 2.4495], [-54.4118, 2.4506], [-54.4107, 2.4514], [-54.4096, 2.4505], [-54.4085, 2.4499], [-54.4078, 2.4511], [-54.4078, 2.452], [-54.4069, 2.4531], [-54.4059, 2.4544], [-54.405, 2.4549], [-54.4041, 2.4551], [-54.4031, 2.4556], [-54.4027, 2.4566], [-54.4034, 2.4576], [-54.4028, 2.4589], [-54.4024, 2.4602], [-54.4021, 2.4612], [-54.4012, 2.4619], [-54.4003, 2.4617], [-54.399, 2.462], [-54.3984, 2.4631], [-54.3995, 2.4637], [-54.4005, 2.4635], [-54.4011, 2.4645], [-54.4001, 2.4651], [-54.3993, 2.4658], [-54.3992, 2.4668], [-54.3992, 2.4677], [-54.3981, 2.4682], [-54.3972, 2.4684], [-54.396, 2.4689], [-54.395, 2.4687], [-54.395, 2.4675], [-54.394, 2.4671], [-54.3936, 2.468], [-54.3928, 2.4689], [-54.3922, 2.4677], [-54.3917, 2.4668], [-54.3911, 2.468], [-54.3901, 2.4691], [-54.3899, 2.47], [-54.3908, 2.4704], [-54.3909, 2.4713], [-54.3899, 2.4711], [-54.389, 2.4705], [-54.3878, 2.47], [-54.3869, 2.471], [-54.387, 2.4721], [-54.3873, 2.4737], [-54.3873, 2.4746], [-54.3861, 2.4745], [-54.3852, 2.4747], [-54.3858, 2.4758], [-54.387, 2.4767], [-54.388, 2.4779], [-54.3882, 2.479], [-54.3888, 2.4799], [-54.389, 2.481], [-54.3876, 2.4816], [-54.3867, 2.4821], [-54.3862, 2.4832], [-54.3864, 2.4841], [-54.3863, 2.4851], [-54.385, 2.4858], [-54.3841, 2.4866], [-54.384, 2.4875], [-54.3841, 2.4884], [-54.383, 2.489], [-54.3825, 2.4875], [-54.3822, 2.4865], [-54.3816, 2.4856], [-54.3807, 2.4852], [-54.3795, 2.4856], [-54.3786, 2.4863], [-54.3775, 2.4868], [-54.3774, 2.4879], [-54.3763, 2.4886], [-54.3751, 2.4889], [-54.3743, 2.4896], [-54.3734, 2.4905], [-54.3728, 2.4916], [-54.3738, 2.4921], [-54.3744, 2.4933], [-54.3742, 2.4948], [-54.3745, 2.496], [-54.3744, 2.4975], [-54.3742, 2.4985], [-54.374, 2.4998], [-54.3735, 2.5011], [-54.373, 2.5023], [-54.3727, 2.5036], [-54.3724, 2.5051], [-54.372, 2.5061], [-54.371, 2.5076], [-54.3704, 2.5086], [-54.3691, 2.5091], [-54.3679, 2.5092], [-54.3668, 2.5096], [-54.3657, 2.5096], [-54.3648, 2.5093], [-54.364, 2.5087], [-54.3629, 2.5082], [-54.3618, 2.508], [-54.361, 2.5083], [-54.3606, 2.5096], [-54.3606, 2.5104], [-54.3607, 2.5118], [-54.3606, 2.513], [-54.3606, 2.5147], [-54.3615, 2.5159], [-54.3623, 2.5168], [-54.3621, 2.518], [-54.3616, 2.519], [-54.3614, 2.52], [-54.3606, 2.5209], [-54.3602, 2.52], [-54.3607, 2.5188], [-54.3606, 2.5177], [-54.3593, 2.5172], [-54.3579, 2.5174], [-54.3569, 2.5174], [-54.3559, 2.5169], [-54.3548, 2.517], [-54.3539, 2.5177], [-54.353, 2.5186], [-54.3524, 2.5198], [-54.3518, 2.5212], [-54.3516, 2.5223], [-54.3503, 2.5235], [-54.3489, 2.5244], [-54.3486, 2.5253], [-54.3499, 2.5268], [-54.3508, 2.5278], [-54.3514, 2.5287], [-54.3511, 2.5298], [-54.3501, 2.5304], [-54.3495, 2.5314], [-54.3487, 2.5323], [-54.3477, 2.5323], [-54.3468, 2.5321], [-54.3459, 2.5329], [-54.3458, 2.534], [-54.3451, 2.5352], [-54.3444, 2.5361], [-54.3443, 2.5373], [-54.3447, 2.5384], [-54.3448, 2.5397], [-54.345, 2.5407], [-54.3444, 2.5416], [-54.3435, 2.5428], [-54.3437, 2.5438], [-54.3443, 2.5451], [-54.3446, 2.5461], [-54.3448, 2.5475], [-54.3452, 2.5484], [-54.3461, 2.5488], [-54.3471, 2.5499], [-54.347, 2.5509], [-54.3462, 2.5519], [-54.3454, 2.5519], [-54.3445, 2.5519], [-54.3434, 2.5523], [-54.3428, 2.5531], [-54.3427, 2.5542], [-54.3433, 2.5552], [-54.3445, 2.5553], [-54.3453, 2.555], [-54.3466, 2.555], [-54.3475, 2.5556], [-54.3484, 2.5568], [-54.3485, 2.5578], [-54.3483, 2.5591], [-54.3475, 2.5595], [-54.347, 2.5583], [-54.346, 2.5575], [-54.3449, 2.5574], [-54.3442, 2.5587], [-54.3436, 2.5602], [-54.3437, 2.5612], [-54.3446, 2.5614], [-54.3455, 2.5609], [-54.346, 2.5618], [-54.3453, 2.5628], [-54.344, 2.5633], [-54.343, 2.5638], [-54.3424, 2.5649], [-54.3413, 2.5654], [-54.3406, 2.5642], [-54.3394, 2.5635], [-54.3385, 2.5641], [-54.3378, 2.5649], [-54.3369, 2.5653], [-54.3356, 2.5652], [-54.3344, 2.5658], [-54.3339, 2.5668], [-54.333, 2.5679], [-54.3317, 2.5687], [-54.3307, 2.5698], [-54.3307, 2.571], [-54.3307, 2.5719], [-54.3301, 2.5727], [-54.3287, 2.574], [-54.3279, 2.575], [-54.3277, 2.5761], [-54.3298, 2.5774], [-54.3302, 2.5783], [-54.3295, 2.5796], [-54.3292, 2.581], [-54.3288, 2.5825], [-54.3281, 2.5835], [-54.3278, 2.5848], [-54.3282, 2.5862], [-54.3282, 2.5872], [-54.3271, 2.5878], [-54.3255, 2.5882], [-54.3245, 2.5886], [-54.3237, 2.59], [-54.3238, 2.5912], [-54.3226, 2.5918], [-54.3218, 2.5931], [-54.3228, 2.5941], [-54.3216, 2.5943], [-54.3212, 2.5954], [-54.322, 2.5963], [-54.3225, 2.5976], [-54.3226, 2.5991], [-54.3222, 2.6015], [-54.3222, 2.603], [-54.3221, 2.6043], [-54.3215, 2.6054], [-54.3206, 2.6062], [-54.3187, 2.6068], [-54.3178, 2.6072], [-54.3177, 2.6084], [-54.319, 2.609], [-54.32, 2.609], [-54.3213, 2.6094], [-54.3215, 2.6105], [-54.3202, 2.6112], [-54.3191, 2.6112], [-54.3177, 2.6109], [-54.3167, 2.6104], [-54.3158, 2.6106], [-54.3161, 2.6114], [-54.3168, 2.6124], [-54.3165, 2.6134], [-54.3152, 2.6137], [-54.3141, 2.613], [-54.3132, 2.613], [-54.3127, 2.6144], [-54.3125, 2.6154], [-54.3126, 2.6168], [-54.3133, 2.6177], [-54.3143, 2.6173], [-54.3157, 2.6176], [-54.3165, 2.6185], [-54.3171, 2.6195], [-54.3173, 2.6206], [-54.3171, 2.6221], [-54.3172, 2.6237], [-54.3174, 2.6246], [-54.3173, 2.6261], [-54.3173, 2.6276], [-54.3178, 2.629], [-54.3184, 2.63], [-54.3184, 2.6311], [-54.3172, 2.6315], [-54.3163, 2.6305], [-54.3152, 2.6302], [-54.3139, 2.6307], [-54.3127, 2.6313], [-54.312, 2.6322], [-54.3112, 2.6337], [-54.3108, 2.6355], [-54.3105, 2.6369], [-54.309, 2.6384], [-54.3079, 2.6394], [-54.3078, 2.6407], [-54.3077, 2.6424], [-54.3071, 2.6433], [-54.306, 2.6446], [-54.3049, 2.6456], [-54.3037, 2.6462], [-54.3025, 2.6466], [-54.3018, 2.6474], [-54.3017, 2.6483], [-54.3017, 2.6494], [-54.3006, 2.6495], [-54.2994, 2.6493], [-54.2978, 2.65], [-54.297, 2.6507], [-54.296, 2.6515], [-54.2953, 2.6527], [-54.2947, 2.6539], [-54.2939, 2.6552], [-54.2934, 2.6562], [-54.293, 2.6572], [-54.2921, 2.6579], [-54.2916, 2.6591], [-54.2912, 2.6603], [-54.2904, 2.661], [-54.2893, 2.6616], [-54.2883, 2.6623], [-54.2873, 2.6631], [-54.2864, 2.6636], [-54.2851, 2.6637], [-54.284, 2.6631], [-54.2828, 2.6629], [-54.2817, 2.663], [-54.2807, 2.6641], [-54.2806, 2.6654], [-54.2803, 2.6664], [-54.2796, 2.6674], [-54.2791, 2.6685], [-54.2787, 2.6696], [-54.2783, 2.6706], [-54.277, 2.6714], [-54.2757, 2.673], [-54.2751, 2.6743], [-54.2746, 2.6754], [-54.2743, 2.6765], [-54.2746, 2.6774], [-54.2761, 2.6787], [-54.2772, 2.6799], [-54.2775, 2.6809], [-54.2778, 2.6823], [-54.2778, 2.6835], [-54.2772, 2.6848], [-54.276, 2.6858], [-54.2747, 2.6857], [-54.2739, 2.6855], [-54.2724, 2.6854], [-54.2709, 2.6851], [-54.2695, 2.6852], [-54.2683, 2.6855], [-54.2674, 2.6857], [-54.2663, 2.6864], [-54.2659, 2.688], [-54.2667, 2.6891], [-54.2682, 2.6894], [-54.2693, 2.6897], [-54.2705, 2.6899], [-54.2715, 2.6905], [-54.2722, 2.6915], [-54.2729, 2.6927], [-54.273, 2.6937], [-54.2721, 2.6949], [-54.2713, 2.6964], [-54.271, 2.6977], [-54.2707, 2.6989], [-54.2702, 2.7004], [-54.27, 2.7015], [-54.2699, 2.7024], [-54.2701, 2.7039], [-54.2698, 2.7051], [-54.2691, 2.7065], [-54.2686, 2.708], [-54.2684, 2.7095], [-54.2681, 2.7111], [-54.2677, 2.7123], [-54.2672, 2.7134], [-54.267, 2.7143], [-54.2671, 2.7155], [-54.2663, 2.7167], [-54.2662, 2.7183], [-54.2661, 2.7199], [-54.2657, 2.7214], [-54.2648, 2.7232], [-54.2638, 2.7241], [-54.2628, 2.7247], [-54.2617, 2.7256], [-54.2604, 2.7268], [-54.2593, 2.728], [-54.2582, 2.729], [-54.2574, 2.7295], [-54.2563, 2.7301], [-54.2552, 2.7302], [-54.2539, 2.73], [-54.2524, 2.73], [-54.251, 2.7303], [-54.2494, 2.7307], [-54.2477, 2.7313], [-54.2469, 2.7315], [-54.246, 2.7319], [-54.2448, 2.7327], [-54.2444, 2.7341], [-54.2447, 2.7352], [-54.2454, 2.7363], [-54.246, 2.7372], [-54.2458, 2.7383], [-54.2451, 2.7393], [-54.2437, 2.7405], [-54.2422, 2.7413], [-54.2407, 2.7423], [-54.24, 2.7435], [-54.2391, 2.7444], [-54.2379, 2.745], [-54.2371, 2.7454], [-54.2357, 2.7466], [-54.2352, 2.7479], [-54.2356, 2.749], [-54.2357, 2.7503], [-54.2346, 2.7508], [-54.2334, 2.7509], [-54.2321, 2.7504], [-54.2309, 2.75], [-54.2296, 2.7497], [-54.2284, 2.7499], [-54.2271, 2.7507], [-54.226, 2.7515], [-54.2246, 2.7526], [-54.2233, 2.7536], [-54.2226, 2.7546], [-54.2227, 2.7556], [-54.2236, 2.7558], [-54.2245, 2.7563], [-54.2256, 2.7576], [-54.2259, 2.7589], [-54.226, 2.7603], [-54.2255, 2.7617], [-54.2247, 2.7628], [-54.2236, 2.7636], [-54.2223, 2.7639], [-54.2216, 2.7626], [-54.221, 2.7617], [-54.2199, 2.7611], [-54.2191, 2.7608], [-54.218, 2.7606], [-54.2171, 2.761], [-54.2167, 2.7619], [-54.2169, 2.763], [-54.2174, 2.7644], [-54.2172, 2.7656], [-54.2164, 2.7666], [-54.2149, 2.7677], [-54.214, 2.7685], [-54.2133, 2.7694], [-54.2131, 2.7706], [-54.2131, 2.7721], [-54.2127, 2.773], [-54.2116, 2.7738], [-54.2102, 2.7751], [-54.2091, 2.7762], [-54.2085, 2.7772], [-54.2081, 2.7784], [-54.2081, 2.7794], [-54.2084, 2.7806], [-54.2086, 2.7815], [-54.209, 2.7832], [-54.2095, 2.7847], [-54.2097, 2.7861], [-54.2101, 2.7869], [-54.2104, 2.7878], [-54.2108, 2.7891], [-54.2106, 2.7901], [-54.2101, 2.7912], [-54.2096, 2.7923], [-54.2082, 2.7938], [-54.2067, 2.7937], [-54.2051, 2.7942], [-54.204, 2.7946], [-54.2034, 2.7955], [-54.2031, 2.7967], [-54.2031, 2.7978], [-54.2027, 2.7988], [-54.2018, 2.7996], [-54.2008, 2.8006], [-54.2003, 2.8015], [-54.1992, 2.8027], [-54.1983, 2.8035], [-54.1979, 2.8044], [-54.1986, 2.8053], [-54.1994, 2.8062], [-54.2003, 2.8072], [-54.201, 2.8082], [-54.2015, 2.809], [-54.2021, 2.8099], [-54.2025, 2.811], [-54.2032, 2.812], [-54.2037, 2.813], [-54.2039, 2.814], [-54.2036, 2.8149], [-54.2034, 2.8161], [-54.2045, 2.8173], [-54.2057, 2.8186], [-54.2057, 2.82], [-54.2057, 2.8208], [-54.2053, 2.8217], [-54.2042, 2.8225], [-54.2031, 2.8235], [-54.2027, 2.8253], [-54.2029, 2.8265], [-54.2041, 2.8271], [-54.2052, 2.8272], [-54.2065, 2.8266], [-54.2077, 2.8267], [-54.208, 2.828], [-54.2078, 2.8288], [-54.2078, 2.8303], [-54.2078, 2.8313], [-54.2072, 2.8322], [-54.2062, 2.8319], [-54.2053, 2.8313], [-54.204, 2.8314], [-54.2031, 2.8318], [-54.2022, 2.8325], [-54.2008, 2.8338], [-54.1997, 2.8346], [-54.1983, 2.835], [-54.1975, 2.8351], [-54.1964, 2.8348], [-54.196, 2.8336], [-54.1965, 2.8327], [-54.1969, 2.8318], [-54.1956, 2.8309], [-54.1946, 2.8313], [-54.1937, 2.8319], [-54.1924, 2.8329], [-54.1913, 2.834], [-54.1904, 2.8348], [-54.1895, 2.8355], [-54.1884, 2.8362], [-54.1875, 2.8367], [-54.1864, 2.8373], [-54.1858, 2.8384], [-54.1857, 2.8393], [-54.186, 2.8407], [-54.1865, 2.8417], [-54.1863, 2.8427], [-54.1852, 2.8435], [-54.1846, 2.8446], [-54.1839, 2.8455], [-54.1832, 2.8464], [-54.1828, 2.8474], [-54.1826, 2.8486], [-54.1825, 2.8494], [-54.1825, 2.8509], [-54.1829, 2.852], [-54.1833, 2.8532], [-54.1834, 2.8541], [-54.1827, 2.8551], [-54.1816, 2.8557], [-54.1802, 2.8565], [-54.1796, 2.8576], [-54.1794, 2.8586], [-54.1797, 2.8602], [-54.1799, 2.861], [-54.1804, 2.8626], [-54.1808, 2.864], [-54.1814, 2.8653], [-54.1825, 2.866], [-54.1836, 2.8662], [-54.1851, 2.8658], [-54.1864, 2.8661], [-54.1876, 2.8665], [-54.1885, 2.8671], [-54.1895, 2.8679], [-54.1901, 2.8688], [-54.1907, 2.8696], [-54.1912, 2.8708], [-54.1916, 2.8723], [-54.1919, 2.8739], [-54.1923, 2.8757], [-54.1925, 2.877], [-54.1927, 2.8779], [-54.1928, 2.8789], [-54.1931, 2.8802], [-54.1936, 2.8814], [-54.194, 2.8826], [-54.1948, 2.8837], [-54.1952, 2.885], [-54.195, 2.8862], [-54.1944, 2.8871], [-54.193, 2.8878], [-54.1921, 2.8891], [-54.1924, 2.89], [-54.1931, 2.8915], [-54.193, 2.8926], [-54.1921, 2.8933], [-54.191, 2.8938], [-54.191, 2.8947], [-54.1915, 2.8958], [-54.1917, 2.8973], [-54.1911, 2.8984], [-54.1903, 2.8997], [-54.1894, 2.9007], [-54.1881, 2.9017], [-54.187, 2.9027], [-54.1861, 2.9038], [-54.1857, 2.905], [-54.186, 2.9058], [-54.1865, 2.9069], [-54.1864, 2.9084], [-54.186, 2.9101], [-54.1853, 2.9115], [-54.185, 2.913], [-54.1849, 2.9144], [-54.185, 2.9153], [-54.1853, 2.9168], [-54.1863, 2.9175], [-54.1878, 2.9182], [-54.1892, 2.9187], [-54.1913, 2.9194], [-54.1923, 2.92], [-54.1925, 2.9211], [-54.1919, 2.9224], [-54.1918, 2.9238], [-54.1915, 2.9247], [-54.1906, 2.9254], [-54.189, 2.9254], [-54.1877, 2.9261], [-54.1868, 2.9269], [-54.1858, 2.9277], [-54.1848, 2.9278], [-54.1838, 2.9272], [-54.1829, 2.9269], [-54.1815, 2.9272], [-54.1803, 2.9275], [-54.1794, 2.9281], [-54.1788, 2.929], [-54.1784, 2.9298], [-54.1778, 2.931], [-54.1768, 2.9332], [-54.1757, 2.9351], [-54.1749, 2.9359], [-54.1744, 2.9369], [-54.1737, 2.9378], [-54.1728, 2.9392], [-54.1722, 2.9408], [-54.1721, 2.9421], [-54.1733, 2.943], [-54.1745, 2.9434], [-54.1759, 2.9437], [-54.1777, 2.9447], [-54.1785, 2.9456], [-54.1794, 2.9465], [-54.1798, 2.9475], [-54.18, 2.9483], [-54.1799, 2.9495], [-54.1788, 2.9501], [-54.1785, 2.9485], [-54.1781, 2.9476], [-54.1772, 2.9469], [-54.176, 2.9465], [-54.1746, 2.9466], [-54.1735, 2.9472], [-54.1725, 2.948], [-54.172, 2.949], [-54.1721, 2.9509], [-54.1725, 2.9517], [-54.1741, 2.9523], [-54.1752, 2.9531], [-54.1755, 2.9541], [-54.1758, 2.9552], [-54.1758, 2.9563], [-54.176, 2.9577], [-54.175, 2.9588], [-54.1743, 2.9598], [-54.1746, 2.961], [-54.1746, 2.9618], [-54.1741, 2.9627], [-54.1733, 2.9628], [-54.1725, 2.964], [-54.1723, 2.965], [-54.1699, 2.9655], [-54.1686, 2.9652], [-54.1677, 2.9651], [-54.1665, 2.9651], [-54.1652, 2.9646], [-54.1639, 2.9648], [-54.1628, 2.9654], [-54.1615, 2.9661], [-54.1607, 2.9671], [-54.1605, 2.9679], [-54.1611, 2.9689], [-54.1619, 2.9694], [-54.1623, 2.9703], [-54.1623, 2.9718], [-54.1632, 2.9728], [-54.1644, 2.9733], [-54.1655, 2.9736], [-54.167, 2.9738], [-54.1681, 2.9738], [-54.1694, 2.9734], [-54.1707, 2.9732], [-54.1717, 2.9737], [-54.1731, 2.9744], [-54.1744, 2.9748], [-54.1756, 2.9754], [-54.1765, 2.976], [-54.1773, 2.9766], [-54.1776, 2.9779], [-54.1782, 2.9789], [-54.1788, 2.98], [-54.1797, 2.9813], [-54.1807, 2.9825], [-54.1814, 2.9837], [-54.1816, 2.9851], [-54.1815, 2.9863], [-54.1812, 2.9872], [-54.1809, 2.9888], [-54.1809, 2.9909], [-54.1811, 2.9925], [-54.1818, 2.9946], [-54.1826, 2.9956], [-54.184, 2.9967], [-54.1852, 2.9982], [-54.1856, 2.9992], [-54.1854, 3.0001], [-54.184, 3.001], [-54.183, 3.0016], [-54.1821, 3.0017], [-54.1811, 3.0009], [-54.1797, 3.0003], [-54.1786, 3.0004], [-54.1777, 3.0008], [-54.1768, 3.0016], [-54.1763, 3.0027], [-54.1756, 3.0037], [-54.1748, 3.0042], [-54.1735, 3.0043], [-54.1723, 3.005], [-54.171, 3.0058], [-54.1699, 3.0069], [-54.1696, 3.0081], [-54.1708, 3.0089], [-54.1718, 3.0097], [-54.1719, 3.011], [-54.1713, 3.012], [-54.1705, 3.0128], [-54.1698, 3.0139], [-54.1696, 3.015], [-54.1697, 3.0163], [-54.1699, 3.0172], [-54.1702, 3.0187], [-54.1706, 3.02], [-54.1711, 3.0212], [-54.1718, 3.0224], [-54.1727, 3.0237], [-54.1729, 3.0245], [-54.1733, 3.0256], [-54.1747, 3.0267], [-54.1756, 3.0277], [-54.1765, 3.0291], [-54.1771, 3.0303], [-54.1776, 3.0317], [-54.1779, 3.0325], [-54.1781, 3.0341], [-54.178, 3.0356], [-54.1782, 3.0369], [-54.1785, 3.0383], [-54.1791, 3.0393], [-54.1802, 3.04], [-54.1814, 3.0406], [-54.1821, 3.0419], [-54.1821, 3.0435], [-54.182, 3.045], [-54.1822, 3.0462], [-54.1825, 3.0474], [-54.1831, 3.0487], [-54.1837, 3.05], [-54.1846, 3.0511], [-54.1855, 3.0523], [-54.1867, 3.0532], [-54.1877, 3.0536], [-54.1897, 3.0537], [-54.1906, 3.0539], [-54.1917, 3.0545], [-54.1922, 3.0555], [-54.1924, 3.057], [-54.1926, 3.0583], [-54.1927, 3.0596], [-54.1926, 3.061], [-54.1927, 3.0621], [-54.1932, 3.0631], [-54.1943, 3.0636], [-54.1947, 3.0645], [-54.1946, 3.0653], [-54.1934, 3.0663], [-54.1923, 3.0671], [-54.1917, 3.068], [-54.191, 3.0693], [-54.1901, 3.07], [-54.1892, 3.0705], [-54.188, 3.071], [-54.1869, 3.0717], [-54.186, 3.0722], [-54.185, 3.0728], [-54.1837, 3.0734], [-54.1826, 3.0736], [-54.1812, 3.0737], [-54.1799, 3.0734], [-54.1791, 3.0732], [-54.1777, 3.0721], [-54.1765, 3.0717], [-54.1745, 3.0723], [-54.1741, 3.0736], [-54.1742, 3.0745], [-54.1743, 3.0755], [-54.1739, 3.0771], [-54.1735, 3.0782], [-54.1734, 3.0794], [-54.1736, 3.0806], [-54.1742, 3.0817], [-54.175, 3.0826], [-54.176, 3.0831], [-54.1774, 3.0832], [-54.1785, 3.0832], [-54.1797, 3.084], [-54.1805, 3.085], [-54.181, 3.086], [-54.1814, 3.0875], [-54.1814, 3.0884], [-54.1814, 3.0893], [-54.1813, 3.0902], [-54.181, 3.0914], [-54.1803, 3.0926], [-54.1799, 3.0938], [-54.1794, 3.0951], [-54.1788, 3.0964], [-54.1775, 3.0973], [-54.1766, 3.0986], [-54.1762, 3.0994], [-54.1755, 3.1009], [-54.1748, 3.1025], [-54.1741, 3.1042], [-54.1737, 3.1056], [-54.1737, 3.1071], [-54.174, 3.1084], [-54.1744, 3.1093], [-54.1753, 3.1097], [-54.1762, 3.1092], [-54.1774, 3.1092], [-54.1785, 3.1104], [-54.1791, 3.1118], [-54.1793, 3.1127], [-54.1795, 3.1144], [-54.1796, 3.1153], [-54.1795, 3.1163], [-54.1793, 3.1172], [-54.1791, 3.1182], [-54.1788, 3.1199], [-54.1787, 3.1213], [-54.1788, 3.1222], [-54.1793, 3.1234], [-54.1803, 3.1244], [-54.1812, 3.125], [-54.1824, 3.1254], [-54.1834, 3.1257], [-54.1844, 3.1264], [-54.1848, 3.1274], [-54.1849, 3.1286], [-54.1844, 3.1298], [-54.1835, 3.1313], [-54.183, 3.1326], [-54.1826, 3.1338], [-54.1828, 3.135], [-54.1841, 3.1356], [-54.1851, 3.1356], [-54.1863, 3.1352], [-54.1871, 3.1342], [-54.1878, 3.1329], [-54.1891, 3.1326], [-54.1902, 3.1336], [-54.1913, 3.1346], [-54.1923, 3.1352], [-54.1939, 3.1352], [-54.195, 3.1349], [-54.1956, 3.1338], [-54.1958, 3.1322], [-54.1959, 3.1312], [-54.196, 3.1303], [-54.196, 3.1292], [-54.1961, 3.1282], [-54.1966, 3.1265], [-54.1977, 3.1246], [-54.1985, 3.1238], [-54.1995, 3.1239], [-54.2006, 3.1249], [-54.2017, 3.1256], [-54.203, 3.1263], [-54.2044, 3.1265], [-54.2059, 3.1263], [-54.2074, 3.1263], [-54.209, 3.1266], [-54.2104, 3.1271], [-54.2114, 3.1277], [-54.212, 3.129], [-54.2128, 3.1301], [-54.214, 3.1318], [-54.2144, 3.1329], [-54.2145, 3.134], [-54.2144, 3.1357], [-54.2134, 3.1369], [-54.2125, 3.1371], [-54.211, 3.1366], [-54.2101, 3.1366], [-54.2092, 3.137], [-54.2084, 3.1374], [-54.2069, 3.1384], [-54.2056, 3.1393], [-54.2046, 3.1398], [-54.2031, 3.1407], [-54.2021, 3.1412], [-54.2012, 3.142], [-54.2005, 3.1432], [-54.2008, 3.1441], [-54.2025, 3.1443], [-54.2039, 3.1442], [-54.2047, 3.1439], [-54.2059, 3.1432], [-54.2068, 3.1427], [-54.2086, 3.1428], [-54.2094, 3.1429], [-54.2109, 3.1434], [-54.2114, 3.1443], [-54.2116, 3.1457], [-54.2123, 3.1473], [-54.2132, 3.1485], [-54.2136, 3.1494], [-54.2142, 3.1511], [-54.2142, 3.1521], [-54.2139, 3.1533], [-54.2131, 3.1542], [-54.2124, 3.1552], [-54.2114, 3.1554], [-54.2104, 3.1544], [-54.2094, 3.1536], [-54.2083, 3.1538], [-54.2068, 3.1549], [-54.2052, 3.1563], [-54.2039, 3.1571], [-54.2027, 3.1582], [-54.2016, 3.1596], [-54.201, 3.1609], [-54.2009, 3.1617], [-54.2009, 3.1634], [-54.2019, 3.164], [-54.2028, 3.1649], [-54.2036, 3.1661], [-54.2042, 3.1674], [-54.2038, 3.1692], [-54.2033, 3.1709], [-54.2028, 3.1725], [-54.2027, 3.1734], [-54.2025, 3.175], [-54.2015, 3.1756], [-54.2007, 3.1756], [-54.1993, 3.1758], [-54.1987, 3.1769], [-54.1985, 3.1777], [-54.1984, 3.1791], [-54.1985, 3.18], [-54.1987, 3.1812], [-54.1989, 3.1827], [-54.1988, 3.1837], [-54.1977, 3.1842], [-54.1967, 3.1855], [-54.1961, 3.1866], [-54.1958, 3.1875], [-54.1958, 3.1885], [-54.1962, 3.1894], [-54.1965, 3.1907], [-54.1966, 3.1918], [-54.1956, 3.1927], [-54.1947, 3.1932], [-54.1943, 3.1944], [-54.1946, 3.1957], [-54.1944, 3.1966], [-54.1931, 3.1979], [-54.1922, 3.1983], [-54.1911, 3.1989], [-54.1901, 3.1998], [-54.1891, 3.2012], [-54.1888, 3.2022], [-54.1892, 3.2038], [-54.1894, 3.2051], [-54.1891, 3.2064], [-54.188, 3.2076], [-54.1871, 3.208], [-54.1862, 3.2073], [-54.1846, 3.2067], [-54.1831, 3.2069], [-54.1818, 3.2073], [-54.181, 3.2073], [-54.1801, 3.2073], [-54.1791, 3.2072], [-54.1782, 3.2069], [-54.1771, 3.2064], [-54.1758, 3.206], [-54.1749, 3.2064], [-54.174, 3.2075], [-54.1737, 3.2085], [-54.1736, 3.2103], [-54.1733, 3.2115], [-54.1728, 3.2131], [-54.1722, 3.2142], [-54.1715, 3.2153], [-54.1706, 3.2161], [-54.1697, 3.2165], [-54.1685, 3.2164], [-54.1676, 3.2172], [-54.1671, 3.2186], [-54.1669, 3.2199], [-54.167, 3.2211], [-54.167, 3.2224], [-54.1669, 3.2235], [-54.1667, 3.2245], [-54.166, 3.2256], [-54.1649, 3.2277], [-54.1643, 3.2288], [-54.1633, 3.2297], [-54.1617, 3.2301], [-54.1603, 3.2302], [-54.1594, 3.2303], [-54.1585, 3.2305], [-54.1574, 3.2308], [-54.156, 3.2314], [-54.1545, 3.2323], [-54.1531, 3.2338], [-54.1529, 3.2348], [-54.1527, 3.236], [-54.1527, 3.2371], [-54.1527, 3.2382], [-54.1528, 3.2393], [-54.1526, 3.2408], [-54.1519, 3.2421], [-54.1517, 3.2432], [-54.1521, 3.2447], [-54.1521, 3.2456], [-54.1515, 3.2467], [-54.1504, 3.2475], [-54.1495, 3.2476], [-54.1486, 3.2479], [-54.1477, 3.2484], [-54.1465, 3.2492], [-54.1454, 3.2502], [-54.1443, 3.2526], [-54.1441, 3.2535], [-54.144, 3.2544], [-54.1437, 3.2553], [-54.143, 3.2568], [-54.1418, 3.2582], [-54.1407, 3.2593], [-54.1398, 3.2605], [-54.1388, 3.262], [-54.1381, 3.2632], [-54.1377, 3.2642], [-54.1363, 3.266], [-54.1346, 3.2671], [-54.1335, 3.2674], [-54.1325, 3.2676], [-54.1315, 3.2679], [-54.1305, 3.2683], [-54.1282, 3.2694], [-54.1266, 3.2701], [-54.1256, 3.2705], [-54.1236, 3.2709], [-54.1226, 3.2713], [-54.1216, 3.2725], [-54.1215, 3.2734], [-54.1214, 3.2747], [-54.1213, 3.2757], [-54.1211, 3.2768], [-54.1209, 3.2778], [-54.1206, 3.279], [-54.1204, 3.2802], [-54.1201, 3.2817], [-54.1195, 3.283], [-54.1188, 3.2841], [-54.1169, 3.2851], [-54.1158, 3.2855], [-54.1148, 3.286], [-54.1137, 3.2864], [-54.1125, 3.2864], [-54.1115, 3.2867], [-54.1104, 3.2874], [-54.1093, 3.2884], [-54.1083, 3.2895], [-54.1067, 3.2914], [-54.1053, 3.2928], [-54.1042, 3.2941], [-54.103, 3.296], [-54.1023, 3.2973], [-54.1017, 3.2986], [-54.1011, 3.2996], [-54.0997, 3.3005], [-54.0986, 3.3], [-54.0976, 3.2988], [-54.0973, 3.2979], [-54.0959, 3.2974], [-54.095, 3.2963], [-54.0941, 3.2955], [-54.0936, 3.2942], [-54.0925, 3.2943], [-54.0914, 3.294], [-54.0903, 3.2934], [-54.0892, 3.2929], [-54.0883, 3.2926], [-54.087, 3.2918], [-54.0862, 3.2934], [-54.0852, 3.2941], [-54.0842, 3.2942], [-54.0834, 3.2931], [-54.0825, 3.2928], [-54.0814, 3.2923], [-54.0803, 3.2931], [-54.0798, 3.2942], [-54.0793, 3.2954], [-54.0784, 3.296], [-54.0774, 3.2967], [-54.0765, 3.2975], [-54.0757, 3.2983], [-54.0748, 3.299], [-54.0749, 3.3], [-54.0741, 3.301], [-54.0732, 3.3016], [-54.0723, 3.302], [-54.0714, 3.3021], [-54.0703, 3.3029], [-54.0694, 3.3034], [-54.0688, 3.3044], [-54.0684, 3.3056], [-54.0674, 3.3069], [-54.0669, 3.3078], [-54.0665, 3.3086], [-54.0662, 3.3097], [-54.0659, 3.3107], [-54.0643, 3.3127], [-54.0639, 3.3142], [-54.0638, 3.3151], [-54.0636, 3.3163], [-54.0643, 3.3173], [-54.0647, 3.3185], [-54.065, 3.3202], [-54.0659, 3.321], [-54.0661, 3.3219], [-54.0662, 3.3227], [-54.0667, 3.3236], [-54.0672, 3.3253], [-54.067, 3.3264], [-54.0667, 3.3276], [-54.0661, 3.3294], [-54.0657, 3.3306], [-54.0651, 3.3318], [-54.0637, 3.3328], [-54.0628, 3.334], [-54.0628, 3.3353], [-54.0633, 3.337], [-54.0634, 3.3397], [-54.0636, 3.3411], [-54.0631, 3.3435], [-54.0626, 3.3448], [-54.0622, 3.3459], [-54.0614, 3.3491], [-54.0596, 3.3508], [-54.0583, 3.3519], [-54.0575, 3.3529], [-54.057, 3.354], [-54.0568, 3.3554], [-54.0567, 3.3564], [-54.0561, 3.3585], [-54.0551, 3.3604], [-54.0542, 3.3618], [-54.0538, 3.3635], [-54.0537, 3.3654], [-54.0536, 3.3677], [-54.0539, 3.3705], [-54.054, 3.3715], [-54.0547, 3.3726], [-54.055, 3.3734], [-54.0568, 3.3754], [-54.0591, 3.3781], [-54.0595, 3.3791], [-54.06, 3.3817], [-54.06, 3.3829], [-54.0594, 3.3845], [-54.0583, 3.3857], [-54.0568, 3.3861], [-54.0559, 3.386], [-54.0536, 3.3855], [-54.0527, 3.3856], [-54.0509, 3.3859], [-54.0491, 3.3863], [-54.048, 3.3872], [-54.0464, 3.3903], [-54.044, 3.393], [-54.042, 3.3946], [-54.0391, 3.3992], [-54.0374, 3.4018], [-54.0364, 3.403], [-54.0326, 3.4059], [-54.0308, 3.4069], [-54.0289, 3.4072], [-54.0274, 3.4078], [-54.026, 3.4091], [-54.0244, 3.4098], [-54.0224, 3.4108], [-54.0211, 3.412], [-54.0193, 3.4143], [-54.018, 3.4168], [-54.0172, 3.4187], [-54.0147, 3.4239], [-54.0132, 3.4251], [-54.0121, 3.426], [-54.0122, 3.4275], [-54.0134, 3.4294], [-54.0149, 3.4318], [-54.0156, 3.4329], [-54.0168, 3.434], [-54.0179, 3.4349], [-54.0192, 3.4361], [-54.0196, 3.4374], [-54.0196, 3.44], [-54.0201, 3.4421], [-54.02, 3.4437], [-54.0196, 3.4458], [-54.0189, 3.4468], [-54.018, 3.4475], [-54.0163, 3.4474], [-54.0145, 3.4474], [-54.0131, 3.448], [-54.0128, 3.4489], [-54.0145, 3.4519], [-54.0154, 3.4536], [-54.0168, 3.4561], [-54.017, 3.4571], [-54.0165, 3.4585], [-54.0137, 3.4611], [-54.0122, 3.462], [-54.0113, 3.4624], [-54.0097, 3.464], [-54.0084, 3.4665], [-54.0082, 3.4674], [-54.0083, 3.4688], [-54.0082, 3.4778], [-54.0084, 3.4822], [-54.0083, 3.4838], [-54.0083, 3.4865], [-54.0089, 3.4919], [-54.0089, 3.4945], [-54.0086, 3.4975], [-54.0085, 3.5003], [-54.0085, 3.5024], [-54.0084, 3.504], [-54.0077, 3.5078], [-54.0063, 3.5113], [-54.005, 3.5152], [-54.002, 3.5197], [-54.0007, 3.522], [-54.0, 3.5235], [-53.9997, 3.5249], [-53.9998, 3.5262], [-54.0002, 3.5272], [-54.0016, 3.5284], [-54.0039, 3.5292], [-54.0078, 3.5332], [-54.0088, 3.5352], [-54.0094, 3.537], [-54.0094, 3.5379], [-54.0091, 3.5392], [-54.0079, 3.541], [-54.0061, 3.5428], [-54.0049, 3.5449], [-54.0053, 3.5465], [-54.0055, 3.5494], [-54.0051, 3.5514], [-54.005, 3.5534], [-54.005, 3.5543], [-54.0057, 3.5558], [-54.0065, 3.5568], [-54.0072, 3.5597], [-54.0074, 3.5605], [-54.0082, 3.5625], [-54.0084, 3.5646], [-54.008, 3.5669], [-54.0072, 3.5685], [-54.0061, 3.5698], [-54.0043, 3.5703], [-54.0015, 3.5703], [-54.0002, 3.5705], [-53.9987, 3.5714], [-53.9964, 3.5738], [-53.9954, 3.5747], [-53.9927, 3.5763], [-53.9903, 3.5777], [-53.9891, 3.5785], [-53.9858, 3.5818], [-53.9852, 3.5835], [-53.9841, 3.5872], [-53.9838, 3.5884], [-53.9841, 3.5908], [-53.9847, 3.5924], [-53.9849, 3.5935], [-53.9846, 3.5962], [-53.9836, 3.5978], [-53.9831, 3.6008], [-53.9826, 3.6017], [-53.9805, 3.604], [-53.98, 3.605], [-53.9799, 3.6065], [-53.9804, 3.6082], [-53.9826, 3.6104], [-53.9846, 3.6113], [-53.9872, 3.6131], [-53.9896, 3.6152], [-53.9912, 3.6174], [-53.9918, 3.6195], [-53.9917, 3.6245], [-53.9923, 3.6266], [-53.9929, 3.6278], [-53.9943, 3.6301], [-53.9951, 3.6312], [-53.9965, 3.6339], [-53.997, 3.6352], [-53.9982, 3.6376], [-53.9994, 3.6388], [-54.001, 3.6403], [-54.0025, 3.6427], [-54.003, 3.644], [-54.0035, 3.6451], [-54.0048, 3.6471], [-54.0057, 3.6477], [-54.0068, 3.6486], [-54.0084, 3.6495], [-54.01, 3.6503], [-54.0119, 3.6508], [-54.0136, 3.6508], [-54.0156, 3.6504], [-54.0191, 3.6487], [-54.0221, 3.6471], [-54.0241, 3.6457], [-54.0258, 3.6438], [-54.0263, 3.6429], [-54.0262, 3.6403], [-54.0256, 3.6383], [-54.026, 3.6371], [-54.0264, 3.6361], [-54.0266, 3.6351], [-54.0296, 3.6319], [-54.031, 3.6311], [-54.0325, 3.6307], [-54.0353, 3.6305], [-54.037, 3.6307], [-54.0439, 3.6329], [-54.0466, 3.6335], [-54.05, 3.6344], [-54.0513, 3.6354], [-54.0519, 3.6365], [-54.0522, 3.6385], [-54.0521, 3.6408], [-54.0506, 3.6446], [-54.05, 3.6466], [-54.0499, 3.65], [-54.0501, 3.6515], [-54.0506, 3.6533], [-54.0513, 3.6546], [-54.053, 3.6567], [-54.0552, 3.6588], [-54.0571, 3.6602], [-54.0599, 3.6618], [-54.0611, 3.6622], [-54.0657, 3.6647], [-54.0709, 3.6684], [-54.0735, 3.6697], [-54.0749, 3.6702], [-54.0762, 3.6702], [-54.0772, 3.6699], [-54.0788, 3.6707], [-54.0824, 3.6736], [-54.0838, 3.6769], [-54.084, 3.6777], [-54.084, 3.6788], [-54.084, 3.6808], [-54.0844, 3.6826], [-54.0849, 3.6841], [-54.0851, 3.6851], [-54.0858, 3.6859], [-54.0866, 3.6872], [-54.0866, 3.6906], [-54.0862, 3.6922], [-54.0856, 3.6934], [-54.0844, 3.6946], [-54.0839, 3.6957], [-54.0817, 3.6996], [-54.0796, 3.7047], [-54.0787, 3.7082], [-54.0785, 3.7096], [-54.0786, 3.7121], [-54.0789, 3.7139], [-54.0799, 3.7165], [-54.0811, 3.7187], [-54.0818, 3.7203], [-54.083, 3.7224], [-54.087, 3.7257], [-54.0897, 3.7276], [-54.0947, 3.7319], [-54.0963, 3.734], [-54.0968, 3.7354], [-54.0969, 3.7371], [-54.0971, 3.7381], [-54.0982, 3.7414], [-54.0987, 3.7436], [-54.0992, 3.7453]]]}}, {"type": "Feature", "properties": {"nom": "Camopi", "code": "97356", "codeDepartement": "973", "siren": "219733565", "codeEpci": "249730052", "codeRegion": "03", "codesPostaux": ["97330"], "population": 2189}, "geometry": {"type": "Polygon", "coordinates": [[[-53.0803, 3.2136], [-53.0757, 3.2281], [-53.0711, 3.2426], [-53.0656, 3.2597], [-53.073, 3.2784], [-53.07, 3.2893], [-53.0648, 3.298], [-53.0589, 3.2998], [-53.0464, 3.3], [-53.0365, 3.305], [-53.03, 3.3052], [-53.0178, 3.2993], [-53.0106, 3.2998], [-53.0008, 3.3035], [-52.9888, 3.3043], [-52.9779, 3.304], [-52.9554, 3.2958], [-52.9333, 3.294], [-52.9025, 3.273], [-52.8926, 3.2729], [-52.8813, 3.275], [-52.8578, 3.2707], [-52.8478, 3.2732], [-52.8285, 3.2929], [-52.82, 3.2986], [-52.8054, 3.2953], [-52.7881, 3.2862], [-52.767, 3.2674], [-52.758, 3.2557], [-52.7615, 3.2439], [-52.7723, 3.2319], [-52.7736, 3.2274], [-52.7639, 3.2096], [-52.758, 3.2068], [-52.7464, 3.2066], [-52.7384, 3.2025], [-52.7296, 3.1951], [-52.7231, 3.1934], [-52.7108, 3.1992], [-52.7001, 3.1985], [-52.6933, 3.1925], [-52.6813, 3.1899], [-52.6763, 3.1999], [-52.6724, 3.2108], [-52.6621, 3.2222], [-52.6502, 3.2332], [-52.6338, 3.2398], [-52.6256, 3.2525], [-52.6116, 3.2623], [-52.6057, 3.2706], [-52.6086, 3.277], [-52.616, 3.2755], [-52.6205, 3.2788], [-52.634, 3.3], [-52.6405, 3.3227], [-52.6391, 3.3358], [-52.6318, 3.3412], [-52.6209, 3.3389], [-52.6106, 3.3389], [-52.593, 3.344], [-52.5754, 3.349], [-52.5579, 3.3541], [-52.5518, 3.3636], [-52.5523, 3.3781], [-52.554, 3.3964], [-52.5526, 3.4147], [-52.5449, 3.4361], [-52.5434, 3.4476], [-52.5463, 3.4556], [-52.5534, 3.4626], [-52.5542, 3.4735], [-52.5507, 3.4782], [-52.5348, 3.4827], [-52.5136, 3.4873], [-52.5011, 3.4947], [-52.4897, 3.4914], [-52.4784, 3.4881], [-52.4671, 3.4848], [-52.4581, 3.4707], [-52.4519, 3.4676], [-52.4433, 3.4692], [-52.4349, 3.4739], [-52.4283, 3.4764], [-52.4148, 3.4711], [-52.414, 3.4602], [-52.4136, 3.4358], [-52.4103, 3.4247], [-52.3984, 3.4125], [-52.3884, 3.4102], [-52.3685, 3.4208], [-52.3642, 3.4171], [-52.3596, 3.4054], [-52.3531, 3.4027], [-52.3459, 3.4096], [-52.3347, 3.4154], [-52.3176, 3.4201], [-52.3068, 3.4301], [-52.2901, 3.4306], [-52.2824, 3.4382], [-52.262, 3.461], [-52.2544, 3.4798], [-52.2459, 3.4937], [-52.2241, 3.5011], [-52.2241, 3.5021], [-52.224, 3.503], [-52.2239, 3.5039], [-52.2239, 3.5053], [-52.2236, 3.5065], [-52.223, 3.5076], [-52.2221, 3.5074], [-52.2212, 3.506], [-52.2199, 3.5051], [-52.2184, 3.5049], [-52.2173, 3.5049], [-52.2164, 3.5051], [-52.215, 3.5051], [-52.2141, 3.5056], [-52.2135, 3.5064], [-52.2129, 3.5073], [-52.2122, 3.5082], [-52.2112, 3.5088], [-52.2096, 3.5088], [-52.2087, 3.5087], [-52.2075, 3.5084], [-52.2058, 3.5081], [-52.2044, 3.5081], [-52.2035, 3.5079], [-52.2024, 3.5078], [-52.2014, 3.5069], [-52.2006, 3.5059], [-52.1996, 3.506], [-52.1983, 3.5063], [-52.1968, 3.5065], [-52.196, 3.5068], [-52.1947, 3.5077], [-52.1938, 3.508], [-52.1928, 3.508], [-52.191, 3.5079], [-52.1901, 3.5078], [-52.1892, 3.5077], [-52.187, 3.5088], [-52.1856, 3.5096], [-52.1846, 3.5099], [-52.1833, 3.5101], [-52.1825, 3.5103], [-52.1789, 3.5115], [-52.1778, 3.5119], [-52.1769, 3.5122], [-52.1744, 3.5131], [-52.173, 3.5134], [-52.1719, 3.5152], [-52.1714, 3.5166], [-52.1709, 3.5176], [-52.1699, 3.5179], [-52.1687, 3.5175], [-52.1674, 3.5178], [-52.1665, 3.5177], [-52.1652, 3.5172], [-52.1643, 3.5166], [-52.1621, 3.5174], [-52.1611, 3.5178], [-52.16, 3.5179], [-52.1584, 3.5181], [-52.1572, 3.5184], [-52.1565, 3.5196], [-52.1564, 3.5212], [-52.1558, 3.5223], [-52.1553, 3.5232], [-52.1548, 3.5243], [-52.1557, 3.5256], [-52.1569, 3.5266], [-52.158, 3.5277], [-52.1588, 3.529], [-52.1592, 3.5302], [-52.1595, 3.5316], [-52.1598, 3.5325], [-52.1602, 3.534], [-52.1602, 3.5348], [-52.1598, 3.5359], [-52.1591, 3.5372], [-52.1586, 3.5389], [-52.1583, 3.5399], [-52.1578, 3.5411], [-52.157, 3.5421], [-52.1561, 3.5432], [-52.1556, 3.5453], [-52.1539, 3.5457], [-52.1529, 3.5452], [-52.1514, 3.545], [-52.1499, 3.5455], [-52.1489, 3.546], [-52.148, 3.5466], [-52.1469, 3.5475], [-52.1457, 3.5479], [-52.144, 3.548], [-52.1429, 3.5477], [-52.1416, 3.5474], [-52.1407, 3.5479], [-52.14, 3.5491], [-52.1396, 3.5501], [-52.1382, 3.551], [-52.1373, 3.5511], [-52.1363, 3.5514], [-52.1354, 3.552], [-52.1342, 3.5527], [-52.1336, 3.5536], [-52.1328, 3.5554], [-52.1322, 3.5567], [-52.1314, 3.5579], [-52.1304, 3.5586], [-52.1292, 3.559], [-52.1276, 3.5598], [-52.1264, 3.5605], [-52.1247, 3.561], [-52.1232, 3.561], [-52.122, 3.5609], [-52.1211, 3.5608], [-52.1198, 3.5605], [-52.1184, 3.5608], [-52.1175, 3.5614], [-52.1166, 3.5622], [-52.1159, 3.5632], [-52.1148, 3.564], [-52.1136, 3.5641], [-52.1106, 3.5621], [-52.1092, 3.561], [-52.1079, 3.5604], [-52.1069, 3.56], [-52.1058, 3.56], [-52.1051, 3.5614], [-52.103, 3.5623], [-52.1018, 3.5627], [-52.0988, 3.5641], [-52.0977, 3.5648], [-52.0967, 3.5651], [-52.0956, 3.565], [-52.0939, 3.5645], [-52.0921, 3.5643], [-52.0911, 3.5641], [-52.0897, 3.5639], [-52.0888, 3.5639], [-52.0877, 3.5645], [-52.0871, 3.5654], [-52.0856, 3.5676], [-52.0848, 3.5685], [-52.0828, 3.5686], [-52.0817, 3.5685], [-52.0807, 3.5683], [-52.0791, 3.5681], [-52.0781, 3.5681], [-52.0766, 3.5682], [-52.0754, 3.5683], [-52.0738, 3.5674], [-52.0729, 3.5668], [-52.0718, 3.5657], [-52.0708, 3.5652], [-52.0698, 3.5652], [-52.0687, 3.5645], [-52.0677, 3.5634], [-52.0668, 3.5623], [-52.0655, 3.5617], [-52.0636, 3.5614], [-52.0624, 3.5613], [-52.0603, 3.5618], [-52.0589, 3.5621], [-52.0577, 3.5621], [-52.0567, 3.5618], [-52.0557, 3.5609], [-52.0543, 3.5587], [-52.0537, 3.5568], [-52.0533, 3.5558], [-52.0523, 3.555], [-52.0506, 3.5545], [-52.0496, 3.5545], [-52.0485, 3.5541], [-52.0464, 3.5528], [-52.0454, 3.552], [-52.0442, 3.5512], [-52.0445, 3.5489], [-52.0479, 3.5425], [-52.0512, 3.5377], [-52.0539, 3.5331], [-52.0546, 3.5316], [-52.0552, 3.5297], [-52.0561, 3.5277], [-52.0573, 3.525], [-52.0589, 3.5222], [-52.0598, 3.5205], [-52.0604, 3.5197], [-52.0622, 3.5186], [-52.0641, 3.5181], [-52.0659, 3.518], [-52.0684, 3.5181], [-52.07, 3.518], [-52.0711, 3.5176], [-52.0721, 3.5168], [-52.0731, 3.5156], [-52.0736, 3.5147], [-52.0738, 3.5133], [-52.0737, 3.5122], [-52.0735, 3.5112], [-52.0724, 3.5099], [-52.0704, 3.5083], [-52.0704, 3.5072], [-52.0711, 3.5055], [-52.0715, 3.5038], [-52.072, 3.5026], [-52.0732, 3.5003], [-52.0747, 3.4987], [-52.0771, 3.497], [-52.0782, 3.4962], [-52.0788, 3.4951], [-52.0795, 3.4931], [-52.0807, 3.492], [-52.0822, 3.4915], [-52.0833, 3.4909], [-52.0845, 3.4904], [-52.0868, 3.4896], [-52.0874, 3.4884], [-52.0891, 3.4855], [-52.0898, 3.484], [-52.0906, 3.4826], [-52.091, 3.4816], [-52.0928, 3.479], [-52.094, 3.475], [-52.0933, 3.4725], [-52.093, 3.471], [-52.093, 3.4701], [-52.0939, 3.4684], [-52.0943, 3.4674], [-52.0943, 3.466], [-52.0943, 3.4645], [-52.0944, 3.463], [-52.0952, 3.4618], [-52.098, 3.4603], [-52.1, 3.4595], [-52.1009, 3.4586], [-52.1021, 3.4571], [-52.103, 3.4558], [-52.1052, 3.4546], [-52.1067, 3.4534], [-52.1077, 3.4523], [-52.1087, 3.4511], [-52.1101, 3.4478], [-52.1113, 3.4445], [-52.1128, 3.4418], [-52.1131, 3.4406], [-52.1133, 3.4393], [-52.1132, 3.4377], [-52.1132, 3.4368], [-52.114, 3.4343], [-52.1172, 3.4332], [-52.1177, 3.4322], [-52.1186, 3.4306], [-52.1196, 3.4296], [-52.1204, 3.4278], [-52.121, 3.4266], [-52.1215, 3.4252], [-52.1218, 3.4237], [-52.124, 3.4211], [-52.125, 3.4194], [-52.1258, 3.4176], [-52.1268, 3.4159], [-52.1282, 3.4142], [-52.1293, 3.4128], [-52.1309, 3.409], [-52.1322, 3.4068], [-52.133, 3.4055], [-52.1337, 3.404], [-52.1363, 3.3987], [-52.1371, 3.397], [-52.1384, 3.3937], [-52.14, 3.3909], [-52.1424, 3.3876], [-52.143, 3.3856], [-52.1444, 3.3832], [-52.1453, 3.3819], [-52.1465, 3.3808], [-52.1479, 3.3797], [-52.1489, 3.3782], [-52.1501, 3.3756], [-52.1509, 3.3712], [-52.1533, 3.367], [-52.1547, 3.3641], [-52.1555, 3.3627], [-52.1563, 3.3616], [-52.1572, 3.3604], [-52.1597, 3.3555], [-52.1625, 3.3509], [-52.1644, 3.3496], [-52.1655, 3.3489], [-52.1666, 3.348], [-52.1681, 3.3465], [-52.1693, 3.3452], [-52.1701, 3.3441], [-52.1716, 3.341], [-52.174, 3.3375], [-52.1742, 3.3345], [-52.1738, 3.3326], [-52.1739, 3.3312], [-52.1752, 3.3294], [-52.1761, 3.3282], [-52.1773, 3.3267], [-52.1787, 3.3257], [-52.1823, 3.324], [-52.1846, 3.3222], [-52.1867, 3.3201], [-52.188, 3.3175], [-52.1886, 3.3154], [-52.1893, 3.3123], [-52.1901, 3.31], [-52.1917, 3.309], [-52.1926, 3.3076], [-52.1923, 3.3061], [-52.1915, 3.305], [-52.1899, 3.3038], [-52.1891, 3.3021], [-52.1891, 3.3009], [-52.1894, 3.2994], [-52.1899, 3.2984], [-52.1908, 3.2967], [-52.1924, 3.2963], [-52.1941, 3.2956], [-52.1952, 3.2948], [-52.1979, 3.2923], [-52.2, 3.2908], [-52.2031, 3.2875], [-52.2035, 3.2851], [-52.2048, 3.2826], [-52.2053, 3.2816], [-52.2059, 3.2807], [-52.2096, 3.2782], [-52.2105, 3.2774], [-52.2122, 3.2744], [-52.213, 3.2725], [-52.2144, 3.2704], [-52.2156, 3.2686], [-52.2159, 3.2674], [-52.2165, 3.266], [-52.2187, 3.2631], [-52.2211, 3.26], [-52.2232, 3.2573], [-52.2231, 3.255], [-52.2232, 3.254], [-52.2237, 3.2531], [-52.2252, 3.2521], [-52.2268, 3.2504], [-52.2274, 3.2494], [-52.2283, 3.2473], [-52.2304, 3.2452], [-52.2315, 3.244], [-52.2321, 3.2432], [-52.2331, 3.2416], [-52.2336, 3.2407], [-52.2353, 3.2397], [-52.2369, 3.2394], [-52.2393, 3.2393], [-52.2402, 3.2383], [-52.2415, 3.2375], [-52.2427, 3.2374], [-52.2444, 3.2382], [-52.2457, 3.239], [-52.247, 3.2416], [-52.2463, 3.2426], [-52.2468, 3.244], [-52.2469, 3.2464], [-52.247, 3.2477], [-52.2476, 3.2487], [-52.2484, 3.2497], [-52.2501, 3.2509], [-52.2537, 3.2519], [-52.255, 3.2521], [-52.2564, 3.2522], [-52.2573, 3.2523], [-52.2582, 3.2527], [-52.2598, 3.2531], [-52.2615, 3.2526], [-52.2624, 3.2521], [-52.2632, 3.2511], [-52.2637, 3.2499], [-52.2639, 3.249], [-52.2635, 3.2471], [-52.2635, 3.2456], [-52.2646, 3.2443], [-52.2661, 3.2432], [-52.2686, 3.2415], [-52.2696, 3.2413], [-52.2709, 3.2406], [-52.2717, 3.2399], [-52.273, 3.2381], [-52.2735, 3.2371], [-52.2745, 3.2358], [-52.276, 3.2349], [-52.2775, 3.2347], [-52.2789, 3.2344], [-52.28, 3.2339], [-52.281, 3.2336], [-52.2822, 3.2319], [-52.2834, 3.2308], [-52.2846, 3.2306], [-52.286, 3.23], [-52.2865, 3.229], [-52.2873, 3.2283], [-52.2883, 3.228], [-52.2899, 3.2279], [-52.2915, 3.2273], [-52.2925, 3.2264], [-52.2928, 3.2247], [-52.2929, 3.2219], [-52.2929, 3.2201], [-52.2931, 3.2187], [-52.2934, 3.2172], [-52.2939, 3.2157], [-52.2945, 3.2142], [-52.2954, 3.2122], [-52.2968, 3.2099], [-52.2976, 3.2087], [-52.2989, 3.2068], [-52.2998, 3.2056], [-52.3006, 3.2038], [-52.301, 3.2029], [-52.3021, 3.2014], [-52.3027, 3.2], [-52.3029, 3.1991], [-52.303, 3.1977], [-52.3029, 3.1962], [-52.3028, 3.195], [-52.3027, 3.1941], [-52.3023, 3.193], [-52.3016, 3.1908], [-52.3013, 3.1899], [-52.3012, 3.1891], [-52.3012, 3.1879], [-52.301, 3.1869], [-52.3011, 3.1852], [-52.3011, 3.1834], [-52.3002, 3.1813], [-52.2997, 3.1802], [-52.2995, 3.1792], [-52.2994, 3.1782], [-52.2996, 3.1765], [-52.2998, 3.1754], [-52.3002, 3.1743], [-52.3013, 3.1731], [-52.3027, 3.1729], [-52.3052, 3.1737], [-52.3071, 3.1745], [-52.309, 3.175], [-52.3103, 3.1752], [-52.3115, 3.1753], [-52.3125, 3.1752], [-52.3137, 3.1747], [-52.3149, 3.1741], [-52.3163, 3.1729], [-52.317, 3.172], [-52.3182, 3.1711], [-52.3196, 3.1705], [-52.3206, 3.1704], [-52.3217, 3.1705], [-52.3231, 3.1708], [-52.324, 3.171], [-52.3249, 3.1711], [-52.3258, 3.171], [-52.3269, 3.171], [-52.3279, 3.1714], [-52.329, 3.1718], [-52.3302, 3.1718], [-52.331, 3.1713], [-52.3316, 3.1702], [-52.3313, 3.169], [-52.3305, 3.1678], [-52.3296, 3.1673], [-52.3294, 3.1662], [-52.3297, 3.1652], [-52.3302, 3.1643], [-52.3307, 3.1626], [-52.3311, 3.1617], [-52.3323, 3.1614], [-52.3328, 3.1603], [-52.3326, 3.1591], [-52.3329, 3.1582], [-52.3333, 3.1572], [-52.3331, 3.1562], [-52.3334, 3.1552], [-52.334, 3.1543], [-52.3347, 3.1528], [-52.3351, 3.1518], [-52.3357, 3.1508], [-52.3369, 3.1497], [-52.3378, 3.1488], [-52.3389, 3.1479], [-52.3403, 3.1471], [-52.3408, 3.146], [-52.3408, 3.1451], [-52.3403, 3.1442], [-52.3393, 3.1438], [-52.3383, 3.1431], [-52.3375, 3.142], [-52.3372, 3.141], [-52.3369, 3.1399], [-52.3359, 3.14], [-52.335, 3.1407], [-52.3346, 3.1415], [-52.3338, 3.1412], [-52.333, 3.14], [-52.3319, 3.139], [-52.3313, 3.1381], [-52.3315, 3.1372], [-52.3322, 3.136], [-52.3334, 3.135], [-52.3344, 3.1345], [-52.3359, 3.1345], [-52.3373, 3.1345], [-52.3383, 3.1346], [-52.3393, 3.1348], [-52.3403, 3.135], [-52.3414, 3.1351], [-52.3424, 3.1347], [-52.3433, 3.1344], [-52.3445, 3.135], [-52.3456, 3.1359], [-52.3466, 3.1365], [-52.3475, 3.1366], [-52.3485, 3.1361], [-52.3493, 3.1351], [-52.3494, 3.1342], [-52.3495, 3.1332], [-52.3502, 3.132], [-52.3515, 3.1306], [-52.3523, 3.1295], [-52.3527, 3.1285], [-52.3529, 3.1275], [-52.3529, 3.1265], [-52.3526, 3.1254], [-52.3521, 3.1242], [-52.3514, 3.123], [-52.3501, 3.122], [-52.348, 3.1209], [-52.3471, 3.1205], [-52.3462, 3.1202], [-52.3454, 3.1201], [-52.344, 3.1206], [-52.3428, 3.1211], [-52.3406, 3.1212], [-52.3398, 3.121], [-52.3389, 3.1207], [-52.3381, 3.1195], [-52.338, 3.1183], [-52.3386, 3.1168], [-52.3392, 3.1158], [-52.3399, 3.1149], [-52.341, 3.1136], [-52.3421, 3.1117], [-52.3432, 3.1104], [-52.3445, 3.1092], [-52.3452, 3.1081], [-52.3456, 3.1068], [-52.3458, 3.1052], [-52.3458, 3.1041], [-52.3458, 3.1032], [-52.3457, 3.1017], [-52.3456, 3.1006], [-52.3455, 3.0977], [-52.3448, 3.0961], [-52.3443, 3.0949], [-52.3431, 3.0933], [-52.3421, 3.0927], [-52.3406, 3.0923], [-52.3398, 3.0914], [-52.3396, 3.0905], [-52.3389, 3.0892], [-52.3365, 3.088], [-52.3352, 3.0874], [-52.334, 3.0866], [-52.3315, 3.0847], [-52.3299, 3.0832], [-52.3289, 3.0822], [-52.3275, 3.081], [-52.3264, 3.0798], [-52.3259, 3.0784], [-52.3261, 3.0771], [-52.3265, 3.0761], [-52.3267, 3.0747], [-52.3269, 3.0733], [-52.3273, 3.0722], [-52.3277, 3.0713], [-52.3289, 3.0699], [-52.3298, 3.0691], [-52.3308, 3.0678], [-52.3314, 3.0669], [-52.3325, 3.0651], [-52.3328, 3.0643], [-52.3332, 3.0634], [-52.3337, 3.0624], [-52.3342, 3.0615], [-52.3347, 3.0605], [-52.3353, 3.0597], [-52.3357, 3.0587], [-52.3359, 3.0578], [-52.3363, 3.0569], [-52.3369, 3.0559], [-52.3375, 3.0548], [-52.3385, 3.0535], [-52.3399, 3.0525], [-52.3412, 3.0512], [-52.3416, 3.0498], [-52.3417, 3.0489], [-52.3426, 3.0475], [-52.3436, 3.046], [-52.3441, 3.0451], [-52.3447, 3.0443], [-52.3452, 3.0434], [-52.3455, 3.0424], [-52.3457, 3.0415], [-52.3458, 3.0406], [-52.3458, 3.0397], [-52.3463, 3.0382], [-52.3469, 3.0372], [-52.3476, 3.0361], [-52.3482, 3.0352], [-52.3491, 3.0334], [-52.3494, 3.0325], [-52.3497, 3.0317], [-52.3503, 3.0308], [-52.3508, 3.03], [-52.352, 3.0285], [-52.3523, 3.0277], [-52.3526, 3.0267], [-52.3525, 3.0254], [-52.3521, 3.0245], [-52.3522, 3.0236], [-52.3532, 3.0222], [-52.3547, 3.0208], [-52.3556, 3.0202], [-52.3566, 3.0196], [-52.3575, 3.0192], [-52.3585, 3.0189], [-52.3594, 3.0186], [-52.3604, 3.0183], [-52.3613, 3.0178], [-52.3624, 3.0164], [-52.3627, 3.0155], [-52.3627, 3.0146], [-52.3629, 3.0138], [-52.3632, 3.0127], [-52.3634, 3.0117], [-52.3635, 3.0104], [-52.3635, 3.0092], [-52.3634, 3.0067], [-52.3641, 3.0052], [-52.3648, 3.0039], [-52.3653, 3.0026], [-52.3659, 3.0016], [-52.3662, 3.0002], [-52.3662, 2.9993], [-52.3662, 2.9979], [-52.3665, 2.9962], [-52.3664, 2.9953], [-52.368, 2.9937], [-52.3696, 2.9926], [-52.3708, 2.9916], [-52.3714, 2.9902], [-52.3714, 2.9894], [-52.3711, 2.9885], [-52.3706, 2.9877], [-52.3699, 2.9862], [-52.3694, 2.9854], [-52.3684, 2.9838], [-52.3683, 2.9827], [-52.3685, 2.9818], [-52.3688, 2.9809], [-52.3693, 2.9799], [-52.3697, 2.9789], [-52.37, 2.9779], [-52.3703, 2.9769], [-52.3706, 2.976], [-52.3711, 2.9751], [-52.3716, 2.9742], [-52.3721, 2.9734], [-52.373, 2.9718], [-52.3736, 2.9702], [-52.374, 2.969], [-52.3746, 2.9674], [-52.3756, 2.9659], [-52.3765, 2.9644], [-52.3776, 2.9629], [-52.3782, 2.9614], [-52.3788, 2.9602], [-52.3792, 2.9592], [-52.3797, 2.9583], [-52.3803, 2.9572], [-52.3808, 2.9563], [-52.3814, 2.9542], [-52.3819, 2.9532], [-52.3823, 2.9523], [-52.3827, 2.9515], [-52.3831, 2.9505], [-52.3844, 2.9496], [-52.3859, 2.9493], [-52.3869, 2.9491], [-52.3877, 2.9488], [-52.3887, 2.9485], [-52.3896, 2.9483], [-52.3912, 2.9481], [-52.3923, 2.9478], [-52.3935, 2.9463], [-52.3934, 2.9446], [-52.3921, 2.9435], [-52.3905, 2.9427], [-52.3898, 2.9416], [-52.3897, 2.9404], [-52.3899, 2.9394], [-52.3903, 2.9382], [-52.3906, 2.9371], [-52.391, 2.936], [-52.3914, 2.935], [-52.392, 2.9341], [-52.3927, 2.9332], [-52.3942, 2.9321], [-52.395, 2.9315], [-52.3954, 2.9306], [-52.3956, 2.9297], [-52.3955, 2.9287], [-52.3951, 2.9278], [-52.3944, 2.9269], [-52.3928, 2.9257], [-52.3919, 2.9252], [-52.391, 2.9248], [-52.39, 2.9237], [-52.3897, 2.9229], [-52.3897, 2.9211], [-52.3896, 2.9201], [-52.3895, 2.9192], [-52.3889, 2.9179], [-52.3875, 2.9175], [-52.3866, 2.9176], [-52.3851, 2.9181], [-52.3842, 2.9182], [-52.3823, 2.9183], [-52.381, 2.919], [-52.3801, 2.9203], [-52.379, 2.9213], [-52.3777, 2.9212], [-52.3768, 2.9195], [-52.3768, 2.9186], [-52.377, 2.9174], [-52.3772, 2.9162], [-52.3781, 2.9146], [-52.3793, 2.913], [-52.3806, 2.9115], [-52.3818, 2.9103], [-52.3829, 2.9091], [-52.3839, 2.9075], [-52.3851, 2.9063], [-52.3864, 2.905], [-52.3877, 2.9032], [-52.3884, 2.9018], [-52.3893, 2.9008], [-52.3899, 2.8988], [-52.3905, 2.8979], [-52.3917, 2.8973], [-52.3927, 2.897], [-52.3941, 2.8968], [-52.395, 2.8968], [-52.3968, 2.8973], [-52.398, 2.8974], [-52.3992, 2.8968], [-52.4002, 2.8968], [-52.401, 2.8969], [-52.4025, 2.8977], [-52.4036, 2.8992], [-52.4041, 2.9005], [-52.4051, 2.9009], [-52.406, 2.9007], [-52.4081, 2.8993], [-52.4092, 2.898], [-52.4097, 2.8967], [-52.4095, 2.8952], [-52.4098, 2.894], [-52.4109, 2.8932], [-52.4123, 2.8929], [-52.4132, 2.893], [-52.4148, 2.8937], [-52.4157, 2.8939], [-52.4174, 2.894], [-52.419, 2.8936], [-52.4199, 2.8932], [-52.4209, 2.8924], [-52.4218, 2.8916], [-52.4226, 2.8903], [-52.423, 2.8888], [-52.4233, 2.8872], [-52.4237, 2.8863], [-52.4241, 2.8854], [-52.4246, 2.8842], [-52.4251, 2.8831], [-52.4255, 2.882], [-52.4261, 2.881], [-52.4272, 2.8794], [-52.4282, 2.8778], [-52.4288, 2.8768], [-52.4299, 2.8753], [-52.4303, 2.8745], [-52.4308, 2.8729], [-52.4314, 2.8713], [-52.4325, 2.8703], [-52.4338, 2.8699], [-52.4346, 2.8684], [-52.4349, 2.8672], [-52.4352, 2.8658], [-52.4353, 2.8644], [-52.4362, 2.8629], [-52.4371, 2.862], [-52.4378, 2.861], [-52.4384, 2.8601], [-52.4391, 2.859], [-52.4397, 2.858], [-52.4403, 2.857], [-52.4407, 2.856], [-52.4411, 2.8549], [-52.4415, 2.8539], [-52.4426, 2.8524], [-52.444, 2.8512], [-52.445, 2.8501], [-52.4455, 2.8482], [-52.4462, 2.8458], [-52.4468, 2.8442], [-52.4473, 2.8429], [-52.4476, 2.842], [-52.4488, 2.8405], [-52.4495, 2.8396], [-52.4507, 2.8379], [-52.4509, 2.8369], [-52.4511, 2.8357], [-52.4513, 2.8345], [-52.4514, 2.8332], [-52.4516, 2.8322], [-52.452, 2.8311], [-52.4524, 2.8302], [-52.4529, 2.8286], [-52.4536, 2.8272], [-52.455, 2.8259], [-52.4554, 2.8243], [-52.4556, 2.8233], [-52.4558, 2.8225], [-52.4562, 2.8216], [-52.4567, 2.8206], [-52.4574, 2.8198], [-52.4589, 2.8184], [-52.4597, 2.8169], [-52.4607, 2.8151], [-52.4613, 2.814], [-52.4619, 2.813], [-52.4626, 2.812], [-52.4632, 2.8108], [-52.4638, 2.8095], [-52.4643, 2.8085], [-52.4649, 2.8073], [-52.4654, 2.8063], [-52.4661, 2.8054], [-52.467, 2.8045], [-52.4683, 2.8029], [-52.469, 2.8008], [-52.4697, 2.7997], [-52.4704, 2.7985], [-52.4711, 2.7975], [-52.4718, 2.7965], [-52.4726, 2.7954], [-52.4735, 2.7939], [-52.4736, 2.7929], [-52.4736, 2.7911], [-52.4737, 2.7898], [-52.4739, 2.7885], [-52.4741, 2.7871], [-52.4744, 2.786], [-52.475, 2.7848], [-52.4758, 2.7839], [-52.4772, 2.7825], [-52.4782, 2.7809], [-52.4784, 2.7792], [-52.4783, 2.7775], [-52.4779, 2.7761], [-52.4776, 2.7752], [-52.4768, 2.7736], [-52.4762, 2.7718], [-52.4759, 2.7709], [-52.476, 2.7699], [-52.477, 2.7691], [-52.4772, 2.7682], [-52.477, 2.767], [-52.4763, 2.7658], [-52.4752, 2.7649], [-52.4753, 2.764], [-52.4759, 2.7631], [-52.4774, 2.7629], [-52.4787, 2.7625], [-52.4802, 2.7621], [-52.4815, 2.7613], [-52.4824, 2.7601], [-52.483, 2.7585], [-52.4831, 2.7573], [-52.4823, 2.7558], [-52.4808, 2.7548], [-52.4799, 2.7544], [-52.479, 2.7535], [-52.4797, 2.7522], [-52.4804, 2.7508], [-52.481, 2.7492], [-52.4819, 2.7478], [-52.4823, 2.7469], [-52.4828, 2.7453], [-52.4829, 2.7443], [-52.4835, 2.7429], [-52.4848, 2.7414], [-52.486, 2.74], [-52.4864, 2.7385], [-52.4864, 2.7377], [-52.4868, 2.7364], [-52.4876, 2.735], [-52.4884, 2.7335], [-52.4895, 2.732], [-52.4906, 2.7307], [-52.4908, 2.7298], [-52.4914, 2.7288], [-52.4926, 2.728], [-52.4941, 2.7275], [-52.495, 2.7275], [-52.4963, 2.7263], [-52.4974, 2.725], [-52.4985, 2.7236], [-52.4997, 2.722], [-52.5001, 2.7206], [-52.4999, 2.7191], [-52.4998, 2.7176], [-52.5001, 2.7164], [-52.501, 2.7153], [-52.5022, 2.7139], [-52.5031, 2.7126], [-52.5038, 2.7117], [-52.5044, 2.7103], [-52.5046, 2.7095], [-52.5046, 2.7086], [-52.505, 2.7072], [-52.5057, 2.7058], [-52.5066, 2.7043], [-52.5071, 2.7034], [-52.5076, 2.7019], [-52.5072, 2.701], [-52.5068, 2.7001], [-52.5069, 2.6988], [-52.5072, 2.6979], [-52.508, 2.697], [-52.5091, 2.6963], [-52.5095, 2.6954], [-52.5103, 2.694], [-52.5113, 2.6931], [-52.5127, 2.693], [-52.5138, 2.6927], [-52.5145, 2.6916], [-52.5147, 2.6908], [-52.515, 2.6896], [-52.5159, 2.6888], [-52.5172, 2.6882], [-52.5178, 2.6874], [-52.5183, 2.6862], [-52.5186, 2.6848], [-52.5199, 2.6839], [-52.5203, 2.6823], [-52.5202, 2.6813], [-52.52, 2.6803], [-52.5194, 2.6789], [-52.5194, 2.6772], [-52.5196, 2.6761], [-52.5208, 2.675], [-52.5218, 2.6738], [-52.5221, 2.6725], [-52.5227, 2.6707], [-52.5235, 2.6694], [-52.5243, 2.6683], [-52.5249, 2.6671], [-52.526, 2.6659], [-52.5266, 2.665], [-52.5273, 2.6641], [-52.5279, 2.6628], [-52.5278, 2.6616], [-52.5268, 2.6604], [-52.526, 2.6593], [-52.5269, 2.6579], [-52.5282, 2.6567], [-52.529, 2.6556], [-52.5293, 2.6548], [-52.5293, 2.6533], [-52.5293, 2.6521], [-52.53, 2.6509], [-52.5314, 2.6502], [-52.5334, 2.6501], [-52.5348, 2.651], [-52.5356, 2.6522], [-52.537, 2.6528], [-52.5386, 2.6534], [-52.5395, 2.6535], [-52.5403, 2.6536], [-52.542, 2.654], [-52.5439, 2.6529], [-52.545, 2.6515], [-52.5465, 2.6506], [-52.5474, 2.6507], [-52.5483, 2.6507], [-52.5492, 2.6504], [-52.5501, 2.6495], [-52.5503, 2.6481], [-52.5498, 2.6467], [-52.5505, 2.6454], [-52.5516, 2.6442], [-52.5528, 2.6428], [-52.5538, 2.6415], [-52.5547, 2.641], [-52.5555, 2.6395], [-52.5556, 2.6386], [-52.5554, 2.6372], [-52.5548, 2.6361], [-52.5535, 2.6349], [-52.5528, 2.6339], [-52.5522, 2.6325], [-52.5513, 2.6312], [-52.5504, 2.6308], [-52.5495, 2.6306], [-52.5479, 2.6306], [-52.5463, 2.6309], [-52.5455, 2.6309], [-52.5445, 2.6302], [-52.5439, 2.6286], [-52.5437, 2.6276], [-52.5438, 2.6261], [-52.5435, 2.6249], [-52.5427, 2.6238], [-52.5423, 2.6225], [-52.5423, 2.6214], [-52.5428, 2.6203], [-52.5434, 2.6194], [-52.5436, 2.6186], [-52.5438, 2.6177], [-52.544, 2.6167], [-52.5446, 2.6153], [-52.5458, 2.6144], [-52.5467, 2.6146], [-52.5478, 2.6146], [-52.5486, 2.6137], [-52.5496, 2.6126], [-52.5501, 2.6117], [-52.5494, 2.6104], [-52.5482, 2.6097], [-52.5466, 2.609], [-52.545, 2.6082], [-52.5442, 2.608], [-52.5426, 2.6076], [-52.5414, 2.607], [-52.5406, 2.6064], [-52.5399, 2.6055], [-52.5389, 2.6047], [-52.5376, 2.604], [-52.5366, 2.6037], [-52.5356, 2.6029], [-52.5347, 2.6017], [-52.5333, 2.6001], [-52.5319, 2.5989], [-52.5315, 2.598], [-52.5313, 2.5966], [-52.5311, 2.5957], [-52.5308, 2.5941], [-52.5304, 2.5924], [-52.5297, 2.5913], [-52.5296, 2.5901], [-52.5298, 2.5889], [-52.5293, 2.5879], [-52.5283, 2.5869], [-52.5277, 2.5853], [-52.5273, 2.5839], [-52.5272, 2.5824], [-52.5277, 2.5811], [-52.5288, 2.5802], [-52.5304, 2.5791], [-52.5317, 2.5776], [-52.5325, 2.5767], [-52.5339, 2.5749], [-52.5344, 2.574], [-52.5353, 2.5722], [-52.5358, 2.5708], [-52.5362, 2.57], [-52.5367, 2.5691], [-52.5372, 2.5681], [-52.5378, 2.5671], [-52.5383, 2.5657], [-52.5382, 2.5641], [-52.538, 2.5629], [-52.5371, 2.5618], [-52.5363, 2.5618], [-52.5357, 2.5609], [-52.5363, 2.5598], [-52.5369, 2.5586], [-52.5379, 2.5583], [-52.5391, 2.5586], [-52.54, 2.5589], [-52.5415, 2.5598], [-52.543, 2.5606], [-52.5453, 2.5613], [-52.5464, 2.5619], [-52.5474, 2.5623], [-52.549, 2.5621], [-52.5505, 2.5615], [-52.5518, 2.5603], [-52.553, 2.5591], [-52.554, 2.558], [-52.555, 2.5569], [-52.5559, 2.5557], [-52.5567, 2.5541], [-52.5572, 2.5528], [-52.5585, 2.5518], [-52.5597, 2.5512], [-52.5609, 2.5507], [-52.5613, 2.5498], [-52.561, 2.5482], [-52.5606, 2.5467], [-52.5599, 2.5451], [-52.5592, 2.5438], [-52.5582, 2.5428], [-52.557, 2.5421], [-52.5564, 2.5408], [-52.5566, 2.5394], [-52.5565, 2.5385], [-52.5563, 2.537], [-52.5561, 2.5359], [-52.5558, 2.534], [-52.5553, 2.5328], [-52.5545, 2.5317], [-52.5532, 2.5311], [-52.5517, 2.5322], [-52.5503, 2.5324], [-52.5493, 2.531], [-52.5494, 2.5301], [-52.5505, 2.5288], [-52.5515, 2.5281], [-52.5523, 2.5272], [-52.5525, 2.5263], [-52.5519, 2.5247], [-52.5518, 2.5233], [-52.552, 2.5222], [-52.5517, 2.5209], [-52.5521, 2.52], [-52.5532, 2.5195], [-52.554, 2.5195], [-52.5556, 2.5195], [-52.5571, 2.5198], [-52.5582, 2.5198], [-52.5595, 2.5193], [-52.5603, 2.5183], [-52.5614, 2.5176], [-52.5629, 2.5172], [-52.5641, 2.5169], [-52.5652, 2.5163], [-52.566, 2.5152], [-52.5669, 2.5138], [-52.5684, 2.5124], [-52.5697, 2.5112], [-52.5705, 2.5102], [-52.5711, 2.5089], [-52.5726, 2.5079], [-52.5737, 2.5075], [-52.5746, 2.5065], [-52.5755, 2.5048], [-52.5767, 2.5035], [-52.578, 2.5025], [-52.5791, 2.5019], [-52.5805, 2.5007], [-52.5812, 2.4999], [-52.5827, 2.4983], [-52.5832, 2.4972], [-52.5836, 2.4959], [-52.5846, 2.4951], [-52.5858, 2.4948], [-52.5871, 2.4947], [-52.5881, 2.4938], [-52.5887, 2.4924], [-52.5886, 2.4911], [-52.5875, 2.4899], [-52.5872, 2.4887], [-52.5883, 2.488], [-52.5895, 2.488], [-52.5907, 2.487], [-52.5913, 2.4859], [-52.5921, 2.4845], [-52.5925, 2.4831], [-52.5933, 2.4821], [-52.5939, 2.4807], [-52.5939, 2.4796], [-52.5937, 2.4785], [-52.594, 2.4772], [-52.5955, 2.4759], [-52.5969, 2.4754], [-52.5984, 2.4754], [-52.5992, 2.4757], [-52.6006, 2.4765], [-52.602, 2.4768], [-52.6034, 2.4767], [-52.6044, 2.4756], [-52.6054, 2.4755], [-52.6065, 2.4759], [-52.6073, 2.4763], [-52.6083, 2.4766], [-52.6095, 2.4759], [-52.6104, 2.4755], [-52.612, 2.4754], [-52.6135, 2.4755], [-52.6152, 2.4757], [-52.6168, 2.4757], [-52.618, 2.4752], [-52.6189, 2.4743], [-52.6197, 2.4728], [-52.6205, 2.4717], [-52.6211, 2.4708], [-52.6217, 2.4697], [-52.6218, 2.4679], [-52.622, 2.467], [-52.6223, 2.4649], [-52.6221, 2.4635], [-52.6216, 2.4621], [-52.6207, 2.4613], [-52.6195, 2.4607], [-52.6183, 2.4603], [-52.6172, 2.4598], [-52.6162, 2.4588], [-52.6152, 2.4579], [-52.6141, 2.4572], [-52.6126, 2.4563], [-52.6116, 2.4558], [-52.6107, 2.4546], [-52.6103, 2.4536], [-52.6103, 2.4525], [-52.6112, 2.4512], [-52.6122, 2.4504], [-52.6133, 2.4499], [-52.6146, 2.4492], [-52.6156, 2.4483], [-52.6157, 2.4472], [-52.616, 2.446], [-52.6173, 2.4452], [-52.6185, 2.4452], [-52.6198, 2.4455], [-52.6208, 2.4457], [-52.622, 2.4456], [-52.6232, 2.4459], [-52.6243, 2.446], [-52.6251, 2.4455], [-52.6263, 2.4448], [-52.6275, 2.4452], [-52.6286, 2.4455], [-52.6298, 2.4441], [-52.6296, 2.4432], [-52.63, 2.4423], [-52.6309, 2.4412], [-52.632, 2.4414], [-52.6325, 2.4422], [-52.6324, 2.4432], [-52.6324, 2.4442], [-52.6325, 2.4451], [-52.6338, 2.4459], [-52.6352, 2.4455], [-52.6362, 2.445], [-52.637, 2.444], [-52.6372, 2.443], [-52.6369, 2.442], [-52.6368, 2.4412], [-52.6366, 2.4401], [-52.6373, 2.4392], [-52.6384, 2.4395], [-52.6393, 2.4385], [-52.6402, 2.4379], [-52.6407, 2.437], [-52.641, 2.4361], [-52.642, 2.4356], [-52.643, 2.4351], [-52.6444, 2.4345], [-52.6452, 2.4339], [-52.6461, 2.4332], [-52.6464, 2.4321], [-52.6457, 2.4307], [-52.6454, 2.4295], [-52.6455, 2.4281], [-52.645, 2.4271], [-52.6441, 2.4263], [-52.6434, 2.4252], [-52.6436, 2.4242], [-52.6442, 2.4232], [-52.6444, 2.4223], [-52.644, 2.4214], [-52.6439, 2.4205], [-52.6442, 2.4193], [-52.6447, 2.4183], [-52.6458, 2.4176], [-52.6468, 2.4169], [-52.6478, 2.4161], [-52.6487, 2.415], [-52.6494, 2.4139], [-52.6504, 2.4126], [-52.6515, 2.4115], [-52.6525, 2.4103], [-52.6531, 2.4094], [-52.6536, 2.4086], [-52.6541, 2.4077], [-52.6549, 2.4069], [-52.6558, 2.406], [-52.6566, 2.4046], [-52.6573, 2.4035], [-52.6576, 2.4025], [-52.6582, 2.4013], [-52.6584, 2.4003], [-52.6584, 2.3993], [-52.6572, 2.3986], [-52.6563, 2.3987], [-52.6553, 2.3979], [-52.6547, 2.3968], [-52.6542, 2.3957], [-52.6542, 2.3946], [-52.6545, 2.3936], [-52.6548, 2.392], [-52.6551, 2.3911], [-52.6559, 2.3905], [-52.6569, 2.39], [-52.6574, 2.3885], [-52.6574, 2.3875], [-52.6573, 2.3866], [-52.6579, 2.3855], [-52.6582, 2.3843], [-52.6585, 2.3832], [-52.6587, 2.3821], [-52.6596, 2.3811], [-52.6604, 2.381], [-52.6609, 2.3796], [-52.6601, 2.3786], [-52.6597, 2.3776], [-52.6601, 2.3764], [-52.6605, 2.3752], [-52.6606, 2.374], [-52.6619, 2.3732], [-52.6632, 2.3739], [-52.6647, 2.3739], [-52.6659, 2.3735], [-52.6674, 2.3731], [-52.6685, 2.3729], [-52.6696, 2.3719], [-52.6698, 2.3709], [-52.6702, 2.3697], [-52.6714, 2.3691], [-52.6727, 2.3688], [-52.6739, 2.3689], [-52.6751, 2.3693], [-52.6763, 2.3704], [-52.6773, 2.3706], [-52.6782, 2.3707], [-52.6796, 2.3706], [-52.6808, 2.3704], [-52.682, 2.3697], [-52.6836, 2.3689], [-52.6845, 2.3683], [-52.6857, 2.3674], [-52.6869, 2.3674], [-52.688, 2.3678], [-52.6889, 2.3679], [-52.6898, 2.3676], [-52.6906, 2.3668], [-52.6917, 2.3657], [-52.6927, 2.3652], [-52.6938, 2.3648], [-52.6947, 2.3646], [-52.6956, 2.3641], [-52.697, 2.3636], [-52.6991, 2.3632], [-52.7004, 2.363], [-52.7013, 2.3625], [-52.7025, 2.3616], [-52.704, 2.3613], [-52.7056, 2.3606], [-52.7064, 2.3598], [-52.7078, 2.3589], [-52.7089, 2.3588], [-52.7101, 2.3587], [-52.7112, 2.358], [-52.7121, 2.357], [-52.7133, 2.356], [-52.7141, 2.3554], [-52.7149, 2.354], [-52.7156, 2.3531], [-52.7164, 2.3518], [-52.7175, 2.3514], [-52.7185, 2.3509], [-52.719, 2.35], [-52.719, 2.3491], [-52.7187, 2.3482], [-52.7184, 2.3471], [-52.7182, 2.3463], [-52.7174, 2.345], [-52.7169, 2.3441], [-52.7171, 2.3431], [-52.7185, 2.3425], [-52.7197, 2.3422], [-52.7206, 2.342], [-52.7221, 2.3418], [-52.7233, 2.3413], [-52.7244, 2.3408], [-52.7254, 2.3401], [-52.7265, 2.3397], [-52.7278, 2.3394], [-52.7289, 2.3393], [-52.7301, 2.339], [-52.7313, 2.3386], [-52.7325, 2.3386], [-52.7334, 2.3385], [-52.7343, 2.338], [-52.7351, 2.3368], [-52.7348, 2.336], [-52.7359, 2.3352], [-52.7369, 2.3354], [-52.7378, 2.336], [-52.7385, 2.3369], [-52.7398, 2.337], [-52.7407, 2.3363], [-52.741, 2.3354], [-52.7419, 2.3342], [-52.7434, 2.333], [-52.7446, 2.332], [-52.7455, 2.3313], [-52.7464, 2.3309], [-52.7475, 2.3307], [-52.7482, 2.3299], [-52.7491, 2.3289], [-52.7504, 2.3286], [-52.7515, 2.3283], [-52.7524, 2.3279], [-52.7543, 2.327], [-52.7554, 2.3266], [-52.7565, 2.3261], [-52.7575, 2.3257], [-52.7585, 2.3252], [-52.7594, 2.3249], [-52.7603, 2.325], [-52.7617, 2.3247], [-52.7627, 2.3243], [-52.7636, 2.3241], [-52.7647, 2.3235], [-52.765, 2.3225], [-52.7648, 2.3216], [-52.7647, 2.3206], [-52.7657, 2.3197], [-52.7666, 2.3192], [-52.7673, 2.3203], [-52.7664, 2.3213], [-52.7676, 2.322], [-52.7686, 2.3217], [-52.7696, 2.3212], [-52.7707, 2.3203], [-52.7713, 2.3193], [-52.7715, 2.3181], [-52.7725, 2.3164], [-52.7729, 2.3153], [-52.7739, 2.3147], [-52.7754, 2.3144], [-52.7763, 2.3144], [-52.7771, 2.3154], [-52.7773, 2.3167], [-52.778, 2.3177], [-52.7791, 2.3179], [-52.7802, 2.3169], [-52.7808, 2.3159], [-52.781, 2.3149], [-52.7811, 2.3139], [-52.7814, 2.313], [-52.7818, 2.3121], [-52.7824, 2.3111], [-52.7831, 2.3102], [-52.7842, 2.3096], [-52.7847, 2.3108], [-52.786, 2.3112], [-52.7869, 2.3112], [-52.788, 2.3103], [-52.7891, 2.3091], [-52.7901, 2.3082], [-52.7911, 2.307], [-52.7923, 2.3057], [-52.7937, 2.3045], [-52.7946, 2.3041], [-52.7955, 2.3042], [-52.7966, 2.305], [-52.7976, 2.3049], [-52.7985, 2.3043], [-52.7995, 2.3036], [-52.8004, 2.3029], [-52.8013, 2.302], [-52.8013, 2.3007], [-52.8022, 2.2997], [-52.8032, 2.2996], [-52.8043, 2.2997], [-52.8055, 2.3002], [-52.8067, 2.3003], [-52.8077, 2.2999], [-52.8085, 2.2993], [-52.8094, 2.2988], [-52.8104, 2.2978], [-52.8114, 2.2972], [-52.8123, 2.2968], [-52.814, 2.2966], [-52.8149, 2.2965], [-52.8158, 2.2961], [-52.817, 2.2955], [-52.8181, 2.2949], [-52.819, 2.2946], [-52.8199, 2.2947], [-52.8209, 2.2952], [-52.8218, 2.2951], [-52.8226, 2.2943], [-52.8237, 2.294], [-52.8247, 2.2938], [-52.8257, 2.2938], [-52.8265, 2.2935], [-52.8276, 2.2933], [-52.8295, 2.2932], [-52.8304, 2.2931], [-52.8314, 2.2928], [-52.8323, 2.2926], [-52.8333, 2.2927], [-52.8343, 2.2928], [-52.8348, 2.2917], [-52.8347, 2.2907], [-52.835, 2.2897], [-52.8364, 2.2896], [-52.8374, 2.29], [-52.8386, 2.2907], [-52.8395, 2.2911], [-52.8409, 2.2914], [-52.8418, 2.2914], [-52.8426, 2.2903], [-52.8429, 2.2889], [-52.843, 2.2879], [-52.8425, 2.287], [-52.8413, 2.2867], [-52.8401, 2.2866], [-52.8393, 2.2855], [-52.8394, 2.2844], [-52.839, 2.2834], [-52.838, 2.2824], [-52.838, 2.2815], [-52.8391, 2.281], [-52.8403, 2.2809], [-52.8414, 2.2808], [-52.8424, 2.2807], [-52.8433, 2.2803], [-52.8442, 2.2802], [-52.8452, 2.2805], [-52.8463, 2.2811], [-52.8472, 2.2809], [-52.8484, 2.28], [-52.8494, 2.2797], [-52.8509, 2.2792], [-52.8519, 2.279], [-52.8529, 2.279], [-52.8538, 2.2795], [-52.8546, 2.2807], [-52.8556, 2.2814], [-52.8567, 2.2818], [-52.8575, 2.2818], [-52.8585, 2.2814], [-52.8588, 2.2803], [-52.8586, 2.2793], [-52.8579, 2.2783], [-52.8569, 2.2777], [-52.856, 2.2774], [-52.8551, 2.2769], [-52.8551, 2.2757], [-52.8564, 2.2749], [-52.8571, 2.274], [-52.8565, 2.273], [-52.8551, 2.2727], [-52.8555, 2.2715], [-52.8553, 2.2704], [-52.8537, 2.2708], [-52.8528, 2.2709], [-52.852, 2.2709], [-52.8514, 2.27], [-52.8516, 2.2691], [-52.852, 2.2682], [-52.8529, 2.2675], [-52.8537, 2.2669], [-52.854, 2.2661], [-52.854, 2.2652], [-52.8539, 2.2641], [-52.8544, 2.2632], [-52.8554, 2.2627], [-52.8564, 2.2624], [-52.8574, 2.2624], [-52.8584, 2.2623], [-52.8593, 2.2621], [-52.8602, 2.2618], [-52.8609, 2.2609], [-52.8618, 2.2604], [-52.8627, 2.2609], [-52.8639, 2.2612], [-52.865, 2.2612], [-52.8662, 2.2611], [-52.8672, 2.2605], [-52.8674, 2.2596], [-52.8683, 2.259], [-52.8692, 2.2592], [-52.8698, 2.2601], [-52.8708, 2.2604], [-52.8717, 2.26], [-52.8723, 2.2591], [-52.8726, 2.2582], [-52.8726, 2.2572], [-52.8722, 2.2563], [-52.8716, 2.2554], [-52.8713, 2.2543], [-52.8715, 2.2533], [-52.8718, 2.2523], [-52.873, 2.2515], [-52.8735, 2.2505], [-52.8734, 2.2493], [-52.8733, 2.2481], [-52.873, 2.247], [-52.8731, 2.2458], [-52.874, 2.2447], [-52.8749, 2.2439], [-52.8757, 2.2437], [-52.8766, 2.2439], [-52.877, 2.2428], [-52.8758, 2.2418], [-52.8749, 2.2417], [-52.8747, 2.2407], [-52.8757, 2.2406], [-52.8766, 2.24], [-52.8768, 2.2392], [-52.878, 2.2382], [-52.8791, 2.238], [-52.8801, 2.2379], [-52.8817, 2.238], [-52.8832, 2.238], [-52.8846, 2.2382], [-52.8858, 2.2384], [-52.8869, 2.2385], [-52.8877, 2.2384], [-52.8878, 2.2373], [-52.8873, 2.236], [-52.8867, 2.2347], [-52.8857, 2.2336], [-52.8856, 2.232], [-52.8854, 2.2307], [-52.8856, 2.2296], [-52.8867, 2.2289], [-52.8871, 2.2277], [-52.887, 2.2266], [-52.8876, 2.2254], [-52.8877, 2.2242], [-52.8872, 2.2233], [-52.8862, 2.2226], [-52.8858, 2.2215], [-52.8856, 2.2201], [-52.8867, 2.2191], [-52.8879, 2.2187], [-52.8889, 2.2179], [-52.8902, 2.2176], [-52.8915, 2.217], [-52.8921, 2.2158], [-52.8925, 2.2145], [-52.8921, 2.2128], [-52.8926, 2.2116], [-52.8929, 2.2103], [-52.8938, 2.2084], [-52.8947, 2.2079], [-52.8959, 2.2079], [-52.8967, 2.2066], [-52.8971, 2.2057], [-52.8975, 2.2045], [-52.8979, 2.2033], [-52.8984, 2.2018], [-52.8999, 2.2001], [-52.9011, 2.1986], [-52.9014, 2.1977], [-52.9019, 2.1963], [-52.9024, 2.1947], [-52.9026, 2.1938], [-52.9027, 2.1929], [-52.9032, 2.1918], [-52.9042, 2.191], [-52.9043, 2.1892], [-52.9041, 2.1876], [-52.9031, 2.1868], [-52.9041, 2.1865], [-52.9051, 2.1872], [-52.9061, 2.1879], [-52.9072, 2.1889], [-52.9081, 2.1896], [-52.909, 2.1893], [-52.9099, 2.1885], [-52.9108, 2.1881], [-52.9116, 2.1895], [-52.9118, 2.1903], [-52.9124, 2.1915], [-52.9134, 2.1922], [-52.9147, 2.1923], [-52.9162, 2.1921], [-52.9176, 2.1924], [-52.9187, 2.1924], [-52.9199, 2.1933], [-52.9208, 2.1927], [-52.921, 2.1916], [-52.921, 2.1906], [-52.9219, 2.1905], [-52.9233, 2.1908], [-52.9246, 2.1909], [-52.9256, 2.1904], [-52.9269, 2.1908], [-52.9273, 2.1918], [-52.9284, 2.1918], [-52.929, 2.1909], [-52.929, 2.19], [-52.9299, 2.1896], [-52.9303, 2.1905], [-52.9309, 2.1916], [-52.9314, 2.1926], [-52.9321, 2.1936], [-52.9336, 2.1943], [-52.9346, 2.1943], [-52.9359, 2.1927], [-52.9367, 2.1914], [-52.9379, 2.1906], [-52.9388, 2.1901], [-52.9389, 2.1889], [-52.9389, 2.188], [-52.9388, 2.1872], [-52.9386, 2.1862], [-52.938, 2.1853], [-52.9382, 2.1839], [-52.9386, 2.183], [-52.9385, 2.1819], [-52.9383, 2.1811], [-52.9394, 2.1801], [-52.9404, 2.1792], [-52.9412, 2.1786], [-52.9425, 2.1787], [-52.9431, 2.1778], [-52.9446, 2.1768], [-52.9456, 2.1775], [-52.9467, 2.1775], [-52.9479, 2.177], [-52.9487, 2.1768], [-52.9498, 2.1761], [-52.9509, 2.1754], [-52.9518, 2.1755], [-52.9528, 2.1747], [-52.9537, 2.1746], [-52.9545, 2.1739], [-52.9561, 2.1737], [-52.9571, 2.1734], [-52.958, 2.1745], [-52.959, 2.1747], [-52.9601, 2.1754], [-52.9603, 2.1745], [-52.9613, 2.1741], [-52.9622, 2.1735], [-52.9632, 2.1739], [-52.9637, 2.1731], [-52.9648, 2.173], [-52.9657, 2.1731], [-52.967, 2.1728], [-52.968, 2.1723], [-52.9694, 2.1726], [-52.9703, 2.1724], [-52.971, 2.1715], [-52.9718, 2.171], [-52.9719, 2.1719], [-52.973, 2.1722], [-52.974, 2.1723], [-52.975, 2.1724], [-52.9759, 2.1718], [-52.9763, 2.1708], [-52.9764, 2.1695], [-52.9773, 2.1689], [-52.9783, 2.1684], [-52.9793, 2.1686], [-52.9802, 2.1681], [-52.9811, 2.1679], [-52.9817, 2.1688], [-52.9827, 2.1691], [-52.9836, 2.1683], [-52.9838, 2.1674], [-52.9849, 2.1678], [-52.9858, 2.1686], [-52.9866, 2.1682], [-52.9876, 2.168], [-52.9876, 2.1691], [-52.9883, 2.1699], [-52.9886, 2.171], [-52.9887, 2.1718], [-52.9898, 2.1725], [-52.9907, 2.1723], [-52.9917, 2.1721], [-52.9927, 2.1728], [-52.9938, 2.1737], [-52.9947, 2.1742], [-52.9952, 2.1752], [-52.996, 2.1757], [-52.997, 2.1765], [-52.9975, 2.1778], [-52.9986, 2.1783], [-52.9997, 2.1778], [-53.0005, 2.1777], [-53.0015, 2.1773], [-53.0025, 2.1776], [-53.0036, 2.1785], [-53.0045, 2.179], [-53.0048, 2.1801], [-53.0058, 2.1794], [-53.0067, 2.1793], [-53.0074, 2.1784], [-53.0075, 2.1775], [-53.0085, 2.1779], [-53.0093, 2.1787], [-53.0102, 2.1797], [-53.0111, 2.1794], [-53.0123, 2.1783], [-53.0132, 2.1785], [-53.014, 2.1795], [-53.0143, 2.1805], [-53.0152, 2.1808], [-53.0161, 2.181], [-53.017, 2.1814], [-53.018, 2.1818], [-53.0189, 2.1822], [-53.0198, 2.1819], [-53.0212, 2.1819], [-53.0221, 2.182], [-53.0232, 2.1824], [-53.0242, 2.1832], [-53.0251, 2.1829], [-53.026, 2.1831], [-53.0268, 2.1841], [-53.0277, 2.1835], [-53.0282, 2.1844], [-53.029, 2.1843], [-53.0302, 2.1853], [-53.0305, 2.1864], [-53.0315, 2.1868], [-53.0327, 2.1871], [-53.0331, 2.1862], [-53.0339, 2.1866], [-53.0349, 2.1868], [-53.0359, 2.1869], [-53.0367, 2.1859], [-53.0376, 2.1861], [-53.0386, 2.1854], [-53.0396, 2.1863], [-53.0407, 2.1861], [-53.0416, 2.1865], [-53.0416, 2.1874], [-53.0422, 2.1882], [-53.0434, 2.1885], [-53.0459, 2.1891], [-53.0473, 2.1893], [-53.0493, 2.19], [-53.0503, 2.1904], [-53.0514, 2.1903], [-53.0523, 2.19], [-53.0532, 2.1903], [-53.054, 2.1908], [-53.0539, 2.1918], [-53.0546, 2.1927], [-53.0543, 2.1938], [-53.0553, 2.1938], [-53.0561, 2.1947], [-53.057, 2.1947], [-53.0579, 2.1954], [-53.0587, 2.1956], [-53.0598, 2.1965], [-53.0605, 2.1976], [-53.0603, 2.1989], [-53.0614, 2.1997], [-53.0625, 2.1994], [-53.0623, 2.2002], [-53.0624, 2.2011], [-53.0623, 2.2019], [-53.0627, 2.203], [-53.0625, 2.2038], [-53.0631, 2.2047], [-53.0637, 2.2059], [-53.0643, 2.2069], [-53.0652, 2.2081], [-53.0657, 2.2092], [-53.0666, 2.2085], [-53.067, 2.2095], [-53.068, 2.2109], [-53.0689, 2.2119], [-53.0693, 2.2128], [-53.0692, 2.2137], [-53.0697, 2.2145], [-53.0708, 2.215], [-53.0717, 2.2156], [-53.0726, 2.2163], [-53.073, 2.2172], [-53.0738, 2.2181], [-53.0747, 2.2191], [-53.0759, 2.2198], [-53.0768, 2.2203], [-53.0777, 2.2208], [-53.0789, 2.2208], [-53.079, 2.2217], [-53.0798, 2.2226], [-53.0807, 2.2223], [-53.0818, 2.2225], [-53.0828, 2.2228], [-53.084, 2.2226], [-53.0851, 2.222], [-53.086, 2.2217], [-53.0869, 2.2218], [-53.0881, 2.2221], [-53.089, 2.222], [-53.0899, 2.2217], [-53.0909, 2.2225], [-53.0917, 2.2233], [-53.0928, 2.2229], [-53.0938, 2.2217], [-53.0949, 2.2217], [-53.0959, 2.2221], [-53.0975, 2.2226], [-53.0986, 2.223], [-53.099, 2.2244], [-53.099, 2.2253], [-53.0998, 2.2258], [-53.1007, 2.2254], [-53.1017, 2.2255], [-53.1026, 2.2249], [-53.1031, 2.2239], [-53.104, 2.2242], [-53.105, 2.2244], [-53.1059, 2.2245], [-53.1071, 2.2235], [-53.1081, 2.2231], [-53.1086, 2.2241], [-53.1097, 2.2242], [-53.1107, 2.2248], [-53.112, 2.2247], [-53.113, 2.2246], [-53.1143, 2.224], [-53.1152, 2.2242], [-53.1161, 2.2237], [-53.1172, 2.2239], [-53.1182, 2.2243], [-53.1192, 2.224], [-53.1201, 2.2231], [-53.121, 2.2233], [-53.1221, 2.2228], [-53.1231, 2.2225], [-53.1241, 2.223], [-53.1253, 2.2235], [-53.1264, 2.2234], [-53.1272, 2.2231], [-53.1283, 2.2228], [-53.129, 2.2238], [-53.1302, 2.2251], [-53.1312, 2.2256], [-53.1322, 2.2251], [-53.1339, 2.2254], [-53.1353, 2.2248], [-53.1363, 2.224], [-53.1374, 2.2239], [-53.1384, 2.2237], [-53.139, 2.2226], [-53.14, 2.2222], [-53.1411, 2.222], [-53.1418, 2.221], [-53.1428, 2.2208], [-53.1427, 2.2198], [-53.1433, 2.2189], [-53.1444, 2.2193], [-53.1455, 2.2192], [-53.1466, 2.2188], [-53.1476, 2.2191], [-53.1489, 2.2193], [-53.15, 2.2199], [-53.151, 2.2202], [-53.1519, 2.2205], [-53.1529, 2.221], [-53.1538, 2.2213], [-53.1548, 2.2215], [-53.1557, 2.2215], [-53.1571, 2.221], [-53.1584, 2.2208], [-53.1587, 2.2196], [-53.1598, 2.2191], [-53.1605, 2.2181], [-53.1603, 2.2171], [-53.1613, 2.2173], [-53.1622, 2.2173], [-53.1638, 2.2177], [-53.1647, 2.2179], [-53.1656, 2.2185], [-53.1664, 2.2184], [-53.1673, 2.2187], [-53.1684, 2.2186], [-53.1692, 2.2176], [-53.1702, 2.2172], [-53.1713, 2.2168], [-53.1723, 2.217], [-53.1732, 2.217], [-53.1745, 2.2164], [-53.175, 2.2154], [-53.1761, 2.2158], [-53.1771, 2.2152], [-53.178, 2.2142], [-53.179, 2.2142], [-53.1791, 2.2132], [-53.1802, 2.2136], [-53.1813, 2.2134], [-53.1813, 2.2125], [-53.1819, 2.2114], [-53.1829, 2.2112], [-53.1838, 2.2112], [-53.1846, 2.2112], [-53.1859, 2.2109], [-53.186, 2.2119], [-53.1868, 2.2129], [-53.1876, 2.2126], [-53.1879, 2.2135], [-53.1888, 2.2134], [-53.1899, 2.2135], [-53.1908, 2.214], [-53.1919, 2.2138], [-53.1926, 2.2129], [-53.1937, 2.2125], [-53.1946, 2.2122], [-53.1947, 2.2114], [-53.1953, 2.2105], [-53.1961, 2.2117], [-53.1972, 2.2116], [-53.1974, 2.2124], [-53.1987, 2.2128], [-53.1996, 2.2122], [-53.2006, 2.2124], [-53.2016, 2.2116], [-53.2027, 2.2113], [-53.2039, 2.2112], [-53.205, 2.2112], [-53.2061, 2.211], [-53.2072, 2.2115], [-53.2084, 2.2111], [-53.2092, 2.2109], [-53.2103, 2.2097], [-53.2103, 2.2089], [-53.2106, 2.2072], [-53.2117, 2.2059], [-53.2128, 2.2053], [-53.2153, 2.2028], [-53.2167, 2.2034], [-53.2197, 2.2034], [-53.2206, 2.2031], [-53.2225, 2.2011], [-53.2242, 2.2011], [-53.225, 2.202], [-53.2261, 2.2022], [-53.227, 2.2028], [-53.2284, 2.2031], [-53.23, 2.2039], [-53.2314, 2.2053], [-53.2325, 2.2053], [-53.2331, 2.207], [-53.2336, 2.2084], [-53.2356, 2.2103], [-53.2397, 2.2103], [-53.2409, 2.2111], [-53.2447, 2.2111], [-53.2461, 2.2106], [-53.2472, 2.2103], [-53.2492, 2.2084], [-53.2489, 2.2075], [-53.2489, 2.2064], [-53.2487, 2.2036], [-53.2503, 2.2025], [-53.2514, 2.2017], [-53.2534, 2.2003], [-53.2561, 2.2003], [-53.2575, 2.1989], [-53.2578, 2.1975], [-53.2589, 2.1959], [-53.2589, 2.1947], [-53.2592, 2.1934], [-53.2609, 2.192], [-53.2609, 2.1911], [-53.2631, 2.1892], [-53.2642, 2.1892], [-53.2653, 2.19], [-53.2667, 2.19], [-53.2685, 2.1911], [-53.2705, 2.1901], [-53.2738, 2.1902], [-53.2747, 2.1908], [-53.2756, 2.1922], [-53.2764, 2.1934], [-53.277, 2.1946], [-53.2779, 2.1954], [-53.2788, 2.1946], [-53.2796, 2.1945], [-53.2808, 2.1937], [-53.2812, 2.1926], [-53.2816, 2.1917], [-53.2811, 2.1906], [-53.2811, 2.1879], [-53.2831, 2.1891], [-53.2838, 2.1906], [-53.2838, 2.1918], [-53.2838, 2.1932], [-53.2829, 2.1943], [-53.283, 2.1959], [-53.2827, 2.197], [-53.2809, 2.1976], [-53.2793, 2.198], [-53.2781, 2.1983], [-53.2772, 2.1987], [-53.276, 2.1994], [-53.2754, 2.2003], [-53.2754, 2.2027], [-53.2752, 2.2044], [-53.2749, 2.2056], [-53.2747, 2.2068], [-53.2746, 2.2078], [-53.2743, 2.209], [-53.2742, 2.2099], [-53.2745, 2.2119], [-53.2744, 2.2131], [-53.2741, 2.2144], [-53.2743, 2.2164], [-53.2753, 2.2168], [-53.2766, 2.2167], [-53.2776, 2.217], [-53.279, 2.2181], [-53.278, 2.2193], [-53.2771, 2.2197], [-53.2762, 2.22], [-53.2751, 2.2208], [-53.2734, 2.2218], [-53.2721, 2.2221], [-53.271, 2.222], [-53.2685, 2.2215], [-53.2671, 2.2211], [-53.2662, 2.2207], [-53.2649, 2.2198], [-53.2639, 2.2194], [-53.263, 2.2197], [-53.2622, 2.221], [-53.2616, 2.2221], [-53.2605, 2.2235], [-53.2593, 2.2244], [-53.2583, 2.2257], [-53.2583, 2.2274], [-53.2579, 2.2282], [-53.2572, 2.2295], [-53.2567, 2.2304], [-53.2572, 2.2317], [-53.2579, 2.2332], [-53.2585, 2.2342], [-53.2578, 2.2357], [-53.2569, 2.2365], [-53.2581, 2.2365], [-53.259, 2.2372], [-53.259, 2.2384], [-53.2584, 2.2394], [-53.2581, 2.2409], [-53.258, 2.2418], [-53.2581, 2.2429], [-53.2583, 2.2442], [-53.2582, 2.2452], [-53.2586, 2.2462], [-53.2598, 2.2471], [-53.2599, 2.2487], [-53.2581, 2.2488], [-53.257, 2.2488], [-53.2559, 2.2488], [-53.2548, 2.2477], [-53.2545, 2.2465], [-53.2537, 2.2451], [-53.2525, 2.2425], [-53.2519, 2.2414], [-53.2504, 2.2424], [-53.2494, 2.2433], [-53.2481, 2.244], [-53.2472, 2.2447], [-53.2463, 2.2453], [-53.2441, 2.2472], [-53.2431, 2.2479], [-53.2416, 2.2484], [-53.2405, 2.2486], [-53.239, 2.2487], [-53.2379, 2.2497], [-53.2379, 2.2505], [-53.2382, 2.252], [-53.2371, 2.2521], [-53.2363, 2.253], [-53.2356, 2.254], [-53.2345, 2.2555], [-53.2326, 2.2565], [-53.2312, 2.2565], [-53.2303, 2.2559], [-53.2296, 2.2548], [-53.2281, 2.2547], [-53.2272, 2.2548], [-53.2269, 2.2562], [-53.2272, 2.2578], [-53.2275, 2.2589], [-53.2273, 2.2601], [-53.2271, 2.261], [-53.2267, 2.2622], [-53.2267, 2.2636], [-53.2276, 2.2643], [-53.2302, 2.2651], [-53.2302, 2.2676], [-53.2305, 2.2687], [-53.2318, 2.269], [-53.2329, 2.268], [-53.2334, 2.267], [-53.2347, 2.2673], [-53.2355, 2.2681], [-53.237, 2.2695], [-53.2379, 2.27], [-53.2392, 2.2693], [-53.24, 2.2689], [-53.2412, 2.2688], [-53.2428, 2.2696], [-53.244, 2.2694], [-53.2454, 2.2692], [-53.2469, 2.2695], [-53.2494, 2.2694], [-53.2527, 2.2696], [-53.2544, 2.2699], [-53.256, 2.2701], [-53.2569, 2.2704], [-53.2576, 2.2716], [-53.2583, 2.2726], [-53.2592, 2.273], [-53.26, 2.2743], [-53.2601, 2.2753], [-53.2601, 2.2762], [-53.2601, 2.2787], [-53.2601, 2.2822], [-53.2601, 2.2837], [-53.2602, 2.2853], [-53.2606, 2.2864], [-53.2615, 2.2865], [-53.2627, 2.2868], [-53.2637, 2.287], [-53.2653, 2.2875], [-53.2664, 2.2879], [-53.2672, 2.2884], [-53.268, 2.2897], [-53.2679, 2.2911], [-53.2689, 2.2912], [-53.2701, 2.2913], [-53.2716, 2.2918], [-53.273, 2.2928], [-53.274, 2.2938], [-53.2756, 2.2958], [-53.2767, 2.2972], [-53.278, 2.2983], [-53.2808, 2.3015], [-53.2796, 2.3025], [-53.2815, 2.305], [-53.2828, 2.3041], [-53.2844, 2.3039], [-53.286, 2.3041], [-53.2875, 2.3049], [-53.2885, 2.3056], [-53.2896, 2.3061], [-53.2916, 2.307], [-53.2928, 2.3063], [-53.2934, 2.3054], [-53.2951, 2.3053], [-53.2969, 2.3053], [-53.2965, 2.3065], [-53.2968, 2.3077], [-53.2979, 2.3076], [-53.3009, 2.3071], [-53.3021, 2.3106], [-53.3038, 2.3105], [-53.304, 2.3116], [-53.3054, 2.3127], [-53.3067, 2.3131], [-53.3076, 2.3146], [-53.3089, 2.3155], [-53.3099, 2.3181], [-53.31, 2.3191], [-53.3115, 2.3201], [-53.3124, 2.3208], [-53.3128, 2.322], [-53.3137, 2.3231], [-53.3153, 2.327], [-53.3128, 2.3282], [-53.3138, 2.3293], [-53.3142, 2.3306], [-53.3153, 2.332], [-53.3156, 2.3329], [-53.3157, 2.3353], [-53.316, 2.3367], [-53.3169, 2.3384], [-53.3171, 2.3397], [-53.3145, 2.3418], [-53.3124, 2.343], [-53.3101, 2.3437], [-53.3083, 2.344], [-53.3063, 2.3444], [-53.3051, 2.345], [-53.3041, 2.3459], [-53.3036, 2.3468], [-53.3031, 2.3481], [-53.3029, 2.3492], [-53.3027, 2.3501], [-53.3016, 2.3517], [-53.3005, 2.3523], [-53.2964, 2.3536], [-53.2953, 2.3539], [-53.2941, 2.3546], [-53.2911, 2.3591], [-53.2935, 2.3723], [-53.2897, 2.3833], [-53.2773, 2.3927], [-53.265, 2.402], [-53.258, 2.4187], [-53.253, 2.4338], [-53.24, 2.4389], [-53.2327, 2.442], [-53.2433, 2.4475], [-53.2562, 2.4479], [-53.2715, 2.4531], [-53.2806, 2.4643], [-53.2902, 2.4814], [-53.3, 2.4884], [-53.3189, 2.4929], [-53.3202, 2.5172], [-53.3277, 2.5238], [-53.333, 2.5294], [-53.328, 2.5392], [-53.3183, 2.5453], [-53.3108, 2.5487], [-53.3078, 2.5639], [-53.3084, 2.5841], [-53.3219, 2.5871], [-53.328, 2.5909], [-53.3386, 2.6068], [-53.3395, 2.6132], [-53.3303, 2.6222], [-53.3114, 2.626], [-53.3027, 2.6297], [-53.2979, 2.6399], [-53.3088, 2.6458], [-53.3133, 2.6518], [-53.3116, 2.6643], [-53.315, 2.6662], [-53.3103, 2.6716], [-53.3031, 2.6791], [-53.3028, 2.6925], [-53.3083, 2.7008], [-53.3061, 2.7242], [-53.2862, 2.7264], [-53.2757, 2.7278], [-53.2738, 2.736], [-53.2771, 2.7437], [-53.2859, 2.7529], [-53.2869, 2.7574], [-53.2688, 2.7802], [-53.2565, 2.7936], [-53.2504, 2.8054], [-53.2413, 2.8147], [-53.224, 2.8233], [-53.2145, 2.8299], [-53.2133, 2.8384], [-53.2195, 2.8509], [-53.2228, 2.8624], [-53.2217, 2.8729], [-53.2148, 2.8839], [-53.2054, 2.8934], [-53.2024, 2.9039], [-53.1961, 2.9115], [-53.1842, 2.9198], [-53.1809, 2.9271], [-53.1798, 2.9437], [-53.1755, 2.9549], [-53.1656, 2.9621], [-53.1409, 2.9721], [-53.1258, 2.9791], [-53.121, 2.9853], [-53.1189, 2.997], [-53.1157, 3.0034], [-53.1026, 3.0103], [-53.091, 3.0132], [-53.0847, 3.0094], [-53.0826, 3.0312], [-53.0876, 3.0412], [-53.0884, 3.0667], [-53.0875, 3.0776], [-53.0866, 3.0886], [-53.0857, 3.0995], [-53.0724, 3.1248], [-53.0562, 3.1493], [-53.0527, 3.1732], [-53.0584, 3.1946], [-53.0803, 3.2136]]]}}, {"type": "Feature", "properties": {"nom": "Grand-Santi", "code": "97357", "codeDepartement": "973", "siren": "219733573", "codeEpci": "249730037", "codeRegion": "03", "codesPostaux": ["97340"], "population": 9668}, "geometry": {"type": "Polygon", "coordinates": [[[-53.794, 4.2732], [-53.7939, 4.2717], [-53.7921, 4.271], [-53.791, 4.2705], [-53.7905, 4.2684], [-53.7895, 4.2666], [-53.7868, 4.2662], [-53.7862, 4.2624], [-53.7827, 4.2617], [-53.7825, 4.26], [-53.7803, 4.2587], [-53.7822, 4.257], [-53.7822, 4.2553], [-53.7825, 4.2536], [-53.7843, 4.2517], [-53.785, 4.2506], [-53.7856, 4.2497], [-53.7878, 4.2484], [-53.7897, 4.247], [-53.792, 4.2453], [-53.7931, 4.2453], [-53.7942, 4.2442], [-53.7959, 4.2434], [-53.797, 4.2425], [-53.7986, 4.2425], [-53.7997, 4.242], [-53.8009, 4.2411], [-53.802, 4.2409], [-53.8036, 4.2409], [-53.8072, 4.2406], [-53.8106, 4.24], [-53.8117, 4.2392], [-53.8125, 4.2403], [-53.8131, 4.2414], [-53.8156, 4.2434], [-53.8167, 4.2434], [-53.8189, 4.2436], [-53.82, 4.2439], [-53.8211, 4.2447], [-53.8231, 4.247], [-53.8256, 4.2475], [-53.8281, 4.2481], [-53.8292, 4.2484], [-53.8322, 4.2484], [-53.8336, 4.2497], [-53.842, 4.25], [-53.8445, 4.2481], [-53.8478, 4.2481], [-53.8489, 4.2481], [-53.8563, 4.2481], [-53.8635, 4.248], [-53.8653, 4.2476], [-53.8663, 4.2473], [-53.8678, 4.247], [-53.8689, 4.2461], [-53.8697, 4.2459], [-53.8717, 4.2459], [-53.8728, 4.2447], [-53.8759, 4.2447], [-53.8781, 4.2439], [-53.88, 4.2447], [-53.8809, 4.245], [-53.8853, 4.2447], [-53.8864, 4.2436], [-53.8889, 4.2417], [-53.89, 4.2409], [-53.8911, 4.2409], [-53.8922, 4.2397], [-53.8931, 4.2403], [-53.8942, 4.2392], [-53.8959, 4.2392], [-53.8967, 4.2384], [-53.8978, 4.2386], [-53.8986, 4.2392], [-53.9003, 4.2406], [-53.9003, 4.2417], [-53.9002, 4.2435], [-53.9014, 4.2439], [-53.9025, 4.2447], [-53.9034, 4.2453], [-53.9041, 4.2465], [-53.9048, 4.2477], [-53.9054, 4.2489], [-53.9063, 4.2495], [-53.9074, 4.2497], [-53.9086, 4.2502], [-53.9097, 4.2507], [-53.9106, 4.2511], [-53.9115, 4.2518], [-53.9124, 4.2517], [-53.9133, 4.2518], [-53.9142, 4.2507], [-53.9151, 4.2503], [-53.9162, 4.2501], [-53.9173, 4.2503], [-53.9163, 4.251], [-53.9154, 4.2508], [-53.9145, 4.2513], [-53.9153, 4.2518], [-53.9162, 4.2519], [-53.9172, 4.2531], [-53.9181, 4.2534], [-53.9187, 4.2543], [-53.9194, 4.2552], [-53.9204, 4.2561], [-53.9198, 4.257], [-53.921, 4.2578], [-53.9217, 4.2587], [-53.9222, 4.2597], [-53.9226, 4.2605], [-53.9239, 4.261], [-53.9248, 4.2612], [-53.9257, 4.2611], [-53.9264, 4.2622], [-53.9262, 4.2631], [-53.9268, 4.264], [-53.9272, 4.2655], [-53.9273, 4.2666], [-53.9284, 4.2673], [-53.9281, 4.2682], [-53.9292, 4.2687], [-53.9303, 4.2687], [-53.9312, 4.2683], [-53.9322, 4.2681], [-53.9331, 4.2685], [-53.934, 4.2691], [-53.934, 4.27], [-53.935, 4.2701], [-53.9354, 4.271], [-53.9361, 4.272], [-53.937, 4.2726], [-53.9382, 4.2731], [-53.9391, 4.2728], [-53.9395, 4.2719], [-53.9405, 4.2718], [-53.9414, 4.2718], [-53.9423, 4.2728], [-53.9433, 4.2727], [-53.9436, 4.2742], [-53.944, 4.2752], [-53.945, 4.2762], [-53.9457, 4.2753], [-53.9467, 4.2758], [-53.9465, 4.2767], [-53.9464, 4.2777], [-53.9473, 4.278], [-53.9484, 4.2772], [-53.9494, 4.278], [-53.9488, 4.279], [-53.9497, 4.2798], [-53.951, 4.2797], [-53.952, 4.2801], [-53.953, 4.2805], [-53.954, 4.2812], [-53.9554, 4.2814], [-53.9562, 4.2808], [-53.9572, 4.2799], [-53.9583, 4.2809], [-53.9587, 4.2819], [-53.9596, 4.2819], [-53.9606, 4.2822], [-53.9602, 4.283], [-53.9612, 4.2833], [-53.9624, 4.2835], [-53.9635, 4.2828], [-53.9632, 4.2838], [-53.9641, 4.2839], [-53.9641, 4.283], [-53.9651, 4.2831], [-53.9661, 4.2832], [-53.9664, 4.2823], [-53.9673, 4.2821], [-53.9683, 4.2817], [-53.9689, 4.2826], [-53.9696, 4.2835], [-53.9687, 4.2839], [-53.9687, 4.2849], [-53.9697, 4.2845], [-53.9706, 4.2849], [-53.9711, 4.284], [-53.9721, 4.2836], [-53.9723, 4.2826], [-53.9731, 4.283], [-53.9741, 4.2833], [-53.9754, 4.2832], [-53.9762, 4.2823], [-53.9762, 4.2832], [-53.9771, 4.2829], [-53.978, 4.2839], [-53.979, 4.2839], [-53.9799, 4.2833], [-53.981, 4.2832], [-53.9822, 4.284], [-53.9826, 4.2849], [-53.9832, 4.2859], [-53.984, 4.286], [-53.9846, 4.2868], [-53.9856, 4.2877], [-53.9864, 4.2876], [-53.9876, 4.2872], [-53.9886, 4.2875], [-53.9897, 4.2871], [-53.9906, 4.2866], [-53.9916, 4.2864], [-53.9924, 4.286], [-53.9933, 4.2857], [-53.9934, 4.2866], [-53.9944, 4.286], [-53.9953, 4.2855], [-53.9958, 4.2844], [-53.9968, 4.2842], [-53.9978, 4.2847], [-53.9987, 4.2841], [-53.9996, 4.2839], [-54.0002, 4.2849], [-53.9992, 4.285], [-54.0003, 4.2855], [-54.001, 4.2844], [-54.002, 4.2851], [-54.0029, 4.2851], [-54.0036, 4.2841], [-54.0045, 4.2841], [-54.0055, 4.2846], [-54.0063, 4.2846], [-54.0075, 4.2854], [-54.0081, 4.2845], [-54.009, 4.284], [-54.0093, 4.283], [-54.0101, 4.2822], [-54.011, 4.2819], [-54.0117, 4.2829], [-54.0125, 4.2829], [-54.0135, 4.2835], [-54.0145, 4.2834], [-54.0153, 4.2838], [-54.0162, 4.2837], [-54.017, 4.2834], [-54.0177, 4.2844], [-54.019, 4.285], [-54.0199, 4.2854], [-54.0202, 4.2844], [-54.0203, 4.2833], [-54.0215, 4.2844], [-54.0224, 4.2849], [-54.0233, 4.285], [-54.0243, 4.2849], [-54.0252, 4.285], [-54.026, 4.2857], [-54.0269, 4.2851], [-54.0277, 4.2859], [-54.0282, 4.2849], [-54.0278, 4.284], [-54.0285, 4.283], [-54.0279, 4.2821], [-54.0279, 4.2812], [-54.0289, 4.2809], [-54.0293, 4.2798], [-54.0298, 4.2787], [-54.0307, 4.2784], [-54.0318, 4.278], [-54.0328, 4.2777], [-54.034, 4.2773], [-54.0351, 4.2771], [-54.036, 4.2769], [-54.0371, 4.277], [-54.038, 4.2771], [-54.0388, 4.2768], [-54.0399, 4.2758], [-54.041, 4.2758], [-54.0418, 4.2749], [-54.0428, 4.2747], [-54.0437, 4.2746], [-54.0447, 4.2739], [-54.0462, 4.2732], [-54.0472, 4.2728], [-54.0482, 4.2724], [-54.0473, 4.272], [-54.0483, 4.2709], [-54.0494, 4.2709], [-54.0498, 4.27], [-54.05, 4.2688], [-54.0491, 4.2681], [-54.0486, 4.2669], [-54.0486, 4.266], [-54.0496, 4.2655], [-54.0496, 4.2642], [-54.0496, 4.2625], [-54.0498, 4.2615], [-54.0501, 4.2606], [-54.0498, 4.2596], [-54.0497, 4.2586], [-54.05, 4.2578], [-54.0507, 4.2567], [-54.051, 4.2558], [-54.052, 4.2563], [-54.0534, 4.256], [-54.0543, 4.2553], [-54.0552, 4.2556], [-54.0559, 4.2546], [-54.0556, 4.2534], [-54.0551, 4.2525], [-54.0546, 4.2515], [-54.0541, 4.2505], [-54.0554, 4.25], [-54.0565, 4.2498], [-54.0574, 4.2497], [-54.0582, 4.2506], [-54.0591, 4.2509], [-54.0592, 4.2497], [-54.06, 4.25], [-54.0602, 4.2489], [-54.0604, 4.2479], [-54.061, 4.2469], [-54.0619, 4.2469], [-54.0629, 4.2462], [-54.0632, 4.2453], [-54.0636, 4.2444], [-54.0642, 4.2433], [-54.0651, 4.242], [-54.0657, 4.2409], [-54.0657, 4.24], [-54.0664, 4.239], [-54.0674, 4.2392], [-54.0679, 4.2383], [-54.0688, 4.2375], [-54.0699, 4.2369], [-54.0709, 4.237], [-54.0718, 4.2362], [-54.0719, 4.2371], [-54.0728, 4.2374], [-54.073, 4.2384], [-54.0741, 4.2389], [-54.0751, 4.2385], [-54.0756, 4.2373], [-54.075, 4.2363], [-54.0759, 4.2359], [-54.0767, 4.236], [-54.0773, 4.237], [-54.0782, 4.2366], [-54.079, 4.2356], [-54.0799, 4.2351], [-54.0796, 4.234], [-54.0795, 4.2331], [-54.0796, 4.2321], [-54.0808, 4.2318], [-54.0811, 4.2308], [-54.0817, 4.2296], [-54.0821, 4.2287], [-54.0815, 4.2277], [-54.0825, 4.2285], [-54.0835, 4.2289], [-54.0845, 4.2281], [-54.0855, 4.228], [-54.0864, 4.2285], [-54.087, 4.2277], [-54.0879, 4.227], [-54.0887, 4.2279], [-54.0886, 4.2293], [-54.0888, 4.2303], [-54.0897, 4.2308], [-54.091, 4.2311], [-54.092, 4.2323], [-54.0927, 4.2337], [-54.0933, 4.2346], [-54.0942, 4.2353], [-54.0957, 4.2363], [-54.097, 4.237], [-54.0981, 4.2376], [-54.0992, 4.2379], [-54.0999, 4.237], [-54.0996, 4.2361], [-54.0998, 4.2353], [-54.1009, 4.2346], [-54.1019, 4.2343], [-54.1028, 4.2348], [-54.1037, 4.235], [-54.103, 4.2341], [-54.1034, 4.2331], [-54.104, 4.232], [-54.1049, 4.2313], [-54.1058, 4.2317], [-54.1063, 4.2327], [-54.1064, 4.2336], [-54.1073, 4.2333], [-54.1077, 4.2322], [-54.1073, 4.2311], [-54.1066, 4.2302], [-54.1063, 4.2293], [-54.1073, 4.2295], [-54.1084, 4.23], [-54.1095, 4.2295], [-54.1102, 4.2284], [-54.1085, 4.2277], [-54.1089, 4.2268], [-54.1098, 4.2271], [-54.1108, 4.2258], [-54.1116, 4.2257], [-54.1125, 4.2257], [-54.1128, 4.2247], [-54.1137, 4.2247], [-54.1136, 4.2256], [-54.1144, 4.2256], [-54.1153, 4.2249], [-54.1161, 4.2244], [-54.117, 4.2242], [-54.1179, 4.2252], [-54.1188, 4.2255], [-54.1182, 4.2243], [-54.1187, 4.2231], [-54.1192, 4.2222], [-54.1203, 4.222], [-54.1212, 4.2216], [-54.1212, 4.2207], [-54.1207, 4.2197], [-54.1216, 4.2188], [-54.1225, 4.2187], [-54.1231, 4.2196], [-54.1241, 4.2201], [-54.1252, 4.2201], [-54.1268, 4.2196], [-54.1279, 4.2204], [-54.129, 4.2209], [-54.1306, 4.2211], [-54.1321, 4.2213], [-54.1337, 4.2214], [-54.1347, 4.2216], [-54.1356, 4.2223], [-54.1364, 4.2228], [-54.1374, 4.2226], [-54.1383, 4.2228], [-54.1394, 4.223], [-54.1405, 4.2231], [-54.1411, 4.2239], [-54.1413, 4.2258], [-54.1415, 4.2269], [-54.1418, 4.2283], [-54.1426, 4.2297], [-54.1434, 4.2308], [-54.1443, 4.2317], [-54.1453, 4.2325], [-54.1463, 4.2328], [-54.1469, 4.2318], [-54.1473, 4.2308], [-54.1484, 4.2299], [-54.1494, 4.2297], [-54.1498, 4.2308], [-54.1496, 4.2318], [-54.1499, 4.2327], [-54.151, 4.2331], [-54.1519, 4.2333], [-54.153, 4.233], [-54.1541, 4.2329], [-54.1551, 4.2331], [-54.1559, 4.2331], [-54.1548, 4.2334], [-54.1553, 4.2346], [-54.1562, 4.2343], [-54.1577, 4.234], [-54.1587, 4.2352], [-54.1597, 4.2358], [-54.1607, 4.2368], [-54.1617, 4.2366], [-54.1625, 4.2377], [-54.1637, 4.2379], [-54.1646, 4.2376], [-54.1661, 4.2376], [-54.1672, 4.2376], [-54.1682, 4.2383], [-54.1685, 4.2392], [-54.1679, 4.2402], [-54.1676, 4.2411], [-54.1692, 4.2422], [-54.1704, 4.2427], [-54.1713, 4.2434], [-54.1718, 4.2443], [-54.1721, 4.2453], [-54.173, 4.2461], [-54.1739, 4.2467], [-54.1748, 4.2478], [-54.1756, 4.2469], [-54.1753, 4.246], [-54.1763, 4.2458], [-54.1771, 4.2458], [-54.178, 4.2462], [-54.1786, 4.2452], [-54.1794, 4.2438], [-54.1804, 4.244], [-54.1814, 4.2431], [-54.1818, 4.2443], [-54.1814, 4.2454], [-54.1811, 4.2466], [-54.1807, 4.2475], [-54.1819, 4.2475], [-54.1829, 4.2484], [-54.1835, 4.2493], [-54.1833, 4.2504], [-54.1836, 4.2516], [-54.1827, 4.2522], [-54.1833, 4.2534], [-54.1825, 4.2541], [-54.1829, 4.255], [-54.184, 4.256], [-54.1849, 4.257], [-54.1854, 4.258], [-54.1858, 4.2591], [-54.1858, 4.2602], [-54.1861, 4.2612], [-54.1871, 4.2619], [-54.1881, 4.2618], [-54.1896, 4.261], [-54.1906, 4.2601], [-54.1917, 4.2598], [-54.1932, 4.2606], [-54.1943, 4.2614], [-54.1955, 4.2617], [-54.1967, 4.2627], [-54.1976, 4.2623], [-54.1986, 4.2617], [-54.1994, 4.2627], [-54.1995, 4.2646], [-54.1995, 4.2666], [-54.1995, 4.2675], [-54.2001, 4.2685], [-54.2012, 4.2687], [-54.2013, 4.2677], [-54.2023, 4.2672], [-54.2032, 4.2676], [-54.2045, 4.2681], [-54.2056, 4.2689], [-54.2064, 4.2695], [-54.2071, 4.268], [-54.2075, 4.267], [-54.2087, 4.2671], [-54.2099, 4.267], [-54.2109, 4.267], [-54.2122, 4.2676], [-54.2131, 4.2682], [-54.2139, 4.2681], [-54.2143, 4.2669], [-54.2146, 4.2658], [-54.2159, 4.2651], [-54.2168, 4.2653], [-54.2177, 4.2648], [-54.2181, 4.2639], [-54.2191, 4.2632], [-54.2199, 4.2621], [-54.22, 4.2606], [-54.2209, 4.2607], [-54.222, 4.2609], [-54.2229, 4.2609], [-54.2238, 4.2612], [-54.2244, 4.2624], [-54.2244, 4.2636], [-54.2255, 4.2642], [-54.2263, 4.2633], [-54.2264, 4.2622], [-54.2261, 4.2612], [-54.2257, 4.2603], [-54.2269, 4.2605], [-54.2278, 4.2604], [-54.2287, 4.2596], [-54.2289, 4.2585], [-54.2289, 4.2576], [-54.2296, 4.2567], [-54.2294, 4.2558], [-54.2293, 4.2549], [-54.2293, 4.2539], [-54.2302, 4.2538], [-54.2313, 4.2542], [-54.2318, 4.2529], [-54.232, 4.252], [-54.2311, 4.2516], [-54.2299, 4.2514], [-54.2295, 4.2505], [-54.2302, 4.2495], [-54.2307, 4.2486], [-54.2319, 4.2478], [-54.2329, 4.2472], [-54.2335, 4.2463], [-54.2342, 4.2454], [-54.2339, 4.2444], [-54.235, 4.2439], [-54.2359, 4.2439], [-54.2362, 4.2428], [-54.2348, 4.2422], [-54.2336, 4.242], [-54.2324, 4.2414], [-54.2316, 4.2405], [-54.231, 4.2395], [-54.2305, 4.2386], [-54.2298, 4.2374], [-54.2297, 4.2365], [-54.2299, 4.2356], [-54.2302, 4.2346], [-54.2291, 4.2343], [-54.2282, 4.2352], [-54.2275, 4.2362], [-54.2266, 4.2365], [-54.2261, 4.2352], [-54.226, 4.234], [-54.226, 4.233], [-54.2261, 4.232], [-54.2261, 4.2297], [-54.2256, 4.2285], [-54.2249, 4.2275], [-54.2251, 4.2265], [-54.2263, 4.2267], [-54.2273, 4.2259], [-54.2271, 4.225], [-54.228, 4.224], [-54.2289, 4.2232], [-54.229, 4.2223], [-54.2278, 4.2216], [-54.2268, 4.2204], [-54.2273, 4.2192], [-54.2282, 4.2188], [-54.2281, 4.2179], [-54.2289, 4.2182], [-54.2292, 4.2174], [-54.2295, 4.2163], [-54.2306, 4.2164], [-54.2315, 4.2171], [-54.2325, 4.2165], [-54.2316, 4.2159], [-54.2306, 4.2156], [-54.2317, 4.2145], [-54.2317, 4.2135], [-54.2314, 4.2125], [-54.2301, 4.2123], [-54.2292, 4.2123], [-54.2284, 4.2113], [-54.2294, 4.2105], [-54.2302, 4.2102], [-54.2302, 4.2094], [-54.2298, 4.208], [-54.2288, 4.2074], [-54.2297, 4.2069], [-54.2301, 4.2079], [-54.231, 4.2076], [-54.2311, 4.2064], [-54.2311, 4.2056], [-54.2313, 4.2043], [-54.2322, 4.2037], [-54.2332, 4.2046], [-54.2333, 4.2034], [-54.2327, 4.2024], [-54.2318, 4.2015], [-54.2314, 4.2005], [-54.2303, 4.2007], [-54.2293, 4.2], [-54.2287, 4.199], [-54.2295, 4.198], [-54.2302, 4.1969], [-54.2315, 4.1975], [-54.2324, 4.1971], [-54.2331, 4.1962], [-54.2342, 4.1957], [-54.2345, 4.1949], [-54.2336, 4.195], [-54.2323, 4.1953], [-54.2316, 4.1943], [-54.2322, 4.1933], [-54.2332, 4.193], [-54.234, 4.1932], [-54.2347, 4.1941], [-54.235, 4.1932], [-54.235, 4.1923], [-54.2359, 4.1915], [-54.2347, 4.1905], [-54.2356, 4.1897], [-54.2365, 4.1904], [-54.2374, 4.1897], [-54.2371, 4.1886], [-54.2383, 4.1879], [-54.2392, 4.1877], [-54.2402, 4.187], [-54.239, 4.186], [-54.2388, 4.185], [-54.2398, 4.1848], [-54.2405, 4.1859], [-54.2414, 4.1866], [-54.2425, 4.1873], [-54.2422, 4.1864], [-54.2429, 4.1854], [-54.244, 4.1848], [-54.2449, 4.1847], [-54.2437, 4.1836], [-54.2432, 4.1827], [-54.2446, 4.1823], [-54.2455, 4.1827], [-54.2465, 4.1834], [-54.2476, 4.1843], [-54.2478, 4.1833], [-54.248, 4.1822], [-54.2488, 4.1823], [-54.25, 4.1826], [-54.2493, 4.1835], [-54.2505, 4.1843], [-54.2516, 4.1849], [-54.2518, 4.1835], [-54.2522, 4.1827], [-54.2523, 4.1818], [-54.2513, 4.1807], [-54.2505, 4.1794], [-54.25, 4.1785], [-54.2492, 4.1775], [-54.2482, 4.1768], [-54.2479, 4.1753], [-54.2478, 4.1744], [-54.2471, 4.1734], [-54.2464, 4.1723], [-54.2463, 4.1713], [-54.2462, 4.1703], [-54.2473, 4.1694], [-54.2484, 4.1682], [-54.2487, 4.1672], [-54.2488, 4.1662], [-54.2495, 4.1653], [-54.2517, 4.1628], [-54.2528, 4.162], [-54.2545, 4.162], [-54.2561, 4.1609], [-54.2559, 4.16], [-54.2561, 4.1589], [-54.2586, 4.1564], [-54.2597, 4.1561], [-54.2603, 4.1536], [-54.2611, 4.1522], [-54.2625, 4.1506], [-54.2636, 4.1495], [-54.2645, 4.1495], [-54.2653, 4.1484], [-54.2664, 4.147], [-54.2672, 4.1461], [-54.2684, 4.1461], [-54.2689, 4.1445], [-54.2703, 4.1439], [-54.2717, 4.1431], [-54.2722, 4.1414], [-54.2736, 4.1392], [-54.2796, 4.1279], [-54.2806, 4.127], [-54.2817, 4.1261], [-54.2828, 4.1259], [-54.285, 4.1272], [-54.2859, 4.1272], [-54.2867, 4.1281], [-54.2881, 4.1281], [-54.2889, 4.1295], [-54.2886, 4.1309], [-54.2895, 4.1317], [-54.2911, 4.1331], [-54.2914, 4.1345], [-54.2959, 4.135], [-54.2986, 4.1347], [-54.3006, 4.1359], [-54.3031, 4.1359], [-54.3042, 4.137], [-54.3061, 4.137], [-54.3072, 4.1359], [-54.3084, 4.135], [-54.3109, 4.135], [-54.3122, 4.1361], [-54.3147, 4.1364], [-54.3161, 4.1361], [-54.3158, 4.1349], [-54.3162, 4.134], [-54.3171, 4.134], [-54.3181, 4.1349], [-54.319, 4.1347], [-54.3201, 4.1341], [-54.3209, 4.1343], [-54.3225, 4.135], [-54.3228, 4.1359], [-54.3228, 4.1368], [-54.3233, 4.1384], [-54.323, 4.1416], [-54.3232, 4.1462], [-54.3238, 4.1483], [-54.325, 4.1491], [-54.3264, 4.1495], [-54.3284, 4.149], [-54.3296, 4.1491], [-54.3305, 4.1496], [-54.332, 4.1506], [-54.3329, 4.1514], [-54.334, 4.1524], [-54.335, 4.1532], [-54.3368, 4.1539], [-54.3408, 4.1555], [-54.3417, 4.1564], [-54.3424, 4.1573], [-54.3432, 4.1587], [-54.3442, 4.1599], [-54.3454, 4.1615], [-54.3463, 4.1624], [-54.3473, 4.1635], [-54.3475, 4.1645], [-54.3482, 4.1654], [-54.3485, 4.1663], [-54.3491, 4.1673], [-54.349, 4.1684], [-54.3501, 4.1689], [-54.351, 4.1694], [-54.3519, 4.1693], [-54.353, 4.1695], [-54.3541, 4.1688], [-54.3551, 4.1688], [-54.3561, 4.1691], [-54.3568, 4.1702], [-54.3575, 4.1714], [-54.3584, 4.1721], [-54.3593, 4.1716], [-54.3603, 4.1714], [-54.3612, 4.171], [-54.3621, 4.1717], [-54.363, 4.1725], [-54.3638, 4.1736], [-54.3642, 4.1745], [-54.3651, 4.1751], [-54.3659, 4.176], [-54.367, 4.1766], [-54.3683, 4.1771], [-54.3713, 4.1775], [-54.3749, 4.1774], [-54.3773, 4.177], [-54.3794, 4.1769], [-54.3815, 4.177], [-54.3835, 4.1774], [-54.3854, 4.178], [-54.3867, 4.1791], [-54.3879, 4.1806], [-54.3885, 4.1837], [-54.3886, 4.1856], [-54.3905, 4.1888], [-54.3913, 4.1902], [-54.3917, 4.1915], [-54.3925, 4.1929], [-54.3933, 4.1943], [-54.3938, 4.1955], [-54.394, 4.1966], [-54.3946, 4.1981], [-54.3948, 4.1992], [-54.395, 4.2001], [-54.3955, 4.2014], [-54.3961, 4.2027], [-54.3961, 4.2037], [-54.3967, 4.2056], [-54.3963, 4.2069], [-54.396, 4.2078], [-54.3959, 4.2089], [-54.3951, 4.2106], [-54.3943, 4.2116], [-54.3939, 4.2127], [-54.3939, 4.2138], [-54.3936, 4.2149], [-54.3931, 4.2158], [-54.3926, 4.2175], [-54.3924, 4.2186], [-54.3929, 4.2202], [-54.3935, 4.2211], [-54.3935, 4.2226], [-54.3934, 4.224], [-54.3928, 4.2256], [-54.3924, 4.2272], [-54.3914, 4.2286], [-54.3906, 4.23], [-54.3903, 4.2311], [-54.3902, 4.2328], [-54.3902, 4.234], [-54.3904, 4.2355], [-54.3899, 4.2372], [-54.3897, 4.2388], [-54.3895, 4.2399], [-54.3892, 4.2415], [-54.3891, 4.2429], [-54.389, 4.2438], [-54.3887, 4.2449], [-54.3887, 4.246], [-54.3883, 4.2475], [-54.3879, 4.2488], [-54.3868, 4.2507], [-54.3863, 4.2519], [-54.386, 4.253], [-54.3856, 4.2544], [-54.3847, 4.2564], [-54.3839, 4.2585], [-54.3829, 4.2609], [-54.3824, 4.2625], [-54.3824, 4.2638], [-54.3825, 4.2654], [-54.3825, 4.2674], [-54.3826, 4.2692], [-54.3828, 4.2704], [-54.3835, 4.2721], [-54.3842, 4.273], [-54.3852, 4.2737], [-54.3866, 4.2749], [-54.3876, 4.2763], [-54.3893, 4.2785], [-54.3907, 4.2807], [-54.3917, 4.2833], [-54.3919, 4.2854], [-54.3927, 4.2883], [-54.3927, 4.2949], [-54.3935, 4.301], [-54.3945, 4.305], [-54.3943, 4.3074], [-54.393, 4.3123], [-54.3925, 4.3159], [-54.3919, 4.3186], [-54.3916, 4.3206], [-54.3917, 4.3224], [-54.3912, 4.3246], [-54.3902, 4.3255], [-54.3892, 4.3269], [-54.3888, 4.3284], [-54.3889, 4.3296], [-54.3897, 4.3308], [-54.3908, 4.3321], [-54.3912, 4.3332], [-54.3894, 4.341], [-54.3882, 4.343], [-54.3867, 4.3464], [-54.3857, 4.3496], [-54.3856, 4.3513], [-54.3865, 4.3531], [-54.3911, 4.3602], [-54.3949, 4.3648], [-54.397, 4.3667], [-54.3998, 4.3687], [-54.406, 4.3697], [-54.4079, 4.3701], [-54.4087, 4.37], [-54.4104, 4.3685], [-54.4117, 4.3683], [-54.4132, 4.3692], [-54.4142, 4.3692], [-54.4153, 4.368], [-54.4162, 4.3675], [-54.4173, 4.367], [-54.4182, 4.3673], [-54.4195, 4.3682], [-54.4208, 4.369], [-54.4219, 4.3698], [-54.4227, 4.3709], [-54.424, 4.371], [-54.4249, 4.3709], [-54.4253, 4.3718], [-54.4265, 4.3724], [-54.4272, 4.3733], [-54.4271, 4.3744], [-54.4273, 4.3753], [-54.4268, 4.3769], [-54.4259, 4.378], [-54.4251, 4.3792], [-54.4252, 4.3804], [-54.4247, 4.382], [-54.4249, 4.383], [-54.4241, 4.3842], [-54.4244, 4.3851], [-54.4241, 4.3865], [-54.4244, 4.3875], [-54.4244, 4.3884], [-54.4251, 4.3905], [-54.4272, 4.3931], [-54.4281, 4.3944], [-54.4281, 4.3954], [-54.4287, 4.3978], [-54.4289, 4.4016], [-54.429, 4.4039], [-54.4285, 4.4059], [-54.4279, 4.4071], [-54.4265, 4.4092], [-54.4262, 4.4107], [-54.4262, 4.4117], [-54.4267, 4.4126], [-54.4274, 4.4136], [-54.4297, 4.4151], [-54.4326, 4.4171], [-54.4334, 4.418], [-54.4336, 4.4191], [-54.4336, 4.4209], [-54.4334, 4.422], [-54.434, 4.4238], [-54.4344, 4.4248], [-54.4349, 4.4257], [-54.4369, 4.4262], [-54.4379, 4.4266], [-54.4393, 4.4281], [-54.4399, 4.4297], [-54.4397, 4.431], [-54.4403, 4.4326], [-54.4412, 4.4341], [-54.4417, 4.4362], [-54.4418, 4.4375], [-54.4402, 4.44], [-54.4395, 4.4416], [-54.4396, 4.4434], [-54.4391, 4.4446], [-54.4364, 4.4466], [-54.4348, 4.4488], [-54.4345, 4.4517], [-54.4338, 4.4553], [-54.4317, 4.4638], [-54.4316, 4.4663], [-54.4328, 4.4692], [-54.4338, 4.4721], [-54.4348, 4.4733], [-54.4363, 4.4745], [-54.4374, 4.4749], [-54.4403, 4.4761], [-54.4413, 4.4768], [-54.442, 4.4779], [-54.4421, 4.4793], [-54.4418, 4.4811], [-54.4411, 4.4831], [-54.4408, 4.484], [-54.4412, 4.4864], [-54.4416, 4.4889], [-54.4414, 4.4905], [-54.4408, 4.4918], [-54.4401, 4.4931], [-54.4395, 4.4947], [-54.4395, 4.4969], [-54.4398, 4.4983], [-54.4406, 4.4997], [-54.4443, 4.5072], [-54.4475, 4.5154], [-54.4482, 4.5192], [-54.4488, 4.5224], [-54.4494, 4.5256], [-54.4488, 4.5283], [-54.4477, 4.5296], [-54.4443, 4.5319], [-54.4425, 4.5341], [-54.4404, 4.5374], [-54.4394, 4.5415], [-54.4387, 4.5427], [-54.4372, 4.5433], [-54.4357, 4.5438], [-54.4334, 4.5428], [-54.432, 4.5425], [-54.4312, 4.5428], [-54.4299, 4.5431], [-54.429, 4.5439], [-54.4282, 4.5434], [-54.4269, 4.5433], [-54.4251, 4.5446], [-54.4217, 4.5462], [-54.4204, 4.547], [-54.4201, 4.548], [-54.4206, 4.5489], [-54.42, 4.5499], [-54.4199, 4.5508], [-54.419, 4.5516], [-54.4183, 4.5525], [-54.4184, 4.5542], [-54.4179, 4.5553], [-54.4184, 4.5578], [-54.4198, 4.5598], [-54.42, 4.5609], [-54.4196, 4.5618], [-54.4183, 4.5622], [-54.4174, 4.5621], [-54.4157, 4.5638], [-54.4154, 4.5649], [-54.4142, 4.5665], [-54.413, 4.5679], [-54.4123, 4.5702], [-54.4116, 4.5725], [-54.4115, 4.5734], [-54.411, 4.5746], [-54.4108, 4.5769], [-54.415, 4.5797], [-54.4157, 4.5811], [-54.4153, 4.5839], [-54.4162, 4.5849], [-54.4166, 4.5859], [-54.4166, 4.5891], [-54.4166, 4.5945], [-54.4164, 4.5974], [-54.416, 4.6004], [-54.4152, 4.6058], [-54.4145, 4.6078], [-54.4139, 4.6093], [-54.4141, 4.6102], [-54.4166, 4.6129], [-54.4134, 4.614], [-54.4118, 4.6136], [-54.4103, 4.6134], [-54.4082, 4.6136], [-54.4076, 4.6125], [-54.4067, 4.6122], [-54.4055, 4.6122], [-54.4039, 4.6124], [-54.403, 4.612], [-54.4025, 4.6109], [-54.4026, 4.6098], [-54.4016, 4.61], [-54.4012, 4.6126], [-54.4008, 4.614], [-54.4005, 4.6152], [-54.3994, 4.6177], [-54.3972, 4.619], [-54.3958, 4.6195], [-54.3948, 4.6195], [-54.3932, 4.6201], [-54.3919, 4.6206], [-54.3911, 4.6214], [-54.3899, 4.622], [-54.3876, 4.622], [-54.3853, 4.6217], [-54.3836, 4.6211], [-54.3823, 4.6205], [-54.3809, 4.6208], [-54.3798, 4.6214], [-54.3783, 4.621], [-54.377, 4.6204], [-54.376, 4.6206], [-54.3749, 4.6209], [-54.3744, 4.6219], [-54.3736, 4.621], [-54.3725, 4.6204], [-54.3713, 4.6203], [-54.3704, 4.6197], [-54.3692, 4.6199], [-54.368, 4.6203], [-54.3664, 4.6211], [-54.3651, 4.6215], [-54.3636, 4.6219], [-54.3623, 4.6221], [-54.3611, 4.622], [-54.3601, 4.6228], [-54.3593, 4.6228], [-54.3584, 4.6226], [-54.3575, 4.6227], [-54.3567, 4.6226], [-54.3556, 4.6223], [-54.3548, 4.6222], [-54.3537, 4.6219], [-54.3529, 4.6218], [-54.3518, 4.6219], [-54.3508, 4.6226], [-54.3508, 4.6235], [-54.3495, 4.6234], [-54.3485, 4.6228], [-54.3476, 4.6239], [-54.3462, 4.6238], [-54.3459, 4.6247], [-54.3448, 4.6248], [-54.3438, 4.6244], [-54.3425, 4.624], [-54.3421, 4.625], [-54.3411, 4.6251], [-54.3406, 4.6242], [-54.3415, 4.6233], [-54.3421, 4.6222], [-54.3413, 4.6222], [-54.3402, 4.622], [-54.3406, 4.6211], [-54.3397, 4.6202], [-54.3387, 4.62], [-54.3377, 4.6196], [-54.3368, 4.6199], [-54.3358, 4.62], [-54.3349, 4.6202], [-54.3339, 4.6194], [-54.3339, 4.6183], [-54.3338, 4.6173], [-54.3329, 4.6178], [-54.3328, 4.6169], [-54.3328, 4.6159], [-54.3316, 4.616], [-54.3307, 4.6164], [-54.3279, 4.6164], [-54.3266, 4.6163], [-54.3256, 4.6159], [-54.3246, 4.6155], [-54.3237, 4.615], [-54.3229, 4.6141], [-54.3222, 4.6125], [-54.3216, 4.6114], [-54.3213, 4.6103], [-54.3203, 4.6093], [-54.32, 4.6084], [-54.3189, 4.6086], [-54.3187, 4.6076], [-54.3182, 4.6065], [-54.3174, 4.6054], [-54.317, 4.6046], [-54.3168, 4.6036], [-54.3169, 4.6025], [-54.316, 4.6014], [-54.3157, 4.6005], [-54.3155, 4.5995], [-54.3165, 4.5997], [-54.3175, 4.5997], [-54.318, 4.5987], [-54.3176, 4.5978], [-54.3167, 4.5973], [-54.317, 4.5963], [-54.3173, 4.5953], [-54.3165, 4.5954], [-54.3169, 4.5943], [-54.316, 4.5942], [-54.3152, 4.5944], [-54.3142, 4.5948], [-54.3133, 4.5949], [-54.3132, 4.5938], [-54.3131, 4.5924], [-54.3127, 4.5914], [-54.3123, 4.5903], [-54.3119, 4.5893], [-54.3117, 4.5884], [-54.3106, 4.5877], [-54.3097, 4.5877], [-54.3086, 4.5861], [-54.3075, 4.5858], [-54.3064, 4.585], [-54.3066, 4.5861], [-54.3061, 4.5871], [-54.3059, 4.5863], [-54.305, 4.5857], [-54.3051, 4.5845], [-54.3043, 4.5846], [-54.3038, 4.5836], [-54.3026, 4.5828], [-54.3011, 4.5833], [-54.3, 4.5841], [-54.299, 4.5849], [-54.2988, 4.5839], [-54.2979, 4.5839], [-54.297, 4.5842], [-54.2961, 4.5841], [-54.2958, 4.5831], [-54.2956, 4.5822], [-54.2947, 4.5821], [-54.2942, 4.5811], [-54.2929, 4.5804], [-54.2921, 4.5803], [-54.291, 4.5812], [-54.2898, 4.5814], [-54.2883, 4.5812], [-54.2884, 4.5803], [-54.2886, 4.5793], [-54.2876, 4.5794], [-54.2866, 4.5789], [-54.2855, 4.5785], [-54.2845, 4.5782], [-54.2834, 4.5777], [-54.2822, 4.5762], [-54.2809, 4.5752], [-54.281, 4.5743], [-54.2799, 4.5745], [-54.2788, 4.5739], [-54.2779, 4.5742], [-54.277, 4.5743], [-54.2761, 4.575], [-54.2752, 4.5748], [-54.2739, 4.5755], [-54.2724, 4.5757], [-54.2712, 4.5759], [-54.2702, 4.576], [-54.2693, 4.5765], [-54.2684, 4.5769], [-54.2677, 4.5779], [-54.2667, 4.5787], [-54.266, 4.5796], [-54.2651, 4.5798], [-54.2639, 4.5804], [-54.2629, 4.5804], [-54.2638, 4.5798], [-54.2627, 4.5798], [-54.2615, 4.5805], [-54.2605, 4.5804], [-54.2594, 4.5799], [-54.2588, 4.581], [-54.2576, 4.5812], [-54.2567, 4.582], [-54.2558, 4.5819], [-54.2549, 4.5811], [-54.2539, 4.5811], [-54.2529, 4.5808], [-54.252, 4.5803], [-54.2516, 4.5792], [-54.2514, 4.5782], [-54.2505, 4.5779], [-54.2497, 4.5777], [-54.2486, 4.5775], [-54.2477, 4.5772], [-54.2468, 4.5769], [-54.2474, 4.5759], [-54.247, 4.5749], [-54.2467, 4.574], [-54.2469, 4.5729], [-54.2462, 4.5719], [-54.2453, 4.5714], [-54.2451, 4.5704], [-54.245, 4.5693], [-54.2442, 4.5684], [-54.2437, 4.5675], [-54.2428, 4.567], [-54.2433, 4.566], [-54.2428, 4.565], [-54.2419, 4.5651], [-54.241, 4.5647], [-54.2406, 4.5638], [-54.2403, 4.5628], [-54.2392, 4.5633], [-54.2383, 4.5634], [-54.2374, 4.5626], [-54.2371, 4.5616], [-54.2358, 4.5614], [-54.2347, 4.5608], [-54.2335, 4.5606], [-54.2324, 4.5603], [-54.2314, 4.5611], [-54.2304, 4.561], [-54.2296, 4.5617], [-54.2286, 4.5614], [-54.2277, 4.5613], [-54.2267, 4.5613], [-54.2258, 4.5615], [-54.2247, 4.561], [-54.2238, 4.5609], [-54.2227, 4.5608], [-54.2219, 4.5605], [-54.2209, 4.5604], [-54.2196, 4.5606], [-54.2191, 4.5596], [-54.2181, 4.5596], [-54.2179, 4.5586], [-54.217, 4.5595], [-54.216, 4.5597], [-54.2151, 4.5597], [-54.215, 4.5588], [-54.2142, 4.5591], [-54.2133, 4.5584], [-54.2137, 4.5596], [-54.2128, 4.5592], [-54.2118, 4.5585], [-54.2107, 4.5582], [-54.2098, 4.5578], [-54.2087, 4.5573], [-54.2075, 4.5566], [-54.2065, 4.5562], [-54.2054, 4.5558], [-54.2044, 4.5556], [-54.2034, 4.555], [-54.2025, 4.5542], [-54.2014, 4.5543], [-54.2015, 4.5551], [-54.2007, 4.5555], [-54.1995, 4.5554], [-54.1984, 4.5548], [-54.1975, 4.5547], [-54.1974, 4.5532], [-54.197, 4.5524], [-54.1961, 4.5527], [-54.1955, 4.5517], [-54.1954, 4.5508], [-54.1953, 4.5496], [-54.1945, 4.5484], [-54.1935, 4.5481], [-54.193, 4.5468], [-54.1918, 4.5462], [-54.1907, 4.5464], [-54.1899, 4.5473], [-54.1888, 4.5475], [-54.1877, 4.5478], [-54.1871, 4.5487], [-54.186, 4.5491], [-54.1849, 4.5481], [-54.1853, 4.5471], [-54.1842, 4.5468], [-54.1833, 4.5471], [-54.1825, 4.5471], [-54.1812, 4.5474], [-54.1803, 4.5471], [-54.1792, 4.5479], [-54.1783, 4.5481], [-54.1774, 4.548], [-54.1778, 4.5471], [-54.1766, 4.5469], [-54.1757, 4.5471], [-54.1749, 4.5463], [-54.1745, 4.5454], [-54.1742, 4.5445], [-54.1738, 4.5431], [-54.1732, 4.5422], [-54.172, 4.5415], [-54.1711, 4.5411], [-54.1701, 4.5409], [-54.1692, 4.5414], [-54.1687, 4.5405], [-54.1681, 4.5395], [-54.1673, 4.54], [-54.1663, 4.5395], [-54.165, 4.5389], [-54.1644, 4.5398], [-54.1632, 4.5396], [-54.1623, 4.5401], [-54.1615, 4.5405], [-54.1603, 4.5404], [-54.1592, 4.5399], [-54.1582, 4.5399], [-54.1579, 4.5408], [-54.1578, 4.5399], [-54.1569, 4.5399], [-54.156, 4.5397], [-54.1562, 4.5386], [-54.1553, 4.5393], [-54.1543, 4.5398], [-54.1534, 4.5394], [-54.1523, 4.5394], [-54.1513, 4.5401], [-54.1511, 4.5411], [-54.1501, 4.5414], [-54.1491, 4.5418], [-54.1482, 4.5419], [-54.1474, 4.5418], [-54.1464, 4.5418], [-54.1469, 4.5427], [-54.1471, 4.5437], [-54.1471, 4.5447], [-54.1474, 4.5458], [-54.1463, 4.5451], [-54.1454, 4.545], [-54.1449, 4.544], [-54.1435, 4.5448], [-54.1426, 4.5446], [-54.1417, 4.5445], [-54.1407, 4.5443], [-54.1398, 4.5442], [-54.1385, 4.5434], [-54.1386, 4.5424], [-54.1378, 4.5414], [-54.1382, 4.5404], [-54.1378, 4.5394], [-54.1374, 4.5382], [-54.1363, 4.5373], [-54.1354, 4.5366], [-54.1345, 4.5367], [-54.1335, 4.537], [-54.1325, 4.5373], [-54.1316, 4.5379], [-54.1305, 4.5383], [-54.1296, 4.5386], [-54.1291, 4.5395], [-54.1287, 4.5386], [-54.1278, 4.5379], [-54.1268, 4.5382], [-54.126, 4.5381], [-54.1249, 4.5376], [-54.124, 4.5385], [-54.1228, 4.5394], [-54.1219, 4.5397], [-54.1208, 4.5394], [-54.1199, 4.5401], [-54.1193, 4.5412], [-54.1195, 4.5428], [-54.1197, 4.5437], [-54.1188, 4.5437], [-54.1178, 4.5434], [-54.1174, 4.5446], [-54.1163, 4.5456], [-54.1155, 4.5457], [-54.1143, 4.5457], [-54.1125, 4.5456], [-54.1117, 4.5447], [-54.1102, 4.5447], [-54.1092, 4.5446], [-54.1082, 4.5451], [-54.1071, 4.5451], [-54.1059, 4.5455], [-54.1052, 4.5468], [-54.1039, 4.5465], [-54.1039, 4.5456], [-54.1031, 4.5451], [-54.103, 4.5441], [-54.1018, 4.544], [-54.1008, 4.5443], [-54.0998, 4.5445], [-54.099, 4.5454], [-54.0979, 4.5463], [-54.0971, 4.5458], [-54.0961, 4.5462], [-54.0952, 4.5451], [-54.0941, 4.5443], [-54.0925, 4.545], [-54.0914, 4.5456], [-54.0886, 4.5478], [-54.0856, 4.5478], [-54.0847, 4.5472], [-54.0836, 4.5484], [-54.0831, 4.55], [-54.0806, 4.5525], [-54.077, 4.5525], [-54.0759, 4.5536], [-54.0684, 4.5536], [-54.0675, 4.5542], [-54.0634, 4.5547], [-54.0622, 4.5559], [-54.0537, 4.5561], [-54.0517, 4.5564], [-54.0506, 4.557], [-54.0486, 4.5572], [-54.0467, 4.5575], [-54.045, 4.5581], [-54.0442, 4.5586], [-54.0434, 4.5595], [-54.0403, 4.5595], [-54.035, 4.5592], [-54.0336, 4.56], [-54.0286, 4.5609], [-54.027, 4.5625], [-54.0184, 4.5625], [-54.0172, 4.5634], [-54.0164, 4.5642], [-54.0142, 4.5656], [-54.012, 4.5656], [-54.0109, 4.5659], [-54.0089, 4.5672], [-54.0067, 4.5686], [-54.0067, 4.5695], [-54.0059, 4.5703], [-54.0053, 4.5711], [-54.0034, 4.5731], [-54.0034, 4.5745], [-54.0017, 4.5761], [-54.0006, 4.5772], [-53.9997, 4.5781], [-53.9984, 4.5792], [-53.9959, 4.5817], [-53.9939, 4.5817], [-53.992, 4.5831], [-53.9911, 4.5836], [-53.99, 4.5839], [-53.9881, 4.5839], [-53.9847, 4.5842], [-53.9836, 4.585], [-53.9828, 4.5853], [-53.9811, 4.5867], [-53.9784, 4.5892], [-53.9775, 4.59], [-53.9772, 4.5917], [-53.9767, 4.5949], [-53.9765, 4.5963], [-53.9778, 4.598], [-53.9775, 4.6005], [-53.9749, 4.5964], [-53.9726, 4.5964], [-53.9695, 4.5953], [-53.9706, 4.593], [-53.9684, 4.5912], [-53.9672, 4.5865], [-53.9641, 4.584], [-53.9665, 4.5828], [-53.9668, 4.5799], [-53.9689, 4.5774], [-53.9718, 4.5771], [-53.9732, 4.5734], [-53.9748, 4.5712], [-53.9751, 4.5667], [-53.9761, 4.5641], [-53.9754, 4.5564], [-53.9777, 4.5536], [-53.9759, 4.5522], [-53.976, 4.5503], [-53.9791, 4.5469], [-53.982, 4.5423], [-53.9851, 4.5369], [-53.9835, 4.5353], [-53.9846, 4.5331], [-53.9825, 4.5245], [-53.9837, 4.5224], [-53.9798, 4.5197], [-53.9825, 4.5171], [-53.9819, 4.514], [-53.9827, 4.5106], [-53.9811, 4.5086], [-53.9841, 4.5044], [-53.9816, 4.5018], [-53.9755, 4.4965], [-53.9736, 4.4919], [-53.9749, 4.489], [-53.9732, 4.4881], [-53.9746, 4.4842], [-53.9734, 4.4834], [-53.9728, 4.478], [-53.9702, 4.4762], [-53.97, 4.4731], [-53.9695, 4.4709], [-53.9671, 4.4706], [-53.9677, 4.4673], [-53.9707, 4.4666], [-53.9733, 4.4644], [-53.9747, 4.4611], [-53.9729, 4.4571], [-53.9746, 4.4548], [-53.9742, 4.4506], [-53.9763, 4.4463], [-53.9744, 4.4443], [-53.9765, 4.4418], [-53.9767, 4.4348], [-53.9724, 4.4356], [-53.9701, 4.4307], [-53.9638, 4.4301], [-53.959, 4.4242], [-53.9524, 4.4276], [-53.9465, 4.428], [-53.9445, 4.4299], [-53.9463, 4.437], [-53.9375, 4.4412], [-53.9361, 4.437], [-53.9302, 4.4365], [-53.93, 4.4285], [-53.9268, 4.4294], [-53.9251, 4.4238], [-53.922, 4.4234], [-53.9222, 4.4188], [-53.9177, 4.4143], [-53.9166, 4.4079], [-53.914, 4.4046], [-53.9145, 4.4023], [-53.9182, 4.4017], [-53.9197, 4.395], [-53.9169, 4.3934], [-53.916, 4.3896], [-53.9056, 4.3868], [-53.9023, 4.3787], [-53.9036, 4.3756], [-53.9054, 4.3745], [-53.9066, 4.3713], [-53.9089, 4.3717], [-53.9068, 4.3686], [-53.9059, 4.3644], [-53.9066, 4.3626], [-53.9063, 4.3583], [-53.9003, 4.3573], [-53.8997, 4.3542], [-53.9022, 4.35], [-53.8986, 4.3477], [-53.901, 4.3466], [-53.9001, 4.3448], [-53.8999, 4.3414], [-53.8977, 4.3408], [-53.8996, 4.3366], [-53.8968, 4.3367], [-53.8943, 4.3347], [-53.8943, 4.3326], [-53.8922, 4.3304], [-53.8899, 4.3297], [-53.8886, 4.3269], [-53.8859, 4.3278], [-53.8834, 4.3254], [-53.8793, 4.3262], [-53.8798, 4.3217], [-53.8786, 4.3197], [-53.8762, 4.317], [-53.8722, 4.316], [-53.8675, 4.3136], [-53.8647, 4.311], [-53.8657, 4.3089], [-53.8647, 4.3062], [-53.8669, 4.3028], [-53.8665, 4.3011], [-53.8644, 4.2998], [-53.8645, 4.2968], [-53.8628, 4.2947], [-53.8593, 4.2951], [-53.858, 4.2898], [-53.8563, 4.2889], [-53.8493, 4.2915], [-53.8449, 4.2886], [-53.842, 4.2905], [-53.8394, 4.2881], [-53.8375, 4.2892], [-53.8343, 4.2855], [-53.8305, 4.2836], [-53.8287, 4.2842], [-53.8294, 4.2866], [-53.8278, 4.2874], [-53.8264, 4.2892], [-53.8236, 4.2897], [-53.8218, 4.2872], [-53.8228, 4.2852], [-53.8221, 4.2842], [-53.8177, 4.2854], [-53.8169, 4.2841], [-53.8173, 4.2816], [-53.8157, 4.2797], [-53.8097, 4.279], [-53.8091, 4.283], [-53.806, 4.2829], [-53.8037, 4.281], [-53.8024, 4.2817], [-53.8013, 4.2786], [-53.7995, 4.2756], [-53.7997, 4.2742], [-53.8025, 4.2738], [-53.8026, 4.2722], [-53.8007, 4.2715], [-53.7993, 4.2719], [-53.7981, 4.2734], [-53.7965, 4.2745], [-53.794, 4.2732]]]}}, {"type": "Feature", "properties": {"nom": "Saint-\u00c9lie", "code": "97358", "codeDepartement": "973", "siren": "219733581", "codeEpci": "200027548", "codeRegion": "03", "codesPostaux": ["97312"], "population": 159}, "geometry": {"type": "Polygon", "coordinates": [[[-53.1549, 3.9045], [-53.1642, 3.9129], [-53.172, 3.9298], [-53.1784, 3.9529], [-53.1859, 3.9747], [-53.1961, 3.9915], [-53.199, 3.9997], [-53.1972, 4.0084], [-53.2041, 4.0164], [-53.2074, 4.0223], [-53.2088, 4.0347], [-53.2178, 4.0372], [-53.2276, 4.0436], [-53.2353, 4.0541], [-53.2397, 4.0671], [-53.2416, 4.0822], [-53.2408, 4.0951], [-53.2331, 4.1065], [-53.2204, 4.1129], [-53.2134, 4.1198], [-53.2092, 4.1397], [-53.2083, 4.1441], [-53.2213, 4.1576], [-53.2272, 4.1841], [-53.2361, 4.1937], [-53.2492, 4.1947], [-53.2522, 4.2111], [-53.2503, 4.2208], [-53.2542, 4.2312], [-53.2808, 4.2402], [-53.2829, 4.246], [-53.2869, 4.2528], [-53.2927, 4.2542], [-53.3018, 4.2504], [-53.3176, 4.2539], [-53.3081, 4.2597], [-53.3103, 4.2694], [-53.317, 4.2772], [-53.3184, 4.2861], [-53.313, 4.2893], [-53.3052, 4.2943], [-53.3032, 4.304], [-53.3074, 4.3106], [-53.3118, 4.3171], [-53.3201, 4.3277], [-53.3346, 4.3261], [-53.3438, 4.332], [-53.3437, 4.3452], [-53.3514, 4.3606], [-53.3468, 4.3705], [-53.3435, 4.3846], [-53.3466, 4.3981], [-53.3435, 4.4196], [-53.3406, 4.4414], [-53.3297, 4.4415], [-53.313, 4.4712], [-53.3157, 4.4772], [-53.3163, 4.4856], [-53.3143, 4.4997], [-53.3125, 4.5011], [-53.3124, 4.5025], [-53.3127, 4.5037], [-53.3121, 4.5049], [-53.3114, 4.506], [-53.3108, 4.5071], [-53.3106, 4.5081], [-53.3106, 4.5094], [-53.3112, 4.5113], [-53.3119, 4.5127], [-53.3126, 4.5139], [-53.3136, 4.5152], [-53.3147, 4.5164], [-53.3156, 4.5172], [-53.316, 4.5182], [-53.316, 4.5197], [-53.3158, 4.5207], [-53.315, 4.5221], [-53.315, 4.5245], [-53.3145, 4.5256], [-53.3135, 4.526], [-53.3119, 4.5259], [-53.3109, 4.5262], [-53.3101, 4.5274], [-53.3098, 4.5284], [-53.3091, 4.5296], [-53.308, 4.5305], [-53.3071, 4.5314], [-53.3058, 4.5331], [-53.3045, 4.535], [-53.3036, 4.536], [-53.3029, 4.537], [-53.3028, 4.5379], [-53.3024, 4.539], [-53.3018, 4.5401], [-53.302, 4.5411], [-53.3021, 4.5424], [-53.3024, 4.5434], [-53.303, 4.5445], [-53.304, 4.546], [-53.3045, 4.5469], [-53.3045, 4.548], [-53.3029, 4.5488], [-53.3016, 4.55], [-53.3008, 4.5512], [-53.3006, 4.5536], [-53.3009, 4.5546], [-53.302, 4.5555], [-53.3029, 4.5557], [-53.304, 4.5556], [-53.3057, 4.5559], [-53.3076, 4.5564], [-53.3086, 4.5567], [-53.3097, 4.5576], [-53.3103, 4.5585], [-53.3113, 4.5589], [-53.3117, 4.5598], [-53.3116, 4.5608], [-53.3118, 4.5619], [-53.3118, 4.563], [-53.3123, 4.5645], [-53.3129, 4.5656], [-53.3134, 4.5667], [-53.3136, 4.5676], [-53.3139, 4.5693], [-53.3144, 4.5703], [-53.3157, 4.5712], [-53.3166, 4.5714], [-53.3167, 4.5726], [-53.3162, 4.5742], [-53.3164, 4.5757], [-53.317, 4.5768], [-53.3178, 4.5777], [-53.3186, 4.5788], [-53.3197, 4.5799], [-53.3213, 4.5821], [-53.3226, 4.5833], [-53.3236, 4.584], [-53.3247, 4.5841], [-53.3257, 4.5838], [-53.3265, 4.5833], [-53.3274, 4.5828], [-53.3285, 4.5822], [-53.3297, 4.5818], [-53.3307, 4.5817], [-53.332, 4.5816], [-53.3329, 4.5816], [-53.3338, 4.5815], [-53.3347, 4.5814], [-53.3357, 4.5814], [-53.3366, 4.5813], [-53.3375, 4.5812], [-53.3384, 4.581], [-53.3404, 4.5804], [-53.3422, 4.5808], [-53.3443, 4.5816], [-53.3451, 4.582], [-53.3457, 4.5829], [-53.3462, 4.5838], [-53.3479, 4.5855], [-53.3487, 4.5868], [-53.3497, 4.5875], [-53.3507, 4.5876], [-53.3516, 4.5876], [-53.3525, 4.5887], [-53.3529, 4.5897], [-53.3541, 4.5911], [-53.355, 4.5919], [-53.3558, 4.5926], [-53.357, 4.5941], [-53.3579, 4.595], [-53.3587, 4.596], [-53.3594, 4.597], [-53.36, 4.5979], [-53.3606, 4.5992], [-53.3611, 4.6003], [-53.3619, 4.6017], [-53.3628, 4.6026], [-53.3638, 4.6033], [-53.3647, 4.6039], [-53.366, 4.6045], [-53.3675, 4.6054], [-53.3686, 4.606], [-53.3697, 4.6066], [-53.3721, 4.6078], [-53.3734, 4.6084], [-53.3743, 4.6089], [-53.3753, 4.6095], [-53.377, 4.6106], [-53.3782, 4.6118], [-53.3788, 4.6129], [-53.3797, 4.6147], [-53.3809, 4.6158], [-53.3823, 4.6168], [-53.3828, 4.6178], [-53.3839, 4.619], [-53.3842, 4.6199], [-53.3839, 4.6211], [-53.3837, 4.6223], [-53.3832, 4.6247], [-53.3826, 4.6257], [-53.3813, 4.6269], [-53.3806, 4.6279], [-53.3814, 4.6289], [-53.3829, 4.6286], [-53.3839, 4.6281], [-53.3856, 4.6272], [-53.3871, 4.6266], [-53.3881, 4.6261], [-53.389, 4.6256], [-53.3899, 4.6251], [-53.3908, 4.625], [-53.392, 4.6253], [-53.3929, 4.6258], [-53.3941, 4.6269], [-53.3953, 4.6279], [-53.3967, 4.6287], [-53.3981, 4.6284], [-53.3993, 4.6281], [-53.3998, 4.6291], [-53.3998, 4.6304], [-53.3998, 4.6316], [-53.4, 4.6332], [-53.4009, 4.6344], [-53.4012, 4.6354], [-53.402, 4.6363], [-53.403, 4.6366], [-53.4043, 4.6372], [-53.4055, 4.6375], [-53.4066, 4.6381], [-53.4079, 4.6398], [-53.4086, 4.6411], [-53.4096, 4.6421], [-53.4104, 4.6428], [-53.4111, 4.6438], [-53.412, 4.6452], [-53.4125, 4.6461], [-53.4125, 4.6471], [-53.4126, 4.648], [-53.413, 4.649], [-53.4131, 4.6504], [-53.4134, 4.6513], [-53.4136, 4.6522], [-53.4141, 4.6531], [-53.4142, 4.6543], [-53.4138, 4.656], [-53.4136, 4.6569], [-53.4133, 4.6583], [-53.4132, 4.6592], [-53.4132, 4.6606], [-53.4129, 4.6618], [-53.4125, 4.6627], [-53.4115, 4.6636], [-53.4105, 4.6647], [-53.4104, 4.6661], [-53.4107, 4.6676], [-53.4108, 4.6686], [-53.4109, 4.6702], [-53.4108, 4.6713], [-53.4107, 4.6725], [-53.4108, 4.6734], [-53.4109, 4.6745], [-53.4103, 4.6758], [-53.4097, 4.6768], [-53.4092, 4.6777], [-53.4085, 4.679], [-53.4084, 4.6802], [-53.4079, 4.6817], [-53.4078, 4.6826], [-53.4077, 4.684], [-53.4077, 4.6855], [-53.407, 4.6879], [-53.4074, 4.6889], [-53.4086, 4.6896], [-53.4095, 4.6896], [-53.4107, 4.6898], [-53.4119, 4.6895], [-53.4132, 4.6901], [-53.4141, 4.6901], [-53.4153, 4.6894], [-53.4162, 4.6894], [-53.4172, 4.6897], [-53.4184, 4.6894], [-53.4199, 4.6888], [-53.4215, 4.6896], [-53.4236, 4.6912], [-53.4251, 4.6919], [-53.4263, 4.6937], [-53.4277, 4.6946], [-53.4289, 4.6954], [-53.4301, 4.6962], [-53.431, 4.6968], [-53.4319, 4.6979], [-53.4318, 4.6991], [-53.4306, 4.7001], [-53.4298, 4.7011], [-53.4294, 4.7021], [-53.4299, 4.704], [-53.4305, 4.7055], [-53.4306, 4.7065], [-53.4302, 4.7079], [-53.4282, 4.7096], [-53.4276, 4.7105], [-53.427, 4.7125], [-53.4258, 4.7143], [-53.4249, 4.7152], [-53.4241, 4.7161], [-53.4233, 4.7175], [-53.4241, 4.7187], [-53.4262, 4.7195], [-53.4274, 4.7198], [-53.4285, 4.7219], [-53.4291, 4.7233], [-53.429, 4.7249], [-53.4289, 4.726], [-53.4288, 4.7274], [-53.4289, 4.7285], [-53.4291, 4.7295], [-53.4296, 4.7309], [-53.4302, 4.7321], [-53.4314, 4.7342], [-53.432, 4.7359], [-53.4324, 4.737], [-53.4328, 4.7382], [-53.4329, 4.7396], [-53.433, 4.7414], [-53.4324, 4.7423], [-53.4313, 4.7426], [-53.43, 4.7426], [-53.4285, 4.7422], [-53.4276, 4.7425], [-53.4265, 4.7434], [-53.4251, 4.7445], [-53.4235, 4.7449], [-53.4225, 4.7449], [-53.4214, 4.745], [-53.4204, 4.7453], [-53.4195, 4.7462], [-53.4184, 4.7478], [-53.4162, 4.751], [-53.4153, 4.7525], [-53.4151, 4.7541], [-53.4152, 4.7551], [-53.4166, 4.7565], [-53.4174, 4.7575], [-53.4174, 4.7584], [-53.4175, 4.7602], [-53.4177, 4.7612], [-53.4181, 4.7623], [-53.4166, 4.7633], [-53.4156, 4.7637], [-53.4139, 4.7647], [-53.4128, 4.7648], [-53.4114, 4.7652], [-53.4101, 4.7657], [-53.4089, 4.7658], [-53.4074, 4.7673], [-53.4068, 4.7682], [-53.4058, 4.7689], [-53.4048, 4.7694], [-53.4039, 4.7699], [-53.403, 4.77], [-53.4021, 4.7701], [-53.4009, 4.7704], [-53.3991, 4.771], [-53.3981, 4.7718], [-53.3968, 4.7728], [-53.3958, 4.7735], [-53.3949, 4.7741], [-53.3937, 4.7743], [-53.3928, 4.7745], [-53.3907, 4.7747], [-53.3899, 4.7751], [-53.3901, 4.7761], [-53.391, 4.7772], [-53.392, 4.7777], [-53.3935, 4.7782], [-53.3946, 4.7787], [-53.3957, 4.7793], [-53.3973, 4.7797], [-53.3984, 4.7803], [-53.3989, 4.7815], [-53.3987, 4.7825], [-53.398, 4.7842], [-53.3988, 4.7852], [-53.3991, 4.7863], [-53.3989, 4.7878], [-53.3985, 4.7893], [-53.3986, 4.791], [-53.3991, 4.7925], [-53.3997, 4.7934], [-53.4005, 4.795], [-53.4011, 4.7959], [-53.4019, 4.797], [-53.4027, 4.7975], [-53.4039, 4.7978], [-53.4052, 4.7991], [-53.4074, 4.8003], [-53.409, 4.8017], [-53.4098, 4.8027], [-53.4107, 4.8033], [-53.4118, 4.8038], [-53.4129, 4.8043], [-53.4145, 4.8048], [-53.4155, 4.8052], [-53.4168, 4.8061], [-53.4179, 4.8066], [-53.4178, 4.8075], [-53.4167, 4.8075], [-53.4151, 4.8078], [-53.4139, 4.8086], [-53.4121, 4.8107], [-53.4113, 4.8117], [-53.41, 4.8123], [-53.4089, 4.8123], [-53.4072, 4.8119], [-53.4068, 4.8127], [-53.4073, 4.8145], [-53.4071, 4.8158], [-53.4067, 4.8168], [-53.4068, 4.8178], [-53.4085, 4.8186], [-53.4093, 4.8195], [-53.4093, 4.8204], [-53.4085, 4.8214], [-53.4072, 4.8223], [-53.4058, 4.823], [-53.4042, 4.8235], [-53.4025, 4.8236], [-53.4017, 4.8236], [-53.4001, 4.8237], [-53.3989, 4.8237], [-53.3978, 4.8236], [-53.3969, 4.8238], [-53.3959, 4.824], [-53.3949, 4.8242], [-53.3937, 4.8247], [-53.3924, 4.8256], [-53.3911, 4.8265], [-53.3894, 4.8278], [-53.3886, 4.8283], [-53.3872, 4.829], [-53.386, 4.8303], [-53.3858, 4.8314], [-53.3858, 4.8325], [-53.3858, 4.8334], [-53.3851, 4.835], [-53.3844, 4.8364], [-53.384, 4.8376], [-53.3837, 4.8392], [-53.383, 4.8408], [-53.3824, 4.8417], [-53.3817, 4.8428], [-53.3816, 4.844], [-53.3813, 4.8449], [-53.3809, 4.846], [-53.3811, 4.8473], [-53.3816, 4.8486], [-53.3814, 4.8497], [-53.3806, 4.851], [-53.3802, 4.852], [-53.3791, 4.8534], [-53.378, 4.8539], [-53.3773, 4.8524], [-53.3771, 4.8515], [-53.3761, 4.8511], [-53.3752, 4.8516], [-53.3736, 4.8525], [-53.372, 4.853], [-53.371, 4.8535], [-53.37, 4.8539], [-53.3684, 4.8551], [-53.3674, 4.8561], [-53.3666, 4.857], [-53.3652, 4.8579], [-53.3643, 4.8587], [-53.3634, 4.8596], [-53.3621, 4.8611], [-53.3614, 4.8625], [-53.3613, 4.8636], [-53.3609, 4.8651], [-53.3595, 4.8662], [-53.3581, 4.8665], [-53.3569, 4.8673], [-53.3563, 4.8684], [-53.3556, 4.8702], [-53.3553, 4.871], [-53.355, 4.8723], [-53.3549, 4.8733], [-53.355, 4.8742], [-53.3555, 4.8752], [-53.3565, 4.8766], [-53.3571, 4.8775], [-53.3582, 4.879], [-53.3586, 4.8798], [-53.36, 4.88], [-53.3611, 4.8806], [-53.3615, 4.8815], [-53.3612, 4.8825], [-53.3607, 4.8835], [-53.3602, 4.8848], [-53.3592, 4.8861], [-53.3591, 4.8871], [-53.3587, 4.8882], [-53.3577, 4.8892], [-53.3564, 4.8902], [-53.3554, 4.8912], [-53.3551, 4.8922], [-53.3549, 4.8934], [-53.3548, 4.8945], [-53.3535, 4.8952], [-53.3521, 4.8953], [-53.3509, 4.8953], [-53.3501, 4.8957], [-53.3492, 4.8958], [-53.3483, 4.8961], [-53.3468, 4.897], [-53.346, 4.8986], [-53.346, 4.9004], [-53.3462, 4.9018], [-53.3465, 4.9032], [-53.3469, 4.9047], [-53.3469, 4.9056], [-53.3471, 4.9065], [-53.3483, 4.9072], [-53.3494, 4.9078], [-53.3524, 4.9094], [-53.353, 4.9103], [-53.3539, 4.9109], [-53.3551, 4.9109], [-53.3566, 4.9115], [-53.3578, 4.912], [-53.3588, 4.9126], [-53.3605, 4.9132], [-53.3616, 4.9135], [-53.3625, 4.9139], [-53.3634, 4.9145], [-53.3646, 4.9156], [-53.3662, 4.9167], [-53.3657, 4.9175], [-53.3653, 4.9187], [-53.3651, 4.9199], [-53.3649, 4.9211], [-53.3634, 4.9208], [-53.3625, 4.9203], [-53.3614, 4.9194], [-53.3601, 4.9194], [-53.3589, 4.9204], [-53.3584, 4.9217], [-53.3575, 4.9228], [-53.3568, 4.9242], [-53.3563, 4.9254], [-53.3561, 4.9264], [-53.3561, 4.9286], [-53.3563, 4.93], [-53.3561, 4.9309], [-53.3551, 4.9318], [-53.3555, 4.9329], [-53.3563, 4.9339], [-53.3559, 4.9349], [-53.3553, 4.936], [-53.3541, 4.937], [-53.3539, 4.9381], [-53.3528, 4.9389], [-53.352, 4.9396], [-53.3516, 4.9406], [-53.3525, 4.9419], [-53.3511, 4.9425], [-53.3501, 4.9421], [-53.3486, 4.9438], [-53.3472, 4.9449], [-53.3463, 4.9455], [-53.3443, 4.9465], [-53.3435, 4.9475], [-53.3435, 4.9484], [-53.3439, 4.9499], [-53.344, 4.9514], [-53.3438, 4.9524], [-53.3431, 4.9538], [-53.3424, 4.9549], [-53.3412, 4.9557], [-53.3403, 4.956], [-53.3395, 4.9569], [-53.3393, 4.958], [-53.3391, 4.9592], [-53.3387, 4.9602], [-53.3371, 4.9612], [-53.3362, 4.9621], [-53.3367, 4.9632], [-53.3371, 4.9644], [-53.3378, 4.9664], [-53.3381, 4.9673], [-53.3382, 4.9682], [-53.3379, 4.9692], [-53.3373, 4.9708], [-53.3364, 4.9719], [-53.3347, 4.9723], [-53.3334, 4.9725], [-53.3321, 4.9731], [-53.3309, 4.9749], [-53.3302, 4.976], [-53.3296, 4.977], [-53.3292, 4.978], [-53.3288, 4.9792], [-53.3287, 4.9801], [-53.3288, 4.9813], [-53.3285, 4.9823], [-53.3272, 4.9829], [-53.3263, 4.9835], [-53.3257, 4.9846], [-53.3246, 4.9855], [-53.3236, 4.9858], [-53.3226, 4.9855], [-53.3214, 4.9851], [-53.3204, 4.9851], [-53.3188, 4.9854], [-53.3178, 4.9858], [-53.3169, 4.9863], [-53.3151, 4.9876], [-53.3141, 4.9878], [-53.3128, 4.9864], [-53.3119, 4.9854], [-53.311, 4.9843], [-53.31, 4.9833], [-53.309, 4.983], [-53.3078, 4.983], [-53.3065, 4.983], [-53.3058, 4.9818], [-53.3066, 4.9805], [-53.3067, 4.9786], [-53.3058, 4.9778], [-53.3045, 4.9775], [-53.3036, 4.9776], [-53.3025, 4.9774], [-53.3009, 4.9767], [-53.2997, 4.9763], [-53.2986, 4.9762], [-53.2969, 4.9761], [-53.296, 4.9762], [-53.2941, 4.9772], [-53.2927, 4.978], [-53.2916, 4.9798], [-53.2909, 4.981], [-53.2897, 4.9817], [-53.2888, 4.982], [-53.2877, 4.9828], [-53.2871, 4.9837], [-53.2865, 4.9848], [-53.2862, 4.9857], [-53.2856, 4.987], [-53.2855, 4.989], [-53.2846, 4.99], [-53.2835, 4.9906], [-53.2828, 4.9916], [-53.2825, 4.993], [-53.2815, 4.9933], [-53.2805, 4.9923], [-53.2796, 4.9918], [-53.2785, 4.9918], [-53.2776, 4.9923], [-53.2762, 4.9941], [-53.275, 4.9948], [-53.274, 4.9951], [-53.2726, 4.9959], [-53.2718, 4.9973], [-53.2708, 4.9981], [-53.2699, 4.9996], [-53.2689, 5.0004], [-53.2681, 5.0007], [-53.2671, 5.0011], [-53.2649, 5.003], [-53.2641, 5.004], [-53.2631, 5.005], [-53.262, 5.0062], [-53.2612, 5.0072], [-53.2608, 5.0095], [-53.2606, 5.0112], [-53.2604, 5.0125], [-53.2603, 5.0139], [-53.26, 5.0158], [-53.26, 5.0169], [-53.2608, 5.0173], [-53.2627, 5.0182], [-53.2636, 5.019], [-53.2641, 5.0202], [-53.2641, 5.0211], [-53.2639, 5.0225], [-53.2636, 5.0239], [-53.263, 5.0257], [-53.2623, 5.0278], [-53.2618, 5.0289], [-53.2614, 5.0299], [-53.2606, 5.0325], [-53.2606, 5.0334], [-53.2603, 5.0351], [-53.2602, 5.036], [-53.2601, 5.0369], [-53.2598, 5.0388], [-53.2597, 5.0402], [-53.2597, 5.0446], [-53.2595, 5.0458], [-53.2589, 5.0469], [-53.2578, 5.0477], [-53.2559, 5.0465], [-53.2521, 5.0427], [-53.2512, 5.0418], [-53.25, 5.0402], [-53.2494, 5.0392], [-53.2478, 5.038], [-53.2469, 5.0374], [-53.2447, 5.0356], [-53.2439, 5.0349], [-53.2439, 5.0338], [-53.2443, 5.0328], [-53.2449, 5.0319], [-53.246, 5.031], [-53.2467, 5.0298], [-53.2471, 5.0288], [-53.2468, 5.0272], [-53.2453, 5.0267], [-53.2432, 5.0271], [-53.2416, 5.0275], [-53.2407, 5.0276], [-53.2397, 5.0277], [-53.238, 5.0265], [-53.2371, 5.0273], [-53.2355, 5.0282], [-53.2351, 5.0273], [-53.2339, 5.0286], [-53.2328, 5.0285], [-53.2321, 5.0275], [-53.2313, 5.0268], [-53.2301, 5.0288], [-53.2291, 5.0285], [-53.2277, 5.0293], [-53.2267, 5.0295], [-53.2263, 5.0284], [-53.2267, 5.0268], [-53.2265, 5.0255], [-53.2269, 5.0237], [-53.226, 5.0229], [-53.2251, 5.0226], [-53.2247, 5.0216], [-53.2237, 5.0213], [-53.2223, 5.0218], [-53.221, 5.0225], [-53.2197, 5.0234], [-53.2187, 5.0231], [-53.2176, 5.0223], [-53.2165, 5.0216], [-53.2158, 5.0204], [-53.2152, 5.0195], [-53.215, 5.0186], [-53.2149, 5.0177], [-53.2149, 5.0148], [-53.2144, 5.0139], [-53.2125, 5.0126], [-53.2114, 5.012], [-53.2104, 5.0109], [-53.2095, 5.01], [-53.2078, 5.0083], [-53.2067, 5.0081], [-53.2051, 5.0089], [-53.2042, 5.0085], [-53.2036, 5.0094], [-53.2036, 5.0105], [-53.2027, 5.0114], [-53.2023, 5.0125], [-53.2024, 5.0135], [-53.2014, 5.0144], [-53.2004, 5.0147], [-53.1995, 5.0146], [-53.1985, 5.014], [-53.1965, 5.0141], [-53.1955, 5.0144], [-53.1946, 5.0138], [-53.1937, 5.0131], [-53.1924, 5.013], [-53.1909, 5.0147], [-53.1894, 5.0165], [-53.1884, 5.0169], [-53.1874, 5.0164], [-53.1865, 5.0158], [-53.1867, 5.0142], [-53.1867, 5.0133], [-53.1857, 5.0129], [-53.1844, 5.0129], [-53.1832, 5.0141], [-53.1824, 5.0131], [-53.1822, 5.0122], [-53.1814, 5.0118], [-53.1803, 5.0118], [-53.1792, 5.0128], [-53.1784, 5.014], [-53.1781, 5.0152], [-53.1769, 5.0163], [-53.1759, 5.0175], [-53.1747, 5.0172], [-53.1729, 5.0162], [-53.1728, 5.0151], [-53.1713, 5.0153], [-53.1705, 5.0144], [-53.1703, 5.0134], [-53.1693, 5.0141], [-53.1682, 5.0153], [-53.1674, 5.0163], [-53.1659, 5.0174], [-53.1647, 5.0187], [-53.1642, 5.0198], [-53.1644, 5.0207], [-53.1645, 5.022], [-53.1643, 5.0234], [-53.1633, 5.0241], [-53.1621, 5.0242], [-53.161, 5.0252], [-53.1598, 5.025], [-53.1596, 5.0259], [-53.1593, 5.0271], [-53.1595, 5.0287], [-53.1607, 5.0295], [-53.1617, 5.0301], [-53.1622, 5.0311], [-53.1631, 5.0312], [-53.1647, 5.0313], [-53.165, 5.0325], [-53.1652, 5.0334], [-53.1653, 5.0343], [-53.1651, 5.0353], [-53.1648, 5.0364], [-53.1651, 5.0379], [-53.1654, 5.0387], [-53.165, 5.0401], [-53.1641, 5.0414], [-53.163, 5.0428], [-53.1623, 5.0439], [-53.1615, 5.0452], [-53.1604, 5.0477], [-53.1596, 5.0497], [-53.16, 5.0505], [-53.1604, 5.0514], [-53.1594, 5.0524], [-53.1592, 5.0544], [-53.1592, 5.0559], [-53.1584, 5.0568], [-53.158, 5.0583], [-53.1569, 5.0588], [-53.1564, 5.0602], [-53.1562, 5.0612], [-53.1556, 5.0629], [-53.1545, 5.0636], [-53.1521, 5.063], [-53.1496, 5.0622], [-53.148, 5.0627], [-53.1472, 5.0624], [-53.1461, 5.0628], [-53.145, 5.0649], [-53.1438, 5.0656], [-53.1426, 5.0661], [-53.1413, 5.0646], [-53.1401, 5.0639], [-53.1388, 5.0642], [-53.1378, 5.0644], [-53.1367, 5.0644], [-53.1353, 5.0643], [-53.1336, 5.0647], [-53.1324, 5.0645], [-53.1311, 5.0644], [-53.1303, 5.0642], [-53.1312, 5.0627], [-53.1324, 5.0616], [-53.1323, 5.0606], [-53.1323, 5.0593], [-53.133, 5.0583], [-53.1328, 5.0574], [-53.1321, 5.0562], [-53.1323, 5.0551], [-53.1321, 5.0542], [-53.1307, 5.0533], [-53.1297, 5.0521], [-53.1291, 5.0507], [-53.129, 5.0498], [-53.1294, 5.0481], [-53.129, 5.0471], [-53.1281, 5.0468], [-53.1282, 5.0449], [-53.1287, 5.0424], [-53.1278, 5.0411], [-53.1278, 5.0401], [-53.1276, 5.0392], [-53.1264, 5.0391], [-53.1254, 5.0379], [-53.1245, 5.0376], [-53.1236, 5.0374], [-53.1227, 5.0363], [-53.1235, 5.0349], [-53.1243, 5.0337], [-53.1234, 5.0338], [-53.1223, 5.0347], [-53.1216, 5.036], [-53.1205, 5.0366], [-53.1196, 5.0366], [-53.1184, 5.0351], [-53.1177, 5.0341], [-53.1166, 5.0339], [-53.1157, 5.0319], [-53.1159, 5.0307], [-53.1163, 5.0297], [-53.1163, 5.0285], [-53.1159, 5.0275], [-53.1148, 5.0264], [-53.1135, 5.0272], [-53.1129, 5.0281], [-53.1121, 5.0288], [-53.1107, 5.0285], [-53.1089, 5.0282], [-53.1084, 5.0269], [-53.108, 5.0261], [-53.107, 5.0257], [-53.1065, 5.0244], [-53.1088, 5.0225], [-53.11, 5.0215], [-53.1105, 5.0205], [-53.1094, 5.0192], [-53.1086, 5.0183], [-53.1083, 5.0174], [-53.1077, 5.0161], [-53.107, 5.0145], [-53.1067, 5.0136], [-53.1066, 5.0126], [-53.1051, 5.0126], [-53.1042, 5.0131], [-53.1036, 5.014], [-53.1018, 5.0151], [-53.1001, 5.0167], [-53.0984, 5.0161], [-53.0975, 5.0157], [-53.0964, 5.0155], [-53.0947, 5.0137], [-53.0912, 5.0123], [-53.0918, 5.0111], [-53.0907, 5.0105], [-53.0901, 5.0092], [-53.0899, 5.0078], [-53.0906, 5.0058], [-53.0911, 5.0049], [-53.0898, 5.0048], [-53.0889, 5.005], [-53.0881, 5.0048], [-53.0872, 5.0053], [-53.086, 5.0062], [-53.0851, 5.0066], [-53.0837, 5.0062], [-53.0828, 5.0057], [-53.0827, 5.0048], [-53.0842, 5.0032], [-53.0831, 5.002], [-53.0825, 5.0007], [-53.081, 4.9984], [-53.0818, 4.9975], [-53.0832, 4.9965], [-53.0832, 4.995], [-53.0832, 4.9914], [-53.0823, 4.9906], [-53.0813, 4.9898], [-53.0802, 4.9888], [-53.0792, 4.9888], [-53.0777, 4.9882], [-53.0767, 4.9879], [-53.0751, 4.9881], [-53.0735, 4.9883], [-53.0724, 4.9884], [-53.0698, 4.9888], [-53.0681, 4.9885], [-53.067, 4.9884], [-53.0647, 4.988], [-53.0637, 4.9879], [-53.0628, 4.9874], [-53.0625, 4.9847], [-53.0624, 4.9837], [-53.0614, 4.9816], [-53.0604, 4.9823], [-53.0586, 4.9841], [-53.0578, 4.985], [-53.0556, 4.9871], [-53.0546, 4.9878], [-53.0537, 4.9881], [-53.0516, 4.9882], [-53.0514, 4.99], [-53.0538, 4.9928], [-53.0549, 4.994], [-53.0558, 4.995], [-53.057, 4.9963], [-53.057, 4.9986], [-53.0569, 4.9995], [-53.0569, 5.0004], [-53.057, 5.0018], [-53.0562, 5.0031], [-53.0551, 5.0042], [-53.0545, 5.0051], [-53.0553, 5.0065], [-53.0559, 5.0085], [-53.0547, 5.0092], [-53.0535, 5.0097], [-53.0525, 5.01], [-53.0517, 5.0097], [-53.051, 5.0079], [-53.0506, 5.0069], [-53.0487, 5.0076], [-53.0476, 5.0085], [-53.0468, 5.0096], [-53.045, 5.0108], [-53.044, 5.0108], [-53.0429, 5.0108], [-53.042, 5.0107], [-53.0411, 5.0101], [-53.04, 5.0113], [-53.0386, 5.0124], [-53.0367, 5.0135], [-53.0359, 5.0132], [-53.0349, 5.0135], [-53.034, 5.0138], [-53.0331, 5.013], [-53.0322, 5.0132], [-53.0314, 5.0144], [-53.0307, 5.0158], [-53.0302, 5.0169], [-53.0289, 5.0181], [-53.028, 5.019], [-53.0268, 5.0192], [-53.0259, 5.0182], [-53.0245, 5.0182], [-53.0233, 5.0187], [-53.0224, 5.019], [-53.0212, 5.0179], [-53.0204, 5.0169], [-53.0196, 5.0174], [-53.0184, 5.0178], [-53.0175, 5.0172], [-53.0168, 5.0187], [-53.0156, 5.0188], [-53.0144, 5.0187], [-53.0142, 5.0175], [-53.0128, 5.0171], [-53.0119, 5.0173], [-53.011, 5.0177], [-53.0099, 5.0179], [-53.0096, 5.0167], [-53.009, 5.0157], [-53.0081, 5.015], [-53.0072, 5.0152], [-53.0061, 5.0168], [-53.0043, 5.0175], [-53.0031, 5.0171], [-53.0023, 5.0163], [-53.0011, 5.0164], [-53.0002, 5.0169], [-52.9991, 5.0173], [-52.9972, 5.0186], [-52.9963, 5.0191], [-52.9947, 5.0183], [-52.9934, 5.0176], [-52.9927, 5.0164], [-52.9918, 5.0156], [-52.9908, 5.0152], [-52.9899, 5.015], [-52.9894, 5.0162], [-52.9885, 5.017], [-52.9869, 5.0173], [-52.9868, 5.0182], [-52.9859, 5.019], [-52.985, 5.0188], [-52.9837, 5.019], [-52.9827, 5.0187], [-52.9822, 5.0199], [-52.9822, 5.0208], [-52.9811, 5.0209], [-52.9801, 5.0215], [-52.9791, 5.0214], [-52.9781, 5.0224], [-52.9772, 5.0222], [-52.9774, 5.0213], [-52.9765, 5.0213], [-52.9756, 5.0215], [-52.9747, 5.021], [-52.9737, 5.0216], [-52.9734, 5.0202], [-52.9733, 5.0193], [-52.9723, 5.02], [-52.9714, 5.0199], [-52.9705, 5.0189], [-52.9696, 5.0196], [-52.9687, 5.0187], [-52.9676, 5.0187], [-52.9666, 5.0184], [-52.9654, 5.0192], [-52.9645, 5.019], [-52.9635, 5.0186], [-52.9624, 5.0177], [-52.9615, 5.0174], [-52.9606, 5.0165], [-52.9596, 5.016], [-52.9582, 5.0161], [-52.9573, 5.0161], [-52.9564, 5.0153], [-52.9551, 5.0154], [-52.9541, 5.0147], [-52.9531, 5.0145], [-52.9515, 5.0141], [-52.9507, 5.0137], [-52.9498, 5.0138], [-52.949, 5.0139], [-52.9479, 5.0128], [-52.9466, 5.0115], [-52.9457, 5.0109], [-52.9447, 5.0113], [-52.9432, 5.0114], [-52.9422, 5.0109], [-52.9412, 5.01], [-52.9403, 5.0099], [-52.9392, 5.0092], [-52.9379, 5.0088], [-52.9369, 5.0086], [-52.9363, 5.0077], [-52.9349, 5.0068], [-52.9338, 5.0063], [-52.9324, 5.0052], [-52.9315, 5.0049], [-52.9306, 5.0041], [-52.9294, 5.003], [-52.9283, 5.0024], [-52.927, 5.0019], [-52.926, 5.002], [-52.925, 5.0018], [-52.9245, 5.0008], [-52.9237, 5.0006], [-52.9224, 5.0005], [-52.9215, 5.0003], [-52.9205, 5.0004], [-52.9194, 5.0005], [-52.9186, 5.0002], [-52.9183, 4.9994], [-52.9183, 4.9985], [-52.9197, 4.9974], [-52.9201, 4.9963], [-52.9195, 4.9953], [-52.9188, 4.9944], [-52.9183, 4.9932], [-52.9217, 4.9901], [-52.9255, 4.9872], [-52.9279, 4.9861], [-52.9308, 4.9856], [-52.934, 4.9853], [-52.9358, 4.9845], [-52.9365, 4.9835], [-52.9366, 4.9821], [-52.9356, 4.9803], [-52.9339, 4.9788], [-52.9315, 4.977], [-52.9289, 4.976], [-52.9262, 4.9726], [-52.9215, 4.9695], [-52.9166, 4.9668], [-52.9108, 4.9671], [-52.9099, 4.9665], [-52.909, 4.9652], [-52.907, 4.9621], [-52.9058, 4.9615], [-52.9036, 4.9612], [-52.9023, 4.9607], [-52.9006, 4.9595], [-52.8982, 4.957], [-52.8966, 4.9543], [-52.8946, 4.9526], [-52.8935, 4.9518], [-52.8924, 4.9502], [-52.8913, 4.9478], [-52.8895, 4.9454], [-52.8876, 4.9442], [-52.8851, 4.9434], [-52.8813, 4.9425], [-52.8775, 4.9431], [-52.8754, 4.9426], [-52.8718, 4.9412], [-52.8697, 4.9395], [-52.8695, 4.9386], [-52.8699, 4.9377], [-52.87, 4.9368], [-52.8704, 4.9357], [-52.8723, 4.9336], [-52.8744, 4.9329], [-52.8774, 4.9309], [-52.8785, 4.9302], [-52.8793, 4.9292], [-52.8796, 4.928], [-52.8795, 4.9245], [-52.8788, 4.923], [-52.8779, 4.9216], [-52.8764, 4.9207], [-52.8754, 4.9193], [-52.8753, 4.9182], [-52.8748, 4.9164], [-52.8739, 4.9149], [-52.8732, 4.9138], [-52.8722, 4.9129], [-52.8707, 4.9118], [-52.8677, 4.9101], [-52.8651, 4.9091], [-52.8634, 4.9082], [-52.862, 4.9069], [-52.8612, 4.9055], [-52.8604, 4.9038], [-52.8595, 4.9029], [-52.8586, 4.9027], [-52.8568, 4.9022], [-52.8557, 4.9016], [-52.8554, 4.9006], [-52.8556, 4.8993], [-52.8548, 4.8984], [-52.8534, 4.8978], [-52.8525, 4.8969], [-52.8519, 4.896], [-52.8509, 4.8947], [-52.8498, 4.8933], [-52.8497, 4.8922], [-52.8507, 4.8916], [-52.8518, 4.8915], [-52.853, 4.8916], [-52.8544, 4.8917], [-52.8558, 4.892], [-52.8571, 4.8921], [-52.858, 4.8921], [-52.8591, 4.8914], [-52.86, 4.8904], [-52.8611, 4.8905], [-52.8625, 4.8914], [-52.8633, 4.8919], [-52.8662, 4.892], [-52.8674, 4.8917], [-52.8683, 4.8913], [-52.8695, 4.8905], [-52.8704, 4.8896], [-52.8711, 4.8886], [-52.8719, 4.8874], [-52.8725, 4.886], [-52.8728, 4.8848], [-52.8731, 4.8837], [-52.8731, 4.8825], [-52.8728, 4.8814], [-52.8723, 4.88], [-52.8734, 4.877], [-52.8736, 4.876], [-52.8735, 4.8751], [-52.8738, 4.8739], [-52.874, 4.8726], [-52.8739, 4.8706], [-52.8746, 4.8692], [-52.876, 4.869], [-52.8774, 4.8691], [-52.8787, 4.8687], [-52.8793, 4.8678], [-52.8793, 4.8666], [-52.8795, 4.8652], [-52.8799, 4.8642], [-52.8803, 4.8625], [-52.8804, 4.8615], [-52.8805, 4.8607], [-52.8809, 4.8597], [-52.8823, 4.8585], [-52.8839, 4.8577], [-52.883, 4.8569], [-52.8833, 4.8546], [-52.8836, 4.8535], [-52.8859, 4.8515], [-52.8871, 4.8503], [-52.8882, 4.8489], [-52.889, 4.8483], [-52.89, 4.8476], [-52.8913, 4.8467], [-52.8914, 4.8457], [-52.8905, 4.8449], [-52.8898, 4.844], [-52.8886, 4.8419], [-52.8892, 4.8407], [-52.889, 4.8392], [-52.889, 4.8371], [-52.8891, 4.8361], [-52.8912, 4.833], [-52.8925, 4.831], [-52.8934, 4.8294], [-52.8937, 4.8281], [-52.8934, 4.8271], [-52.8921, 4.8254], [-52.8921, 4.8245], [-52.893, 4.8237], [-52.8939, 4.8233], [-52.8941, 4.8218], [-52.8942, 4.8207], [-52.8945, 4.8198], [-52.894, 4.8175], [-52.8945, 4.8166], [-52.8954, 4.816], [-52.8959, 4.8148], [-52.8968, 4.8138], [-52.8969, 4.8126], [-52.8959, 4.8113], [-52.8958, 4.8101], [-52.8965, 4.8089], [-52.897, 4.8081], [-52.897, 4.8067], [-52.8963, 4.8051], [-52.8958, 4.8039], [-52.8964, 4.8029], [-52.8974, 4.8013], [-52.8981, 4.7982], [-52.8991, 4.7957], [-52.8998, 4.7945], [-52.9, 4.7934], [-52.8991, 4.793], [-52.8978, 4.7935], [-52.8965, 4.7937], [-52.8954, 4.7936], [-52.8941, 4.7934], [-52.8927, 4.7927], [-52.8924, 4.7916], [-52.894, 4.7895], [-52.8951, 4.7881], [-52.8959, 4.7865], [-52.8952, 4.7855], [-52.8933, 4.7842], [-52.8918, 4.7825], [-52.8908, 4.7812], [-52.8893, 4.7803], [-52.8852, 4.781], [-52.883, 4.7815], [-52.8788, 4.7832], [-52.8777, 4.7837], [-52.8766, 4.7844], [-52.8756, 4.7845], [-52.8747, 4.7838], [-52.8748, 4.7822], [-52.8738, 4.781], [-52.8728, 4.7804], [-52.8718, 4.7803], [-52.8706, 4.7806], [-52.8694, 4.7812], [-52.8674, 4.7824], [-52.8662, 4.783], [-52.8651, 4.7825], [-52.8638, 4.782], [-52.8638, 4.781], [-52.8651, 4.7795], [-52.867, 4.7763], [-52.8673, 4.7752], [-52.8682, 4.7734], [-52.8694, 4.7724], [-52.8717, 4.7715], [-52.8761, 4.771], [-52.8778, 4.7707], [-52.8807, 4.7704], [-52.8842, 4.7702], [-52.8856, 4.77], [-52.888, 4.7694], [-52.8889, 4.769], [-52.8902, 4.7674], [-52.8917, 4.7662], [-52.8926, 4.7658], [-52.8931, 4.7649], [-52.8928, 4.7636], [-52.8941, 4.762], [-52.8954, 4.761], [-52.8957, 4.7595], [-52.8951, 4.758], [-52.8946, 4.7571], [-52.8928, 4.7556], [-52.8923, 4.754], [-52.8927, 4.7528], [-52.894, 4.7521], [-52.8951, 4.7515], [-52.8949, 4.7502], [-52.8949, 4.7488], [-52.8967, 4.7475], [-52.8976, 4.7471], [-52.8988, 4.7459], [-52.8996, 4.7445], [-52.8999, 4.7436], [-52.9, 4.7424], [-52.9, 4.7411], [-52.8995, 4.74], [-52.8985, 4.7392], [-52.8973, 4.7384], [-52.8965, 4.7376], [-52.8966, 4.7365], [-52.8978, 4.7357], [-52.8993, 4.7363], [-52.9007, 4.7362], [-52.9018, 4.7348], [-52.9017, 4.7337], [-52.9014, 4.7327], [-52.9011, 4.7315], [-52.902, 4.7305], [-52.9036, 4.7306], [-52.9044, 4.7278], [-52.9047, 4.7264], [-52.9049, 4.7255], [-52.9056, 4.7242], [-52.9062, 4.7231], [-52.9068, 4.7222], [-52.9084, 4.7209], [-52.9087, 4.7199], [-52.9079, 4.7192], [-52.9068, 4.7187], [-52.9054, 4.7182], [-52.9047, 4.7174], [-52.9046, 4.7163], [-52.9052, 4.7149], [-52.9055, 4.7133], [-52.9059, 4.7121], [-52.906, 4.7112], [-52.906, 4.7103], [-52.9058, 4.7094], [-52.9049, 4.7083], [-52.9039, 4.7081], [-52.9028, 4.7081], [-52.9017, 4.7082], [-52.9005, 4.7082], [-52.8997, 4.7071], [-52.8996, 4.7055], [-52.9002, 4.7045], [-52.9013, 4.7042], [-52.9019, 4.7032], [-52.9015, 4.7018], [-52.9019, 4.7005], [-52.9028, 4.6991], [-52.9034, 4.6981], [-52.9035, 4.697], [-52.9024, 4.6959], [-52.9009, 4.6953], [-52.8993, 4.6955], [-52.897, 4.6964], [-52.8956, 4.6967], [-52.8947, 4.6969], [-52.8937, 4.6965], [-52.8927, 4.6949], [-52.8925, 4.6935], [-52.8917, 4.6918], [-52.8909, 4.6909], [-52.8901, 4.6905], [-52.8884, 4.6896], [-52.8875, 4.6893], [-52.8867, 4.689], [-52.8853, 4.6882], [-52.8846, 4.687], [-52.8852, 4.6859], [-52.8861, 4.6851], [-52.8866, 4.6842], [-52.8881, 4.6828], [-52.8901, 4.6813], [-52.8909, 4.6807], [-52.8912, 4.6788], [-52.8924, 4.6778], [-52.8931, 4.6766], [-52.8919, 4.675], [-52.8917, 4.6738], [-52.8925, 4.6718], [-52.8924, 4.6707], [-52.8918, 4.6696], [-52.8914, 4.6687], [-52.8913, 4.6676], [-52.8917, 4.666], [-52.8922, 4.6649], [-52.8935, 4.6619], [-52.8936, 4.661], [-52.893, 4.6595], [-52.8915, 4.6571], [-52.8904, 4.6553], [-52.89, 4.6545], [-52.8892, 4.6531], [-52.8887, 4.6519], [-52.888, 4.6511], [-52.8871, 4.6503], [-52.8862, 4.6494], [-52.8855, 4.6484], [-52.8845, 4.6465], [-52.8838, 4.6455], [-52.8826, 4.6441], [-52.8817, 4.6424], [-52.8809, 4.641], [-52.8797, 4.6392], [-52.8785, 4.6376], [-52.878, 4.6364], [-52.8776, 4.6349], [-52.8793, 4.6337], [-52.8802, 4.6333], [-52.8816, 4.6336], [-52.8827, 4.6335], [-52.884, 4.633], [-52.8852, 4.6335], [-52.8863, 4.6346], [-52.8872, 4.6349], [-52.8882, 4.6346], [-52.8885, 4.6336], [-52.8884, 4.6326], [-52.889, 4.6311], [-52.8895, 4.6302], [-52.8896, 4.629], [-52.889, 4.6281], [-52.8886, 4.6263], [-52.889, 4.6244], [-52.8882, 4.6236], [-52.8869, 4.6239], [-52.8859, 4.6242], [-52.8846, 4.6246], [-52.8829, 4.6253], [-52.8817, 4.6256], [-52.88, 4.6252], [-52.8791, 4.6245], [-52.8783, 4.6229], [-52.8774, 4.6224], [-52.8763, 4.6225], [-52.8745, 4.6218], [-52.873, 4.6213], [-52.8719, 4.6207], [-52.8708, 4.62], [-52.8692, 4.6189], [-52.8676, 4.6182], [-52.8666, 4.618], [-52.8645, 4.619], [-52.8638, 4.62], [-52.8638, 4.621], [-52.8637, 4.6221], [-52.8627, 4.6228], [-52.8613, 4.6241], [-52.86, 4.6251], [-52.8571, 4.6262], [-52.8545, 4.6274], [-52.8535, 4.6276], [-52.8525, 4.627], [-52.8522, 4.6261], [-52.852, 4.6247], [-52.8519, 4.6238], [-52.8511, 4.6216], [-52.8507, 4.6205], [-52.8512, 4.6194], [-52.853, 4.6185], [-52.854, 4.6175], [-52.8545, 4.6164], [-52.8546, 4.6154], [-52.8552, 4.6141], [-52.8555, 4.6129], [-52.8558, 4.6109], [-52.8559, 4.6098], [-52.855, 4.6086], [-52.8533, 4.6076], [-52.8524, 4.6074], [-52.8514, 4.6082], [-52.8504, 4.6085], [-52.8492, 4.6091], [-52.8484, 4.6087], [-52.8482, 4.6072], [-52.8481, 4.6062], [-52.8473, 4.6046], [-52.8465, 4.6011], [-52.846, 4.6002], [-52.8452, 4.5992], [-52.8438, 4.5996], [-52.8421, 4.6005], [-52.841, 4.6007], [-52.8393, 4.6001], [-52.8383, 4.5994], [-52.8377, 4.5981], [-52.8371, 4.5972], [-52.8356, 4.5963], [-52.8347, 4.5959], [-52.8335, 4.5956], [-52.8326, 4.5955], [-52.8313, 4.5949], [-52.8304, 4.594], [-52.8296, 4.5928], [-52.829, 4.5915], [-52.8284, 4.5904], [-52.8275, 4.5886], [-52.8265, 4.5876], [-52.8265, 4.5865], [-52.8273, 4.5856], [-52.8282, 4.5845], [-52.8288, 4.5836], [-52.8295, 4.5825], [-52.83, 4.5812], [-52.8304, 4.5795], [-52.831, 4.5786], [-52.8326, 4.5772], [-52.8337, 4.5763], [-52.8341, 4.5751], [-52.834, 4.5741], [-52.834, 4.5712], [-52.8339, 4.5703], [-52.8337, 4.5692], [-52.8337, 4.568], [-52.8333, 4.5655], [-52.8331, 4.5645], [-52.8326, 4.5632], [-52.8322, 4.5612], [-52.8321, 4.5602], [-52.8311, 4.5594], [-52.8289, 4.5601], [-52.8279, 4.5602], [-52.8265, 4.5603], [-52.8245, 4.5609], [-52.8236, 4.561], [-52.8217, 4.5607], [-52.8204, 4.5606], [-52.8194, 4.5603], [-52.8186, 4.5587], [-52.8185, 4.5577], [-52.8185, 4.5568], [-52.8183, 4.5559], [-52.8178, 4.5547], [-52.8173, 4.5532], [-52.8166, 4.551], [-52.8156, 4.5498], [-52.8147, 4.549], [-52.8136, 4.548], [-52.8122, 4.5461], [-52.8112, 4.5453], [-52.8102, 4.5443], [-52.809, 4.543], [-52.8076, 4.5411], [-52.8073, 4.5399], [-52.8085, 4.5382], [-52.8095, 4.5371], [-52.8104, 4.536], [-52.811, 4.5346], [-52.8113, 4.5332], [-52.8114, 4.5319], [-52.8099, 4.5306], [-52.8088, 4.5301], [-52.8077, 4.53], [-52.8068, 4.5298], [-52.8055, 4.5294], [-52.8027, 4.5282], [-52.8012, 4.5276], [-52.8003, 4.5266], [-52.8002, 4.5255], [-52.8004, 4.5237], [-52.8004, 4.5221], [-52.8005, 4.5205], [-52.8003, 4.5193], [-52.8, 4.5179], [-52.7996, 4.5169], [-52.799, 4.5158], [-52.7988, 4.5147], [-52.7991, 4.5133], [-52.8, 4.5109], [-52.8002, 4.51], [-52.7987, 4.5091], [-52.7975, 4.5087], [-52.7964, 4.5076], [-52.7956, 4.5067], [-52.7941, 4.506], [-52.7932, 4.5061], [-52.7921, 4.5069], [-52.7904, 4.5077], [-52.7902, 4.5052], [-52.7901, 4.5023], [-52.7905, 4.5001], [-52.7905, 4.499], [-52.7904, 4.498], [-52.79, 4.4967], [-52.789, 4.4951], [-52.7887, 4.4937], [-52.7896, 4.4925], [-52.7904, 4.4916], [-52.7924, 4.489], [-52.7933, 4.488], [-52.7936, 4.4863], [-52.7941, 4.4846], [-52.7954, 4.484], [-52.7967, 4.484], [-52.7981, 4.4838], [-52.8003, 4.483], [-52.8014, 4.4823], [-52.8016, 4.4813], [-52.8013, 4.4801], [-52.8013, 4.4788], [-52.8014, 4.4772], [-52.8012, 4.4758], [-52.8008, 4.4749], [-52.7992, 4.4734], [-52.7966, 4.471], [-52.7958, 4.4696], [-52.7965, 4.4687], [-52.7977, 4.4684], [-52.7987, 4.4684], [-52.8013, 4.4669], [-52.8024, 4.4663], [-52.8035, 4.4665], [-52.805, 4.4675], [-52.8065, 4.4678], [-52.8076, 4.4672], [-52.8084, 4.4662], [-52.809, 4.465], [-52.8096, 4.463], [-52.8099, 4.462], [-52.8107, 4.461], [-52.8115, 4.4602], [-52.8118, 4.459], [-52.8117, 4.4565], [-52.8119, 4.4551], [-52.8119, 4.4542], [-52.8117, 4.4533], [-52.8109, 4.4522], [-52.8101, 4.4514], [-52.8106, 4.4502], [-52.812, 4.4497], [-52.813, 4.4493], [-52.8145, 4.4479], [-52.8156, 4.4469], [-52.8166, 4.4472], [-52.8184, 4.4486], [-52.8197, 4.4497], [-52.8207, 4.4503], [-52.822, 4.4508], [-52.8234, 4.4514], [-52.8245, 4.4517], [-52.8254, 4.4521], [-52.8264, 4.4526], [-52.8274, 4.4529], [-52.8283, 4.453], [-52.8293, 4.4528], [-52.8305, 4.452], [-52.8312, 4.4507], [-52.8309, 4.4496], [-52.831, 4.4484], [-52.8309, 4.4474], [-52.8297, 4.4466], [-52.8288, 4.4462], [-52.8276, 4.4456], [-52.8282, 4.4442], [-52.8288, 4.4434], [-52.8289, 4.4421], [-52.8291, 4.4412], [-52.83, 4.4393], [-52.8309, 4.4375], [-52.8319, 4.4362], [-52.8328, 4.4352], [-52.8345, 4.4344], [-52.8364, 4.4344], [-52.8378, 4.4348], [-52.839, 4.4351], [-52.84, 4.4351], [-52.8416, 4.4348], [-52.8426, 4.4344], [-52.8445, 4.4334], [-52.8459, 4.4327], [-52.8468, 4.4319], [-52.8477, 4.4309], [-52.8488, 4.4301], [-52.8497, 4.4298], [-52.8508, 4.4298], [-52.8517, 4.43], [-52.853, 4.4287], [-52.8535, 4.4276], [-52.8543, 4.4257], [-52.8548, 4.4244], [-52.8551, 4.4232], [-52.8553, 4.4217], [-52.8553, 4.4205], [-52.8552, 4.4195], [-52.8547, 4.4182], [-52.8545, 4.4171], [-52.8561, 4.4161], [-52.8572, 4.4155], [-52.8586, 4.4148], [-52.8597, 4.4136], [-52.8597, 4.4122], [-52.8597, 4.4111], [-52.8599, 4.4098], [-52.8605, 4.4086], [-52.8601, 4.4066], [-52.8598, 4.4056], [-52.8597, 4.4043], [-52.8606, 4.403], [-52.863, 4.4015], [-52.8644, 4.4006], [-52.8653, 4.3994], [-52.866, 4.3982], [-52.8666, 4.3969], [-52.8667, 4.3957], [-52.8659, 4.3947], [-52.8658, 4.3937], [-52.8653, 4.3926], [-52.8655, 4.3916], [-52.8651, 4.3899], [-52.8634, 4.3895], [-52.8625, 4.3908], [-52.8615, 4.391], [-52.8606, 4.3896], [-52.8603, 4.3886], [-52.8595, 4.3887], [-52.8584, 4.3895], [-52.8576, 4.3894], [-52.8567, 4.3882], [-52.8568, 4.3872], [-52.8571, 4.3853], [-52.8571, 4.3841], [-52.8565, 4.3832], [-52.8566, 4.3822], [-52.8577, 4.3797], [-52.8575, 4.3787], [-52.8561, 4.3777], [-52.8555, 4.3767], [-52.8563, 4.3755], [-52.8571, 4.3748], [-52.8581, 4.3732], [-52.8577, 4.3715], [-52.8574, 4.3704], [-52.8574, 4.3681], [-52.8572, 4.3665], [-52.8568, 4.3646], [-52.8565, 4.3637], [-52.8558, 4.3627], [-52.8547, 4.3615], [-52.8538, 4.3614], [-52.8535, 4.3605], [-52.8537, 4.359], [-52.854, 4.357], [-52.8535, 4.3558], [-52.8537, 4.3547], [-52.8547, 4.3545], [-52.856, 4.3536], [-52.856, 4.3527], [-52.8553, 4.3518], [-52.8548, 4.3503], [-52.8539, 4.3496], [-52.8536, 4.3483], [-52.8524, 4.3478], [-52.8514, 4.3477], [-52.8502, 4.3466], [-52.8496, 4.3455], [-52.8492, 4.3443], [-52.8497, 4.3432], [-52.8495, 4.3423], [-52.8486, 4.3415], [-52.8477, 4.3411], [-52.8461, 4.3404], [-52.8453, 4.3393], [-52.845, 4.3379], [-52.8441, 4.3367], [-52.8435, 4.3356], [-52.8433, 4.3338], [-52.8415, 4.3323], [-52.84, 4.3319], [-52.8389, 4.3319], [-52.8378, 4.3315], [-52.8368, 4.3302], [-52.8364, 4.3282], [-52.836, 4.3264], [-52.8347, 4.3251], [-52.8338, 4.3247], [-52.8325, 4.3249], [-52.8309, 4.3257], [-52.8296, 4.3256], [-52.8288, 4.3246], [-52.8284, 4.3234], [-52.8278, 4.3219], [-52.8277, 4.3202], [-52.8279, 4.3192], [-52.8273, 4.3176], [-52.8263, 4.3162], [-52.8254, 4.3158], [-52.8246, 4.3153], [-52.8237, 4.314], [-52.8236, 4.3131], [-52.824, 4.3114], [-52.8246, 4.3103], [-52.8249, 4.3093], [-52.8245, 4.308], [-52.8238, 4.3069], [-52.8248, 4.3056], [-52.8248, 4.304], [-52.8242, 4.3025], [-52.8244, 4.3016], [-52.8255, 4.3018], [-52.8263, 4.3019], [-52.8279, 4.3007], [-52.8283, 4.2998], [-52.8294, 4.2982], [-52.8291, 4.2972], [-52.8279, 4.2963], [-52.8277, 4.2953], [-52.8277, 4.2937], [-52.8276, 4.2928], [-52.8271, 4.2915], [-52.8279, 4.2905], [-52.8285, 4.2896], [-52.828, 4.2887], [-52.8277, 4.2879], [-52.8277, 4.2868], [-52.8282, 4.286], [-52.8291, 4.2853], [-52.83, 4.2856], [-52.8308, 4.286], [-52.8318, 4.286], [-52.8329, 4.2851], [-52.8343, 4.2841], [-52.8353, 4.2837], [-52.8372, 4.2824], [-52.8381, 4.2813], [-52.8386, 4.28], [-52.8392, 4.2786], [-52.8389, 4.2773], [-52.8381, 4.2765], [-52.8364, 4.2761], [-52.8349, 4.2764], [-52.8336, 4.277], [-52.8327, 4.2767], [-52.8324, 4.2758], [-52.8315, 4.2748], [-52.8306, 4.2744], [-52.8295, 4.274], [-52.8285, 4.273], [-52.8274, 4.2721], [-52.8268, 4.271], [-52.8261, 4.27], [-52.825, 4.2685], [-52.8247, 4.267], [-52.8249, 4.2654], [-52.825, 4.2643], [-52.8251, 4.2635], [-52.8257, 4.2626], [-52.8268, 4.2617], [-52.8269, 4.2604], [-52.8263, 4.2591], [-52.8258, 4.2581], [-52.8255, 4.2572], [-52.8248, 4.2563], [-52.824, 4.2562], [-52.8224, 4.2566], [-52.8216, 4.2562], [-52.8219, 4.2551], [-52.822, 4.2542], [-52.8217, 4.2532], [-52.8229, 4.2517], [-52.8243, 4.2505], [-52.8249, 4.2494], [-52.8256, 4.2484], [-52.8266, 4.2468], [-52.8269, 4.2453], [-52.8266, 4.244], [-52.8256, 4.2435], [-52.824, 4.2425], [-52.8237, 4.241], [-52.8246, 4.2402], [-52.8258, 4.2395], [-52.8264, 4.2386], [-52.8262, 4.2373], [-52.8257, 4.2363], [-52.825, 4.2351], [-52.8249, 4.2331], [-52.8255, 4.2318], [-52.8273, 4.2308], [-52.8282, 4.2298], [-52.8283, 4.2287], [-52.8276, 4.2276], [-52.8265, 4.2276], [-52.8255, 4.2282], [-52.8234, 4.23], [-52.8221, 4.2305], [-52.8212, 4.2301], [-52.8207, 4.2285], [-52.8213, 4.2271], [-52.8222, 4.2258], [-52.8229, 4.2246], [-52.8226, 4.2232], [-52.8222, 4.2208], [-52.8224, 4.2196], [-52.8238, 4.2172], [-52.8246, 4.2159], [-52.825, 4.2146], [-52.8251, 4.2137], [-52.8257, 4.2122], [-52.8267, 4.2104], [-52.8272, 4.2092], [-52.8274, 4.2083], [-52.8273, 4.2071], [-52.8268, 4.2053], [-52.826, 4.2034], [-52.8251, 4.2017], [-52.8242, 4.2], [-52.8236, 4.1989], [-52.8236, 4.1978], [-52.8237, 4.1967], [-52.8244, 4.1957], [-52.8255, 4.1946], [-52.8259, 4.1937], [-52.825, 4.1922], [-52.8243, 4.1913], [-52.8244, 4.1896], [-52.8233, 4.1888], [-52.8225, 4.1887], [-52.8214, 4.1889], [-52.8211, 4.1879], [-52.8223, 4.1865], [-52.8232, 4.1856], [-52.8244, 4.1845], [-52.8253, 4.1839], [-52.8265, 4.1834], [-52.8274, 4.1832], [-52.8291, 4.183], [-52.8304, 4.1826], [-52.8314, 4.1823], [-52.833, 4.1829], [-52.8342, 4.1838], [-52.8356, 4.1848], [-52.8366, 4.1854], [-52.8375, 4.1855], [-52.8385, 4.1854], [-52.8394, 4.1853], [-52.8403, 4.185], [-52.8413, 4.1846], [-52.8422, 4.1845], [-52.8435, 4.1844], [-52.8446, 4.1838], [-52.8447, 4.1827], [-52.8437, 4.1799], [-52.8448, 4.1795], [-52.846, 4.1789], [-52.847, 4.1776], [-52.8482, 4.1761], [-52.8499, 4.1749], [-52.8525, 4.1741], [-52.8551, 4.1731], [-52.8569, 4.1722], [-52.8595, 4.1708], [-52.8616, 4.1693], [-52.8627, 4.1681], [-52.8615, 4.1673], [-52.8599, 4.1672], [-52.8592, 4.1662], [-52.8606, 4.1649], [-52.8614, 4.1642], [-52.8621, 4.163], [-52.8626, 4.1618], [-52.8627, 4.1607], [-52.862, 4.1589], [-52.8618, 4.1576], [-52.8613, 4.1565], [-52.8601, 4.1558], [-52.8593, 4.155], [-52.8599, 4.1541], [-52.8608, 4.1537], [-52.8618, 4.1534], [-52.8636, 4.1538], [-52.8649, 4.1546], [-52.8662, 4.1548], [-52.8682, 4.1537], [-52.8695, 4.153], [-52.8711, 4.1519], [-52.8731, 4.1508], [-52.8744, 4.1504], [-52.8757, 4.1512], [-52.8772, 4.1526], [-52.8798, 4.1525], [-52.8807, 4.152], [-52.8803, 4.1511], [-52.8802, 4.1497], [-52.8805, 4.1488], [-52.8812, 4.1478], [-52.8807, 4.1467], [-52.8806, 4.1458], [-52.8815, 4.1446], [-52.8825, 4.1443], [-52.8835, 4.1445], [-52.8846, 4.146], [-52.8857, 4.1467], [-52.8868, 4.1463], [-52.8879, 4.1451], [-52.8885, 4.1437], [-52.8882, 4.1418], [-52.8888, 4.1406], [-52.8892, 4.1397], [-52.8893, 4.1389], [-52.8892, 4.1378], [-52.8886, 4.136], [-52.8885, 4.1351], [-52.8901, 4.1342], [-52.8913, 4.1341], [-52.8926, 4.1349], [-52.8938, 4.1351], [-52.8947, 4.1345], [-52.8957, 4.1341], [-52.8969, 4.1344], [-52.8976, 4.1356], [-52.8983, 4.137], [-52.8998, 4.1376], [-52.9007, 4.1374], [-52.9019, 4.1363], [-52.9035, 4.1344], [-52.9046, 4.1331], [-52.9056, 4.1319], [-52.9065, 4.1303], [-52.9071, 4.1292], [-52.908, 4.1286], [-52.9095, 4.1288], [-52.9112, 4.1286], [-52.9121, 4.1283], [-52.9136, 4.1273], [-52.914, 4.1263], [-52.9134, 4.1251], [-52.9125, 4.1237], [-52.9125, 4.1228], [-52.9137, 4.1214], [-52.9163, 4.1193], [-52.9169, 4.1182], [-52.9164, 4.117], [-52.916, 4.1159], [-52.9169, 4.1146], [-52.916, 4.1131], [-52.915, 4.1122], [-52.9155, 4.1112], [-52.9164, 4.1105], [-52.9174, 4.1094], [-52.9184, 4.1089], [-52.9197, 4.1091], [-52.9211, 4.1088], [-52.922, 4.1078], [-52.9218, 4.1065], [-52.9209, 4.1043], [-52.9206, 4.1031], [-52.9199, 4.102], [-52.9186, 4.1015], [-52.9176, 4.1017], [-52.9164, 4.102], [-52.9154, 4.102], [-52.9143, 4.1017], [-52.9145, 4.1008], [-52.9155, 4.0994], [-52.9157, 4.0984], [-52.9156, 4.0972], [-52.9153, 4.0961], [-52.9142, 4.0939], [-52.9139, 4.0929], [-52.914, 4.0914], [-52.9151, 4.0899], [-52.9161, 4.0897], [-52.9173, 4.0906], [-52.9183, 4.0925], [-52.919, 4.0934], [-52.9207, 4.0932], [-52.9218, 4.0928], [-52.9234, 4.0921], [-52.9248, 4.0912], [-52.9258, 4.0907], [-52.9264, 4.0896], [-52.9272, 4.0876], [-52.9278, 4.0866], [-52.9293, 4.0856], [-52.9307, 4.085], [-52.9326, 4.0847], [-52.9336, 4.0847], [-52.934, 4.0857], [-52.9346, 4.0869], [-52.936, 4.0871], [-52.937, 4.0871], [-52.938, 4.0865], [-52.9386, 4.0854], [-52.9398, 4.0845], [-52.9409, 4.0843], [-52.942, 4.084], [-52.9434, 4.0833], [-52.9445, 4.0827], [-52.9451, 4.0813], [-52.9453, 4.0797], [-52.9452, 4.0782], [-52.9442, 4.0775], [-52.9421, 4.0783], [-52.941, 4.0785], [-52.9402, 4.0778], [-52.939, 4.0744], [-52.9379, 4.0734], [-52.937, 4.0727], [-52.937, 4.0713], [-52.9379, 4.0703], [-52.9397, 4.0694], [-52.9405, 4.068], [-52.9405, 4.066], [-52.9407, 4.0646], [-52.9407, 4.0634], [-52.939, 4.0619], [-52.9372, 4.0607], [-52.9365, 4.0593], [-52.9364, 4.0584], [-52.9378, 4.057], [-52.9393, 4.056], [-52.9402, 4.0552], [-52.9415, 4.0541], [-52.9429, 4.0523], [-52.944, 4.0504], [-52.9448, 4.0487], [-52.9457, 4.0464], [-52.9462, 4.0455], [-52.9472, 4.0449], [-52.9479, 4.0439], [-52.948, 4.0425], [-52.9486, 4.0414], [-52.9487, 4.0394], [-52.9503, 4.0378], [-52.9521, 4.0365], [-52.9538, 4.0358], [-52.9547, 4.0357], [-52.956, 4.0361], [-52.9565, 4.0371], [-52.9569, 4.0383], [-52.9577, 4.0388], [-52.9592, 4.0385], [-52.9604, 4.0374], [-52.9625, 4.0348], [-52.9635, 4.0333], [-52.9649, 4.0324], [-52.966, 4.0328], [-52.9683, 4.0349], [-52.9694, 4.036], [-52.9715, 4.0371], [-52.9729, 4.0374], [-52.974, 4.0374], [-52.9751, 4.0372], [-52.9777, 4.0355], [-52.9796, 4.034], [-52.9796, 4.0323], [-52.9789, 4.0308], [-52.9789, 4.0299], [-52.9799, 4.0289], [-52.9816, 4.0282], [-52.9829, 4.0278], [-52.9839, 4.0274], [-52.9841, 4.0263], [-52.9827, 4.0251], [-52.9817, 4.0246], [-52.9808, 4.0237], [-52.9804, 4.0221], [-52.9803, 4.021], [-52.9799, 4.0199], [-52.9798, 4.0188], [-52.9808, 4.0168], [-52.982, 4.0149], [-52.9835, 4.0134], [-52.9849, 4.0127], [-52.9859, 4.0126], [-52.9869, 4.0119], [-52.9872, 4.0109], [-52.987, 4.0095], [-52.9866, 4.0085], [-52.9869, 4.0072], [-52.9886, 4.0051], [-52.9892, 4.0042], [-52.9896, 4.0024], [-52.9902, 4.0015], [-52.9933, 3.9997], [-53.0073, 3.995], [-53.0209, 3.9899], [-53.0345, 3.9849], [-53.0382, 3.9793], [-53.0413, 3.9672], [-53.0483, 3.966], [-53.0538, 3.9727], [-53.0619, 3.9733], [-53.0704, 3.9655], [-53.0787, 3.9541], [-53.0872, 3.9529], [-53.1006, 3.9505], [-53.1051, 3.943], [-53.1132, 3.934], [-53.1232, 3.9292], [-53.1331, 3.9244], [-53.1431, 3.9195], [-53.1524, 3.9139], [-53.1549, 3.9045]]]}}, {"type": "Feature", "properties": {"nom": "Apatou", "code": "97360", "codeDepartement": "973", "siren": "219733607", "codeEpci": "249730037", "codeRegion": "03", "codesPostaux": ["97317"], "population": 10306}, "geometry": {"type": "Polygon", "coordinates": [[[-54.2629, 5.2761], [-54.2631, 5.2743], [-54.2629, 5.2727], [-54.2622, 5.2713], [-54.2609, 5.2705], [-54.2592, 5.2707], [-54.258, 5.2708], [-54.2573, 5.2697], [-54.2575, 5.2679], [-54.2579, 5.2668], [-54.2587, 5.2653], [-54.2591, 5.2643], [-54.2579, 5.2634], [-54.2569, 5.2632], [-54.2557, 5.2632], [-54.2558, 5.262], [-54.2568, 5.261], [-54.2573, 5.2588], [-54.2571, 5.2579], [-54.2561, 5.2582], [-54.2553, 5.2576], [-54.255, 5.2564], [-54.2545, 5.2549], [-54.2546, 5.2533], [-54.2548, 5.252], [-54.2553, 5.2529], [-54.2562, 5.2532], [-54.256, 5.2522], [-54.2562, 5.2509], [-54.2556, 5.2497], [-54.2556, 5.2488], [-54.2552, 5.2478], [-54.2563, 5.2474], [-54.2569, 5.2464], [-54.2577, 5.2449], [-54.2586, 5.2437], [-54.2586, 5.2427], [-54.2596, 5.2416], [-54.2597, 5.2407], [-54.2588, 5.241], [-54.2576, 5.241], [-54.2562, 5.2411], [-54.2567, 5.2401], [-54.2563, 5.2392], [-54.2559, 5.238], [-54.2559, 5.2368], [-54.2557, 5.2359], [-54.2557, 5.2347], [-54.2545, 5.2346], [-54.253, 5.2345], [-54.252, 5.2343], [-54.252, 5.2331], [-54.2514, 5.2322], [-54.2501, 5.2316], [-54.2499, 5.2304], [-54.2507, 5.2286], [-54.2511, 5.2258], [-54.2506, 5.2245], [-54.2494, 5.2233], [-54.2483, 5.2224], [-54.2466, 5.2224], [-54.2456, 5.2225], [-54.2443, 5.2226], [-54.2435, 5.2215], [-54.2425, 5.2196], [-54.2415, 5.2192], [-54.2403, 5.2197], [-54.2387, 5.2191], [-54.237, 5.2184], [-54.2361, 5.2173], [-54.2353, 5.2162], [-54.2338, 5.2151], [-54.2322, 5.2145], [-54.2317, 5.2132], [-54.2307, 5.2129], [-54.2301, 5.214], [-54.229, 5.2141], [-54.2281, 5.2134], [-54.2268, 5.2133], [-54.2245, 5.214], [-54.2234, 5.2142], [-54.2218, 5.2145], [-54.2211, 5.2161], [-54.2204, 5.2183], [-54.2199, 5.2192], [-54.2193, 5.2201], [-54.2182, 5.2203], [-54.2174, 5.2197], [-54.2172, 5.2186], [-54.2168, 5.2176], [-54.2173, 5.2165], [-54.2184, 5.2155], [-54.2184, 5.2146], [-54.2187, 5.2136], [-54.2187, 5.2127], [-54.2178, 5.2123], [-54.2189, 5.2114], [-54.2193, 5.2104], [-54.2182, 5.2101], [-54.2173, 5.21], [-54.2162, 5.2096], [-54.2152, 5.2086], [-54.2144, 5.2068], [-54.2141, 5.2059], [-54.2153, 5.2054], [-54.2162, 5.2059], [-54.2173, 5.206], [-54.217, 5.2052], [-54.2161, 5.2041], [-54.2154, 5.2031], [-54.2153, 5.2018], [-54.2156, 5.2007], [-54.2158, 5.1998], [-54.216, 5.1985], [-54.216, 5.1975], [-54.2153, 5.1964], [-54.2137, 5.1948], [-54.2129, 5.1944], [-54.213, 5.1935], [-54.2133, 5.1925], [-54.2138, 5.1914], [-54.2143, 5.1899], [-54.2145, 5.1888], [-54.2147, 5.1877], [-54.2155, 5.1864], [-54.2161, 5.1853], [-54.2169, 5.1845], [-54.2178, 5.1836], [-54.2183, 5.1826], [-54.2183, 5.1813], [-54.2182, 5.1802], [-54.2181, 5.1793], [-54.2171, 5.1785], [-54.2163, 5.1787], [-54.2154, 5.1787], [-54.2144, 5.1787], [-54.2132, 5.1785], [-54.2123, 5.1784], [-54.2103, 5.1783], [-54.2091, 5.1784], [-54.2082, 5.1783], [-54.2075, 5.1766], [-54.2078, 5.1756], [-54.2083, 5.1746], [-54.2085, 5.1736], [-54.2078, 5.1726], [-54.2068, 5.1729], [-54.2056, 5.1737], [-54.2047, 5.1737], [-54.2039, 5.1731], [-54.2028, 5.172], [-54.2027, 5.1709], [-54.2031, 5.17], [-54.204, 5.1693], [-54.2028, 5.1689], [-54.2017, 5.1692], [-54.2009, 5.1696], [-54.1999, 5.1698], [-54.1988, 5.1704], [-54.1974, 5.1705], [-54.1965, 5.1704], [-54.1956, 5.1699], [-54.1952, 5.1689], [-54.1942, 5.1679], [-54.1929, 5.1674], [-54.192, 5.1669], [-54.191, 5.166], [-54.1901, 5.1657], [-54.1907, 5.1646], [-54.1908, 5.1637], [-54.1904, 5.1629], [-54.1907, 5.1619], [-54.1896, 5.1607], [-54.1887, 5.1595], [-54.1877, 5.159], [-54.1867, 5.1592], [-54.1868, 5.1582], [-54.186, 5.1571], [-54.1867, 5.1561], [-54.1867, 5.1551], [-54.1859, 5.1547], [-54.1847, 5.1547], [-54.183, 5.1551], [-54.1818, 5.1554], [-54.1806, 5.1556], [-54.1795, 5.1556], [-54.1783, 5.1555], [-54.1773, 5.155], [-54.1773, 5.1541], [-54.1764, 5.1537], [-54.1758, 5.1528], [-54.1747, 5.1524], [-54.1745, 5.1512], [-54.1755, 5.1509], [-54.1754, 5.1499], [-54.1765, 5.1494], [-54.1756, 5.1487], [-54.1755, 5.1477], [-54.1756, 5.1467], [-54.1758, 5.1455], [-54.1768, 5.1449], [-54.178, 5.1455], [-54.1788, 5.1448], [-54.179, 5.1436], [-54.1793, 5.1424], [-54.1783, 5.1424], [-54.1775, 5.1413], [-54.178, 5.1404], [-54.1771, 5.1404], [-54.1765, 5.1395], [-54.1773, 5.1389], [-54.1767, 5.138], [-54.1757, 5.1386], [-54.1748, 5.1387], [-54.1756, 5.1381], [-54.1756, 5.1372], [-54.1751, 5.1357], [-54.1749, 5.1348], [-54.1746, 5.1336], [-54.1739, 5.1327], [-54.1733, 5.1314], [-54.1725, 5.1302], [-54.1723, 5.1293], [-54.1732, 5.1292], [-54.1745, 5.1285], [-54.1756, 5.1282], [-54.1765, 5.1278], [-54.1773, 5.1271], [-54.1779, 5.1262], [-54.1787, 5.1253], [-54.1793, 5.1244], [-54.1797, 5.1235], [-54.1797, 5.1223], [-54.1794, 5.121], [-54.179, 5.1198], [-54.179, 5.1189], [-54.1795, 5.118], [-54.1803, 5.1175], [-54.1812, 5.117], [-54.1821, 5.1164], [-54.1827, 5.1155], [-54.183, 5.1144], [-54.1834, 5.1133], [-54.1845, 5.1125], [-54.1856, 5.1119], [-54.1867, 5.1108], [-54.1877, 5.1098], [-54.1887, 5.1092], [-54.1893, 5.1084], [-54.1904, 5.1075], [-54.1923, 5.1073], [-54.1929, 5.1064], [-54.1934, 5.1054], [-54.1934, 5.1044], [-54.1931, 5.1034], [-54.193, 5.1023], [-54.1934, 5.1011], [-54.1943, 5.1004], [-54.1952, 5.1004], [-54.1957, 5.1012], [-54.1963, 5.1024], [-54.1973, 5.1019], [-54.1977, 5.101], [-54.1988, 5.0997], [-54.1998, 5.0992], [-54.2011, 5.0983], [-54.2019, 5.0978], [-54.2031, 5.0972], [-54.2041, 5.0963], [-54.205, 5.0961], [-54.2055, 5.095], [-54.2064, 5.094], [-54.2057, 5.0931], [-54.2071, 5.0924], [-54.2072, 5.0915], [-54.2074, 5.0906], [-54.2076, 5.0897], [-54.2073, 5.0888], [-54.2086, 5.0883], [-54.2094, 5.0888], [-54.2088, 5.0879], [-54.2095, 5.087], [-54.2104, 5.0863], [-54.2114, 5.0857], [-54.2122, 5.0854], [-54.212, 5.0845], [-54.2112, 5.0842], [-54.2122, 5.0836], [-54.2127, 5.0846], [-54.2135, 5.0844], [-54.2133, 5.0832], [-54.2141, 5.0825], [-54.2143, 5.0816], [-54.2149, 5.0806], [-54.2155, 5.0792], [-54.216, 5.0782], [-54.2168, 5.0773], [-54.2155, 5.0771], [-54.2156, 5.0758], [-54.2167, 5.0753], [-54.2176, 5.075], [-54.2186, 5.0743], [-54.2183, 5.0752], [-54.2192, 5.0746], [-54.2202, 5.0753], [-54.22, 5.074], [-54.2208, 5.0731], [-54.2209, 5.0722], [-54.2199, 5.0726], [-54.2188, 5.0718], [-54.2181, 5.0708], [-54.219, 5.0696], [-54.2182, 5.0687], [-54.2192, 5.0686], [-54.2194, 5.0674], [-54.2185, 5.0668], [-54.2183, 5.0657], [-54.2187, 5.0647], [-54.2188, 5.0637], [-54.2188, 5.0626], [-54.2196, 5.0616], [-54.2205, 5.0607], [-54.2202, 5.0598], [-54.2193, 5.0597], [-54.2183, 5.0601], [-54.2178, 5.0592], [-54.2179, 5.0581], [-54.2168, 5.0571], [-54.2166, 5.0562], [-54.2156, 5.0561], [-54.2157, 5.0552], [-54.216, 5.0542], [-54.2151, 5.0544], [-54.2149, 5.0535], [-54.2146, 5.0524], [-54.2143, 5.0509], [-54.2144, 5.05], [-54.2133, 5.0491], [-54.2123, 5.0484], [-54.2125, 5.0475], [-54.2115, 5.0472], [-54.2106, 5.0472], [-54.2107, 5.0463], [-54.2111, 5.0454], [-54.2117, 5.0445], [-54.212, 5.0435], [-54.2114, 5.0424], [-54.2105, 5.0417], [-54.2107, 5.0408], [-54.2098, 5.0406], [-54.2098, 5.0416], [-54.2089, 5.041], [-54.2091, 5.0398], [-54.2102, 5.0388], [-54.2121, 5.0379], [-54.213, 5.037], [-54.2142, 5.0366], [-54.215, 5.0367], [-54.2158, 5.0357], [-54.2152, 5.0348], [-54.2161, 5.0346], [-54.2152, 5.034], [-54.2154, 5.0331], [-54.2145, 5.0324], [-54.2146, 5.0315], [-54.2155, 5.0318], [-54.215, 5.0308], [-54.2145, 5.0298], [-54.2134, 5.0296], [-54.2124, 5.0296], [-54.2116, 5.0291], [-54.2115, 5.0277], [-54.2113, 5.0263], [-54.2114, 5.0252], [-54.2124, 5.0245], [-54.2135, 5.0239], [-54.2145, 5.0236], [-54.2155, 5.0235], [-54.219, 5.0234], [-54.22, 5.0237], [-54.2208, 5.0227], [-54.2215, 5.0215], [-54.2225, 5.0205], [-54.2234, 5.0201], [-54.2245, 5.0196], [-54.2256, 5.0188], [-54.2266, 5.0194], [-54.2274, 5.02], [-54.2286, 5.0207], [-54.2295, 5.0208], [-54.2316, 5.0209], [-54.2312, 5.0198], [-54.2303, 5.0189], [-54.2312, 5.018], [-54.2311, 5.0163], [-54.232, 5.0151], [-54.2326, 5.0142], [-54.2328, 5.0131], [-54.2327, 5.0121], [-54.2326, 5.011], [-54.2328, 5.0101], [-54.232, 5.0092], [-54.233, 5.009], [-54.2341, 5.0091], [-54.2349, 5.0091], [-54.2359, 5.0097], [-54.2365, 5.0088], [-54.2371, 5.0079], [-54.2369, 5.0068], [-54.2378, 5.0064], [-54.2387, 5.0061], [-54.2396, 5.0064], [-54.2407, 5.0062], [-54.2416, 5.0061], [-54.2406, 5.0053], [-54.2415, 5.0047], [-54.2418, 5.0037], [-54.2429, 5.0038], [-54.2441, 5.0036], [-54.245, 5.0026], [-54.2454, 5.0015], [-54.2463, 5.0007], [-54.247, 4.9996], [-54.2476, 4.9986], [-54.2485, 4.9981], [-54.2495, 4.9975], [-54.2503, 4.9965], [-54.2507, 4.9955], [-54.2509, 4.9946], [-54.2515, 4.9934], [-54.2524, 4.9928], [-54.2522, 4.9919], [-54.2533, 4.9911], [-54.2532, 4.9901], [-54.2528, 4.9892], [-54.2529, 4.9883], [-54.2537, 4.9882], [-54.2547, 4.9883], [-54.2558, 4.9877], [-54.2567, 4.987], [-54.2577, 4.987], [-54.2586, 4.9861], [-54.2596, 4.9852], [-54.2588, 4.9843], [-54.2597, 4.9839], [-54.2606, 4.9845], [-54.2614, 4.984], [-54.2623, 4.9843], [-54.2627, 4.9833], [-54.2637, 4.9838], [-54.2646, 4.9831], [-54.264, 4.982], [-54.2639, 4.9811], [-54.2644, 4.9799], [-54.2649, 4.9789], [-54.2659, 4.9779], [-54.267, 4.9772], [-54.2679, 4.977], [-54.2688, 4.9774], [-54.2698, 4.9785], [-54.2706, 4.9783], [-54.2705, 4.9772], [-54.2699, 4.9763], [-54.2698, 4.9753], [-54.2701, 4.9742], [-54.2698, 4.9733], [-54.2704, 4.9724], [-54.2701, 4.9713], [-54.2704, 4.9703], [-54.2704, 4.9693], [-54.2714, 4.968], [-54.2722, 4.967], [-54.2729, 4.9659], [-54.2742, 4.9655], [-54.2752, 4.9653], [-54.2758, 4.9642], [-54.2757, 4.9632], [-54.2747, 4.9625], [-54.2745, 4.9613], [-54.2745, 4.9604], [-54.2752, 4.9594], [-54.2741, 4.9593], [-54.2746, 4.9584], [-54.2737, 4.9579], [-54.2733, 4.9569], [-54.2745, 4.9567], [-54.276, 4.9563], [-54.2769, 4.9558], [-54.2774, 4.9547], [-54.2785, 4.9539], [-54.2789, 4.9529], [-54.2793, 4.952], [-54.2796, 4.951], [-54.2805, 4.9508], [-54.281, 4.9517], [-54.2811, 4.9507], [-54.2817, 4.9497], [-54.2808, 4.9493], [-54.2801, 4.9482], [-54.2792, 4.9489], [-54.2786, 4.95], [-54.277, 4.9502], [-54.276, 4.95], [-54.2749, 4.9493], [-54.2738, 4.9488], [-54.2727, 4.9481], [-54.2706, 4.948], [-54.2698, 4.9487], [-54.2689, 4.9495], [-54.268, 4.9502], [-54.2679, 4.9493], [-54.2674, 4.9484], [-54.2667, 4.9474], [-54.2662, 4.9463], [-54.2663, 4.945], [-54.2664, 4.9441], [-54.2672, 4.9436], [-54.2666, 4.9423], [-54.2661, 4.9414], [-54.2656, 4.9404], [-54.2665, 4.9403], [-54.266, 4.9393], [-54.2664, 4.9383], [-54.2671, 4.9372], [-54.2677, 4.9363], [-54.2676, 4.9352], [-54.269, 4.9345], [-54.2699, 4.9342], [-54.2706, 4.9332], [-54.2696, 4.9323], [-54.2684, 4.932], [-54.2674, 4.9326], [-54.2662, 4.9316], [-54.2653, 4.9316], [-54.2649, 4.9325], [-54.2643, 4.9316], [-54.2655, 4.9309], [-54.2665, 4.9301], [-54.2665, 4.9293], [-54.2654, 4.9288], [-54.2644, 4.929], [-54.265, 4.928], [-54.2638, 4.9276], [-54.2628, 4.928], [-54.2616, 4.9281], [-54.2608, 4.9269], [-54.2611, 4.926], [-54.26, 4.9254], [-54.2599, 4.9244], [-54.259, 4.9241], [-54.2584, 4.9232], [-54.2576, 4.9236], [-54.2566, 4.9237], [-54.2555, 4.9232], [-54.2547, 4.9223], [-54.2538, 4.9226], [-54.2529, 4.9215], [-54.2519, 4.9217], [-54.2518, 4.9207], [-54.2518, 4.9198], [-54.2522, 4.9189], [-54.2514, 4.9194], [-54.2507, 4.9184], [-54.2507, 4.9175], [-54.2506, 4.9167], [-54.2497, 4.9163], [-54.2495, 4.9154], [-54.2501, 4.9142], [-54.25, 4.9131], [-54.2512, 4.9133], [-54.2522, 4.9131], [-54.2528, 4.9116], [-54.2519, 4.9123], [-54.2514, 4.9109], [-54.2508, 4.91], [-54.2497, 4.9095], [-54.2486, 4.9089], [-54.2479, 4.908], [-54.2477, 4.9071], [-54.2482, 4.9062], [-54.2477, 4.9053], [-54.2487, 4.9046], [-54.2482, 4.9037], [-54.2481, 4.9028], [-54.2472, 4.9028], [-54.2463, 4.902], [-54.2459, 4.9029], [-54.245, 4.9036], [-54.2441, 4.9041], [-54.2433, 4.9048], [-54.2423, 4.9045], [-54.2413, 4.9044], [-54.2405, 4.9038], [-54.2393, 4.905], [-54.2383, 4.9054], [-54.2375, 4.9048], [-54.2365, 4.9046], [-54.2356, 4.9041], [-54.2344, 4.9043], [-54.2334, 4.9043], [-54.2326, 4.9037], [-54.2316, 4.9037], [-54.2304, 4.9045], [-54.2298, 4.9054], [-54.2295, 4.9065], [-54.2288, 4.9076], [-54.2278, 4.9077], [-54.2269, 4.9077], [-54.226, 4.9071], [-54.2251, 4.9082], [-54.2238, 4.9078], [-54.2227, 4.9076], [-54.2224, 4.9068], [-54.2219, 4.9059], [-54.2214, 4.9048], [-54.2206, 4.9043], [-54.2193, 4.9043], [-54.2188, 4.9029], [-54.218, 4.902], [-54.2172, 4.902], [-54.2169, 4.901], [-54.2166, 4.8998], [-54.2157, 4.899], [-54.2147, 4.8985], [-54.2143, 4.8976], [-54.214, 4.8967], [-54.2133, 4.8958], [-54.2129, 4.8949], [-54.2124, 4.8938], [-54.2116, 4.8935], [-54.2121, 4.8925], [-54.2125, 4.8913], [-54.2115, 4.8903], [-54.2105, 4.8893], [-54.21, 4.8883], [-54.21, 4.8856], [-54.2094, 4.8846], [-54.2088, 4.8832], [-54.2076, 4.8828], [-54.2063, 4.882], [-54.2053, 4.8812], [-54.2062, 4.8805], [-54.206, 4.8794], [-54.2053, 4.8786], [-54.2051, 4.8776], [-54.2056, 4.8767], [-54.205, 4.8757], [-54.2052, 4.8748], [-54.2057, 4.8738], [-54.2066, 4.8736], [-54.2065, 4.8727], [-54.206, 4.8717], [-54.2065, 4.8708], [-54.206, 4.8699], [-54.2065, 4.8688], [-54.2057, 4.8679], [-54.2047, 4.8675], [-54.2045, 4.8666], [-54.2042, 4.8657], [-54.2044, 4.8649], [-54.2039, 4.864], [-54.2028, 4.8636], [-54.2026, 4.8626], [-54.2017, 4.8617], [-54.2009, 4.8624], [-54.2, 4.8616], [-54.1992, 4.8609], [-54.1986, 4.8598], [-54.1983, 4.8588], [-54.1977, 4.8596], [-54.1967, 4.8592], [-54.1957, 4.8584], [-54.1949, 4.8577], [-54.194, 4.857], [-54.1944, 4.8559], [-54.1954, 4.8555], [-54.1963, 4.8545], [-54.1965, 4.8534], [-54.1957, 4.8525], [-54.1948, 4.8514], [-54.194, 4.8505], [-54.1943, 4.8496], [-54.1943, 4.8485], [-54.1943, 4.8476], [-54.1947, 4.8462], [-54.1951, 4.8447], [-54.1956, 4.8435], [-54.1961, 4.8421], [-54.197, 4.8416], [-54.1979, 4.8414], [-54.1983, 4.8404], [-54.198, 4.8395], [-54.1969, 4.8392], [-54.1962, 4.8383], [-54.1953, 4.8381], [-54.1945, 4.8385], [-54.1937, 4.8372], [-54.1929, 4.8363], [-54.192, 4.8367], [-54.1922, 4.8358], [-54.1906, 4.8347], [-54.1897, 4.8342], [-54.1914, 4.832], [-54.1906, 4.8309], [-54.1905, 4.8297], [-54.1897, 4.8284], [-54.1895, 4.8275], [-54.1884, 4.8272], [-54.1875, 4.8278], [-54.1845, 4.8278], [-54.1811, 4.8281], [-54.1806, 4.8272], [-54.1764, 4.8272], [-54.1747, 4.8264], [-54.1728, 4.8245], [-54.1717, 4.8236], [-54.17, 4.822], [-54.1678, 4.82], [-54.1667, 4.8186], [-54.1661, 4.8175], [-54.1647, 4.8172], [-54.1639, 4.8172], [-54.1628, 4.8161], [-54.1628, 4.8145], [-54.1625, 4.8128], [-54.1631, 4.8117], [-54.1634, 4.81], [-54.1636, 4.8086], [-54.1625, 4.807], [-54.1625, 4.8031], [-54.1606, 4.8014], [-54.1597, 4.8], [-54.1597, 4.7986], [-54.1584, 4.7978], [-54.1581, 4.7967], [-54.1559, 4.7939], [-54.1522, 4.7939], [-54.1484, 4.7897], [-54.1475, 4.7886], [-54.1464, 4.7872], [-54.145, 4.7856], [-54.1441, 4.7833], [-54.1431, 4.7817], [-54.1428, 4.7805], [-54.1435, 4.7786], [-54.1451, 4.7787], [-54.1468, 4.7808], [-54.1486, 4.7838], [-54.1503, 4.7845], [-54.1542, 4.7833], [-54.1578, 4.7818], [-54.1588, 4.7804], [-54.1569, 4.7768], [-54.1568, 4.7753], [-54.1583, 4.774], [-54.1609, 4.7729], [-54.1623, 4.7726], [-54.1647, 4.7742], [-54.1682, 4.7769], [-54.1701, 4.7763], [-54.1713, 4.7755], [-54.1733, 4.7735], [-54.1742, 4.772], [-54.1752, 4.7734], [-54.1761, 4.7738], [-54.1765, 4.7726], [-54.1766, 4.7707], [-54.1767, 4.7691], [-54.1787, 4.7666], [-54.1787, 4.7648], [-54.1771, 4.7624], [-54.1763, 4.7615], [-54.176, 4.7601], [-54.1756, 4.7587], [-54.1757, 4.7568], [-54.174, 4.7524], [-54.1732, 4.7512], [-54.1719, 4.7508], [-54.1707, 4.7509], [-54.1686, 4.7504], [-54.1673, 4.7508], [-54.1666, 4.752], [-54.1651, 4.7482], [-54.1639, 4.7477], [-54.1604, 4.7476], [-54.1588, 4.7477], [-54.1576, 4.7458], [-54.1561, 4.7426], [-54.1557, 4.7406], [-54.1542, 4.7392], [-54.1532, 4.7366], [-54.1523, 4.7361], [-54.1482, 4.7358], [-54.1449, 4.7361], [-54.143, 4.7342], [-54.1426, 4.7321], [-54.1384, 4.7302], [-54.1345, 4.7288], [-54.1333, 4.7287], [-54.1311, 4.729], [-54.1295, 4.73], [-54.1286, 4.731], [-54.1273, 4.7312], [-54.1235, 4.7299], [-54.1208, 4.7294], [-54.1193, 4.7296], [-54.118, 4.7302], [-54.1163, 4.7321], [-54.1157, 4.7334], [-54.1152, 4.7353], [-54.1136, 4.7364], [-54.1121, 4.7376], [-54.1114, 4.7388], [-54.1103, 4.74], [-54.1085, 4.74], [-54.1073, 4.7405], [-54.1062, 4.7377], [-54.1064, 4.735], [-54.1039, 4.733], [-54.1034, 4.7295], [-54.1036, 4.7281], [-54.1047, 4.7273], [-54.1031, 4.7254], [-54.1018, 4.724], [-54.104, 4.7215], [-54.1057, 4.7204], [-54.1073, 4.7181], [-54.1103, 4.7168], [-54.1127, 4.7155], [-54.1135, 4.7147], [-54.1103, 4.7145], [-54.1067, 4.7131], [-54.1043, 4.7133], [-54.1029, 4.7147], [-54.1017, 4.7152], [-54.0997, 4.714], [-54.0975, 4.7151], [-54.0932, 4.7135], [-54.0892, 4.7139], [-54.0867, 4.7148], [-54.0847, 4.7155], [-54.0824, 4.7145], [-54.0787, 4.7128], [-54.0774, 4.7121], [-54.0735, 4.7076], [-54.0733, 4.7064], [-54.0738, 4.7036], [-54.0737, 4.7023], [-54.0727, 4.7007], [-54.0675, 4.6963], [-54.067, 4.695], [-54.0668, 4.6927], [-54.0652, 4.6922], [-54.0617, 4.6939], [-54.0603, 4.6946], [-54.0584, 4.6974], [-54.0573, 4.6985], [-54.0555, 4.6971], [-54.0538, 4.6949], [-54.0535, 4.6928], [-54.0507, 4.6925], [-54.0473, 4.6924], [-54.0437, 4.694], [-54.0428, 4.6932], [-54.0438, 4.6909], [-54.0432, 4.6896], [-54.0416, 4.688], [-54.0403, 4.6893], [-54.0387, 4.6922], [-54.0351, 4.6942], [-54.034, 4.6949], [-54.0325, 4.6952], [-54.0307, 4.6935], [-54.0293, 4.6913], [-54.0277, 4.6874], [-54.0251, 4.6852], [-54.022, 4.6843], [-54.0174, 4.6844], [-54.016, 4.6842], [-54.0154, 4.6816], [-54.0139, 4.6801], [-54.0128, 4.6804], [-54.0106, 4.6828], [-54.0075, 4.6846], [-54.0053, 4.6838], [-54.0029, 4.6848], [-54.0016, 4.684], [-54.0001, 4.6824], [-53.9967, 4.6831], [-53.9928, 4.6832], [-53.9907, 4.6828], [-53.9884, 4.6842], [-53.9867, 4.687], [-53.9822, 4.6914], [-53.9815, 4.6949], [-53.9804, 4.6967], [-53.9785, 4.6988], [-53.9742, 4.6991], [-53.9687, 4.6973], [-53.9646, 4.6945], [-53.9594, 4.6962], [-53.9547, 4.6968], [-53.9524, 4.6966], [-53.951, 4.6946], [-53.9452, 4.6932], [-53.9445, 4.6921], [-53.9448, 4.6886], [-53.9447, 4.6847], [-53.9471, 4.6811], [-53.9486, 4.679], [-53.9507, 4.6773], [-53.9531, 4.6759], [-53.9543, 4.6736], [-53.9552, 4.6725], [-53.956, 4.6712], [-53.9558, 4.6675], [-53.9565, 4.6656], [-53.9583, 4.6645], [-53.9617, 4.6607], [-53.9633, 4.6584], [-53.9643, 4.6545], [-53.9644, 4.6519], [-53.9632, 4.6495], [-53.9622, 4.6461], [-53.9627, 4.6449], [-53.9644, 4.643], [-53.9642, 4.6413], [-53.9652, 4.6402], [-53.9683, 4.6391], [-53.9698, 4.6378], [-53.9709, 4.6354], [-53.9713, 4.6339], [-53.9718, 4.6317], [-53.9715, 4.63], [-53.9727, 4.6287], [-53.9739, 4.6281], [-53.976, 4.6281], [-53.9783, 4.6276], [-53.9796, 4.6248], [-53.9811, 4.6228], [-53.9788, 4.6217], [-53.9794, 4.6199], [-53.9771, 4.6187], [-53.9779, 4.6178], [-53.9807, 4.6164], [-53.9795, 4.6139], [-53.9783, 4.613], [-53.9791, 4.6118], [-53.9786, 4.6099], [-53.9803, 4.6068], [-53.9787, 4.6058], [-53.9786, 4.6034], [-53.9775, 4.6005], [-53.9778, 4.598], [-53.9765, 4.5963], [-53.9767, 4.5949], [-53.9766, 4.5924], [-53.9775, 4.59], [-53.9784, 4.5892], [-53.9803, 4.5875], [-53.982, 4.5859], [-53.9834, 4.5853], [-53.9847, 4.5842], [-53.9878, 4.5842], [-53.99, 4.5839], [-53.9911, 4.5836], [-53.992, 4.5831], [-53.9934, 4.582], [-53.9959, 4.5817], [-53.9984, 4.5792], [-53.9992, 4.5781], [-54.0006, 4.5772], [-54.0017, 4.5767], [-54.0034, 4.5745], [-54.0034, 4.5731], [-54.0053, 4.5711], [-54.0059, 4.5703], [-54.0067, 4.5695], [-54.0067, 4.5686], [-54.0081, 4.5672], [-54.0103, 4.5659], [-54.0114, 4.5653], [-54.0142, 4.5656], [-54.0156, 4.5642], [-54.0172, 4.5634], [-54.0184, 4.5625], [-54.027, 4.5625], [-54.0287, 4.5614], [-54.0336, 4.56], [-54.035, 4.5592], [-54.04, 4.5592], [-54.0434, 4.5595], [-54.0442, 4.5586], [-54.045, 4.5581], [-54.0464, 4.5581], [-54.0484, 4.5575], [-54.0503, 4.5572], [-54.0517, 4.5564], [-54.0537, 4.5561], [-54.0614, 4.5561], [-54.0634, 4.5547], [-54.067, 4.5547], [-54.0684, 4.5536], [-54.0759, 4.5536], [-54.077, 4.5525], [-54.0806, 4.5525], [-54.0831, 4.55], [-54.0836, 4.5484], [-54.0847, 4.5472], [-54.0856, 4.5478], [-54.0886, 4.5478], [-54.0909, 4.5456], [-54.0925, 4.545], [-54.0937, 4.5439], [-54.0947, 4.5445], [-54.0953, 4.5455], [-54.0964, 4.5463], [-54.0973, 4.5462], [-54.0983, 4.5461], [-54.0995, 4.5449], [-54.1008, 4.5443], [-54.1018, 4.544], [-54.103, 4.5441], [-54.1031, 4.5451], [-54.1039, 4.5456], [-54.1039, 4.5465], [-54.1048, 4.5465], [-54.1057, 4.5456], [-54.1071, 4.5451], [-54.108, 4.5454], [-54.1088, 4.5446], [-54.1098, 4.5446], [-54.111, 4.5447], [-54.1118, 4.5448], [-54.1136, 4.5456], [-54.1147, 4.5458], [-54.1157, 4.5458], [-54.1168, 4.545], [-54.1174, 4.5437], [-54.1183, 4.543], [-54.1195, 4.5438], [-54.1195, 4.5428], [-54.1193, 4.5417], [-54.1195, 4.5408], [-54.1201, 4.5398], [-54.1212, 4.5392], [-54.1221, 4.5391], [-54.1233, 4.5393], [-54.1244, 4.5384], [-54.1253, 4.5378], [-54.1263, 4.5383], [-54.1273, 4.5379], [-54.1281, 4.5385], [-54.1291, 4.5395], [-54.1296, 4.5386], [-54.1305, 4.5383], [-54.1313, 4.5377], [-54.1322, 4.5374], [-54.1333, 4.537], [-54.1342, 4.5369], [-54.1351, 4.5367], [-54.136, 4.5369], [-54.1374, 4.5382], [-54.1377, 4.5392], [-54.1381, 4.5403], [-54.1378, 4.5414], [-54.1386, 4.5424], [-54.1384, 4.5433], [-54.1393, 4.5441], [-54.1407, 4.5443], [-54.1417, 4.5445], [-54.1426, 4.5446], [-54.1435, 4.5448], [-54.1444, 4.544], [-54.1452, 4.5443], [-54.1463, 4.5451], [-54.1467, 4.546], [-54.1472, 4.545], [-54.1471, 4.5437], [-54.1469, 4.5427], [-54.1461, 4.542], [-54.1469, 4.5419], [-54.1478, 4.5419], [-54.1487, 4.542], [-54.1494, 4.5407], [-54.1504, 4.5415], [-54.1512, 4.5409], [-54.1518, 4.5399], [-54.1528, 4.5399], [-54.1538, 4.5399], [-54.1548, 4.54], [-54.1555, 4.5391], [-54.1564, 4.5389], [-54.1569, 4.5399], [-54.1578, 4.5396], [-54.1573, 4.5405], [-54.1582, 4.5399], [-54.1592, 4.5399], [-54.1603, 4.5404], [-54.1614, 4.5405], [-54.1623, 4.5401], [-54.1632, 4.5396], [-54.1642, 4.5399], [-54.1647, 4.539], [-54.1659, 4.5393], [-54.167, 4.5394], [-54.1679, 4.5395], [-54.1688, 4.5403], [-54.1686, 4.5412], [-54.1695, 4.5416], [-54.1704, 4.5409], [-54.1713, 4.5414], [-54.1728, 4.5418], [-54.1738, 4.5431], [-54.1742, 4.5441], [-54.1745, 4.545], [-54.1747, 4.5459], [-54.1756, 4.5471], [-54.1766, 4.5469], [-54.1777, 4.5468], [-54.1773, 4.5477], [-54.1783, 4.5481], [-54.1792, 4.5479], [-54.1803, 4.5471], [-54.1812, 4.5474], [-54.182, 4.5471], [-54.1831, 4.5472], [-54.1842, 4.5468], [-54.185, 4.5468], [-54.1847, 4.5478], [-54.1856, 4.5488], [-54.187, 4.5489], [-54.1875, 4.5479], [-54.1884, 4.5474], [-54.1894, 4.5477], [-54.1902, 4.5468], [-54.1911, 4.5465], [-54.1912, 4.5455], [-54.1923, 4.5463], [-54.1932, 4.5477], [-54.194, 4.5482], [-54.1947, 4.5492], [-54.1954, 4.5504], [-54.1956, 4.5513], [-54.1958, 4.5527], [-54.197, 4.5524], [-54.1974, 4.5532], [-54.1975, 4.5541], [-54.198, 4.5552], [-54.1991, 4.5549], [-54.2, 4.5554], [-54.2012, 4.5555], [-54.2014, 4.5543], [-54.2025, 4.5542], [-54.2034, 4.555], [-54.2044, 4.5556], [-54.2054, 4.5558], [-54.2063, 4.5561], [-54.2072, 4.5565], [-54.2083, 4.5571], [-54.2095, 4.5577], [-54.2107, 4.5582], [-54.2118, 4.5585], [-54.2126, 4.559], [-54.2133, 4.56], [-54.2133, 4.559], [-54.2142, 4.5591], [-54.215, 4.5588], [-54.2151, 4.5597], [-54.216, 4.5597], [-54.2169, 4.5596], [-54.2174, 4.5584], [-54.2181, 4.5593], [-54.2191, 4.5596], [-54.2189, 4.5605], [-54.2202, 4.5604], [-54.2212, 4.5602], [-54.2223, 4.5606], [-54.2231, 4.5607], [-54.2241, 4.561], [-54.225, 4.561], [-54.2252, 4.5619], [-54.2261, 4.5614], [-54.2271, 4.5617], [-54.2281, 4.561], [-54.229, 4.5618], [-54.2299, 4.5609], [-54.231, 4.5611], [-54.232, 4.5605], [-54.233, 4.5604], [-54.2339, 4.5608], [-54.235, 4.561], [-54.2363, 4.5619], [-54.2365, 4.561], [-54.2372, 4.562], [-54.2383, 4.5628], [-54.2392, 4.5633], [-54.24, 4.5627], [-54.2406, 4.5638], [-54.241, 4.5647], [-54.2419, 4.5651], [-54.2428, 4.565], [-54.2433, 4.566], [-54.2428, 4.567], [-54.2437, 4.5672], [-54.2439, 4.5683], [-54.2449, 4.5685], [-54.2451, 4.5699], [-54.2451, 4.5709], [-54.246, 4.5716], [-54.2467, 4.5725], [-54.2467, 4.5737], [-54.247, 4.5747], [-54.2474, 4.5757], [-54.2468, 4.5767], [-54.2477, 4.5772], [-54.2486, 4.5775], [-54.2497, 4.5777], [-54.2505, 4.5779], [-54.2514, 4.5782], [-54.2516, 4.5792], [-54.2519, 4.5801], [-54.2529, 4.5808], [-54.2539, 4.5811], [-54.2549, 4.5811], [-54.2558, 4.5819], [-54.2567, 4.582], [-54.2576, 4.5812], [-54.2586, 4.5812], [-54.2593, 4.5802], [-54.2605, 4.5804], [-54.2615, 4.5805], [-54.2624, 4.58], [-54.2633, 4.5795], [-54.2629, 4.5804], [-54.2639, 4.5804], [-54.2651, 4.5798], [-54.266, 4.5796], [-54.2667, 4.5787], [-54.2677, 4.5779], [-54.2681, 4.577], [-54.2691, 4.577], [-54.2702, 4.576], [-54.2712, 4.5759], [-54.2724, 4.5757], [-54.2739, 4.5755], [-54.2748, 4.5744], [-54.2759, 4.5749], [-54.277, 4.5743], [-54.2779, 4.5742], [-54.2788, 4.5739], [-54.2797, 4.5746], [-54.281, 4.5743], [-54.2809, 4.5752], [-54.2822, 4.5762], [-54.283, 4.5772], [-54.2841, 4.578], [-54.2851, 4.5783], [-54.2866, 4.5789], [-54.2876, 4.5794], [-54.2884, 4.5787], [-54.2885, 4.5797], [-54.2884, 4.5807], [-54.2893, 4.5811], [-54.2902, 4.5816], [-54.2915, 4.5811], [-54.2926, 4.5805], [-54.2935, 4.5805], [-54.2946, 4.5817], [-54.2956, 4.5822], [-54.2958, 4.5831], [-54.2961, 4.5841], [-54.297, 4.5842], [-54.2979, 4.5839], [-54.2988, 4.5839], [-54.2988, 4.5849], [-54.2997, 4.5842], [-54.3008, 4.5839], [-54.302, 4.5832], [-54.3032, 4.583], [-54.3038, 4.584], [-54.3048, 4.5842], [-54.3052, 4.5852], [-54.3061, 4.5859], [-54.3058, 4.5867], [-54.3066, 4.5865], [-54.3065, 4.5855], [-54.3074, 4.5859], [-54.3085, 4.5855], [-54.309, 4.5869], [-54.3093, 4.5879], [-54.3106, 4.5877], [-54.3117, 4.5884], [-54.3119, 4.5893], [-54.3123, 4.5903], [-54.3127, 4.5914], [-54.3131, 4.5924], [-54.3131, 4.5933], [-54.3132, 4.5942], [-54.3134, 4.5951], [-54.3144, 4.5946], [-54.3153, 4.5948], [-54.3162, 4.5939], [-54.3166, 4.5949], [-54.3177, 4.5955], [-54.3166, 4.5965], [-54.3169, 4.5976], [-54.318, 4.5979], [-54.3178, 4.5992], [-54.3168, 4.5999], [-54.3158, 4.5993], [-54.3156, 4.6002], [-54.3159, 4.6012], [-54.3168, 4.6023], [-54.317, 4.6033], [-54.3169, 4.6044], [-54.3174, 4.6054], [-54.3182, 4.6065], [-54.3187, 4.6076], [-54.3183, 4.6087], [-54.3192, 4.6083], [-54.3201, 4.6086], [-54.3205, 4.6095], [-54.3215, 4.6106], [-54.322, 4.6119], [-54.3225, 4.6133], [-54.3231, 4.6144], [-54.3241, 4.6153], [-54.3251, 4.6157], [-54.326, 4.6161], [-54.3271, 4.6164], [-54.3307, 4.6164], [-54.3316, 4.616], [-54.3326, 4.6158], [-54.3328, 4.6169], [-54.3322, 4.6179], [-54.3331, 4.6174], [-54.3339, 4.6183], [-54.3339, 4.6194], [-54.3349, 4.6202], [-54.3358, 4.62], [-54.3368, 4.6199], [-54.3377, 4.6196], [-54.3387, 4.62], [-54.3397, 4.6202], [-54.3406, 4.6209], [-54.3402, 4.6218], [-54.3413, 4.6222], [-54.3421, 4.6222], [-54.3415, 4.6233], [-54.3406, 4.6242], [-54.3411, 4.6251], [-54.3421, 4.625], [-54.3425, 4.624], [-54.3435, 4.624], [-54.3445, 4.6249], [-54.3455, 4.6254], [-54.3457, 4.6241], [-54.3468, 4.624], [-54.3477, 4.6235], [-54.3489, 4.623], [-54.35, 4.6236], [-54.3509, 4.6232], [-54.351, 4.6223], [-54.3521, 4.6218], [-54.3537, 4.6219], [-54.3548, 4.6222], [-54.3556, 4.6223], [-54.3566, 4.6225], [-54.3575, 4.6227], [-54.3584, 4.6226], [-54.3593, 4.6228], [-54.3601, 4.6228], [-54.3611, 4.622], [-54.362, 4.6222], [-54.3636, 4.6219], [-54.3644, 4.6217], [-54.3659, 4.6213], [-54.3673, 4.6206], [-54.3688, 4.6201], [-54.37, 4.6192], [-54.3708, 4.6201], [-54.3718, 4.6205], [-54.3729, 4.6204], [-54.3738, 4.6214], [-54.3748, 4.621], [-54.376, 4.6206], [-54.377, 4.6204], [-54.3783, 4.621], [-54.3798, 4.6214], [-54.3809, 4.6208], [-54.3819, 4.6204], [-54.3828, 4.6208], [-54.3845, 4.6215], [-54.3876, 4.622], [-54.3892, 4.622], [-54.3905, 4.6218], [-54.3919, 4.6206], [-54.3932, 4.6201], [-54.3945, 4.6195], [-54.3955, 4.6195], [-54.3972, 4.619], [-54.3986, 4.6184], [-54.4005, 4.6152], [-54.4008, 4.614], [-54.4012, 4.6126], [-54.4014, 4.6106], [-54.4019, 4.6095], [-54.4025, 4.6109], [-54.403, 4.612], [-54.4039, 4.6124], [-54.4049, 4.6123], [-54.4062, 4.6121], [-54.4076, 4.6125], [-54.4082, 4.6136], [-54.4103, 4.6134], [-54.4118, 4.6136], [-54.4134, 4.614], [-54.4172, 4.6134], [-54.4182, 4.6138], [-54.4192, 4.6138], [-54.4202, 4.6136], [-54.4212, 4.6142], [-54.4214, 4.6151], [-54.4223, 4.616], [-54.4233, 4.6175], [-54.4238, 4.6188], [-54.4237, 4.6198], [-54.4253, 4.621], [-54.4279, 4.6242], [-54.4291, 4.6259], [-54.4295, 4.6279], [-54.4299, 4.6325], [-54.4304, 4.6362], [-54.4316, 4.6389], [-54.4316, 4.6402], [-54.4309, 4.6415], [-54.4299, 4.6423], [-54.4288, 4.6425], [-54.4278, 4.6436], [-54.4277, 4.6446], [-54.4273, 4.646], [-54.4261, 4.6483], [-54.4255, 4.6492], [-54.4244, 4.6499], [-54.4235, 4.6502], [-54.4226, 4.6506], [-54.4232, 4.6515], [-54.423, 4.6528], [-54.4234, 4.6537], [-54.4238, 4.6546], [-54.425, 4.655], [-54.4263, 4.6555], [-54.427, 4.6572], [-54.427, 4.6581], [-54.4266, 4.6596], [-54.426, 4.6608], [-54.4227, 4.6649], [-54.4226, 4.667], [-54.4232, 4.6686], [-54.424, 4.6697], [-54.4269, 4.6717], [-54.428, 4.6731], [-54.4281, 4.6741], [-54.4262, 4.6823], [-54.4254, 4.6896], [-54.4241, 4.692], [-54.4214, 4.6946], [-54.4184, 4.6992], [-54.4172, 4.7022], [-54.4172, 4.7037], [-54.4176, 4.7049], [-54.4187, 4.7057], [-54.4205, 4.7057], [-54.4213, 4.7059], [-54.4217, 4.7071], [-54.4214, 4.7086], [-54.4209, 4.7109], [-54.421, 4.7141], [-54.4206, 4.7173], [-54.421, 4.7184], [-54.4236, 4.7216], [-54.426, 4.7229], [-54.431, 4.7241], [-54.4361, 4.7247], [-54.4424, 4.7243], [-54.4478, 4.724], [-54.4518, 4.7239], [-54.4564, 4.7242], [-54.4577, 4.7252], [-54.4594, 4.727], [-54.4611, 4.7307], [-54.4617, 4.7318], [-54.4636, 4.7333], [-54.466, 4.7397], [-54.4664, 4.7417], [-54.4664, 4.7426], [-54.4652, 4.744], [-54.4648, 4.7452], [-54.4641, 4.7506], [-54.4642, 4.7536], [-54.4643, 4.7551], [-54.4647, 4.7568], [-54.4645, 4.7589], [-54.4634, 4.7624], [-54.4623, 4.7686], [-54.4615, 4.7731], [-54.46, 4.7768], [-54.4597, 4.7787], [-54.4598, 4.7803], [-54.4602, 4.7826], [-54.4611, 4.7844], [-54.4628, 4.7867], [-54.4635, 4.7881], [-54.464, 4.7897], [-54.4638, 4.7919], [-54.4642, 4.7965], [-54.4639, 4.8001], [-54.4639, 4.8025], [-54.4642, 4.8038], [-54.4658, 4.8056], [-54.4665, 4.8072], [-54.4674, 4.8128], [-54.4671, 4.8152], [-54.4662, 4.8188], [-54.4656, 4.8263], [-54.4661, 4.8301], [-54.4672, 4.8334], [-54.4682, 4.8377], [-54.4683, 4.8417], [-54.4681, 4.845], [-54.4683, 4.8514], [-54.4691, 4.8554], [-54.4696, 4.8591], [-54.4695, 4.8607], [-54.4686, 4.864], [-54.4679, 4.8666], [-54.467, 4.8689], [-54.4663, 4.8721], [-54.4669, 4.8741], [-54.469, 4.8782], [-54.4703, 4.8797], [-54.4711, 4.8825], [-54.4708, 4.8842], [-54.4695, 4.8858], [-54.4688, 4.8875], [-54.4687, 4.8891], [-54.4688, 4.8902], [-54.4694, 4.8916], [-54.4703, 4.8926], [-54.4714, 4.8932], [-54.4729, 4.8934], [-54.4745, 4.8935], [-54.4761, 4.8941], [-54.4775, 4.8952], [-54.4784, 4.8971], [-54.4794, 4.9005], [-54.4793, 4.9017], [-54.4788, 4.9027], [-54.4777, 4.9041], [-54.4768, 4.9052], [-54.4744, 4.9073], [-54.473, 4.9082], [-54.4709, 4.9111], [-54.4698, 4.9133], [-54.4687, 4.9147], [-54.4666, 4.916], [-54.4651, 4.9168], [-54.4621, 4.9189], [-54.4595, 4.9229], [-54.4574, 4.9249], [-54.4568, 4.9262], [-54.4564, 4.9282], [-54.4557, 4.9293], [-54.4541, 4.9307], [-54.4521, 4.9316], [-54.4503, 4.9325], [-54.4481, 4.934], [-54.4468, 4.935], [-54.4451, 4.9372], [-54.4435, 4.9403], [-54.4431, 4.9428], [-54.4426, 4.9448], [-54.4407, 4.9491], [-54.4401, 4.951], [-54.4399, 4.9524], [-54.4399, 4.9564], [-54.4393, 4.96], [-54.4396, 4.9635], [-54.4393, 4.9696], [-54.4397, 4.9739], [-54.4403, 4.9754], [-54.4415, 4.9767], [-54.4427, 4.9784], [-54.443, 4.9798], [-54.443, 4.981], [-54.4428, 4.982], [-54.4422, 4.9831], [-54.4412, 4.9842], [-54.44, 4.9848], [-54.439, 4.9853], [-54.4384, 4.9862], [-54.4379, 4.9872], [-54.4373, 4.9891], [-54.4366, 4.992], [-54.4363, 4.9942], [-54.4361, 4.996], [-54.4366, 4.9993], [-54.4377, 5.0031], [-54.4379, 5.0045], [-54.4378, 5.0083], [-54.4382, 5.013], [-54.438, 5.016], [-54.4377, 5.0171], [-54.4367, 5.0192], [-54.4348, 5.0218], [-54.4313, 5.0259], [-54.4278, 5.0296], [-54.4262, 5.0321], [-54.4253, 5.0345], [-54.4243, 5.0375], [-54.4243, 5.0385], [-54.4237, 5.0405], [-54.4227, 5.0432], [-54.4206, 5.0489], [-54.4188, 5.0556], [-54.4168, 5.058], [-54.4169, 5.0605], [-54.4164, 5.062], [-54.416, 5.0631], [-54.4162, 5.064], [-54.4175, 5.0674], [-54.418, 5.0699], [-54.418, 5.0724], [-54.4178, 5.0772], [-54.4173, 5.0803], [-54.4169, 5.0816], [-54.4163, 5.0829], [-54.4154, 5.0842], [-54.4141, 5.0855], [-54.4124, 5.0871], [-54.4116, 5.0881], [-54.4107, 5.0889], [-54.4098, 5.0893], [-54.4078, 5.0902], [-54.4067, 5.0906], [-54.4046, 5.0914], [-54.4023, 5.092], [-54.4007, 5.0922], [-54.3989, 5.0927], [-54.3971, 5.0935], [-54.3944, 5.0946], [-54.3933, 5.0956], [-54.3917, 5.0967], [-54.3898, 5.0977], [-54.388, 5.0992], [-54.385, 5.1011], [-54.3833, 5.1018], [-54.3821, 5.1028], [-54.3791, 5.1046], [-54.3766, 5.1066], [-54.3738, 5.1094], [-54.3724, 5.1111], [-54.3719, 5.1129], [-54.3707, 5.1155], [-54.37, 5.1165], [-54.3697, 5.1185], [-54.3686, 5.1228], [-54.3688, 5.1252], [-54.3697, 5.1269], [-54.3701, 5.1278], [-54.3703, 5.1289], [-54.3701, 5.1303], [-54.3693, 5.1313], [-54.3685, 5.1321], [-54.3673, 5.1328], [-54.366, 5.1341], [-54.3656, 5.1357], [-54.3646, 5.1374], [-54.3637, 5.1379], [-54.361, 5.1384], [-54.3582, 5.1392], [-54.3566, 5.1404], [-54.3527, 5.1434], [-54.35, 5.1453], [-54.349, 5.1464], [-54.3481, 5.1484], [-54.3479, 5.1499], [-54.3482, 5.1527], [-54.3485, 5.1577], [-54.3476, 5.1603], [-54.346, 5.1632], [-54.344, 5.1658], [-54.3389, 5.1703], [-54.336, 5.1737], [-54.3345, 5.1754], [-54.3334, 5.1771], [-54.332, 5.1795], [-54.3307, 5.1824], [-54.3288, 5.1875], [-54.3273, 5.1907], [-54.3231, 5.1967], [-54.3209, 5.1992], [-54.3203, 5.2003], [-54.3197, 5.2016], [-54.3182, 5.2039], [-54.3168, 5.2057], [-54.3161, 5.2087], [-54.315, 5.2112], [-54.314, 5.2127], [-54.3131, 5.2136], [-54.3119, 5.2151], [-54.3115, 5.216], [-54.3098, 5.223], [-54.3067, 5.2278], [-54.3034, 5.232], [-54.2971, 5.2371], [-54.2886, 5.2456], [-54.2873, 5.2478], [-54.2845, 5.2519], [-54.2824, 5.2546], [-54.2819, 5.2559], [-54.2814, 5.258], [-54.2806, 5.2597], [-54.2792, 5.262], [-54.2772, 5.2645], [-54.2757, 5.2659], [-54.274, 5.2672], [-54.2721, 5.2683], [-54.2699, 5.27], [-54.2685, 5.2708], [-54.2676, 5.2716], [-54.2659, 5.2734], [-54.2629, 5.2761]]]}}, {"type": "Feature", "properties": {"nom": "Awala-Yalimapo", "code": "97361", "codeDepartement": "973", "siren": "219733615", "codeEpci": "249730037", "codeRegion": "03", "codesPostaux": ["97319"], "population": 1577}, "geometry": {"type": "MultiPolygon", "coordinates": [[[[-54.013, 5.6439], [-54.0132, 5.6495], [-54.0137, 5.6552], [-54.0129, 5.6627], [-54.0079, 5.6708], [-54.0039, 5.679], [-53.9982, 5.6912], [-53.9941, 5.7017], [-53.988, 5.7147], [-53.9816, 5.7245], [-53.9723, 5.7339], [-53.9693, 5.7378], [-53.9682, 5.7452], [-53.9506, 5.7435], [-53.9496, 5.7445], [-53.9487, 5.7451], [-53.9479, 5.7456], [-53.9469, 5.7461], [-53.9459, 5.7464], [-53.945, 5.7466], [-53.9431, 5.7467], [-53.9414, 5.7468], [-53.9401, 5.7468], [-53.9389, 5.7467], [-53.9376, 5.7467], [-53.9367, 5.7474], [-53.9357, 5.7481], [-53.9343, 5.7485], [-53.9329, 5.7486], [-53.9313, 5.7487], [-53.9297, 5.7487], [-53.9285, 5.7486], [-53.9271, 5.7484], [-53.9262, 5.7483], [-53.925, 5.7483], [-53.9237, 5.7484], [-53.9225, 5.7479], [-53.9205, 5.7477], [-53.9191, 5.7478], [-53.9163, 5.7479], [-53.9138, 5.7478], [-53.9116, 5.7478], [-53.9082, 5.7478], [-53.9035, 5.748], [-53.9016, 5.7478], [-53.9007, 5.7478], [-53.8994, 5.7476], [-53.8983, 5.7476], [-53.8974, 5.7473], [-53.896, 5.7473], [-53.8947, 5.7477], [-53.8936, 5.7474], [-53.8923, 5.7474], [-53.8912, 5.7475], [-53.8903, 5.7477], [-53.8891, 5.7476], [-53.8876, 5.7475], [-53.8864, 5.7476], [-53.8855, 5.7475], [-53.8828, 5.7475], [-53.8814, 5.7472], [-53.8791, 5.7468], [-53.878, 5.7465], [-53.877, 5.7462], [-53.876, 5.7462], [-53.8745, 5.7457], [-53.8735, 5.7455], [-53.8726, 5.7453], [-53.8695, 5.7444], [-53.8686, 5.7441], [-53.8673, 5.7437], [-53.8664, 5.7433], [-53.8653, 5.7429], [-53.8643, 5.7424], [-53.8617, 5.7409], [-53.8597, 5.7395], [-53.8578, 5.738], [-53.8583, 5.7371], [-53.8603, 5.7366], [-53.8645, 5.7366], [-53.869, 5.7369], [-53.8713, 5.7367], [-53.8742, 5.7361], [-53.8772, 5.7352], [-53.8818, 5.7343], [-53.8882, 5.7345], [-53.8928, 5.7347], [-53.8967, 5.7352], [-53.9005, 5.7357], [-53.9021, 5.7363], [-53.9034, 5.737], [-53.9069, 5.7388], [-53.9091, 5.7399], [-53.9077, 5.7389], [-53.9067, 5.7383], [-53.9056, 5.7377], [-53.9046, 5.7371], [-53.9031, 5.7362], [-53.9021, 5.7356], [-53.9011, 5.7353], [-53.9001, 5.735], [-53.8991, 5.7347], [-53.8977, 5.7344], [-53.896, 5.734], [-53.895, 5.7339], [-53.8935, 5.7337], [-53.892, 5.7334], [-53.8889, 5.7331], [-53.8877, 5.733], [-53.8865, 5.7329], [-53.8849, 5.7327], [-53.8821, 5.7323], [-53.8793, 5.732], [-53.8783, 5.7319], [-53.8768, 5.7319], [-53.8753, 5.7323], [-53.8741, 5.7326], [-53.873, 5.733], [-53.8718, 5.7332], [-53.8708, 5.7333], [-53.869, 5.7333], [-53.8681, 5.7332], [-53.8656, 5.7327], [-53.8642, 5.7323], [-53.863, 5.7322], [-53.8621, 5.7322], [-53.8611, 5.7321], [-53.8602, 5.7321], [-53.8593, 5.7319], [-53.858, 5.7312], [-53.857, 5.7311], [-53.8561, 5.7311], [-53.8548, 5.7305], [-53.8538, 5.7299], [-53.8527, 5.7291], [-53.8516, 5.7287], [-53.8505, 5.7281], [-53.8495, 5.7276], [-53.8486, 5.7272], [-53.8477, 5.7269], [-53.8464, 5.7266], [-53.8448, 5.7264], [-53.8438, 5.7265], [-53.8423, 5.7263], [-53.8411, 5.7259], [-53.84, 5.7257], [-53.8391, 5.7256], [-53.838, 5.7252], [-53.8371, 5.7247], [-53.8347, 5.7237], [-53.8321, 5.7224], [-53.8297, 5.7216], [-53.8274, 5.7207], [-53.8247, 5.7197], [-53.8281, 5.7087], [-53.8349, 5.6894], [-53.8303, 5.6877], [-53.8369, 5.6776], [-53.8435, 5.6675], [-53.8499, 5.6577], [-53.8517, 5.6576], [-53.8518, 5.6523], [-53.8529, 5.6522], [-53.8537, 5.6518], [-53.8545, 5.6506], [-53.8555, 5.6497], [-53.8578, 5.6493], [-53.8596, 5.6491], [-53.8609, 5.6489], [-53.8626, 5.6487], [-53.8641, 5.6485], [-53.8659, 5.6483], [-53.8669, 5.6482], [-53.8696, 5.6479], [-53.8706, 5.6472], [-53.8717, 5.6461], [-53.8723, 5.6449], [-53.8728, 5.6433], [-53.8731, 5.6423], [-53.8738, 5.6402], [-53.8742, 5.6389], [-53.8751, 5.6362], [-53.8756, 5.6346], [-53.8759, 5.6336], [-53.8765, 5.6319], [-53.8769, 5.6307], [-53.8782, 5.6267], [-53.8786, 5.6254], [-53.8794, 5.6231], [-53.8798, 5.6219], [-53.8805, 5.6197], [-53.881, 5.6182], [-53.8813, 5.6173], [-53.8816, 5.6163], [-53.8825, 5.6137], [-53.8828, 5.6128], [-53.8833, 5.6113], [-53.8838, 5.6098], [-53.8845, 5.608], [-53.8852, 5.6058], [-53.8857, 5.6044], [-53.8861, 5.603], [-53.8866, 5.6015], [-53.8871, 5.6001], [-53.8917, 5.6013], [-53.894, 5.602], [-53.8955, 5.6026], [-53.8965, 5.603], [-53.8977, 5.6037], [-53.8991, 5.6049], [-53.8999, 5.6058], [-53.9007, 5.607], [-53.9013, 5.6079], [-53.902, 5.6095], [-53.9026, 5.611], [-53.9034, 5.6134], [-53.9056, 5.6146], [-53.9065, 5.6147], [-53.9079, 5.6148], [-53.9087, 5.6149], [-53.91, 5.6152], [-53.9108, 5.6156], [-53.9121, 5.6163], [-53.9136, 5.6169], [-53.9145, 5.617], [-53.9154, 5.6172], [-53.9164, 5.617], [-53.9173, 5.6168], [-53.9189, 5.6162], [-53.9209, 5.6152], [-53.9219, 5.6148], [-53.9232, 5.6146], [-53.9245, 5.615], [-53.9256, 5.6157], [-53.9266, 5.617], [-53.9275, 5.6179], [-53.929, 5.6193], [-53.9319, 5.6228], [-53.9336, 5.6247], [-53.9349, 5.6265], [-53.9359, 5.6281], [-53.9374, 5.631], [-53.9387, 5.6335], [-53.9398, 5.6351], [-53.9413, 5.6366], [-53.9432, 5.6381], [-53.9448, 5.639], [-53.9457, 5.6391], [-53.9464, 5.6381], [-53.9475, 5.6373], [-53.9489, 5.6369], [-53.9514, 5.6365], [-53.9527, 5.6363], [-53.9536, 5.6365], [-53.9554, 5.6375], [-53.9575, 5.6386], [-53.9586, 5.6396], [-53.959, 5.6408], [-53.9589, 5.6419], [-53.9587, 5.6429], [-53.9582, 5.644], [-53.9579, 5.6452], [-53.9579, 5.6465], [-53.9579, 5.6477], [-53.9583, 5.6492], [-53.9591, 5.6503], [-53.9601, 5.6512], [-53.9612, 5.6519], [-53.9621, 5.652], [-53.9632, 5.6518], [-53.9642, 5.6512], [-53.9653, 5.6496], [-53.9658, 5.6486], [-53.9662, 5.6475], [-53.9663, 5.6464], [-53.9661, 5.645], [-53.966, 5.6436], [-53.9662, 5.6423], [-53.9668, 5.6407], [-53.9673, 5.6398], [-53.9686, 5.639], [-53.9696, 5.6387], [-53.9708, 5.6389], [-53.9721, 5.6393], [-53.973, 5.6398], [-53.9738, 5.6408], [-53.9744, 5.6418], [-53.9746, 5.643], [-53.9746, 5.6453], [-53.9746, 5.6466], [-53.9746, 5.6482], [-53.9743, 5.6501], [-53.9744, 5.6511], [-53.9746, 5.6523], [-53.9745, 5.6532], [-53.9743, 5.6543], [-53.9746, 5.6552], [-53.9753, 5.6561], [-53.9761, 5.6565], [-53.977, 5.6571], [-53.9779, 5.6576], [-53.9787, 5.6577], [-53.9797, 5.6572], [-53.9804, 5.6562], [-53.9813, 5.6556], [-53.9822, 5.655], [-53.9831, 5.6544], [-53.9842, 5.6533], [-53.9853, 5.652], [-53.9862, 5.6513], [-53.987, 5.6505], [-53.9883, 5.6493], [-53.9894, 5.6486], [-53.9905, 5.6478], [-53.9915, 5.6467], [-53.9925, 5.6457], [-53.9935, 5.6451], [-53.9944, 5.6445], [-53.9954, 5.6444], [-54.0, 5.6437], [-54.013, 5.6439]]], [[[-53.8198, 5.7321], [-53.8222, 5.7256], [-53.8234, 5.7263], [-53.8244, 5.7267], [-53.8253, 5.7271], [-53.8265, 5.7277], [-53.8282, 5.7283], [-53.8302, 5.7292], [-53.8314, 5.7298], [-53.8327, 5.7304], [-53.8339, 5.731], [-53.8348, 5.7314], [-53.8339, 5.7312], [-53.8334, 5.7323], [-53.8334, 5.7333], [-53.8324, 5.7334], [-53.8311, 5.7334], [-53.8293, 5.7329], [-53.8285, 5.7328], [-53.8271, 5.733], [-53.8257, 5.7329], [-53.8247, 5.7328], [-53.8234, 5.7328], [-53.8223, 5.733], [-53.8208, 5.7328], [-53.8198, 5.7321]]]]}}, {"type": "Feature", "properties": {"nom": "Papaichton", "code": "97362", "codeDepartement": "973", "siren": "219733623", "codeEpci": "249730037", "codeRegion": "03", "codesPostaux": ["97316"], "population": 5006}, "geometry": {"type": "Polygon", "coordinates": [[[-53.7391, 3.977], [-53.7395, 3.9761], [-53.7422, 3.974], [-53.7428, 3.9732], [-53.7442, 3.9722], [-53.7452, 3.9737], [-53.7465, 3.9749], [-53.748, 3.9759], [-53.7488, 3.9763], [-53.7505, 3.976], [-53.752, 3.9751], [-53.7535, 3.9747], [-53.7549, 3.9754], [-53.7558, 3.9754], [-53.7573, 3.9744], [-53.7582, 3.9743], [-53.7595, 3.9756], [-53.7611, 3.9761], [-53.7646, 3.9755], [-53.7657, 3.975], [-53.7671, 3.9741], [-53.769, 3.9719], [-53.7701, 3.9708], [-53.7711, 3.9691], [-53.7721, 3.9677], [-53.7724, 3.9668], [-53.7739, 3.9659], [-53.7752, 3.9649], [-53.7762, 3.9634], [-53.7781, 3.9613], [-53.7795, 3.9603], [-53.7806, 3.959], [-53.7817, 3.9575], [-53.7828, 3.9559], [-53.7841, 3.9547], [-53.7853, 3.953], [-53.7853, 3.9514], [-53.7841, 3.9504], [-53.7832, 3.9501], [-53.7821, 3.9489], [-53.7831, 3.9478], [-53.784, 3.9476], [-53.7856, 3.9471], [-53.7868, 3.9457], [-53.7872, 3.9448], [-53.7885, 3.9437], [-53.7895, 3.9437], [-53.7905, 3.9424], [-53.7905, 3.9415], [-53.7915, 3.9403], [-53.7936, 3.9419], [-53.7945, 3.9424], [-53.7962, 3.9425], [-53.7971, 3.9423], [-53.798, 3.942], [-53.7996, 3.9413], [-53.801, 3.9401], [-53.8016, 3.9386], [-53.8007, 3.9381], [-53.8005, 3.9368], [-53.8024, 3.9367], [-53.8026, 3.9354], [-53.8025, 3.9344], [-53.8022, 3.9335], [-53.8024, 3.932], [-53.8041, 3.9317], [-53.8049, 3.931], [-53.806, 3.9297], [-53.807, 3.9281], [-53.8084, 3.9272], [-53.8093, 3.9273], [-53.8106, 3.9263], [-53.812, 3.9265], [-53.8128, 3.9267], [-53.8137, 3.9266], [-53.8148, 3.9243], [-53.8163, 3.924], [-53.8178, 3.9241], [-53.8189, 3.9231], [-53.8201, 3.9217], [-53.8211, 3.9202], [-53.8222, 3.9186], [-53.8237, 3.9178], [-53.8247, 3.9192], [-53.8261, 3.9198], [-53.8264, 3.9184], [-53.8275, 3.9168], [-53.8292, 3.9167], [-53.8298, 3.9182], [-53.8299, 3.9201], [-53.83, 3.921], [-53.8302, 3.9219], [-53.8314, 3.9225], [-53.8325, 3.924], [-53.8337, 3.925], [-53.8346, 3.9249], [-53.8362, 3.9241], [-53.8371, 3.9238], [-53.838, 3.9236], [-53.8383, 3.9219], [-53.8382, 3.921], [-53.8383, 3.9201], [-53.8385, 3.9193], [-53.8398, 3.9185], [-53.8408, 3.9183], [-53.8421, 3.9171], [-53.8437, 3.9169], [-53.8447, 3.9169], [-53.8456, 3.9171], [-53.8472, 3.918], [-53.8485, 3.9187], [-53.8495, 3.9191], [-53.8505, 3.9202], [-53.852, 3.921], [-53.8529, 3.9207], [-53.8529, 3.9193], [-53.8529, 3.9184], [-53.8542, 3.9173], [-53.8551, 3.9174], [-53.856, 3.9173], [-53.8569, 3.9172], [-53.8582, 3.916], [-53.8571, 3.9149], [-53.8561, 3.9147], [-53.8554, 3.9132], [-53.8554, 3.9123], [-53.8561, 3.911], [-53.8571, 3.9102], [-53.8595, 3.9091], [-53.8602, 3.9077], [-53.8604, 3.9069], [-53.862, 3.906], [-53.8637, 3.9057], [-53.8653, 3.9056], [-53.8661, 3.9042], [-53.8677, 3.9037], [-53.8692, 3.9027], [-53.8703, 3.9011], [-53.8715, 3.9003], [-53.8723, 3.8993], [-53.8738, 3.8986], [-53.8748, 3.8986], [-53.8764, 3.8983], [-53.8775, 3.8969], [-53.879, 3.8958], [-53.8798, 3.8944], [-53.8799, 3.8935], [-53.8802, 3.8926], [-53.8789, 3.8914], [-53.8777, 3.8903], [-53.8768, 3.8887], [-53.8764, 3.8878], [-53.8767, 3.8864], [-53.8775, 3.8848], [-53.8779, 3.8839], [-53.8782, 3.8813], [-53.878, 3.8803], [-53.8779, 3.8794], [-53.8778, 3.8776], [-53.879, 3.8763], [-53.8803, 3.8752], [-53.882, 3.8748], [-53.8828, 3.8752], [-53.8844, 3.876], [-53.8861, 3.8763], [-53.887, 3.876], [-53.8887, 3.8754], [-53.8902, 3.875], [-53.8911, 3.8753], [-53.8986, 3.8664], [-53.8985, 3.8608], [-53.9018, 3.8567], [-53.9002, 3.8526], [-53.8983, 3.8516], [-53.8982, 3.8503], [-53.9023, 3.8468], [-53.9035, 3.8436], [-53.9081, 3.8389], [-53.9104, 3.8404], [-53.9145, 3.8394], [-53.9169, 3.8367], [-53.922, 3.8376], [-53.9253, 3.8415], [-53.9271, 3.8422], [-53.9313, 3.8392], [-53.9329, 3.8341], [-53.938, 3.8318], [-53.9441, 3.8368], [-53.9457, 3.8371], [-53.9477, 3.8354], [-53.9483, 3.8293], [-53.9504, 3.8285], [-53.9532, 3.8316], [-53.955, 3.8373], [-53.9585, 3.8422], [-53.9624, 3.8419], [-53.9672, 3.8394], [-53.9679, 3.8344], [-53.9723, 3.8301], [-53.9693, 3.8229], [-53.97, 3.8215], [-53.9753, 3.8215], [-53.9795, 3.8199], [-53.9816, 3.817], [-53.9875, 3.8182], [-53.9873, 3.8204], [-53.9944, 3.8233], [-53.9966, 3.8175], [-54.0001, 3.8113], [-54.003, 3.8117], [-54.0093, 3.8089], [-54.0102, 3.8044], [-54.0136, 3.799], [-54.0182, 3.7952], [-54.0148, 3.7896], [-54.0183, 3.788], [-54.0235, 3.7798], [-54.0257, 3.7721], [-54.038, 3.7768], [-54.0405, 3.7762], [-54.0428, 3.7748], [-54.0532, 3.772], [-54.0562, 3.77], [-54.0598, 3.7698], [-54.066, 3.7704], [-54.0705, 3.7697], [-54.0741, 3.767], [-54.0775, 3.7629], [-54.0779, 3.7603], [-54.078, 3.7576], [-54.0798, 3.7556], [-54.0858, 3.7516], [-54.0935, 3.7469], [-54.0978, 3.7461], [-54.0992, 3.7453], [-54.1002, 3.748], [-54.101, 3.7522], [-54.1018, 3.7537], [-54.1033, 3.7557], [-54.1056, 3.7594], [-54.1077, 3.7619], [-54.1112, 3.7654], [-54.1122, 3.7669], [-54.1129, 3.7681], [-54.1133, 3.769], [-54.1135, 3.7718], [-54.114, 3.775], [-54.1149, 3.778], [-54.1157, 3.7803], [-54.1184, 3.7849], [-54.1191, 3.787], [-54.1197, 3.7902], [-54.1203, 3.7914], [-54.1225, 3.7934], [-54.1271, 3.798], [-54.1286, 3.7991], [-54.1298, 3.7998], [-54.1312, 3.8003], [-54.1324, 3.8004], [-54.1339, 3.8006], [-54.136, 3.8013], [-54.138, 3.8017], [-54.1405, 3.8026], [-54.1419, 3.8028], [-54.1462, 3.8039], [-54.1492, 3.8044], [-54.1511, 3.8041], [-54.1526, 3.8042], [-54.1548, 3.8047], [-54.1577, 3.8051], [-54.1604, 3.8056], [-54.1642, 3.8056], [-54.1677, 3.8051], [-54.1726, 3.8027], [-54.1754, 3.8019], [-54.1765, 3.802], [-54.1778, 3.8019], [-54.1794, 3.8015], [-54.1816, 3.8007], [-54.1857, 3.8005], [-54.1902, 3.8007], [-54.1914, 3.8009], [-54.193, 3.8019], [-54.1946, 3.8034], [-54.1952, 3.8043], [-54.1973, 3.8068], [-54.1977, 3.8077], [-54.1984, 3.8103], [-54.199, 3.812], [-54.2, 3.8141], [-54.2002, 3.8161], [-54.2001, 3.8177], [-54.201, 3.8224], [-54.2009, 3.8234], [-54.2004, 3.8259], [-54.1994, 3.8277], [-54.1976, 3.8299], [-54.1941, 3.8322], [-54.192, 3.8343], [-54.191, 3.8357], [-54.1906, 3.8366], [-54.1897, 3.8399], [-54.1895, 3.8412], [-54.1897, 3.8428], [-54.1904, 3.845], [-54.1927, 3.8484], [-54.1936, 3.8494], [-54.1952, 3.8507], [-54.1987, 3.8522], [-54.2003, 3.8527], [-54.2019, 3.8525], [-54.2032, 3.8526], [-54.2051, 3.8532], [-54.2071, 3.8542], [-54.2109, 3.8563], [-54.2135, 3.8563], [-54.2158, 3.8566], [-54.2179, 3.8566], [-54.22, 3.8562], [-54.222, 3.8558], [-54.2232, 3.8557], [-54.2248, 3.8558], [-54.227, 3.8564], [-54.2292, 3.8569], [-54.231, 3.8572], [-54.2323, 3.8575], [-54.2336, 3.8579], [-54.2345, 3.8585], [-54.2353, 3.8592], [-54.2371, 3.8613], [-54.2382, 3.8631], [-54.2394, 3.865], [-54.2402, 3.8666], [-54.2408, 3.8687], [-54.2409, 3.8696], [-54.2412, 3.8709], [-54.2417, 3.8722], [-54.2428, 3.8738], [-54.2438, 3.8757], [-54.244, 3.8768], [-54.246, 3.8793], [-54.2474, 3.8819], [-54.2482, 3.8837], [-54.2495, 3.8846], [-54.2508, 3.8874], [-54.251, 3.8883], [-54.251, 3.8906], [-54.252, 3.894], [-54.2519, 3.8973], [-54.2521, 3.8995], [-54.2529, 3.901], [-54.2561, 3.9033], [-54.2583, 3.9061], [-54.2616, 3.9096], [-54.2694, 3.9136], [-54.2709, 3.9153], [-54.273, 3.9169], [-54.2738, 3.9183], [-54.2746, 3.9192], [-54.2755, 3.9201], [-54.2768, 3.921], [-54.2777, 3.922], [-54.2784, 3.9239], [-54.2815, 3.9264], [-54.2824, 3.9277], [-54.2827, 3.9307], [-54.2831, 3.9317], [-54.284, 3.9327], [-54.2845, 3.9336], [-54.2843, 3.9346], [-54.2846, 3.9357], [-54.2855, 3.9367], [-54.2858, 3.9388], [-54.286, 3.9402], [-54.2856, 3.9411], [-54.2856, 3.9424], [-54.2851, 3.9434], [-54.2846, 3.9443], [-54.2839, 3.9455], [-54.2835, 3.9465], [-54.2835, 3.9474], [-54.2843, 3.9485], [-54.2835, 3.9484], [-54.2832, 3.9494], [-54.2831, 3.9504], [-54.2832, 3.9513], [-54.2838, 3.9521], [-54.2848, 3.9527], [-54.2859, 3.9537], [-54.2862, 3.9546], [-54.2873, 3.9547], [-54.2884, 3.9555], [-54.2891, 3.9567], [-54.2898, 3.9576], [-54.2903, 3.9585], [-54.2908, 3.9595], [-54.291, 3.9608], [-54.2909, 3.9617], [-54.291, 3.9628], [-54.2908, 3.9637], [-54.2904, 3.9655], [-54.2905, 3.9669], [-54.2912, 3.968], [-54.2916, 3.9691], [-54.2923, 3.97], [-54.2932, 3.9706], [-54.2937, 3.9719], [-54.2936, 3.9729], [-54.2924, 3.9748], [-54.2923, 3.9757], [-54.2931, 3.9765], [-54.2935, 3.9776], [-54.2932, 3.9791], [-54.2928, 3.98], [-54.2923, 3.981], [-54.2925, 3.9826], [-54.2934, 3.9838], [-54.2944, 3.984], [-54.2953, 3.9841], [-54.2961, 3.9855], [-54.2963, 3.9865], [-54.2961, 3.9874], [-54.2965, 3.9884], [-54.2974, 3.9894], [-54.2978, 3.9905], [-54.298, 3.9914], [-54.2985, 3.9924], [-54.2986, 3.9934], [-54.2987, 3.9943], [-54.2989, 3.9954], [-54.2991, 3.9964], [-54.3, 3.9974], [-54.3006, 3.9982], [-54.3016, 3.9989], [-54.3029, 3.9996], [-54.3039, 4.0004], [-54.305, 4.0015], [-54.3059, 4.0031], [-54.3067, 4.0044], [-54.3079, 4.0054], [-54.3091, 4.0067], [-54.3106, 4.0073], [-54.3118, 4.0081], [-54.3128, 4.0089], [-54.3138, 4.0103], [-54.314, 4.0113], [-54.3147, 4.0123], [-54.3158, 4.0133], [-54.3171, 4.0141], [-54.3178, 4.015], [-54.3188, 4.0162], [-54.3199, 4.0168], [-54.3208, 4.0169], [-54.3219, 4.0175], [-54.3231, 4.0188], [-54.3239, 4.0192], [-54.3248, 4.0194], [-54.3257, 4.0192], [-54.3265, 4.0191], [-54.3268, 4.02], [-54.3274, 4.0209], [-54.3279, 4.0219], [-54.3287, 4.0229], [-54.329, 4.0238], [-54.3288, 4.0252], [-54.3296, 4.0264], [-54.3303, 4.0275], [-54.3305, 4.0285], [-54.3313, 4.0296], [-54.332, 4.0306], [-54.3329, 4.0315], [-54.3339, 4.033], [-54.3342, 4.034], [-54.3346, 4.0349], [-54.3358, 4.0358], [-54.3366, 4.0369], [-54.3379, 4.0378], [-54.3389, 4.0382], [-54.3393, 4.0391], [-54.3401, 4.04], [-54.3398, 4.041], [-54.3406, 4.0411], [-54.3417, 4.0416], [-54.3426, 4.0405], [-54.3428, 4.0395], [-54.3428, 4.0385], [-54.3432, 4.0376], [-54.3441, 4.0368], [-54.345, 4.0365], [-54.3459, 4.037], [-54.3459, 4.0379], [-54.3458, 4.0388], [-54.3457, 4.0397], [-54.3457, 4.0406], [-54.3455, 4.0415], [-54.3462, 4.0426], [-54.3478, 4.0438], [-54.3487, 4.0436], [-54.3495, 4.0427], [-54.3504, 4.043], [-54.3513, 4.0433], [-54.3522, 4.0436], [-54.3531, 4.0445], [-54.3542, 4.045], [-54.3555, 4.0459], [-54.3564, 4.0467], [-54.357, 4.0478], [-54.3577, 4.0495], [-54.3588, 4.0507], [-54.3599, 4.051], [-54.3603, 4.0519], [-54.361, 4.0529], [-54.3605, 4.0538], [-54.3595, 4.0546], [-54.3588, 4.0556], [-54.3586, 4.0566], [-54.3585, 4.0575], [-54.3587, 4.0585], [-54.3596, 4.0585], [-54.3605, 4.0582], [-54.3616, 4.0588], [-54.3616, 4.0599], [-54.3623, 4.0608], [-54.362, 4.0618], [-54.3618, 4.0627], [-54.3611, 4.0637], [-54.36, 4.0647], [-54.359, 4.0647], [-54.3579, 4.0641], [-54.3568, 4.0638], [-54.3545, 4.0649], [-54.3534, 4.0665], [-54.3519, 4.0684], [-54.3513, 4.0698], [-54.3517, 4.071], [-54.3521, 4.0724], [-54.3517, 4.0736], [-54.3505, 4.0749], [-54.3489, 4.0765], [-54.3481, 4.0785], [-54.3477, 4.0807], [-54.3457, 4.0839], [-54.3448, 4.0852], [-54.3438, 4.0868], [-54.3428, 4.0888], [-54.3423, 4.0915], [-54.343, 4.094], [-54.344, 4.0963], [-54.3451, 4.0973], [-54.3463, 4.0986], [-54.3468, 4.0996], [-54.3468, 4.1009], [-54.347, 4.102], [-54.3469, 4.1032], [-54.3461, 4.1048], [-54.3455, 4.1059], [-54.3449, 4.1074], [-54.3452, 4.109], [-54.3448, 4.1106], [-54.345, 4.1119], [-54.3439, 4.1144], [-54.3432, 4.1153], [-54.3426, 4.1178], [-54.3424, 4.1191], [-54.3421, 4.1203], [-54.3412, 4.1208], [-54.3399, 4.1214], [-54.3387, 4.122], [-54.3379, 4.1223], [-54.3369, 4.1224], [-54.3355, 4.1223], [-54.3347, 4.1227], [-54.3348, 4.1244], [-54.3345, 4.126], [-54.3342, 4.1275], [-54.3336, 4.1293], [-54.3336, 4.132], [-54.3327, 4.1331], [-54.3311, 4.1334], [-54.3296, 4.1334], [-54.3276, 4.133], [-54.3255, 4.1333], [-54.3242, 4.1338], [-54.3228, 4.1351], [-54.3213, 4.1348], [-54.3201, 4.1345], [-54.319, 4.1347], [-54.3181, 4.1349], [-54.3173, 4.134], [-54.3165, 4.1339], [-54.3158, 4.1349], [-54.3163, 4.1358], [-54.3153, 4.1367], [-54.3122, 4.1361], [-54.3109, 4.135], [-54.3084, 4.135], [-54.3072, 4.1359], [-54.3061, 4.137], [-54.3042, 4.137], [-54.3031, 4.1359], [-54.3006, 4.1359], [-54.2989, 4.1345], [-54.2959, 4.135], [-54.2917, 4.1347], [-54.2911, 4.1331], [-54.2895, 4.1317], [-54.2886, 4.1309], [-54.2886, 4.1297], [-54.2881, 4.1281], [-54.2867, 4.1281], [-54.2859, 4.1272], [-54.285, 4.1272], [-54.2836, 4.1259], [-54.2825, 4.1261], [-54.2814, 4.1264], [-54.2796, 4.1279], [-54.2743, 4.1385], [-54.2725, 4.1406], [-54.2722, 4.1425], [-54.2709, 4.1436], [-54.2695, 4.1439], [-54.2684, 4.1456], [-54.2672, 4.1461], [-54.2664, 4.147], [-54.2653, 4.1484], [-54.2647, 4.1492], [-54.2636, 4.1495], [-54.2625, 4.1506], [-54.2611, 4.1522], [-54.2603, 4.1536], [-54.2603, 4.1556], [-54.2592, 4.1564], [-54.2561, 4.1589], [-54.2559, 4.16], [-54.2561, 4.1609], [-54.2545, 4.162], [-54.2528, 4.162], [-54.2517, 4.1628], [-54.25, 4.1645], [-54.2493, 4.1655], [-54.2491, 4.1665], [-54.2485, 4.1678], [-54.248, 4.1687], [-54.2468, 4.1697], [-54.2461, 4.1706], [-54.2463, 4.1718], [-54.2466, 4.173], [-54.2474, 4.1739], [-54.2479, 4.1749], [-54.248, 4.176], [-54.2486, 4.1771], [-54.2495, 4.1777], [-54.2502, 4.1789], [-54.2508, 4.1801], [-54.2515, 4.181], [-54.2525, 4.1821], [-54.2519, 4.1832], [-54.2517, 4.1841], [-54.2505, 4.1843], [-54.2495, 4.1841], [-54.2498, 4.1832], [-54.2488, 4.1823], [-54.248, 4.1822], [-54.2478, 4.1831], [-54.2478, 4.184], [-54.2468, 4.1837], [-54.2459, 4.183], [-54.2449, 4.1825], [-54.2438, 4.182], [-54.2428, 4.1822], [-54.2436, 4.1835], [-54.2448, 4.1841], [-54.2437, 4.1849], [-54.2422, 4.1857], [-54.2426, 4.1866], [-54.2418, 4.1869], [-54.2408, 4.1862], [-54.2401, 4.1853], [-54.2389, 4.1843], [-54.2388, 4.1853], [-54.2394, 4.1864], [-54.2399, 4.1873], [-54.2387, 4.1878], [-54.2378, 4.188], [-54.2373, 4.1889], [-54.2373, 4.19], [-54.2362, 4.1902], [-54.2353, 4.1897], [-54.2353, 4.1907], [-54.2351, 4.1921], [-54.235, 4.193], [-54.2349, 4.194], [-54.234, 4.1932], [-54.2332, 4.193], [-54.2322, 4.1933], [-54.2316, 4.1943], [-54.2323, 4.1953], [-54.2333, 4.1951], [-54.2343, 4.1948], [-54.2342, 4.1957], [-54.2331, 4.1962], [-54.2324, 4.1971], [-54.2315, 4.1975], [-54.2305, 4.197], [-54.2296, 4.1979], [-54.2288, 4.1988], [-54.229, 4.1997], [-54.2302, 4.2006], [-54.2312, 4.2003], [-54.2316, 4.2012], [-54.2327, 4.2024], [-54.2333, 4.2034], [-54.2336, 4.2044], [-54.2328, 4.2044], [-54.2329, 4.2035], [-54.2314, 4.204], [-54.2312, 4.2051], [-54.2311, 4.206], [-54.2311, 4.2071], [-54.2305, 4.2079], [-54.2299, 4.207], [-54.2289, 4.2067], [-54.2295, 4.2077], [-54.23, 4.209], [-54.2304, 4.2099], [-54.2294, 4.2105], [-54.2285, 4.2106], [-54.2285, 4.2116], [-54.2298, 4.2123], [-54.2307, 4.2123], [-54.2316, 4.2127], [-54.2318, 4.2137], [-54.2313, 4.2148], [-54.2309, 4.2158], [-54.2322, 4.216], [-54.2321, 4.217], [-54.2313, 4.2167], [-54.2303, 4.216], [-54.2294, 4.2167], [-54.2292, 4.2176], [-54.2283, 4.2178], [-54.2282, 4.2188], [-54.2273, 4.2192], [-54.2268, 4.2204], [-54.2276, 4.2214], [-54.2285, 4.2219], [-54.2291, 4.223], [-54.2282, 4.2239], [-54.2273, 4.2244], [-54.2273, 4.2259], [-54.2263, 4.2267], [-54.2253, 4.2265], [-54.2249, 4.2275], [-54.2256, 4.2285], [-54.2261, 4.2297], [-54.2261, 4.232], [-54.226, 4.233], [-54.226, 4.234], [-54.2261, 4.2352], [-54.2261, 4.2361], [-54.2272, 4.2364], [-54.228, 4.2355], [-54.2291, 4.2343], [-54.2301, 4.2344], [-54.2299, 4.2356], [-54.2297, 4.2365], [-54.2298, 4.2374], [-54.2305, 4.2386], [-54.231, 4.2395], [-54.2316, 4.2405], [-54.2324, 4.2414], [-54.2336, 4.242], [-54.2348, 4.2422], [-54.2359, 4.2426], [-54.2361, 4.2435], [-54.235, 4.2439], [-54.2339, 4.2444], [-54.2342, 4.2454], [-54.2335, 4.2463], [-54.2329, 4.2472], [-54.2319, 4.2478], [-54.231, 4.2478], [-54.2306, 4.249], [-54.2298, 4.2501], [-54.2294, 4.251], [-54.2306, 4.2516], [-54.2316, 4.2518], [-54.2319, 4.2527], [-54.2317, 4.254], [-54.2308, 4.2542], [-54.2299, 4.2536], [-54.2293, 4.2545], [-54.2294, 4.2558], [-54.2296, 4.2567], [-54.2289, 4.2576], [-54.2289, 4.2585], [-54.2287, 4.2596], [-54.2278, 4.2604], [-54.2269, 4.2605], [-54.226, 4.2602], [-54.2261, 4.2612], [-54.2264, 4.2622], [-54.2263, 4.2633], [-54.2255, 4.2642], [-54.2246, 4.2643], [-54.2244, 4.2628], [-54.2241, 4.2617], [-54.2229, 4.2609], [-54.222, 4.2609], [-54.2209, 4.2607], [-54.22, 4.2606], [-54.22, 4.2618], [-54.2194, 4.2627], [-54.2187, 4.2636], [-54.2178, 4.264], [-54.2175, 4.2652], [-54.2163, 4.2652], [-54.2148, 4.2651], [-54.2145, 4.2661], [-54.2143, 4.2674], [-54.2136, 4.2683], [-54.2126, 4.2679], [-54.2117, 4.2673], [-54.2104, 4.2667], [-54.2095, 4.2678], [-54.2083, 4.2669], [-54.2073, 4.2672], [-54.207, 4.2689], [-54.206, 4.2692], [-54.2051, 4.2684], [-54.2039, 4.2678], [-54.2029, 4.2675], [-54.2018, 4.2669], [-54.2015, 4.2679], [-54.2007, 4.2687], [-54.1997, 4.268], [-54.1995, 4.2669], [-54.1995, 4.2653], [-54.1995, 4.2634], [-54.1993, 4.2623], [-54.1983, 4.2616], [-54.1972, 4.2626], [-54.1963, 4.2625], [-54.195, 4.2615], [-54.1939, 4.2611], [-54.1923, 4.2599], [-54.1914, 4.2599], [-54.1903, 4.2603], [-54.1888, 4.2612], [-54.1879, 4.262], [-54.1866, 4.2616], [-54.1857, 4.2607], [-54.1859, 4.2597], [-54.1857, 4.2586], [-54.1853, 4.2576], [-54.1847, 4.2567], [-54.1836, 4.2556], [-54.1824, 4.2549], [-54.1831, 4.254], [-54.1828, 4.2528], [-54.1833, 4.2519], [-54.1836, 4.251], [-54.1833, 4.2501], [-54.1835, 4.2489], [-54.1827, 4.2482], [-54.1824, 4.2473], [-54.1813, 4.248], [-54.1809, 4.2471], [-54.1812, 4.2462], [-54.1816, 4.245], [-54.1817, 4.2437], [-54.1807, 4.244], [-54.1796, 4.2436], [-54.1792, 4.2446], [-54.1787, 4.2459], [-54.1778, 4.246], [-54.1767, 4.2459], [-54.1758, 4.2457], [-54.1756, 4.2467], [-54.1754, 4.2478], [-54.1744, 4.2474], [-54.1734, 4.2463], [-54.1724, 4.2457], [-54.1719, 4.2447], [-54.1716, 4.2438], [-54.1704, 4.2427], [-54.1692, 4.2422], [-54.1681, 4.2416], [-54.1677, 4.2406], [-54.1684, 4.2395], [-54.1682, 4.2383], [-54.1672, 4.2376], [-54.1661, 4.2376], [-54.1652, 4.2376], [-54.1643, 4.2377], [-54.1633, 4.2378], [-54.1622, 4.2371], [-54.1611, 4.2368], [-54.1601, 4.2366], [-54.1593, 4.2355], [-54.1585, 4.2347], [-54.157, 4.2337], [-54.156, 4.2343], [-54.1546, 4.234], [-54.1557, 4.2337], [-54.1548, 4.2331], [-54.1538, 4.2328], [-54.1525, 4.2332], [-54.1516, 4.2333], [-54.1505, 4.2329], [-54.1496, 4.232], [-54.1498, 4.2308], [-54.1496, 4.2298], [-54.1486, 4.2298], [-54.1475, 4.2306], [-54.1469, 4.2315], [-54.147, 4.2324], [-54.1459, 4.2328], [-54.1448, 4.2322], [-54.1439, 4.2313], [-54.1431, 4.2304], [-54.142, 4.2288], [-54.1416, 4.2276], [-54.1414, 4.2262], [-54.141, 4.2244], [-54.1411, 4.2235], [-54.1398, 4.223], [-54.1387, 4.2229], [-54.1377, 4.2225], [-54.1367, 4.2229], [-54.1358, 4.2225], [-54.135, 4.2217], [-54.1337, 4.2214], [-54.1327, 4.2214], [-54.1311, 4.2212], [-54.1295, 4.221], [-54.1286, 4.2209], [-54.1276, 4.2198], [-54.126, 4.2199], [-54.1245, 4.2201], [-54.1235, 4.2201], [-54.123, 4.2192], [-54.122, 4.2187], [-54.121, 4.2192], [-54.1209, 4.2203], [-54.1213, 4.2213], [-54.1203, 4.222], [-54.1192, 4.2222], [-54.1187, 4.2231], [-54.1182, 4.2241], [-54.1188, 4.2252], [-54.1179, 4.2252], [-54.117, 4.2242], [-54.1161, 4.2244], [-54.1153, 4.2249], [-54.1144, 4.2256], [-54.1136, 4.2256], [-54.1137, 4.2247], [-54.1128, 4.2247], [-54.1125, 4.2257], [-54.1116, 4.2257], [-54.1108, 4.2258], [-54.1103, 4.2266], [-54.1094, 4.2271], [-54.1083, 4.2271], [-54.1094, 4.2277], [-54.1101, 4.2288], [-54.109, 4.2298], [-54.1081, 4.2299], [-54.107, 4.2293], [-54.1066, 4.2302], [-54.1073, 4.2311], [-54.1077, 4.2322], [-54.1076, 4.2331], [-54.1067, 4.2338], [-54.1064, 4.2329], [-54.1058, 4.2317], [-54.1049, 4.2313], [-54.104, 4.232], [-54.1034, 4.2331], [-54.103, 4.2341], [-54.1037, 4.235], [-54.1029, 4.2352], [-54.1019, 4.2343], [-54.1009, 4.2346], [-54.1, 4.2351], [-54.0996, 4.2361], [-54.0999, 4.237], [-54.0992, 4.2379], [-54.0981, 4.2376], [-54.097, 4.237], [-54.0957, 4.2363], [-54.0947, 4.2357], [-54.0938, 4.235], [-54.093, 4.2341], [-54.0924, 4.2331], [-54.0915, 4.2316], [-54.0901, 4.2309], [-54.089, 4.2306], [-54.0886, 4.2297], [-54.0888, 4.2285], [-54.0884, 4.2275], [-54.0872, 4.2274], [-54.0866, 4.2285], [-54.0855, 4.228], [-54.0847, 4.228], [-54.0838, 4.2285], [-54.0828, 4.2289], [-54.0822, 4.2279], [-54.0822, 4.2289], [-54.0813, 4.23], [-54.0811, 4.2311], [-54.0814, 4.2319], [-54.0804, 4.2318], [-54.0795, 4.2328], [-54.0796, 4.234], [-54.08, 4.2349], [-54.079, 4.2356], [-54.0782, 4.2366], [-54.0773, 4.237], [-54.0767, 4.236], [-54.0759, 4.2359], [-54.075, 4.2363], [-54.0756, 4.2373], [-54.0751, 4.2385], [-54.0741, 4.2389], [-54.0732, 4.2386], [-54.0728, 4.2376], [-54.0719, 4.2371], [-54.0718, 4.2362], [-54.0709, 4.237], [-54.0701, 4.2372], [-54.0688, 4.2375], [-54.0679, 4.2383], [-54.0679, 4.2393], [-54.0667, 4.239], [-54.066, 4.2399], [-54.0652, 4.2403], [-54.0662, 4.2403], [-54.0655, 4.2413], [-54.0646, 4.2427], [-54.064, 4.2436], [-54.0633, 4.2445], [-54.0633, 4.2457], [-54.0625, 4.2466], [-54.0616, 4.2469], [-54.0607, 4.2472], [-54.0606, 4.2481], [-54.0601, 4.2494], [-54.0592, 4.2497], [-54.0595, 4.2506], [-54.0584, 4.2507], [-54.0579, 4.2498], [-54.0565, 4.2498], [-54.0554, 4.25], [-54.0543, 4.2502], [-54.0546, 4.2515], [-54.0551, 4.2525], [-54.0556, 4.2534], [-54.0558, 4.2544], [-54.0554, 4.2555], [-54.0543, 4.2553], [-54.0534, 4.256], [-54.0526, 4.2561], [-54.0517, 4.2562], [-54.0508, 4.2564], [-54.0503, 4.2573], [-54.05, 4.2583], [-54.05, 4.2593], [-54.0499, 4.2602], [-54.0498, 4.2615], [-54.0496, 4.2625], [-54.0496, 4.2635], [-54.0497, 4.2647], [-54.0493, 4.2656], [-54.0486, 4.2669], [-54.0489, 4.2678], [-54.0498, 4.2684], [-54.0498, 4.2695], [-54.0497, 4.2705], [-54.0487, 4.271], [-54.0478, 4.2712], [-54.0477, 4.2721], [-54.047, 4.273], [-54.0454, 4.2733], [-54.0444, 4.2742], [-54.0432, 4.2746], [-54.0421, 4.2747], [-54.0411, 4.2757], [-54.0401, 4.2754], [-54.0394, 4.2765], [-54.0385, 4.2769], [-54.0374, 4.2771], [-54.0362, 4.2768], [-54.0351, 4.2771], [-54.034, 4.2773], [-54.0328, 4.2777], [-54.0318, 4.278], [-54.0307, 4.2784], [-54.0298, 4.2787], [-54.0293, 4.2798], [-54.0292, 4.2808], [-54.0283, 4.2805], [-54.0279, 4.2815], [-54.028, 4.2824], [-54.0283, 4.2834], [-54.0273, 4.2833], [-54.0279, 4.2842], [-54.0282, 4.2852], [-54.0272, 4.2859], [-54.0268, 4.285], [-54.0257, 4.2853], [-54.0247, 4.2849], [-54.0239, 4.2849], [-54.0229, 4.285], [-54.0215, 4.2844], [-54.0207, 4.2835], [-54.0202, 4.2844], [-54.0201, 4.2854], [-54.019, 4.285], [-54.0177, 4.2844], [-54.0172, 4.2835], [-54.0163, 4.2838], [-54.0153, 4.2838], [-54.0145, 4.2839], [-54.0135, 4.2835], [-54.0125, 4.2829], [-54.0117, 4.2829], [-54.011, 4.2819], [-54.0101, 4.2822], [-54.0093, 4.283], [-54.009, 4.284], [-54.0081, 4.2845], [-54.0075, 4.2854], [-54.0066, 4.2851], [-54.0055, 4.2846], [-54.0045, 4.2841], [-54.0036, 4.2838], [-54.0035, 4.2848], [-54.0026, 4.2851], [-54.0016, 4.2845], [-54.0008, 4.285], [-53.9998, 4.2858], [-54.0002, 4.2849], [-54.0, 4.284], [-53.9989, 4.2841], [-53.9978, 4.2847], [-53.9968, 4.2842], [-53.9958, 4.2844], [-53.9953, 4.2855], [-53.9944, 4.286], [-53.9934, 4.2867], [-53.9933, 4.2857], [-53.9924, 4.286], [-53.9922, 4.2869], [-53.9911, 4.2863], [-53.99, 4.287], [-53.9891, 4.2871], [-53.9878, 4.2873], [-53.9868, 4.2871], [-53.986, 4.2877], [-53.985, 4.2873], [-53.9841, 4.2866], [-53.9832, 4.2859], [-53.9826, 4.2849], [-53.9822, 4.284], [-53.981, 4.2832], [-53.98, 4.2829], [-53.979, 4.2839], [-53.9781, 4.284], [-53.9777, 4.2831], [-53.9764, 4.2834], [-53.9762, 4.2823], [-53.9754, 4.2832], [-53.9741, 4.2833], [-53.9731, 4.283], [-53.9723, 4.2826], [-53.9721, 4.2836], [-53.9711, 4.284], [-53.9709, 4.2849], [-53.9697, 4.2845], [-53.9688, 4.285], [-53.9686, 4.2841], [-53.9695, 4.284], [-53.9692, 4.283], [-53.9687, 4.2822], [-53.9677, 4.282], [-53.9667, 4.2821], [-53.9665, 4.2831], [-53.9657, 4.2832], [-53.9647, 4.2831], [-53.9637, 4.2839], [-53.9637, 4.283], [-53.9628, 4.2827], [-53.9619, 4.2835], [-53.961, 4.2829], [-53.9601, 4.2828], [-53.96, 4.2819], [-53.959, 4.2819], [-53.9583, 4.2809], [-53.9576, 4.2799], [-53.9566, 4.2803], [-53.9559, 4.2813], [-53.9548, 4.2814], [-53.9535, 4.2806], [-53.9526, 4.2806], [-53.9517, 4.2798], [-53.9503, 4.2794], [-53.9491, 4.2798], [-53.9492, 4.2787], [-53.9491, 4.2778], [-53.9477, 4.2773], [-53.9466, 4.2779], [-53.9465, 4.2767], [-53.9467, 4.2758], [-53.9457, 4.2753], [-53.9454, 4.2763], [-53.9444, 4.2756], [-53.9436, 4.2745], [-53.9436, 4.2735], [-53.943, 4.2725], [-53.942, 4.2725], [-53.9411, 4.272], [-53.9397, 4.2715], [-53.9397, 4.2723], [-53.9387, 4.2732], [-53.9375, 4.2729], [-53.9366, 4.2723], [-53.9356, 4.2718], [-53.9353, 4.2703], [-53.9341, 4.2701], [-53.934, 4.2691], [-53.9331, 4.2685], [-53.9322, 4.2681], [-53.9312, 4.2683], [-53.9303, 4.2687], [-53.9295, 4.2686], [-53.9285, 4.2687], [-53.9284, 4.2675], [-53.9276, 4.2671], [-53.9274, 4.2659], [-53.9266, 4.2648], [-53.9265, 4.2636], [-53.9262, 4.2627], [-53.9262, 4.2616], [-53.9248, 4.2612], [-53.9239, 4.261], [-53.9229, 4.2607], [-53.9222, 4.2597], [-53.9217, 4.2587], [-53.921, 4.2578], [-53.9199, 4.2571], [-53.9204, 4.2561], [-53.9194, 4.2552], [-53.9185, 4.2547], [-53.9186, 4.2538], [-53.9177, 4.2534], [-53.917, 4.2524], [-53.9168, 4.2514], [-53.9158, 4.252], [-53.9147, 4.2516], [-53.9156, 4.2511], [-53.9165, 4.2508], [-53.9174, 4.2504], [-53.9165, 4.2502], [-53.9151, 4.2503], [-53.9142, 4.2507], [-53.9134, 4.2516], [-53.9126, 4.2518], [-53.9116, 4.2519], [-53.9106, 4.2511], [-53.9098, 4.2508], [-53.9086, 4.2502], [-53.9077, 4.2499], [-53.9068, 4.2496], [-53.9058, 4.2494], [-53.9051, 4.2483], [-53.9046, 4.2473], [-53.9039, 4.246], [-53.9031, 4.2451], [-53.9022, 4.2445], [-53.9009, 4.2437], [-53.9003, 4.2417], [-53.9003, 4.2406], [-53.8992, 4.2392], [-53.8981, 4.2389], [-53.897, 4.2386], [-53.8959, 4.2392], [-53.8942, 4.2392], [-53.8931, 4.2403], [-53.8922, 4.2397], [-53.8911, 4.2409], [-53.89, 4.2409], [-53.8889, 4.2417], [-53.887, 4.2436], [-53.8853, 4.2447], [-53.8811, 4.2447], [-53.88, 4.2447], [-53.8789, 4.2447], [-53.8767, 4.2439], [-53.8728, 4.2447], [-53.8717, 4.2459], [-53.8697, 4.2459], [-53.8689, 4.2461], [-53.8678, 4.247], [-53.8667, 4.2472], [-53.8653, 4.2476], [-53.8635, 4.248], [-53.8563, 4.2481], [-53.8489, 4.2481], [-53.8478, 4.2481], [-53.8445, 4.2481], [-53.8428, 4.2497], [-53.8342, 4.2495], [-53.8322, 4.2484], [-53.8292, 4.2484], [-53.8281, 4.2481], [-53.8261, 4.2481], [-53.8236, 4.2475], [-53.8211, 4.2447], [-53.82, 4.2439], [-53.8189, 4.2436], [-53.817, 4.2436], [-53.8156, 4.2434], [-53.8139, 4.242], [-53.8125, 4.2403], [-53.8117, 4.2392], [-53.8106, 4.24], [-53.8078, 4.2403], [-53.8039, 4.2406], [-53.802, 4.2409], [-53.8009, 4.2411], [-53.7997, 4.242], [-53.7986, 4.2425], [-53.797, 4.2425], [-53.7959, 4.2434], [-53.7942, 4.2442], [-53.7931, 4.2453], [-53.792, 4.2453], [-53.7903, 4.247], [-53.7884, 4.2484], [-53.7864, 4.2497], [-53.785, 4.2506], [-53.7843, 4.2517], [-53.7831, 4.2531], [-53.7825, 4.255], [-53.7822, 4.257], [-53.7803, 4.2587], [-53.78, 4.2577], [-53.7804, 4.2559], [-53.7798, 4.2544], [-53.7782, 4.2537], [-53.7773, 4.2539], [-53.7758, 4.2556], [-53.7741, 4.2542], [-53.7725, 4.2542], [-53.7725, 4.2498], [-53.7735, 4.2471], [-53.7731, 4.2459], [-53.7716, 4.2448], [-53.7716, 4.2423], [-53.7685, 4.2406], [-53.7675, 4.2389], [-53.7695, 4.2381], [-53.7698, 4.2364], [-53.771, 4.2351], [-53.7703, 4.2336], [-53.7712, 4.231], [-53.7698, 4.227], [-53.7679, 4.2228], [-53.7677, 4.2209], [-53.767, 4.2193], [-53.7675, 4.2176], [-53.7636, 4.2189], [-53.7623, 4.2177], [-53.7622, 4.2159], [-53.7607, 4.2153], [-53.7591, 4.2122], [-53.7578, 4.2111], [-53.7574, 4.2084], [-53.7586, 4.2071], [-53.7572, 4.2029], [-53.7576, 4.1995], [-53.7554, 4.196], [-53.7575, 4.1942], [-53.7598, 4.193], [-53.7598, 4.1915], [-53.7558, 4.1893], [-53.754, 4.1873], [-53.7543, 4.1846], [-53.7557, 4.1837], [-53.7575, 4.1837], [-53.759, 4.1828], [-53.7593, 4.1801], [-53.7615, 4.1779], [-53.7606, 4.1755], [-53.7593, 4.1733], [-53.757, 4.1719], [-53.754, 4.172], [-53.7518, 4.1697], [-53.75, 4.1695], [-53.7506, 4.1661], [-53.7495, 4.1636], [-53.7494, 4.16], [-53.7511, 4.1582], [-53.7522, 4.1581], [-53.7532, 4.1594], [-53.7547, 4.1589], [-53.7545, 4.1566], [-53.7537, 4.1541], [-53.7521, 4.1532], [-53.7522, 4.1518], [-53.7538, 4.1497], [-53.7526, 4.1455], [-53.7553, 4.1432], [-53.7558, 4.1379], [-53.7555, 4.137], [-53.7547, 4.1355], [-53.7534, 4.1342], [-53.7513, 4.1324], [-53.7525, 4.1317], [-53.7539, 4.1305], [-53.7544, 4.1296], [-53.7544, 4.1279], [-53.7541, 4.1262], [-53.754, 4.1253], [-53.7539, 4.1243], [-53.7553, 4.1234], [-53.7562, 4.1233], [-53.7563, 4.1217], [-53.7549, 4.1206], [-53.754, 4.1191], [-53.754, 4.1181], [-53.7549, 4.1171], [-53.7564, 4.1162], [-53.7576, 4.1154], [-53.7583, 4.1143], [-53.7585, 4.1125], [-53.7599, 4.1116], [-53.761, 4.1102], [-53.7613, 4.1093], [-53.7625, 4.1081], [-53.7643, 4.1082], [-53.7652, 4.1082], [-53.7661, 4.108], [-53.7669, 4.1068], [-53.7667, 4.1059], [-53.7656, 4.1045], [-53.7644, 4.1033], [-53.7635, 4.1033], [-53.7618, 4.1029], [-53.7603, 4.1018], [-53.7587, 4.101], [-53.757, 4.1011], [-53.7554, 4.1018], [-53.7539, 4.1029], [-53.753, 4.1032], [-53.7517, 4.1021], [-53.7513, 4.1012], [-53.7511, 4.1003], [-53.7508, 4.0986], [-53.7492, 4.098], [-53.7491, 4.097], [-53.7493, 4.0962], [-53.7492, 4.0953], [-53.7484, 4.0936], [-53.7469, 4.0934], [-53.7452, 4.0941], [-53.7436, 4.0942], [-53.7433, 4.0926], [-53.7421, 4.0916], [-53.742, 4.09], [-53.7423, 4.0883], [-53.742, 4.0874], [-53.7405, 4.0865], [-53.7395, 4.0865], [-53.7381, 4.0875], [-53.7365, 4.088], [-53.7334, 4.0867], [-53.7316, 4.085], [-53.7304, 4.0838], [-53.7306, 4.0829], [-53.7319, 4.0816], [-53.7319, 4.0807], [-53.7317, 4.0798], [-53.732, 4.0782], [-53.7315, 4.0773], [-53.7303, 4.0761], [-53.7313, 4.0746], [-53.7326, 4.0737], [-53.7335, 4.0726], [-53.7344, 4.0702], [-53.7345, 4.0684], [-53.7331, 4.0673], [-53.7328, 4.0664], [-53.7337, 4.0663], [-53.7346, 4.0666], [-53.7362, 4.0661], [-53.7374, 4.0667], [-53.7389, 4.0657], [-53.74, 4.0643], [-53.7417, 4.0637], [-53.743, 4.0628], [-53.7439, 4.0626], [-53.7454, 4.0618], [-53.7462, 4.062], [-53.7473, 4.0608], [-53.7481, 4.0599], [-53.7495, 4.0594], [-53.7499, 4.0573], [-53.7509, 4.0563], [-53.7542, 4.055], [-53.7552, 4.0549], [-53.7561, 4.0549], [-53.7577, 4.054], [-53.7585, 4.0525], [-53.7581, 4.0481], [-53.7575, 4.0465], [-53.7567, 4.0452], [-53.7581, 4.044], [-53.7574, 4.0428], [-53.7559, 4.042], [-53.7544, 4.0409], [-53.7515, 4.0391], [-53.7513, 4.0383], [-53.7522, 4.0367], [-53.7513, 4.035], [-53.7506, 4.0335], [-53.7506, 4.0325], [-53.7519, 4.0314], [-53.7531, 4.0309], [-53.7541, 4.03], [-53.7531, 4.0286], [-53.7526, 4.0273], [-53.7537, 4.026], [-53.7539, 4.0251], [-53.7534, 4.0235], [-53.7531, 4.0226], [-53.753, 4.0209], [-53.7532, 4.0199], [-53.7552, 4.0196], [-53.7557, 4.0187], [-53.7566, 4.0172], [-53.7571, 4.016], [-53.7564, 4.0143], [-53.7567, 4.0134], [-53.7547, 4.0122], [-53.7542, 4.0113], [-53.7541, 4.0104], [-53.7529, 4.0093], [-53.753, 4.0079], [-53.7532, 4.007], [-53.7519, 4.0061], [-53.751, 4.0057], [-53.7513, 4.0041], [-53.7526, 4.0029], [-53.7536, 4.0015], [-53.7548, 4.0014], [-53.7557, 4.0009], [-53.7558, 3.9999], [-53.757, 3.9988], [-53.7573, 3.9979], [-53.7577, 3.997], [-53.7573, 3.9953], [-53.7561, 3.9941], [-53.7552, 3.9938], [-53.7543, 3.9941], [-53.7529, 3.9951], [-53.7512, 3.9953], [-53.7499, 3.9943], [-53.7491, 3.9933], [-53.7485, 3.9909], [-53.7467, 3.9882], [-53.7471, 3.9873], [-53.7483, 3.9859], [-53.7493, 3.9845], [-53.7503, 3.983], [-53.7504, 3.9815], [-53.7472, 3.9783], [-53.7461, 3.977], [-53.7452, 3.9768], [-53.7436, 3.9761], [-53.742, 3.9763], [-53.7405, 3.9769], [-53.7396, 3.9771], [-53.7391, 3.977]]]}}]}